2026-04-29 19:10:38,956 [INFO] Activator:176 - 


2026-04-29 19:10:38,958 [INFO] Activator:177 - !SESSION log4j initialized
2026-04-29 19:10:42,238 [INFO] LogOutputStream:77 - [STDOUT_REDIRECT] 
2026-04-29 19:10:50,160 [INFO] ApplicationProperties:184 - Using Application install path: C:\ST\STM32CubeIDE_1.13.0\STM32CubeIDE\plugins\com.st.stm32cube.common.mx_6.15.0.202507011659
2026-04-29 19:10:50,181 [INFO] DbMcusXml:78 - Set database path to: C:\ST\STM32CubeIDE_1.13.0\STM32CubeIDE\plugins\com.st.stm32cube.common.mx_6.15.0.202507011659\\db\/mcu/
2026-04-29 19:10:50,182 [INFO] ApiDb:274 - Set plugin database path to: C:\ST\STM32CubeIDE_1.13.0\STM32CubeIDE\plugins\com.st.stm32cube.common.mx_6.15.0.202507011659\\db\/plugins/boardmanager/
2026-04-29 19:10:50,182 [WARN] ApiDb:259 - Overriding images path with different value:  => C:\ST\STM32CubeIDE_1.13.0\STM32CubeIDE\plugins\com.st.stm32cube.common.mx_6.15.0.202507011659\\db\/plugins/mcufinder/images/
2026-04-29 19:10:50,192 [INFO] ApiDb:250 - Set database path to: C:\Users\Евгений\.stmcufinder\plugins\mcufinder//mcu/
2026-04-29 19:10:50,194 [INFO] DbMcusAds:125 - Set database path to: C:\Users\Евгений\.stmcufinder\plugins\mcufinder//mcu/
2026-04-29 19:10:50,196 [INFO] CrossReferenceDbSqlite:203 - Set database path to: C:\Users\Евгений\.stmcufinder\plugins\mcufinder//mcu/cs/
2026-04-29 19:10:50,353 [INFO] RulesReader:64 - Compatibility file has been processed (317 Rules)
2026-04-29 19:10:50,448 [INFO] DbMcusXml:78 - Set database path to: C:\ST\STM32CubeIDE_1.13.0\STM32CubeIDE\plugins\com.st.stm32cube.common.mx_6.15.0.202507011659\\db\/mcu/
2026-04-29 19:10:50,448 [INFO] ApiDb:274 - Set plugin database path to: C:\ST\STM32CubeIDE_1.13.0\STM32CubeIDE\plugins\com.st.stm32cube.common.mx_6.15.0.202507011659\\db\/plugins/boardmanager/
2026-04-29 19:10:50,448 [INFO] ApiDb:261 - Set plugin images path to: C:\ST\STM32CubeIDE_1.13.0\STM32CubeIDE\plugins\com.st.stm32cube.common.mx_6.15.0.202507011659\\db\/plugins/mcufinder/images/
2026-04-29 19:10:50,448 [WARN] DbFile:41 - Overriding database path with different value: C:\Users\Евгений\.stmcufinder\plugins\mcufinder/ => C:\Users\Евгений\.stmcufinder\plugins\mcufinder
2026-04-29 19:10:50,449 [INFO] ApiDb:250 - Set database path to: C:\Users\Евгений\.stmcufinder\plugins\mcufinder//mcu/
2026-04-29 19:10:50,449 [WARN] DbFile:41 - Overriding database path with different value: C:\Users\Евгений\.stmcufinder\plugins\mcufinder/ => C:\Users\Евгений\.stmcufinder\plugins\mcufinder
2026-04-29 19:10:50,449 [INFO] DbMcusAds:125 - Set database path to: C:\Users\Евгений\.stmcufinder\plugins\mcufinder//mcu/
2026-04-29 19:10:50,449 [WARN] DbFile:41 - Overriding database path with different value: C:\Users\Евгений\.stmcufinder\plugins\mcufinder/ => C:\Users\Евгений\.stmcufinder\plugins\mcufinder
2026-04-29 19:10:50,450 [WARN] DbFile:41 - Overriding database path with different value: C:\Users\Евгений\.stmcufinder\plugins\mcufinder/ => C:\Users\Евгений\.stmcufinder\plugins\mcufinder
2026-04-29 19:10:50,450 [INFO] CrossReferenceDbSqlite:203 - Set database path to: C:\Users\Евгений\.stmcufinder\plugins\mcufinder//mcu/cs/
2026-04-29 19:10:50,539 [INFO] MainPanel:274 - HeapMemory: 268435456
2026-04-29 19:10:50,655 [INFO] DbMcusXml:78 - Set database path to: C:\ST\STM32CubeIDE_1.13.0\STM32CubeIDE\plugins\com.st.stm32cube.common.mx_6.15.0.202507011659\\db\/mcu/
2026-04-29 19:10:50,655 [INFO] ApiDb:274 - Set plugin database path to: C:\ST\STM32CubeIDE_1.13.0\STM32CubeIDE\plugins\com.st.stm32cube.common.mx_6.15.0.202507011659\\db\/plugins/boardmanager/
2026-04-29 19:10:50,655 [INFO] ApiDb:261 - Set plugin images path to: C:\ST\STM32CubeIDE_1.13.0\STM32CubeIDE\plugins\com.st.stm32cube.common.mx_6.15.0.202507011659\\db\/plugins/mcufinder/images/
2026-04-29 19:10:50,656 [WARN] DbFile:41 - Overriding database path with different value: C:\Users\Евгений\.stmcufinder\plugins\mcufinder/ => C:\Users\Евгений\.stmcufinder\plugins\mcufinder
2026-04-29 19:10:50,656 [INFO] ApiDb:250 - Set database path to: C:\Users\Евгений\.stmcufinder\plugins\mcufinder//mcu/
2026-04-29 19:10:50,656 [WARN] DbFile:41 - Overriding database path with different value: C:\Users\Евгений\.stmcufinder\plugins\mcufinder/ => C:\Users\Евгений\.stmcufinder\plugins\mcufinder
2026-04-29 19:10:50,657 [INFO] DbMcusAds:125 - Set database path to: C:\Users\Евгений\.stmcufinder\plugins\mcufinder//mcu/
2026-04-29 19:10:50,657 [WARN] DbFile:41 - Overriding database path with different value: C:\Users\Евгений\.stmcufinder\plugins\mcufinder/ => C:\Users\Евгений\.stmcufinder\plugins\mcufinder
2026-04-29 19:10:50,657 [WARN] DbFile:41 - Overriding database path with different value: C:\Users\Евгений\.stmcufinder\plugins\mcufinder/ => C:\Users\Евгений\.stmcufinder\plugins\mcufinder
2026-04-29 19:10:50,657 [INFO] CrossReferenceDbSqlite:203 - Set database path to: C:\Users\Евгений\.stmcufinder\plugins\mcufinder//mcu/cs/
2026-04-29 19:10:50,677 [INFO] ApplicationProperties:184 - Using Application install path: C:\ST\STM32CubeIDE_1.13.0\STM32CubeIDE\plugins\com.st.stm32cube.common.mx_6.15.0.202507011659
2026-04-29 19:10:50,678 [INFO] PluginManage:196 - Search for loadable plugins [exclusion list=, ]
2026-04-29 19:10:50,680 [INFO] PluginManage:310 - Check plugin analytics
2026-04-29 19:10:55,882 [INFO] AnalyticsPlugin:253 - Accepted Software Licenses: STM32CubeMX.6.9.0,STM32CubeMX.6.6.1,STM32CubeMX.6.10.0
2026-04-29 19:10:55,882 [INFO] AnalyticsPlugin:255 - Accepted CMSIS Pack Licenses: 
2026-04-29 19:10:55,883 [INFO] AnalyticsPlugin:257 - Accepted Firmware Licenses: FW.F4.1.28.0
2026-04-29 19:10:55,886 [INFO] PluginManage:359 - Loaded plugin analytics (category:tool,tabindex:-1)
2026-04-29 19:10:55,887 [INFO] PluginManage:310 - Check plugin cadmodel
2026-04-29 19:10:55,895 [INFO] CADModel:105 - Init CAD model plugin
2026-04-29 19:10:55,895 [INFO] PluginManage:359 - Loaded plugin cadmodel (category:power,tabindex:5)
2026-04-29 19:10:55,896 [INFO] PluginManage:310 - Check plugin clock
2026-04-29 19:10:55,910 [INFO] PluginManage:359 - Loaded plugin clock (category:base,tabindex:2)
2026-04-29 19:10:55,910 [INFO] PluginManage:310 - Check plugin ddr
2026-04-29 19:10:55,914 [INFO] PluginManage:359 - Loaded plugin ddr (category:tool,tabindex:6)
2026-04-29 19:10:55,915 [INFO] PluginManage:310 - Check plugin filemanager
2026-04-29 19:10:56,201 [INFO] PluginManage:359 - Loaded plugin filemanager (category:base,tabindex:10)
2026-04-29 19:10:56,201 [INFO] PluginManage:310 - Check plugin ipmanager
2026-04-29 19:10:56,213 [INFO] PluginManage:359 - Loaded plugin ipmanager (category:base,tabindex:5)
2026-04-29 19:10:56,213 [INFO] PluginManage:310 - Check plugin lpbam
2026-04-29 19:10:56,226 [INFO] PluginManage:359 - Loaded plugin lpbam (category:base,tabindex:0)
2026-04-29 19:10:56,226 [INFO] PluginManage:310 - Check plugin memorymap
2026-04-29 19:10:56,246 [INFO] PluginManage:359 - Loaded plugin memorymap (category:base,tabindex:4)
2026-04-29 19:10:56,246 [INFO] PluginManage:310 - Check plugin pinoutandconfiguration
2026-04-29 19:10:56,258 [INFO] PluginManage:359 - Loaded plugin pinoutandconfiguration (category:base,tabindex:1)
2026-04-29 19:10:56,258 [INFO] PluginManage:310 - Check plugin pinoutconfig
2026-04-29 19:10:56,388 [WARN] SupportedApi:132 - Cannot load RTOS API schema: s4s-elt-must-match.1: The content of 'definitions' must match (annotation?, (simpleType | complexType)?, (unique | key | keyref)*)). A problem was found starting at: attribute.
2026-04-29 19:10:56,596 [INFO] PluginManage:359 - Loaded plugin pinoutconfig (category:base,tabindex:0)
2026-04-29 19:10:56,596 [INFO] PluginManage:310 - Check plugin power
2026-04-29 19:10:56,610 [INFO] PluginManage:359 - Loaded plugin power (category:power,tabindex:4)
2026-04-29 19:10:56,611 [INFO] PluginManage:310 - Check plugin projectmanager
2026-04-29 19:10:56,634 [INFO] PluginManage:359 - Loaded plugin projectmanager (category:projectmanager,tabindex:4)
2026-04-29 19:10:56,634 [INFO] PluginManage:310 - Check plugin rif
2026-04-29 19:10:56,647 [INFO] PluginManage:359 - Loaded plugin rif (category:base,tabindex:3)
2026-04-29 19:10:56,647 [INFO] PluginManage:310 - Check plugin thirdparty
2026-04-29 19:10:56,861 [INFO] PluginManage:359 - Loaded plugin thirdparty (category:base,tabindex:-1)
2026-04-29 19:10:56,861 [INFO] PluginManage:310 - Check plugin tools
2026-04-29 19:10:56,861 [WARN] IntegrityCheckThread:84 - waiting for thirdparty lock release [integrity check]
2026-04-29 19:10:56,862 [INFO] IntegrityCheckThread:86 - entering critical section [integrity check]
2026-04-29 19:10:56,863 [INFO] ThirdPartyUpdaterWithRetryManager:70 - Updater plugin not ready yet. [1/15]
2026-04-29 19:10:56,867 [INFO] PluginManage:359 - Loaded plugin tools (category:base,tabindex:7)
2026-04-29 19:10:56,867 [INFO] PluginManage:310 - Check plugin tutovideos
2026-04-29 19:10:57,112 [INFO] PluginManage:359 - Loaded plugin tutovideos (category:base,tabindex:-1)
2026-04-29 19:10:57,112 [INFO] PluginManage:310 - Check plugin updater
2026-04-29 19:10:57,135 [INFO] PluginManage:359 - Loaded plugin updater (category:base,tabindex:12)
2026-04-29 19:10:57,136 [INFO] PluginManage:310 - Check plugin userauth
2026-04-29 19:10:57,140 [INFO] UserAuth:118 - Init User Auth plugin
2026-04-29 19:10:57,141 [INFO] PluginManage:359 - Loaded plugin userauth (category:base,tabindex:14)
2026-04-29 19:10:57,142 [INFO] PluginManage:283 - PluginManage : Loaded plugins [18]
2026-04-29 19:10:57,215 [INFO] McuFinderGlobals:63 - Set McuFinder mode to 2 (CubeIDE integrated)
2026-04-29 19:10:57,398 [INFO] PinOutPanel:1589 - setPackage(No Configuration,No Configuration)
2026-04-29 19:10:57,493 [INFO] CADModel:165 - CPN selected for project level
2026-04-29 19:10:57,493 [INFO] CADModel:114 - Register for checkConnection events
2026-04-29 19:10:57,512 [INFO] IPUIPlugin:80 - create IPUIPlugin
2026-04-29 19:10:57,512 [INFO] PluginManager:220 - loadIPPluginJar : add adc
2026-04-29 19:10:57,515 [INFO] IPUIPlugin:80 - create IPUIPlugin
2026-04-29 19:10:57,515 [INFO] PluginManager:220 - loadIPPluginJar : add aes
2026-04-29 19:10:57,518 [INFO] IPUIPlugin:80 - create IPUIPlugin
2026-04-29 19:10:57,518 [INFO] PluginManager:220 - loadIPPluginJar : add can
2026-04-29 19:10:57,519 [INFO] IPUIPlugin:80 - create IPUIPlugin
2026-04-29 19:10:57,520 [INFO] PluginManager:220 - loadIPPluginJar : add comp
2026-04-29 19:10:57,523 [INFO] IPUIPlugin:80 - create IPUIPlugin
2026-04-29 19:10:57,523 [INFO] PluginManager:220 - loadIPPluginJar : add cryp
2026-04-29 19:10:57,526 [INFO] IPUIPlugin:80 - create IPUIPlugin
2026-04-29 19:10:57,526 [INFO] PluginManager:220 - loadIPPluginJar : add ddr_ctrl_phy
2026-04-29 19:10:57,530 [INFO] IPUIPlugin:80 - create IPUIPlugin
2026-04-29 19:10:57,530 [INFO] PluginManager:220 - loadIPPluginJar : add dfsdm
2026-04-29 19:10:57,536 [INFO] IPUIPlugin:80 - create IPUIPlugin
2026-04-29 19:10:57,536 [INFO] PluginManager:220 - loadIPPluginJar : add dma
2026-04-29 19:10:57,538 [INFO] IPUIPlugin:80 - create IPUIPlugin
2026-04-29 19:10:57,538 [INFO] PluginManager:220 - loadIPPluginJar : add dma3
2026-04-29 19:10:57,541 [INFO] IPUIPlugin:80 - create IPUIPlugin
2026-04-29 19:10:57,541 [INFO] PluginManager:220 - loadIPPluginJar : add extmemmanager
2026-04-29 19:10:57,543 [INFO] IPUIPlugin:80 - create IPUIPlugin
2026-04-29 19:10:57,543 [INFO] PluginManager:220 - loadIPPluginJar : add fatfs
2026-04-29 19:10:57,548 [INFO] IPUIPlugin:80 - create IPUIPlugin
2026-04-29 19:10:57,548 [INFO] PluginManager:220 - loadIPPluginJar : add fmc
2026-04-29 19:10:57,555 [INFO] IPUIPlugin:80 - create IPUIPlugin
2026-04-29 19:10:57,555 [INFO] PluginManager:220 - loadIPPluginJar : add freertos
2026-04-29 19:10:57,556 [INFO] IPUIPlugin:80 - create IPUIPlugin
2026-04-29 19:10:57,557 [INFO] PluginManager:220 - loadIPPluginJar : add genericplugin
2026-04-29 19:10:57,559 [INFO] IPUIPlugin:80 - create IPUIPlugin
2026-04-29 19:10:57,559 [INFO] PluginManager:220 - loadIPPluginJar : add gfxmmu
2026-04-29 19:10:57,564 [INFO] IPUIPlugin:80 - create IPUIPlugin
2026-04-29 19:10:57,564 [INFO] PluginManager:220 - loadIPPluginJar : add gic
2026-04-29 19:10:57,569 [INFO] IPUIPlugin:80 - create IPUIPlugin
2026-04-29 19:10:57,569 [INFO] PluginManager:220 - loadIPPluginJar : add gpio
2026-04-29 19:10:57,572 [INFO] IPUIPlugin:80 - create IPUIPlugin
2026-04-29 19:10:57,572 [INFO] PluginManager:220 - loadIPPluginJar : add gtzc
2026-04-29 19:10:57,576 [INFO] IPUIPlugin:80 - create IPUIPlugin
2026-04-29 19:10:57,576 [INFO] PluginManager:220 - loadIPPluginJar : add hash
2026-04-29 19:10:57,580 [INFO] IPUIPlugin:80 - create IPUIPlugin
2026-04-29 19:10:57,580 [INFO] PluginManager:220 - loadIPPluginJar : add i2c
2026-04-29 19:10:57,583 [INFO] IPUIPlugin:80 - create IPUIPlugin
2026-04-29 19:10:57,583 [INFO] PluginManager:220 - loadIPPluginJar : add i2s
2026-04-29 19:10:57,587 [INFO] IPUIPlugin:80 - create IPUIPlugin
2026-04-29 19:10:57,587 [INFO] PluginManager:220 - loadIPPluginJar : add i3c
2026-04-29 19:10:57,591 [INFO] IPUIPlugin:80 - create IPUIPlugin
2026-04-29 19:10:57,591 [INFO] PluginManager:220 - loadIPPluginJar : add ipddr
2026-04-29 19:10:57,598 [INFO] IPUIPlugin:80 - create IPUIPlugin
2026-04-29 19:10:57,598 [INFO] PluginManager:220 - loadIPPluginJar : add linkedlist
2026-04-29 19:10:57,602 [INFO] IPUIPlugin:80 - create IPUIPlugin
2026-04-29 19:10:57,602 [INFO] PluginManager:220 - loadIPPluginJar : add lorawan
2026-04-29 19:10:57,604 [INFO] IPUIPlugin:80 - create IPUIPlugin
2026-04-29 19:10:57,604 [INFO] PluginManager:220 - loadIPPluginJar : add ltdc
2026-04-29 19:10:57,611 [INFO] IPUIPlugin:80 - create IPUIPlugin
2026-04-29 19:10:57,611 [INFO] PluginManager:220 - loadIPPluginJar : add mdma
2026-04-29 19:10:57,616 [INFO] IPUIPlugin:80 - create IPUIPlugin
2026-04-29 19:10:57,616 [INFO] PluginManager:220 - loadIPPluginJar : add nvic
2026-04-29 19:10:57,619 [INFO] IPUIPlugin:80 - create IPUIPlugin
2026-04-29 19:10:57,619 [INFO] PluginManager:220 - loadIPPluginJar : add opamp
2026-04-29 19:10:57,623 [INFO] IPUIPlugin:80 - create IPUIPlugin
2026-04-29 19:10:57,623 [INFO] PluginManager:220 - loadIPPluginJar : add openamp
2026-04-29 19:10:57,627 [INFO] IPUIPlugin:80 - create IPUIPlugin
2026-04-29 19:10:57,627 [INFO] PluginManager:220 - loadIPPluginJar : add pdm2pcm
2026-04-29 19:10:57,634 [INFO] IPUIPlugin:80 - create IPUIPlugin
2026-04-29 19:10:57,637 [INFO] PluginManager:220 - loadIPPluginJar : add plateformsettings
2026-04-29 19:10:57,638 [INFO] IPUIPlugin:80 - create IPUIPlugin
2026-04-29 19:10:57,638 [INFO] PluginManager:220 - loadIPPluginJar : add quadspi
2026-04-29 19:10:57,640 [INFO] IPUIPlugin:80 - create IPUIPlugin
2026-04-29 19:10:57,641 [INFO] PluginManager:220 - loadIPPluginJar : add radio
2026-04-29 19:10:57,644 [INFO] IPUIPlugin:80 - create IPUIPlugin
2026-04-29 19:10:57,644 [INFO] PluginManager:220 - loadIPPluginJar : add resmgrutility
2026-04-29 19:10:57,648 [INFO] IPUIPlugin:80 - create IPUIPlugin
2026-04-29 19:10:57,648 [INFO] PluginManager:220 - loadIPPluginJar : add sai
2026-04-29 19:10:57,650 [INFO] IPUIPlugin:80 - create IPUIPlugin
2026-04-29 19:10:57,650 [INFO] PluginManager:220 - loadIPPluginJar : add spi
2026-04-29 19:10:57,658 [INFO] IPUIPlugin:80 - create IPUIPlugin
2026-04-29 19:10:57,658 [INFO] PluginManager:220 - loadIPPluginJar : add stm32_wpan
2026-04-29 19:10:57,659 [INFO] IPUIPlugin:80 - create IPUIPlugin
2026-04-29 19:10:57,660 [INFO] PluginManager:220 - loadIPPluginJar : add tim
2026-04-29 19:10:57,664 [INFO] IPUIPlugin:80 - create IPUIPlugin
2026-04-29 19:10:57,665 [INFO] PluginManager:220 - loadIPPluginJar : add touchsensing
2026-04-29 19:10:57,667 [INFO] IPUIPlugin:80 - create IPUIPlugin
2026-04-29 19:10:57,667 [INFO] PluginManager:220 - loadIPPluginJar : add tracer_emb
2026-04-29 19:10:57,669 [INFO] IPUIPlugin:80 - create IPUIPlugin
2026-04-29 19:10:57,669 [INFO] PluginManager:220 - loadIPPluginJar : add ts
2026-04-29 19:10:57,671 [INFO] IPUIPlugin:80 - create IPUIPlugin
2026-04-29 19:10:57,671 [INFO] PluginManager:220 - loadIPPluginJar : add tsc
2026-04-29 19:10:57,673 [INFO] IPUIPlugin:80 - create IPUIPlugin
2026-04-29 19:10:57,673 [INFO] PluginManager:220 - loadIPPluginJar : add ucpd
2026-04-29 19:10:57,676 [INFO] IPUIPlugin:80 - create IPUIPlugin
2026-04-29 19:10:57,676 [INFO] PluginManager:220 - loadIPPluginJar : add usart
2026-04-29 19:10:57,680 [INFO] IPUIPlugin:80 - create IPUIPlugin
2026-04-29 19:10:57,680 [INFO] PluginManager:220 - loadIPPluginJar : add usbx
2026-04-29 19:10:57,805 [FATAL] Updater:351 - Updater called before beeing initialized
2026-04-29 19:10:57,838 [INFO] RulesReader:64 - Compatibility file has been processed (317 Rules)
2026-04-29 19:10:57,850 [INFO] RulesReader:64 - Compatibility file has been processed (317 Rules)
2026-04-29 19:10:57,858 [INFO] CADModel:165 - CPN selected for project level
2026-04-29 19:10:57,858 [INFO] CADModel:114 - Register for checkConnection events
2026-04-29 19:10:57,858 [FATAL] Updater:351 - Updater called before beeing initialized
2026-04-29 19:10:57,859 [ERROR] CADModel:125 - Updater not yet initialized, retry later 
2026-04-29 19:10:58,022 [FATAL] Updater:351 - Updater called before beeing initialized
2026-04-29 19:10:58,025 [INFO] CADModel:165 - CPN selected for project level
2026-04-29 19:10:58,025 [INFO] CADModel:114 - Register for checkConnection events
2026-04-29 19:10:58,026 [FATAL] Updater:351 - Updater called before beeing initialized
2026-04-29 19:10:58,026 [ERROR] CADModel:125 - Updater not yet initialized, retry later 
2026-04-29 19:10:58,029 [FATAL] Updater:351 - Updater called before beeing initialized
2026-04-29 19:10:58,164 [FATAL] Updater:351 - Updater called before beeing initialized
2026-04-29 19:10:58,168 [INFO] DbMcusAds:53 - JSON generation date=Mon Apr 27 11:14:29 MSK 2026 (1777277669683)
2026-04-29 19:10:58,169 [FATAL] Updater:351 - Updater called before beeing initialized
2026-04-29 19:10:58,210 [WARN] DetailPanel:346 - Failed to get advertising image, set to default
2026-04-29 19:10:58,291 [FATAL] Updater:351 - Updater called before beeing initialized
2026-04-29 19:10:58,293 [FATAL] Updater:351 - Updater called before beeing initialized
2026-04-29 19:10:58,293 [FATAL] Updater:351 - Updater called before beeing initialized
2026-04-29 19:10:58,293 [WARN] DetailPanel:346 - Failed to get advertising image, set to default
2026-04-29 19:10:58,294 [FATAL] Updater:351 - Updater called before beeing initialized
2026-04-29 19:10:58,341 [ERROR] Updater:1198 - MainUpdater not yet initialized. External WinMGr cannot be set.
2026-04-29 19:10:58,343 [INFO] Updater:1134 - Updater Version found : 6.15.0
2026-04-29 19:10:58,361 [INFO] ApplicationProperties:184 - Using Application install path: C:\ST\STM32CubeIDE_1.13.0\STM32CubeIDE\plugins\com.st.stm32cube.common.mx_6.15.0.202507011659
2026-04-29 19:10:58,414 [INFO] MainUpdater:525 - Copy updater definitions from MX database
2026-04-29 19:10:58,876 [ERROR] CheckConnectionManager:249 - Problem, Http access forbiden
2026-04-29 19:10:58,880 [INFO] MainUpdater:2872 - connection check result : 22
2026-04-29 19:10:58,880 [INFO] MainUpdater:289 - Updater Check For Update Now.
2026-04-29 19:10:58,881 [INFO] MicroXplorer:498 - Change Database Version : DB.6.0.150
2026-04-29 19:10:58,887 [INFO] McuFinderGlobals:63 - Set McuFinder mode to 2 (CubeIDE integrated)
2026-04-29 19:10:58,889 [INFO] UserAuth:487 - Internet connection configuration mode: 2
2026-04-29 19:10:58,893 [INFO] UserAuth:487 - Internet connection configuration mode: 2
2026-04-29 19:10:59,282 [INFO] CheckServerUpdateThread:120 - End of CheckServer Thread
2026-04-29 19:10:59,548 [ERROR] CheckConnectionManager:249 - Problem, Http access forbiden
2026-04-29 19:10:59,550 [INFO] MainUpdater:2872 - connection check result : 22
2026-04-29 19:11:00,300 [WARN] PackLoader:240 - Cannot read IP mode file for STMicroelectronics.X-CUBE-AZRTOS-H7.3.5.0
2026-04-29 19:11:00,315 [WARN] PackLoader:240 - Cannot read IP mode file for STMicroelectronics.FP-SNS-MOTENVWB1.1.4.0
2026-04-29 19:11:00,321 [WARN] PackLoader:240 - Cannot read IP mode file for STMicroelectronics.FP-ATR-ASTRA1.2.0.2
2026-04-29 19:11:00,333 [WARN] PackLoader:240 - Cannot read IP mode file for STMicroelectronics.X-CUBE-SMBUS.2.1.0
2026-04-29 19:11:00,340 [WARN] PackLoader:240 - Cannot read IP mode file for STMicroelectronics.X-CUBE-ST60.1.0.0
2026-04-29 19:11:00,346 [WARN] PackLoader:240 - Cannot read IP mode file for STMicroelectronics.X-CUBE-TOUCHGFX.4.23.0
2026-04-29 19:11:00,369 [WARN] PackLoader:240 - Cannot read IP mode file for STMicroelectronics.X-CUBE-AZRTOS-F7.1.1.0
2026-04-29 19:11:00,379 [WARN] PackLoader:240 - Cannot read IP mode file for STMicroelectronics.FP-SNS-MOTENV1.4.3.2
2026-04-29 19:11:00,385 [ERROR] RealEvaluatedCondition:428 - Found unsupported composite condition: CLASS='Data Exchange' GROUP='STM32_MetaDataManager'
2026-04-29 19:11:00,385 [ERROR] RealEvaluatedCondition:428 - Found unsupported composite condition: GROUP='STM32_MetaDataManager' CLASS='Data Exchange'
2026-04-29 19:11:00,386 [WARN] PackLoader:240 - Cannot read IP mode file for STMicroelectronics.FP-SNS-MOTENV1.4.3.1
2026-04-29 19:11:00,394 [WARN] PackLoader:240 - Cannot read IP mode file for STMicroelectronics.FP-SNS-FLIGHT1.5.0.1
2026-04-29 19:11:00,402 [WARN] PackLoader:240 - Cannot read IP mode file for STMicroelectronics.X-CUBE-BLE1.6.2.3
2026-04-29 19:11:00,406 [WARN] PackLoader:240 - Cannot read IP mode file for STMicroelectronics.X-CUBE-BLE1.6.2.4
2026-04-29 19:11:00,411 [WARN] PackLoader:240 - Cannot read IP mode file for STMicroelectronics.FP-SNS-MOTENV1.5.1.0
2026-04-29 19:11:00,416 [WARN] PackLoader:240 - Cannot read IP mode file for STMicroelectronics.FP-SNS-FLIGHT1.5.0.2
2026-04-29 19:11:00,438 [WARN] PackLoader:240 - Cannot read IP mode file for STMicroelectronics.X-CUBE-AZRTOS-H7.3.4.0
2026-04-29 19:11:00,451 [WARN] PackLoader:240 - Cannot read IP mode file for STMicroelectronics.X-CUBE-DISPLAY.3.0.0
2026-04-29 19:11:00,460 [WARN] PackLoader:240 - Cannot read IP mode file for STMicroelectronics.X-CUBE-GNSS1.7.1.1
2026-04-29 19:11:00,465 [WARN] PackLoader:240 - Cannot read IP mode file for STMicroelectronics.FP-SNS-MOTENVWB1.1.5.0
2026-04-29 19:11:00,469 [WARN] PackLoader:240 - Cannot read IP mode file for STMicroelectronics.X-CUBE-BLE1.7.0.0
2026-04-29 19:11:00,477 [WARN] PackLoader:240 - Cannot read IP mode file for STMicroelectronics.X-CUBE-NFC10.1.0.0
2026-04-29 19:11:00,491 [WARN] PackLoader:240 - Cannot read IP mode file for STMicroelectronics.X-CUBE-BLEMGR.4.0.0
2026-04-29 19:11:00,499 [WARN] PackLoader:240 - Cannot read IP mode file for STMicroelectronics.X-CUBE-ST60.1.1.0
2026-04-29 19:11:00,505 [WARN] PackLoader:240 - Cannot read IP mode file for STMicroelectronics.X-CUBE-TOUCHGFX.4.22.0
2026-04-29 19:11:00,509 [WARN] PackLoader:240 - Cannot read IP mode file for STMicroelectronics.X-CUBE-GNSS1.7.1.0
2026-04-29 19:11:00,514 [WARN] PackLoader:240 - Cannot read IP mode file for STMicroelectronics.X-CUBE-TOUCHGFX.4.22.1
2026-04-29 19:11:00,550 [WARN] PackLoader:240 - Cannot read IP mode file for STMicroelectronics.X-CUBE-MEMS1.9.3.0
2026-04-29 19:11:00,689 [WARN] ConditionMgr:438 - getConditionDescription Invalid condition id : Cortex-A Device cause : null
2026-04-29 19:11:00,707 [INFO] LogOutputStream:77 - [STDOUT_REDIRECT] [ThirdParty] unknown protocol: c
2026-04-29 19:11:00,707 [WARN] PackLoader:240 - Cannot read IP mode file for quantropi.X-CUBE-qispace-sdk-base.2.0.0
2026-04-29 19:11:00,708 [WARN] ConditionMgr:1044 - genDependencies : Invalid condition id : Cortex-A Device cause : null
2026-04-29 19:11:00,708 [WARN] ConditionMgr:1044 - genDependencies : Invalid condition id : Cortex-A Device cause : null
2026-04-29 19:11:00,708 [WARN] ConditionMgr:1044 - genDependencies : Invalid condition id : Cortex-A Device cause : null
2026-04-29 19:11:00,714 [WARN] PackLoader:240 - Cannot read IP mode file for STMicroelectronics.X-CUBE-AI.10.0.0
2026-04-29 19:11:00,722 [WARN] PackLoader:240 - Cannot read IP mode file for STMicroelectronics.FP-SNS-STBOX1.2.1.0
2026-04-29 19:11:00,729 [WARN] PackLoader:240 - Cannot read IP mode file for STMicroelectronics.FP-SNS-SMARTAG2.1.2.0
2026-04-29 19:11:00,734 [WARN] PackLoader:240 - Cannot read IP mode file for STMicroelectronics.FP-SNS-FLIGHT1.5.1.0
2026-04-29 19:11:00,746 [INFO] LogOutputStream:77 - [STDOUT_REDIRECT] 1 : Invalid condition id : UX_CORESTACK_Condition cause : null
2026-04-29 19:11:00,747 [INFO] LogOutputStream:77 - [STDOUT_REDIRECT] 1 : Invalid condition id : UX_CORESTACK_Condition cause : null
2026-04-29 19:11:00,749 [INFO] LogOutputStream:77 - [STDOUT_REDIRECT] 1 : Invalid condition id : UX_CORESTACK_Condition cause : null
2026-04-29 19:11:00,750 [INFO] LogOutputStream:77 - [STDOUT_REDIRECT] 1 : Invalid condition id : UX_CORESTACK_Condition cause : null
2026-04-29 19:11:00,751 [INFO] LogOutputStream:77 - [STDOUT_REDIRECT] 1 : Invalid condition id : UX_CORESTACK_Condition cause : null
2026-04-29 19:11:00,755 [WARN] PackLoader:240 - Cannot read IP mode file for STMicroelectronics.X-CUBE-AZRTOS-WL.2.0.0
2026-04-29 19:11:00,761 [WARN] PackLoader:240 - Cannot read IP mode file for STMicroelectronics.FP-SNS-MOTENV1.5.0.0
2026-04-29 19:11:00,783 [WARN] PackLoader:240 - Cannot read IP mode file for STMicroelectronics.X-CUBE-AZRTOS-H7RS.1.2.0
2026-04-29 19:11:00,796 [WARN] PackLoader:240 - Cannot read IP mode file for WES.I-CUBE-Cesium.1.3.0
2026-04-29 19:11:00,803 [WARN] PackLoader:240 - Cannot read IP mode file for STMicroelectronics.X-CUBE-BLE2.3.3.0
2026-04-29 19:11:00,815 [INFO] LogOutputStream:77 - [STDOUT_REDIRECT] [ThirdParty] unknown protocol: c
2026-04-29 19:11:00,815 [WARN] PackLoader:240 - Cannot read IP mode file for Avnet-IOTCONNECT.X-CUBE-iotc-st67-sdk.1.0.0
2026-04-29 19:11:00,820 [WARN] PackLoader:240 - Cannot read IP mode file for STMicroelectronics.X-CUBE-DISPLAY.2.2.0
2026-04-29 19:11:00,833 [WARN] PackLoader:240 - Cannot read IP mode file for STMicroelectronics.X-CUBE-TOF1.3.2.0
2026-04-29 19:11:00,845 [WARN] PackLoader:240 - Cannot read IP mode file for STMicroelectronics.X-CUBE-NFC9.1.0.0
2026-04-29 19:11:00,861 [WARN] PackLoader:240 - Cannot read IP mode file for STMicroelectronics.X-CUBE-AZRTOS-H7.2.1.0
2026-04-29 19:11:00,869 [WARN] PackLoader:240 - Cannot read IP mode file for STMicroelectronics.X-CUBE-BLE1.7.1.0
2026-04-29 19:11:00,873 [WARN] PackLoader:240 - Cannot read IP mode file for wolfSSL.I-CUBE-wolfMQTT.1.19.2
2026-04-29 19:11:00,879 [WARN] PackLoader:240 - Cannot read IP mode file for STMicroelectronics.X-CUBE-FREERTOS.1.4.0
2026-04-29 19:11:00,888 [WARN] PackLoader:240 - Cannot read IP mode file for STMicroelectronics.X-CUBE-EEPRMA1.5.2.0
2026-04-29 19:11:00,893 [WARN] PackLoader:240 - Cannot read IP mode file for STMicroelectronics.X-CUBE-TOUCHGFX.4.21.0
2026-04-29 19:11:00,897 [WARN] PackLoader:240 - Cannot read IP mode file for STMicroelectronics.X-CUBE-TOUCHGFX.4.21.3
2026-04-29 19:11:00,900 [WARN] PackLoader:240 - Cannot read IP mode file for STMicroelectronics.X-CUBE-TOUCHGFX.4.21.4
2026-04-29 19:11:00,935 [WARN] PackLoader:240 - Cannot read IP mode file for STMicroelectronics.X-CUBE-MEMS1.9.4.0
2026-04-29 19:11:01,103 [WARN] PackLoader:240 - Cannot read IP mode file for STMicroelectronics.X-CUBE-AI.7.3.0
2026-04-29 19:11:01,110 [WARN] PackLoader:240 - Cannot read IP mode file for STMicroelectronics.X-CUBE-ST67W61.1.1.0
2026-04-29 19:11:01,113 [WARN] PackLoader:240 - Cannot read IP mode file for STMicroelectronics.X-CUBE-AI.10.1.0
2026-04-29 19:11:01,122 [WARN] PackLoader:240 - Cannot read IP mode file for STMicroelectronics.FP-SNS-STAIOTCFT.1.1.0
2026-04-29 19:11:01,162 [WARN] PackLoader:240 - Cannot read IP mode file for STMicroelectronics.X-CUBE-MEMS1.12.0.0
2026-04-29 19:11:01,249 [WARN] PackLoader:240 - Cannot read IP mode file for STMicroelectronics.X-CUBE-ALGOBUILD.1.3.0
2026-04-29 19:11:01,287 [WARN] PackLoader:240 - Cannot read IP mode file for STMicroelectronics.X-CUBE-MEMS1.11.2.0
2026-04-29 19:11:01,392 [WARN] PackLoader:240 - Cannot read IP mode file for STMicroelectronics.X-CUBE-AZRTOS-G0.1.1.0
2026-04-29 19:11:01,399 [WARN] PackLoader:240 - Cannot read IP mode file for STMicroelectronics.X-CUBE-SAFEA1.1.2.2
2026-04-29 19:11:01,405 [WARN] PackLoader:240 - Cannot read IP mode file for STMicroelectronics.X-CUBE-NFC4.3.0.0
2026-04-29 19:11:01,436 [WARN] PackLoader:240 - Cannot read IP mode file for SEGGER.I-CUBE-embOS.1.2.1
2026-04-29 19:11:01,467 [WARN] PackLoader:240 - Cannot read IP mode file for EmbeddedOffice.I-CUBE-FS-RTOS.1.0.1
2026-04-29 19:11:01,474 [WARN] PackLoader:240 - Cannot read IP mode file for STMicroelectronics.X-CUBE-WB05N.2.0.0
2026-04-29 19:11:01,483 [WARN] PackLoader:240 - Cannot read IP mode file for STMicroelectronics.X-CUBE-BLEMGR.3.0.0
2026-04-29 19:11:01,491 [WARN] PackLoader:240 - Cannot read IP mode file for wolfSSL.I-CUBE-wolfTPM.3.8.0
2026-04-29 19:11:01,498 [WARN] PackLoader:240 - Cannot read IP mode file for STMicroelectronics.X-CUBE-BLEMGR.1.3.0
2026-04-29 19:11:01,507 [WARN] PackLoader:240 - Cannot read IP mode file for STMicroelectronics.X-CUBE-TCPP.4.2.0
2026-04-29 19:11:01,515 [WARN] PackLoader:240 - Cannot read IP mode file for RealThread.X-CUBE-RT-Thread_Nano.4.1.1
2026-04-29 19:11:01,520 [WARN] PackLoader:240 - Cannot read IP mode file for STMicroelectronics.FP-ATR-SIGFOX1.3.2.0
2026-04-29 19:11:01,527 [WARN] PackLoader:240 - Cannot read IP mode file for STMicroelectronics.X-CUBE-EEPRMA1.5.1.0
2026-04-29 19:11:01,534 [WARN] PackLoader:240 - Cannot read IP mode file for STMicroelectronics.X-CUBE-FREERTOS.1.5.0
2026-04-29 19:11:01,538 [WARN] PackLoader:240 - Cannot read IP mode file for STMicroelectronics.X-CUBE-TOUCHGFX.4.20.0
2026-04-29 19:11:01,545 [WARN] PackLoader:240 - Cannot read IP mode file for STMicroelectronics.X-CUBE-NFC6.3.2.0
2026-04-29 19:11:01,591 [WARN] PackLoader:240 - Cannot read IP mode file for STMicroelectronics.X-CUBE-MEMS1.9.5.0
2026-04-29 19:11:01,703 [WARN] PackLoader:240 - Cannot read IP mode file for STMicroelectronics.X-CUBE-ST67W61.1.0.0
2026-04-29 19:11:01,708 [WARN] PackLoader:240 - Cannot read IP mode file for STMicroelectronics.X-CUBE-AI.10.2.0
2026-04-29 19:11:01,745 [WARN] PackLoader:240 - Cannot read IP mode file for STMicroelectronics.X-CUBE-MEMS1.12.1.0
2026-04-29 19:11:01,836 [WARN] PackLoader:240 - Cannot read IP mode file for SEGGER.I-CUBE-embOS.1.3.1
2026-04-29 19:11:01,866 [WARN] PackLoader:240 - Cannot read IP mode file for STMicroelectronics.X-CUBE-ALGOBUILD.1.4.0
2026-04-29 19:11:01,911 [WARN] PackLoader:240 - Cannot read IP mode file for STMicroelectronics.X-CUBE-MEMS1.11.3.0
2026-04-29 19:11:02,009 [WARN] PackLoader:240 - Cannot read IP mode file for STMicroelectronics.X-CUBE-PM33A1.1.0.0
2026-04-29 19:11:02,023 [WARN] PackLoader:240 - Cannot read IP mode file for STMicroelectronics.X-CUBE-GNSS1.6.0.0
2026-04-29 19:11:02,047 [WARN] PackLoader:240 - Cannot read IP mode file for STMicroelectronics.X-CUBE-AZRTOS-F4.1.1.0
2026-04-29 19:11:02,055 [WARN] PackLoader:240 - Cannot read IP mode file for Avnet-IotConnect.X-CUBE-IoTC-DA16k-PMOD.1.0.0
2026-04-29 19:11:02,060 [WARN] PackLoader:240 - Cannot read IP mode file for STMicroelectronics.X-CUBE-ISPU.2.1.0
2026-04-29 19:11:02,072 [WARN] PackLoader:240 - Cannot read IP mode file for STMicroelectronics.X-CUBE-IPS.3.2.0
2026-04-29 19:11:02,084 [WARN] PackLoader:240 - Cannot read IP mode file for STMicroelectronics.eDS-WB_DPC_TT-BIDIR.2.1.1
2026-04-29 19:11:02,091 [WARN] PackLoader:240 - Cannot read IP mode file for STMicroelectronics.X-CUBE-NFC12.1.0.0
2026-04-29 19:11:02,098 [WARN] PackLoader:240 - Cannot read IP mode file for STMicroelectronics.X-CUBE-BLEMGR.1.2.0
2026-04-29 19:11:02,117 [WARN] PackLoader:240 - Cannot read IP mode file for STMicroelectronics.X-CUBE-AZRTOS-L5.2.0.0
2026-04-29 19:11:02,156 [WARN] PackLoader:240 - Cannot read IP mode file for STMicroelectronics.X-CUBE-MEMS1.9.6.0
2026-04-29 19:11:02,273 [WARN] PackLoader:240 - Cannot read IP mode file for STMicroelectronics.X-CUBE-EEPRMA1.4.2.0
2026-04-29 19:11:02,278 [WARN] PackLoader:240 - Cannot read IP mode file for STMicroelectronics.X-CUBE-NFC6.3.1.0
2026-04-29 19:11:02,284 [WARN] PackLoader:240 - Cannot read IP mode file for ITTIA_DB.I-CUBE-ITTIADB.8.8.0
2026-04-29 19:11:02,291 [WARN] PackLoader:240 - Cannot read IP mode file for emotas.I-CUBE-CANOPEN.1.1.3
2026-04-29 19:11:02,299 [WARN] PackLoader:240 - Cannot read IP mode file for STMicroelectronics.X-CUBE-BLEMGR.2.0.0
2026-04-29 19:11:02,304 [WARN] PackLoader:240 - Cannot read IP mode file for STMicroelectronics.eDS-WB_DPC_VIENNA.1.2.0
2026-04-29 19:11:02,309 [WARN] PackLoader:240 - Cannot read IP mode file for STMicroelectronics.X-CUBE-NFC4.2.0.5
2026-04-29 19:11:02,314 [WARN] PackLoader:240 - Cannot read IP mode file for STMicroelectronics.eDS-WB_DPC_3PH2L-BIDIR.1.1.1
2026-04-29 19:11:02,318 [WARN] PackLoader:240 - Cannot read IP mode file for STMicroelectronics.X-CUBE-NFC4.2.0.4
2026-04-29 19:11:02,328 [WARN] ConditionMgr:438 - getConditionDescription Invalid condition id : UX DEVICE CLASS RTOS Condition cause : null
2026-04-29 19:11:02,328 [WARN] ConditionMgr:438 - getConditionDescription Invalid condition id : UX DEVICE CLASS RTOS Condition cause : null
2026-04-29 19:11:02,330 [WARN] PackLoader:240 - Cannot read IP mode file for STMicroelectronics.X-CUBE-AZRTOS-H7.3.1.0
2026-04-29 19:11:02,331 [WARN] ConditionMgr:1044 - genDependencies : Invalid condition id : UX DEVICE CLASS RTOS Condition cause : null
2026-04-29 19:11:02,331 [WARN] ConditionMgr:1044 - genDependencies : Invalid condition id : UX DEVICE CLASS RTOS Condition cause : null
2026-04-29 19:11:02,331 [WARN] ConditionMgr:1044 - genDependencies : Invalid condition id : UX DEVICE CLASS RTOS Condition cause : null
2026-04-29 19:11:02,332 [WARN] ConditionMgr:1044 - genDependencies : Invalid condition id : UX DEVICE CLASS RTOS Condition cause : null
2026-04-29 19:11:02,332 [WARN] ConditionMgr:1044 - genDependencies : Invalid condition id : UX DEVICE CLASS RTOS Condition cause : null
2026-04-29 19:11:02,336 [ERROR] Engine:466 - C:\Users\Евгений\.stm32cubemx\thirdparties\pdsc\STMicroelectronics.X-CUBE-ST67W61.1.3.0.pdsc: PDSC version is not supported
2026-04-29 19:11:02,340 [WARN] PackLoader:240 - Cannot read IP mode file for wolfSSL.I-CUBE-wolfSSL.5.5.3
2026-04-29 19:11:02,345 [WARN] PackLoader:240 - Cannot read IP mode file for STMicroelectronics.X-CUBE-FREERTOS.1.3.1
2026-04-29 19:11:02,351 [WARN] PackLoader:240 - Cannot read IP mode file for STMicroelectronics.X-CUBE-NFC7.1.0.1
2026-04-29 19:11:02,354 [WARN] PackLoader:240 - Cannot read IP mode file for STMicroelectronics.X-CUBE-NFC7.1.0.0
2026-04-29 19:11:02,358 [WARN] PackLoader:240 - Cannot read IP mode file for STMicroelectronics.X-CUBE-TOUCHGFX.4.26.0
2026-04-29 19:11:02,364 [WARN] PackLoader:240 - Cannot read IP mode file for STMicroelectronics.X-CUBE-NFC6.3.0.0
2026-04-29 19:11:02,367 [WARN] PackLoader:240 - Cannot read IP mode file for STMicroelectronics.X-CUBE-TOUCHGFX.4.26.1
2026-04-29 19:11:02,371 [WARN] PackLoader:240 - Cannot read IP mode file for STMicroelectronics.X-CUBE-EEPRMA1.4.1.0
2026-04-29 19:11:02,376 [WARN] PackLoader:240 - Cannot read IP mode file for STMicroelectronics.FP-SNS-STAIOTCFT.1.0.0
2026-04-29 19:11:02,381 [WARN] PackLoader:240 - Cannot read IP mode file for STMicroelectronics.X-CUBE-DPower.1.3.0
2026-04-29 19:11:02,384 [WARN] PackLoader:240 - Cannot read IP mode file for STMicroelectronics.X-CUBE-AI.8.1.0
2026-04-29 19:11:02,399 [WARN] ConditionMgr:438 - getConditionDescription Invalid condition id : LAN8742 Phy interface Condition cause : null
2026-04-29 19:11:02,400 [WARN] PackLoader:240 - Cannot read IP mode file for STMicroelectronics.X-CUBE-AZRTOS-L4.2.0.0
2026-04-29 19:11:02,400 [WARN] ConditionMgr:1044 - genDependencies : Invalid condition id : LAN8742 Phy interface Condition cause : null
2026-04-29 19:11:02,400 [WARN] ConditionMgr:1044 - genDependencies : Invalid condition id : LAN8742 Phy interface Condition cause : null
2026-04-29 19:11:02,401 [WARN] ConditionMgr:1044 - genDependencies : Invalid condition id : LAN8742 Phy interface Condition cause : null
2026-04-29 19:11:02,412 [WARN] PackLoader:240 - Cannot read IP mode file for STMicroelectronics.X-CUBE-SFXS2LP1.4.0.0
2026-04-29 19:11:02,425 [WARN] PackLoader:240 - Cannot read IP mode file for STMicroelectronics.X-CUBE-AZRTOS-H7.3.0.0
2026-04-29 19:11:02,433 [WARN] PackLoader:240 - Cannot read IP mode file for STMicroelectronics.X-CUBE-WB05N.2.1.0
2026-04-29 19:11:02,438 [WARN] PackLoader:240 - Cannot read IP mode file for STMicroelectronics.X-CUBE-ST67W61.1.2.0
2026-04-29 19:11:02,441 [WARN] PackLoader:240 - Cannot read IP mode file for STMicroelectronics.X-CUBE-ISPU.1.1.0
2026-04-29 19:11:02,453 [WARN] PackLoader:240 - Cannot read IP mode file for STMicroelectronics.X-CUBE-AZRTOS-H7.3.3.0
2026-04-29 19:11:02,460 [WARN] PackLoader:240 - Cannot read IP mode file for RoweBots.I-CUBE-UNISONRTOS.5.5.0-4
2026-04-29 19:11:02,466 [WARN] PackLoader:240 - Cannot read IP mode file for STMicroelectronics.X-CUBE-BLEMGR.4.1.0
2026-04-29 19:11:02,469 [WARN] PackLoader:240 - Cannot read IP mode file for STMicroelectronics.X-CUBE-AI.8.0.0
2026-04-29 19:11:02,480 [WARN] ConditionMgr:438 - getConditionDescription Invalid condition id : UX DEVICE CLASS RTOS Condition cause : null
2026-04-29 19:11:02,480 [WARN] ConditionMgr:438 - getConditionDescription Invalid condition id : UX DEVICE CLASS RTOS Condition cause : null
2026-04-29 19:11:02,482 [WARN] PackLoader:240 - Cannot read IP mode file for STMicroelectronics.X-CUBE-AZRTOS-WB.2.0.0
2026-04-29 19:11:02,482 [WARN] ConditionMgr:1044 - genDependencies : Invalid condition id : UX DEVICE CLASS RTOS Condition cause : null
2026-04-29 19:11:02,483 [WARN] ConditionMgr:1044 - genDependencies : Invalid condition id : UX DEVICE CLASS RTOS Condition cause : null
2026-04-29 19:11:02,483 [WARN] ConditionMgr:1044 - genDependencies : Invalid condition id : UX DEVICE CLASS RTOS Condition cause : null
2026-04-29 19:11:02,483 [WARN] ConditionMgr:1044 - genDependencies : Invalid condition id : UX DEVICE CLASS RTOS Condition cause : null
2026-04-29 19:11:02,483 [WARN] ConditionMgr:1044 - genDependencies : Invalid condition id : UX DEVICE CLASS RTOS Condition cause : null
2026-04-29 19:11:02,486 [WARN] PackLoader:240 - Cannot read IP mode file for STMicroelectronics.X-CUBE-FREERTOS.1.0.1
2026-04-29 19:11:02,490 [WARN] PackLoader:240 - Cannot read IP mode file for STMicroelectronics.X-CUBE-GNSS1.7.0.1
2026-04-29 19:11:02,493 [WARN] PackLoader:240 - Cannot read IP mode file for STMicroelectronics.X-CUBE-TOUCHGFX.4.25.0
2026-04-29 19:11:02,497 [WARN] PackLoader:240 - Cannot read IP mode file for STMicroelectronics.FP-SNS-STBOX1.2.0.0
2026-04-29 19:11:02,505 [WARN] PackLoader:240 - Cannot read IP mode file for STMicroelectronics.X-CUBE-STSE01.2.0.0
2026-04-29 19:11:02,514 [WARN] PackLoader:240 - Cannot read IP mode file for STMicroelectronics.X-CUBE-AZRTOS-L5.1.1.0
2026-04-29 19:11:02,519 [WARN] PackLoader:240 - Cannot read IP mode file for STMicroelectronics.X-CUBE-AI.8.0.1
2026-04-29 19:11:02,526 [WARN] PackLoader:240 - Cannot read IP mode file for STMicroelectronics.X-CUBE-SUBG2.5.0.0
2026-04-29 19:11:02,543 [WARN] PackLoader:240 - Cannot read IP mode file for STMicroelectronics.X-CUBE-AZRTOS-H7RS.1.1.0
2026-04-29 19:11:02,550 [WARN] PackLoader:240 - Cannot read IP mode file for Cesanta.I-CUBE-Mongoose.7.13.0
2026-04-29 19:11:02,557 [WARN] PackLoader:240 - Cannot read IP mode file for STMicroelectronics.X-CUBE-TOF1.3.3.1
2026-04-29 19:11:02,570 [WARN] PackLoader:240 - Cannot read IP mode file for STMicroelectronics.X-CUBE-AZRTOS-G4.2.0.0
2026-04-29 19:11:02,578 [WARN] PackLoader:240 - Cannot read IP mode file for STMicroelectronics.X-CUBE-TOF1.3.3.0
2026-04-29 19:11:02,587 [WARN] PackLoader:240 - Cannot read IP mode file for STMicroelectronics.FP-ATR-ASTRA1.1.1.1
2026-04-29 19:11:02,596 [WARN] PackLoader:240 - Cannot read IP mode file for Infineon.AIROC-Wi-Fi-Bluetooth-STM32.1.5.1
2026-04-29 19:11:02,604 [WARN] PackLoader:240 - Cannot read IP mode file for wolfSSL.I-CUBE-wolfSSH.1.4.20
2026-04-29 19:11:02,608 [WARN] PackLoader:240 - Cannot read IP mode file for STMicroelectronics.FP-SNS-MOTENVWB1.1.3.0
2026-04-29 19:11:02,612 [WARN] PackLoader:240 - Cannot read IP mode file for STMicroelectronics.X-CUBE-NFC7.2.0.0
2026-04-29 19:11:02,616 [WARN] PackLoader:240 - Cannot read IP mode file for STMicroelectronics.FP-SNS-MOTENVWB1.1.3.1
2026-04-29 19:11:02,633 [WARN] PackLoader:240 - Cannot read IP mode file for STMicroelectronics.X-CUBE-AZRTOS-G4.1.0.0
2026-04-29 19:11:02,647 [WARN] PackLoader:240 - Cannot read IP mode file for STMicroelectronics.X-CUBE-AZRTOS-L4.1.0.0
2026-04-29 19:11:02,651 [WARN] PackLoader:240 - Cannot read IP mode file for STMicroelectronics.X-CUBE-ISPU.2.0.0
2026-04-29 19:11:02,658 [WARN] PackLoader:240 - Cannot read IP mode file for STMicroelectronics.X-CUBE-IPS.3.1.0
2026-04-29 19:11:02,666 [WARN] PackLoader:240 - Cannot read IP mode file for STMicroelectronics.X-CUBE-ALS.1.0.2
2026-04-29 19:11:02,695 [WARN] PackLoader:240 - Cannot read IP mode file for STMicroelectronics.X-CUBE-MEMS1.10.0.0
2026-04-29 19:11:02,768 [WARN] PackLoader:240 - Cannot read IP mode file for STMicroelectronics.X-CUBE-FREERTOS.1.1.0
2026-04-29 19:11:02,778 [WARN] PackLoader:240 - Cannot read IP mode file for STMicroelectronics.X-CUBE-AZRTOS-WL.1.0.0
2026-04-29 19:11:02,784 [WARN] PackLoader:240 - Cannot read IP mode file for STMicroelectronics.X-CUBE-STSE01.1.0.0
2026-04-29 19:11:02,791 [WARN] PackLoader:240 - Cannot read IP mode file for portGmbH.I-Cube-SoM-uGOAL.1.1.0
2026-04-29 19:11:02,794 [WARN] PackLoader:240 - Cannot read IP mode file for STMicroelectronics.X-CUBE-ALS.1.0.1
2026-04-29 19:11:02,805 [WARN] PackLoader:240 - Cannot read IP mode file for STMicroelectronics.X-CUBE-AZRTOS-WB.1.1.0
2026-04-29 19:11:02,818 [WARN] PackLoader:240 - Cannot read IP mode file for STMicroelectronics.X-CUBE-AZRTOS-L5.1.0.0
2026-04-29 19:11:02,836 [WARN] PackLoader:240 - Cannot read IP mode file for STMicroelectronics.X-CUBE-EEPRMA1.3.1.1
2026-04-29 19:11:02,841 [WARN] PackLoader:240 - Cannot read IP mode file for STMicroelectronics.FP-ATR-ASTRA1.2.0.0
2026-04-29 19:11:02,850 [WARN] PackLoader:240 - Cannot read IP mode file for STMicroelectronics.X-CUBE-TOF1.3.4.3
2026-04-29 19:11:02,870 [WARN] PackLoader:240 - Cannot read IP mode file for STMicroelectronics.X-CUBE-TOF1.3.4.0
2026-04-29 19:11:02,905 [WARN] PackLoader:240 - Cannot read IP mode file for STMicroelectronics.X-CUBE-AZRTOS-H7.3.2.0
2026-04-29 19:11:02,909 [INFO] ThirdParty:978 - Integrity check success = true
2026-04-29 19:11:02,909 [INFO] IntegrityCheckThread:100 - exiting critical section [integrity check]
2026-04-29 19:11:02,909 [INFO] IntegrityCheckThread:103 - End integrity checks thread
2026-04-29 19:11:09,607 [ERROR] CheckConnectionManager:249 - Problem, Http access forbiden
2026-04-29 19:11:09,608 [INFO] MainUpdater:2872 - connection check result : 22
2026-04-29 19:11:53,981 [INFO] MainUpdater:2872 - connection check result : 10
2026-04-29 19:11:53,983 [INFO] McuFinderGlobals:76 - Set McuFinderConnectedMode to true
2026-04-29 19:11:54,424 [INFO] ServerAccessManage:452 - Complete download http(s) 200
2026-04-29 19:11:54,425 [INFO] ServerAccessManage:509 - Download File mcusAds.json._tmp_
2026-04-29 19:11:54,534 [INFO] LoadUrlFilesThread:156 - End of LoadUrlFiles Thread
2026-04-29 19:11:54,913 [INFO] ServerAccessManage:452 - Complete download http(s) 200
2026-04-29 19:11:54,914 [INFO] ServerAccessManage:509 - Download File cube-finder-db.zip
2026-04-29 19:11:57,893 [INFO] FileExtend:248 - Unzip File : cube-finder-db.zip
2026-04-29 19:11:57,894 [INFO] FileExtend:263 - Standard Zip Deflate
2026-04-29 19:11:58,500 [INFO] LoadUrlFilesThread:156 - End of LoadUrlFiles Thread
2026-04-29 19:12:06,832 [INFO] MainUpdater:2872 - connection check result : 10
2026-04-29 19:12:11,057 [INFO] ServerAccessManage:452 - Complete download http(s) 200
2026-04-29 19:12:11,057 [INFO] ServerAccessManage:509 - Download File crdb.zip
2026-04-29 19:12:11,531 [INFO] FileExtend:248 - Unzip File : crdb.zip
2026-04-29 19:12:11,532 [INFO] FileExtend:263 - Standard Zip Deflate
2026-04-29 19:12:11,646 [INFO] LoadUrlFilesThread:156 - End of LoadUrlFiles Thread
2026-04-29 19:12:11,758 [INFO] McuFinderGlobals:76 - Set McuFinderConnectedMode to true
2026-04-29 19:12:11,809 [ERROR] LogOutputStream:75 - [STDERR_REDIRECT] java.lang.NullPointerException: Cannot invoke "com.st.stm32cube.common.mx.targetselector.IdeMcuFinder.getBoard()" because "this.mcuFinder" is null
2026-04-29 19:12:11,811 [ERROR] LogOutputStream:75 - [STDERR_REDIRECT] 	at com.st.stm32cube.common.mx.targetselector.TargetSelectorAdapter.getBoard(TargetSelectorAdapter.java:372)
2026-04-29 19:12:11,813 [ERROR] LogOutputStream:75 - [STDERR_REDIRECT] 	at com.st.stm32cube.common.projectcreation.ui.wizard.TargetSetupPageAbstract.getSelectedTargetName(TargetSetupPageAbstract.java:462)
2026-04-29 19:12:11,815 [ERROR] LogOutputStream:75 - [STDERR_REDIRECT] 	at com.st.stm32cube.common.projectcreation.ui.wizard.ProjectSetupPageAbstract.getTargetObject(ProjectSetupPageAbstract.java:1105)
2026-04-29 19:12:11,818 [ERROR] LogOutputStream:75 - [STDERR_REDIRECT] 	at com.st.stm32cube.common.projectcreation.ui.projectStructure.ProjectStructureCompositeFactory.createProjectStructureComposite(ProjectStructureCompositeFactory.java:22)
2026-04-29 19:12:11,820 [ERROR] LogOutputStream:75 - [STDERR_REDIRECT] 	at com.st.stm32cube.common.projectcreation.ui.wizard.ProjectSetupPageAbstract.createControl(ProjectSetupPageAbstract.java:388)
2026-04-29 19:12:11,820 [ERROR] LogOutputStream:75 - [STDERR_REDIRECT] 	at org.eclipse.jface.wizard.Wizard.createPageControls(Wizard.java:180)
2026-04-29 19:12:11,822 [ERROR] LogOutputStream:75 - [STDERR_REDIRECT] 	at org.eclipse.jface.wizard.WizardDialog.createPageControls(WizardDialog.java:744)
2026-04-29 19:12:11,823 [ERROR] LogOutputStream:75 - [STDERR_REDIRECT] 	at org.eclipse.jface.wizard.WizardDialog.createContents(WizardDialog.java:637)
2026-04-29 19:12:11,824 [ERROR] LogOutputStream:75 - [STDERR_REDIRECT] 	at org.eclipse.jface.window.Window.create(Window.java:431)
2026-04-29 19:12:11,825 [ERROR] LogOutputStream:75 - [STDERR_REDIRECT] 	at org.eclipse.jface.dialogs.Dialog.create(Dialog.java:1092)
2026-04-29 19:12:11,826 [ERROR] LogOutputStream:75 - [STDERR_REDIRECT] 	at org.eclipse.jface.window.Window.open(Window.java:788)
2026-04-29 19:12:11,828 [ERROR] LogOutputStream:75 - [STDERR_REDIRECT] 	at com.st.stm32cube.ide.mcu.informationcenter.WelcomePageAction.run(WelcomePageAction.java:54)
2026-04-29 19:12:11,829 [ERROR] LogOutputStream:75 - [STDERR_REDIRECT] 	at org.eclipse.ui.internal.intro.impl.model.url.IntroURL.runAction(IntroURL.java:272)
2026-04-29 19:12:11,830 [ERROR] LogOutputStream:75 - [STDERR_REDIRECT] 	at org.eclipse.ui.internal.intro.impl.model.url.IntroURL.doExecute(IntroURL.java:187)
2026-04-29 19:12:11,831 [ERROR] LogOutputStream:75 - [STDERR_REDIRECT] 	at org.eclipse.ui.internal.intro.impl.model.url.IntroURL.lambda$0(IntroURL.java:142)
2026-04-29 19:12:11,833 [ERROR] LogOutputStream:75 - [STDERR_REDIRECT] 	at org.eclipse.swt.custom.BusyIndicator.showWhile(BusyIndicator.java:67)
2026-04-29 19:12:11,834 [ERROR] LogOutputStream:75 - [STDERR_REDIRECT] 	at org.eclipse.ui.internal.intro.impl.model.url.IntroURL.execute(IntroURL.java:142)
2026-04-29 19:12:11,837 [ERROR] LogOutputStream:75 - [STDERR_REDIRECT] 	at org.eclipse.ui.internal.intro.impl.presentations.BrowserIntroPartLocationListener.changing(BrowserIntroPartLocationListener.java:130)
2026-04-29 19:12:11,838 [ERROR] LogOutputStream:75 - [STDERR_REDIRECT] 	at org.eclipse.swt.browser.IE.lambda$6(IE.java:525)
2026-04-29 19:12:11,839 [ERROR] LogOutputStream:75 - [STDERR_REDIRECT] 	at org.eclipse.swt.ole.win32.OleEventTable.sendEvent(OleEventTable.java:57)
2026-04-29 19:12:11,840 [ERROR] LogOutputStream:75 - [STDERR_REDIRECT] 	at org.eclipse.swt.ole.win32.OleEventSink.notifyListener(OleEventSink.java:160)
2026-04-29 19:12:11,841 [ERROR] LogOutputStream:75 - [STDERR_REDIRECT] 	at org.eclipse.swt.ole.win32.OleEventSink.Invoke(OleEventSink.java:128)
2026-04-29 19:12:11,842 [ERROR] LogOutputStream:75 - [STDERR_REDIRECT] 	at org.eclipse.swt.ole.win32.OleEventSink$1.method6(OleEventSink.java:79)
2026-04-29 19:12:11,843 [ERROR] LogOutputStream:75 - [STDERR_REDIRECT] 	at org.eclipse.swt.internal.ole.win32.COMObject.callback6(COMObject.java:120)
2026-04-29 19:12:11,844 [ERROR] LogOutputStream:75 - [STDERR_REDIRECT] 	at org.eclipse.swt.internal.win32.OS.DispatchMessage(Native Method)
2026-04-29 19:12:11,845 [ERROR] LogOutputStream:75 - [STDERR_REDIRECT] 	at org.eclipse.swt.widgets.Display.readAndDispatch(Display.java:3710)
2026-04-29 19:12:11,846 [ERROR] LogOutputStream:75 - [STDERR_REDIRECT] 	at com.st.stm32cube.common.mx.oss.core.awtswtbridge.SwtInputBlocker.open(SwtInputBlocker.java:55)
2026-04-29 19:12:11,847 [ERROR] LogOutputStream:75 - [STDERR_REDIRECT] 	at com.st.stm32cube.common.mx.oss.core.awtswtbridge.SwtInputBlocker.block(SwtInputBlocker.java:111)
2026-04-29 19:12:11,848 [ERROR] LogOutputStream:75 - [STDERR_REDIRECT] 	at com.st.stm32cube.common.mx.oss.core.awtswtbridge.AwtEnvironment.invokeAwt(AwtEnvironment.java:179)
2026-04-29 19:12:11,850 [ERROR] LogOutputStream:75 - [STDERR_REDIRECT] 	at com.st.stm32cube.common.mx.oss.core.awtswtbridge.AwtEnvironment.invokeAwtAndBlockSwt(AwtEnvironment.java:206)
2026-04-29 19:12:11,851 [ERROR] LogOutputStream:75 - [STDERR_REDIRECT] 	at com.st.stm32cube.common.mx.targetselector.TargetSelectorAdapter.launchMCUFinder(TargetSelectorAdapter.java:233)
2026-04-29 19:12:11,853 [ERROR] LogOutputStream:75 - [STDERR_REDIRECT] 	at com.st.stm32cube.common.mx.targetselector.TargetSelectorAdapter.addTargetSelector(TargetSelectorAdapter.java:181)
2026-04-29 19:12:11,855 [ERROR] LogOutputStream:75 - [STDERR_REDIRECT] 	at com.st.stm32cube.common.projectcreation.ui.wizard.TargetSetupPageAbstract.createControl(TargetSetupPageAbstract.java:131)
2026-04-29 19:12:11,855 [ERROR] LogOutputStream:75 - [STDERR_REDIRECT] 	at org.eclipse.jface.wizard.Wizard.createPageControls(Wizard.java:180)
2026-04-29 19:12:11,857 [ERROR] LogOutputStream:75 - [STDERR_REDIRECT] 	at org.eclipse.jface.wizard.WizardDialog.createPageControls(WizardDialog.java:744)
2026-04-29 19:12:11,858 [ERROR] LogOutputStream:75 - [STDERR_REDIRECT] 	at org.eclipse.jface.wizard.WizardDialog.createContents(WizardDialog.java:637)
2026-04-29 19:12:11,859 [ERROR] LogOutputStream:75 - [STDERR_REDIRECT] 	at org.eclipse.jface.window.Window.create(Window.java:431)
2026-04-29 19:12:11,860 [ERROR] LogOutputStream:75 - [STDERR_REDIRECT] 	at org.eclipse.jface.dialogs.Dialog.create(Dialog.java:1092)
2026-04-29 19:12:11,861 [ERROR] LogOutputStream:75 - [STDERR_REDIRECT] 	at org.eclipse.jface.window.Window.open(Window.java:788)
2026-04-29 19:12:11,862 [ERROR] LogOutputStream:75 - [STDERR_REDIRECT] 	at com.st.stm32cube.ide.mcu.informationcenter.WelcomePageAction.run(WelcomePageAction.java:54)
2026-04-29 19:12:11,865 [ERROR] LogOutputStream:75 - [STDERR_REDIRECT] 	at org.eclipse.ui.internal.intro.impl.model.url.IntroURL.runAction(IntroURL.java:272)
2026-04-29 19:12:11,867 [ERROR] LogOutputStream:75 - [STDERR_REDIRECT] 	at org.eclipse.ui.internal.intro.impl.model.url.IntroURL.doExecute(IntroURL.java:187)
2026-04-29 19:12:11,869 [ERROR] LogOutputStream:75 - [STDERR_REDIRECT] 	at org.eclipse.ui.internal.intro.impl.model.url.IntroURL.lambda$0(IntroURL.java:142)
2026-04-29 19:12:11,870 [ERROR] LogOutputStream:75 - [STDERR_REDIRECT] 	at org.eclipse.swt.custom.BusyIndicator.showWhile(BusyIndicator.java:67)
2026-04-29 19:12:11,873 [ERROR] LogOutputStream:75 - [STDERR_REDIRECT] 	at org.eclipse.ui.internal.intro.impl.model.url.IntroURL.execute(IntroURL.java:142)
2026-04-29 19:12:11,876 [ERROR] LogOutputStream:75 - [STDERR_REDIRECT] 	at org.eclipse.ui.internal.intro.impl.presentations.BrowserIntroPartLocationListener.changing(BrowserIntroPartLocationListener.java:130)
2026-04-29 19:12:11,877 [ERROR] LogOutputStream:75 - [STDERR_REDIRECT] 	at org.eclipse.swt.browser.IE.lambda$6(IE.java:525)
2026-04-29 19:12:11,879 [ERROR] LogOutputStream:75 - [STDERR_REDIRECT] 	at org.eclipse.swt.ole.win32.OleEventTable.sendEvent(OleEventTable.java:57)
2026-04-29 19:12:11,880 [ERROR] LogOutputStream:75 - [STDERR_REDIRECT] 	at org.eclipse.swt.ole.win32.OleEventSink.notifyListener(OleEventSink.java:160)
2026-04-29 19:12:11,882 [ERROR] LogOutputStream:75 - [STDERR_REDIRECT] 	at org.eclipse.swt.ole.win32.OleEventSink.Invoke(OleEventSink.java:128)
2026-04-29 19:12:11,884 [ERROR] LogOutputStream:75 - [STDERR_REDIRECT] 	at org.eclipse.swt.ole.win32.OleEventSink$1.method6(OleEventSink.java:79)
2026-04-29 19:12:11,885 [ERROR] LogOutputStream:75 - [STDERR_REDIRECT] 	at org.eclipse.swt.internal.ole.win32.COMObject.callback6(COMObject.java:120)
2026-04-29 19:12:11,887 [ERROR] LogOutputStream:75 - [STDERR_REDIRECT] 	at org.eclipse.swt.internal.win32.OS.DispatchMessage(Native Method)
2026-04-29 19:12:11,888 [ERROR] LogOutputStream:75 - [STDERR_REDIRECT] 	at org.eclipse.swt.widgets.Display.readAndDispatch(Display.java:3710)
2026-04-29 19:12:11,889 [ERROR] LogOutputStream:75 - [STDERR_REDIRECT] 	at org.eclipse.e4.ui.internal.workbench.swt.PartRenderingEngine$5.run(PartRenderingEngine.java:1151)
2026-04-29 19:12:11,890 [ERROR] LogOutputStream:75 - [STDERR_REDIRECT] 	at org.eclipse.core.databinding.observable.Realm.runWithDefault(Realm.java:339)
2026-04-29 19:12:11,892 [ERROR] LogOutputStream:75 - [STDERR_REDIRECT] 	at org.eclipse.e4.ui.internal.workbench.swt.PartRenderingEngine.run(PartRenderingEngine.java:1042)
2026-04-29 19:12:11,893 [ERROR] LogOutputStream:75 - [STDERR_REDIRECT] 	at org.eclipse.e4.ui.internal.workbench.E4Workbench.createAndRunUI(E4Workbench.java:153)
2026-04-29 19:12:11,895 [ERROR] LogOutputStream:75 - [STDERR_REDIRECT] 	at org.eclipse.ui.internal.Workbench.lambda$3(Workbench.java:639)
2026-04-29 19:12:11,896 [ERROR] LogOutputStream:75 - [STDERR_REDIRECT] 	at org.eclipse.core.databinding.observable.Realm.runWithDefault(Realm.java:339)
2026-04-29 19:12:11,897 [ERROR] LogOutputStream:75 - [STDERR_REDIRECT] 	at org.eclipse.ui.internal.Workbench.createAndRunWorkbench(Workbench.java:546)
2026-04-29 19:12:11,898 [ERROR] LogOutputStream:75 - [STDERR_REDIRECT] 	at org.eclipse.ui.PlatformUI.createAndRunWorkbench(PlatformUI.java:173)
2026-04-29 19:12:11,899 [ERROR] LogOutputStream:75 - [STDERR_REDIRECT] 	at org.eclipse.ui.internal.ide.application.IDEApplication.start(IDEApplication.java:152)
2026-04-29 19:12:11,901 [ERROR] LogOutputStream:75 - [STDERR_REDIRECT] 	at org.eclipse.equinox.internal.app.EclipseAppHandle.run(EclipseAppHandle.java:208)
2026-04-29 19:12:11,902 [ERROR] LogOutputStream:75 - [STDERR_REDIRECT] 	at org.eclipse.core.runtime.internal.adaptor.EclipseAppLauncher.runApplication(EclipseAppLauncher.java:143)
2026-04-29 19:12:11,903 [ERROR] LogOutputStream:75 - [STDERR_REDIRECT] 	at org.eclipse.core.runtime.internal.adaptor.EclipseAppLauncher.start(EclipseAppLauncher.java:109)
2026-04-29 19:12:11,905 [ERROR] LogOutputStream:75 - [STDERR_REDIRECT] 	at org.eclipse.core.runtime.adaptor.EclipseStarter.run(EclipseStarter.java:439)
2026-04-29 19:12:11,906 [ERROR] LogOutputStream:75 - [STDERR_REDIRECT] 	at org.eclipse.core.runtime.adaptor.EclipseStarter.run(EclipseStarter.java:271)
2026-04-29 19:12:11,907 [ERROR] LogOutputStream:75 - [STDERR_REDIRECT] 	at java.base/jdk.internal.reflect.DirectMethodHandleAccessor.invoke(DirectMethodHandleAccessor.java:103)
2026-04-29 19:12:11,908 [ERROR] LogOutputStream:75 - [STDERR_REDIRECT] 	at java.base/java.lang.reflect.Method.invoke(Method.java:580)
2026-04-29 19:12:11,908 [INFO] ApiDb:581 - Connected to CubeFinder SQLite database (C:\Users\Евгений\.stmcufinder\plugins\mcufinder\mcu\cube-finder-db.db)
2026-04-29 19:12:11,909 [ERROR] LogOutputStream:75 - [STDERR_REDIRECT] 	at org.eclipse.equinox.launcher.Main.invokeFramework(Main.java:668)
2026-04-29 19:12:11,910 [ERROR] LogOutputStream:75 - [STDERR_REDIRECT] 	at org.eclipse.equinox.launcher.Main.basicRun(Main.java:605)
2026-04-29 19:12:11,910 [ERROR] LogOutputStream:75 - [STDERR_REDIRECT] 	at org.eclipse.equinox.launcher.Main.run(Main.java:1481)
2026-04-29 19:12:11,922 [INFO] ServerAccessManage:452 - Complete download http(s) 200
2026-04-29 19:12:11,922 [INFO] ServerAccessManage:509 - Download File mcusAds.json._tmp_
2026-04-29 19:12:11,983 [INFO] ApiDb:668 - CubeFinder database Data Model version=2.1
2026-04-29 19:12:11,983 [INFO] ApiDb:669 - CubeFinder database Configuration version=3.0.42
2026-04-29 19:12:11,983 [INFO] ApiDb:670 - CubeFinder database generation date=2026-03-11 (1773229989)
2026-04-29 19:12:11,983 [INFO] ApiDb:671 - CubeFinder database FW Pack versions=[FP-ATR-ASTRA1_V2.0.0, FP-SNS-FLIGHT1_V5.1.0, FP-SNS-MOTENV1_V5.1.0, FP-SNS-MOTENVWB1_V1.5.0, FP-SNS-SMARTAG2_V1.2.0, FP-SNS-STBOX1_V2.1.0, STM32Cube_FW_C0_V1.4.0, STM32Cube_FW_F4_V1.28.3, STM32Cube_FW_F7_V1.17.4, STM32Cube_FW_G0_V1.6.3, STM32Cube_FW_G4_V1.6.2, STM32Cube_FW_H5_V1.6.0, STM32Cube_FW_H7RS_V1.3.0, STM32Cube_FW_H7_V1.13.0, STM32Cube_FW_L0_V1.12.2, STM32Cube_FW_L4_V1.18.2, STM32Cube_FW_L5_V1.6.0, STM32Cube_FW_N6_V1.3.0, STM32Cube_FW_U0_V1.3.0, STM32Cube_FW_U3_V1.3.0, STM32Cube_FW_U5_V1.8.0, STM32Cube_FW_WB0_V1.4.0, STM32Cube_FW_WBA_V1.9.0, STM32Cube_FW_WB_V1.24.0, STM32Cube_FW_WL3_V1.4.0, STM32Cube_FW_WL_V1.5.0, X-CUBE-ALGOBUILD_V1.4.0, X-CUBE-ALS_V1.0.2, X-CUBE-AZRTOS-F4_V1.1.0, X-CUBE-AZRTOS-F7_V1.1.0, X-CUBE-AZRTOS-G0_V1.1.0, X-CUBE-AZRTOS-G4_V2.0.0, X-CUBE-AZRTOS-H7RS_V1.1.0, X-CUBE-AZRTOS-H7_V3.4.0, X-CUBE-AZRTOS-L4_V2.0.0, X-CUBE-AZRTOS-L5_V2.0.0, X-CUBE-AZRTOS-WB_V2.0.0, X-CUBE-AZRTOS-WL_V2.0.0, X-CUBE-BLE1_V7.1.0, X-CUBE-BLE2_V3.3.0, X-CUBE-BLEMGR_V4.1.0, X-CUBE-EEPRMA1_V5.2.0, X-CUBE-FREERTOS_V1.5.0, X-CUBE-GNSS1_V6.0.0, X-CUBE-MEMS1_V12.0.0, X-CUBE-NFC4_V3.0.0, X-CUBE-NFC7_V2.0.0, X-CUBE-SFXS2LP1_V4.0.0, X-CUBE-ST67W61_V1.2.0, X-CUBE-SUBG2_V5.0.0, X-CUBE-TOF1_V3.4.3]
2026-04-29 19:12:12,053 [INFO] LoadUrlFilesThread:156 - End of LoadUrlFiles Thread
2026-04-29 19:12:13,970 [INFO] ApiDb:240 - Found 880 in-development CPN: [B-G473E-ZEST1S, B-WB1M-WPAN1, B-WBA5M-WPAN, B-WL5M-SUBG1, NUCLEO-C031C6, NUCLEO-C051C8, NUCLEO-C071RB, NUCLEO-C092RC, NUCLEO-H503RB, NUCLEO-H533RE, NUCLEO-H563ZI, NUCLEO-H7S3L8, NUCLEO-N657X0-Q, NUCLEO-U031R8, NUCLEO-U083RC, NUCLEO-U385RG-Q, NUCLEO-U545RE-Q, NUCLEO-U5A5ZJ-Q, NUCLEO-WB05KZ, NUCLEO-WB07CC, NUCLEO-WB09KE, NUCLEO-WBA52CG, NUCLEO-WBA55CG, NUCLEO-WL33CC1, NUCLEO-WL33CC2, STEVAL-PROTEUS1, STEVAL-SMARTAG2, STEVAL-STWINBX1, STM320518-EVAL, STM32C0116-DK, STM32C011D6Y3TR, STM32C011D6Y6TR, STM32C011F4P3, STM32C011F4P6, STM32C011F4U3, STM32C011F4U6TR, STM32C011F6P3, STM32C011F6P6, STM32C011F6U3, STM32C011F6U6TR, STM32C011J4M3, STM32C011J4M6, STM32C011J6M3, STM32C011J6M6, STM32C0316-DK, STM32C031C4T3, STM32C031C4T6, STM32C031C4U3, STM32C031C4U6, STM32C031C6T3, STM32C031C6T6, STM32C031C6U3, STM32C031C6U6, STM32C031F4P3, STM32C031F4P6, STM32C031F6P3, STM32C031F6P6, STM32C031G4U3, STM32C031G4U6, STM32C031G6U3, STM32C031G6U6, STM32C031K4T3, STM32C031K4T6, STM32C031K4U3, STM32C031K4U6, STM32C031K6T3, STM32C031K6T6, STM32C031K6U3, STM32C031K6U6, STM32C051C6T6, STM32C051C6U6, STM32C051C8T6, STM32C051C8U6, STM32C051D8Y6TR, STM32C051F6P6, STM32C051F8P6, STM32C051G6U6, STM32C051G8U6, STM32C051K6T6, STM32C051K6U6, STM32C051K8T6, STM32C071C8T6, STM32C071C8T6N, STM32C071C8U6, STM32C071C8U6N, STM32C071CBT6, STM32C071CBT6N, STM32C071CBU6, STM32C071CBU6N, STM32C071F8P6, STM32C071F8P6N, STM32C071FBP6, STM32C071FBP6N, STM32C071FBY6TR, STM32C071G8U6, STM32C071G8U6N, STM32C071GBU6, STM32C071GBU6N, STM32C071K8T6, STM32C071K8T6N, STM32C071K8U6, STM32C071K8U6N, STM32C071KBT6, STM32C071KBT6N, STM32C071KBU6, STM32C071KBU6N, STM32C071R8T6, STM32C071R8T6N, STM32C071RBI6N, STM32C071RBT6, STM32C071RBT6N, STM32C091CBT6, STM32C091CBU6, STM32C091CCT6, STM32C091CCU6, STM32C091ECY6TR, STM32C091FBP6, STM32C091FCP6, STM32C091GBU6, STM32C091GCU6, STM32C091KBT6, STM32C091KBU6, STM32C091KCT6, STM32C091KCU6, STM32C091RBT6, STM32C091RCI6, STM32C091RCT6, STM32C092CBT6, STM32C092CBU6, STM32C092CCT6, STM32C092CCU6, STM32C092ECY6TR, STM32C092FBP6, STM32C092FCP6, STM32C092GBU6, STM32C092GCU6, STM32C092KBT6, STM32C092KBU6, STM32C092KCT6, STM32C092KCU6, STM32C092RBT6, STM32C092RCI6, STM32C092RCT6, STM32G071K8TXN, STM32G071K8UXN, STM32G081GBU6N, STM32G081KBT6N, STM32G081KBUXN, STM32G0B1CCT6N, STM32G0B1KCT6, STM32G0B1NEY6TR, STM32G0B1RCT6N, STM32G0C1CCT6, STM32G0C1CCT6N, STM32G0C1CCU6N, STM32G0C1CET6N, STM32G0C1CEU6N, STM32G0C1KCT6, STM32G0C1NEY6TR, STM32G0C1RCI6N, STM32G0C1RCT6N, STM32G0C1REI6N, STM32G0C1RET6N, STM32G0C1VCI6, STM32G0C1VEI6, STM32G411C6T3, STM32G411C6T6, STM32G411C6U3, STM32G411C6U6, STM32G411C8T3, STM32G411C8T6, STM32G411C8U3, STM32G411C8U6, STM32G411CBT3, STM32G411CBT6, STM32G411CBU3, STM32G411CBU6, STM32G411K6T3, STM32G411K6T6, STM32G411K6U3, STM32G411K6U6, STM32G411K8T3, STM32G411K8T6, STM32G411K8U3, STM32G411K8U6, STM32G411KBT3, STM32G411KBT6, STM32G411KBU3, STM32G411KBU6, STM32G411M6T3, STM32G411M6T6, STM32G411M8T3, STM32G411M8T6, STM32G411MBT3, STM32G411MBT6, STM32G411R6T3, STM32G411R6T6, STM32G411R8T3, STM32G411R8T6, STM32G411RBT3, STM32G411RBT6, STM32G414CBT3, STM32G414CBT6, STM32G414CBU3, STM32G414CBU6, STM32G414CCT3, STM32G414CCT6, STM32G414CCU3, STM32G414CCU6, STM32G414MBT3, STM32G414MBT6, STM32G414MCT3, STM32G414MCT6, STM32G414RBT3, STM32G414RBT6, STM32G414RCT3, STM32G414RCT6, STM32G414VBT3, STM32G414VBT6, STM32G414VCT3, STM32G414VCT6, STM32G431CBT3Z, STM32G431RBT3Z, STM32G471CCT6, STM32G471CCU6, STM32G471CET3, STM32G471CET6, STM32G471CEU3, STM32G471CEU6, STM32G471MCT6, STM32G471MET3, STM32G471MET6, STM32G471MEY6TR, STM32G471QCT6, STM32G471QET3, STM32G471RCT6, STM32G471RET3, STM32G471RET6, STM32G471VCH6, STM32G471VCI6, STM32G471VCT6, STM32G471VEH3, STM32G471VEH6, STM32G471VEI3, STM32G471VEI6, STM32G471VET3, STM32G471VET6, STM32G473QET3Z, STM32G473RET3Z, STM32G474CCT6, STM32G491RET3Z, STM32H503CBT6, STM32H503CBU6, STM32H503EBY6TR, STM32H503KBU6, STM32H503RBT6, STM32H523CCT6, STM32H523CCU6, STM32H523CET6, STM32H523CEU6, STM32H523HEY6TR, STM32H523RCT6, STM32H523RET6, STM32H523VCI6, STM32H523VCT6, STM32H523VEI6, STM32H523VET6, STM32H523ZCJ6, STM32H523ZCT6, STM32H523ZEJ6, STM32H523ZET6, STM32H533CET6, STM32H533CEU6, STM32H533HEY6TR, STM32H533RET6, STM32H533VEI6, STM32H533VET6, STM32H533ZEJ6, STM32H533ZET6, STM32H562AGI6, STM32H562AII6, STM32H562IGK6, STM32H562IGT6, STM32H562IIK6, STM32H562IIT6, STM32H562RGT6, STM32H562RGV6, STM32H562RIT6, STM32H562RIV6, STM32H562VGT6, STM32H562VIT6, STM32H562ZGT6, STM32H562ZIT6, STM32H563AGI6, STM32H563AII3Q, STM32H563AII6, STM32H563IGK6, STM32H563IGT6, STM32H563IIK3Q, STM32H563IIK6, STM32H563IIT3Q, STM32H563IIT6, STM32H563MIY3QTR, STM32H563RGT6, STM32H563RGV6, STM32H563RIT6, STM32H563RIV6, STM32H563VGT6, STM32H563VIT3Q, STM32H563VIT6, STM32H563ZGT6, STM32H563ZIT3Q, STM32H563ZIT6, STM32H573AII3Q, STM32H573AII6, STM32H573I-DK, STM32H573IIK3Q, STM32H573IIK6, STM32H573IIT3Q, STM32H573IIT6, STM32H573MIY3QTR, STM32H573RIT6, STM32H573RIV6, STM32H573VIT3Q, STM32H573VIT6, STM32H573ZIT3Q, STM32H573ZIT6, STM32H7R3A8I6, STM32H7R3I8K6, STM32H7R3I8T6, STM32H7R3L8H6, STM32H7R3L8H6H, STM32H7R3R8V6, STM32H7R3V8H6, STM32H7R3V8T6, STM32H7R3V8Y6TR, STM32H7R3Z8J6, STM32H7R3Z8T6, STM32H7R7A8I6, STM32H7R7I8K6, STM32H7R7I8T6, STM32H7R7L8H6, STM32H7R7L8H6H, STM32H7R7Z8J6, STM32H7S3A8I6, STM32H7S3I8K6, STM32H7S3I8T6, STM32H7S3L8H6, STM32H7S3L8H6H, STM32H7S3R8V6, STM32H7S3V8H6, STM32H7S3V8T6, STM32H7S3V8Y6TR, STM32H7S3Z8J6, STM32H7S3Z8T6, STM32H7S78-DK, STM32H7S7A8I6, STM32H7S7I8K6, STM32H7S7I8T6, STM32H7S7L8H6, STM32H7S7L8H6H, STM32H7S7Z8J6, STM32L4R5QGI6STR, STM32MP131AAE3, STM32MP131AAF3, STM32MP131AAG3, STM32MP131CAE3, STM32MP131CAF3, STM32MP131CAG3, STM32MP131DAE7, STM32MP131DAF7, STM32MP131DAG7, STM32MP131FAE7, STM32MP131FAF7, STM32MP131FAG7, STM32MP133AAE3, STM32MP133AAF3, STM32MP133AAG3, STM32MP133CAE3, STM32MP133CAF3, STM32MP133CAG3, STM32MP133DAE7, STM32MP133DAF7, STM32MP133DAG7, STM32MP133FAE7, STM32MP133FAF7, STM32MP133FAG7, STM32MP135AAE3, STM32MP135AAF3, STM32MP135AAG3, STM32MP135CAE3, STM32MP135CAF3, STM32MP135CAG3, STM32MP135DAE7, STM32MP135DAF7, STM32MP135DAG7, STM32MP135F-DK, STM32MP135FAE7, STM32MP135FAF7, STM32MP135FAF7T, STM32MP135FAF7U, STM32MP135FAG7, STM32MP211AAL3, STM32MP211AAM3, STM32MP211AAN3, STM32MP211AAO3, STM32MP211CAL3, STM32MP211CAM3, STM32MP211CAN3, STM32MP211CAO3, STM32MP211DAL3, STM32MP211DAM3, STM32MP211DAN3, STM32MP211DAO3, STM32MP211FAL3, STM32MP211FAM3, STM32MP211FAN3, STM32MP211FAO3, STM32MP213AAL3, STM32MP213AAM3, STM32MP213AAN3, STM32MP213AAO3, STM32MP213CAL3, STM32MP213CAM3, STM32MP213CAN3, STM32MP213CAO3, STM32MP213DAL3, STM32MP213DAM3, STM32MP213DAN3, STM32MP213DAO3, STM32MP213FAL3, STM32MP213FAM3, STM32MP213FAN3, STM32MP213FAO3, STM32MP215AAL3, STM32MP215AAM3, STM32MP215AAN3, STM32MP215AAO3, STM32MP215CAL3, STM32MP215CAM3, STM32MP215CAN3, STM32MP215CAO3, STM32MP215DAL3, STM32MP215DAM3, STM32MP215DAN3, STM32MP215DAO3, STM32MP215F-DK, STM32MP215FAL3, STM32MP215FAM3, STM32MP215FAN3, STM32MP215FAO3, STM32MP231AAJ3, STM32MP231AAK3, STM32MP231AAL3, STM32MP231CAJ3, STM32MP231CAK3, STM32MP231CAL3, STM32MP231DAJ3, STM32MP231DAK3, STM32MP231DAL3, STM32MP231FAJ3, STM32MP231FAK3, STM32MP231FAL3, STM32MP233AAJ3, STM32MP233AAK3, STM32MP233AAL3, STM32MP233CAJ3, STM32MP233CAK3, STM32MP233CAL3, STM32MP233DAJ3, STM32MP233DAK3, STM32MP233DAL3, STM32MP233FAJ3, STM32MP233FAK3, STM32MP233FAL3, STM32MP235AAJ3, STM32MP235AAK3, STM32MP235AAL3, STM32MP235CAJ3, STM32MP235CAK3, STM32MP235CAL3, STM32MP235DAJ3, STM32MP235DAK3, STM32MP235DAL3, STM32MP235FAJ3, STM32MP235FAK3, STM32MP235FAL3, STM32MP251AAI3, STM32MP251AAK3, STM32MP251AAL3, STM32MP251CAI3, STM32MP251CAK3, STM32MP251CAL3, STM32MP251DAI3, STM32MP251DAK3, STM32MP251DAL3, STM32MP251FAI3, STM32MP251FAK3, STM32MP251FAL3, STM32MP253AAI3, STM32MP253AAK3, STM32MP253AAL3, STM32MP253CAI3, STM32MP253CAK3, STM32MP253CAL3, STM32MP253DAI3, STM32MP253DAK3, STM32MP253DAL3, STM32MP253FAI3, STM32MP253FAK3, STM32MP253FAL3, STM32MP255AAI3, STM32MP255AAK3, STM32MP255AAL3, STM32MP255CAI3, STM32MP255CAK3, STM32MP255CAL3, STM32MP255DAI3, STM32MP255DAK3, STM32MP255DAL3, STM32MP255FAI3, STM32MP255FAK3, STM32MP255FAL3, STM32MP257AAI3, STM32MP257AAK3, STM32MP257AAL3, STM32MP257CAI3, STM32MP257CAK3, STM32MP257CAL3, STM32MP257DAI3, STM32MP257DAK3, STM32MP257DAL3, STM32MP257F-DK, STM32MP257F-EV1, STM32MP257FAI3, STM32MP257FAK3, STM32MP257FAL3, STM32N645A0H3Q, STM32N645B0H3Q, STM32N645I0H3Q, STM32N645L0H3Q, STM32N645X0H3Q, STM32N645Z0H3Q, STM32N647A0H3Q, STM32N647B0H3Q, STM32N647I0H3Q, STM32N647L0H3Q, STM32N647X0H3Q, STM32N647Z0H3Q, STM32N655A0H3Q, STM32N655B0H3Q, STM32N655I0H3Q, STM32N655L0H3Q, STM32N655X0H3Q, STM32N655Z0H3Q, STM32N6570-DK, STM32N657A0H3Q, STM32N657B0H3Q, STM32N657I0H3Q, STM32N657L0H3Q, STM32N657X0H3Q, STM32N657Z0H3Q, STM32U031C6T6, STM32U031C6U6, STM32U031C8T6, STM32U031C8U6, STM32U031F4P6, STM32U031F6P6, STM32U031F8P6, STM32U031G6Y6TR, STM32U031G8Y6TR, STM32U031K4U6, STM32U031K6U6, STM32U031K8U6, STM32U031R6I6, STM32U031R6T6, STM32U031R8I6, STM32U031R8T6, STM32U073C8T6, STM32U073C8U6, STM32U073CBT6, STM32U073CBU6, STM32U073CCT6, STM32U073CCU6, STM32U073H8Y6TR, STM32U073HBY6TR, STM32U073HCY6TR, STM32U073K8U6, STM32U073KBU6, STM32U073KCU6, STM32U073M8I6, STM32U073M8T6, STM32U073MBI6, STM32U073MBT6, STM32U073MCI6, STM32U073MCT6, STM32U073R8I6, STM32U073R8T6, STM32U073RBI6, STM32U073RBT6, STM32U073RCI6, STM32U073RCT6, STM32U083C-DK, STM32U083CCT6, STM32U083CCU6, STM32U083HCY6TR, STM32U083KCU6, STM32U083MCI6, STM32U083MCT6, STM32U083RCI6, STM32U083RCT6, STM32U375CET6, STM32U375CET6Q, STM32U375CEU6, STM32U375CEU6Q, STM32U375CEY6QTR, STM32U375CGT6, STM32U375CGT6Q, STM32U375CGU6, STM32U375CGU6Q, STM32U375CGY6QTR, STM32U375KEU6, STM32U375KGU6, STM32U375REI6, STM32U375REI6Q, STM32U375RET6, STM32U375RET6Q, STM32U375REY6GTR, STM32U375REY6QTR, STM32U375RGI6, STM32U375RGI6Q, STM32U375RGT6, STM32U375RGT6Q, STM32U375RGY6GTR, STM32U375RGY6QTR, STM32U375VEI6, STM32U375VEI6Q, STM32U375VET6, STM32U375VET6Q, STM32U375VGI6, STM32U375VGI6Q, STM32U375VGT6, STM32U375VGT6Q, STM32U385CGT6, STM32U385CGT6Q, STM32U385CGU6, STM32U385CGU6Q, STM32U385CGY6QTR, STM32U385KGU6, STM32U385RGI6, STM32U385RGI6Q, STM32U385RGT6, STM32U385RGT6Q, STM32U385RGY6GTR, STM32U385RGY6QTR, STM32U385VGI6, STM32U385VGI6Q, STM32U385VGT6, STM32U385VGT6Q, STM32U535CBT6, STM32U535CBT6Q, STM32U535CBU6, STM32U535CBU6Q, STM32U535CCT6, STM32U535CCT6Q, STM32U535CCU6, STM32U535CCU6Q, STM32U535CET6, STM32U535CET6Q, STM32U535CEU6, STM32U535CEU6Q, STM32U535JEY6QTR, STM32U535NCY6QTR, STM32U535NEY6QTR, STM32U535RBI6, STM32U535RBI6Q, STM32U535RBT6, STM32U535RBT6Q, STM32U535RCI6, STM32U535RCI6Q, STM32U535RCT6, STM32U535RCT6Q, STM32U535REI6, STM32U535REI6Q, STM32U535RET6, STM32U535RET6Q, STM32U535VCI6, STM32U535VCI6Q, STM32U535VCT6, STM32U535VCT6Q, STM32U535VEI6, STM32U535VEI6Q, STM32U535VET6, STM32U535VET6Q, STM32U545CET6, STM32U545CET6Q, STM32U545CEU6, STM32U545CEU6Q, STM32U545JEY6QTR, STM32U545NEY6QTR, STM32U545REI6, STM32U545REI6Q, STM32U545RET6, STM32U545RET6Q, STM32U545VEI6, STM32U545VEI6Q, STM32U545VET6, STM32U545VET6Q, STM32U595AIH6, STM32U595AIH6Q, STM32U595AJH6, STM32U595AJH6Q, STM32U595QII6, STM32U595QII6Q, STM32U595QJI6, STM32U595QJI6Q, STM32U595RIT6, STM32U595RIT6Q, STM32U595RJT6, STM32U595RJT6Q, STM32U595VIT6, STM32U595VIT6Q, STM32U595VJT6, STM32U595VJT6Q, STM32U595ZIT6, STM32U595ZIT6Q, STM32U595ZIY6QTR, STM32U595ZJT6, STM32U595ZJT6Q, STM32U595ZJY6QTR, STM32U599BJY6QTR, STM32U599NIH6Q, STM32U599NJH6Q, STM32U599VIT6Q, STM32U599VJT6, STM32U599VJT6Q, STM32U599ZIT6Q, STM32U599ZIY6QTR, STM32U599ZJT6Q, STM32U599ZJY6QTR, STM32U5A5AJH6, STM32U5A5AJH6Q, STM32U5A5QII3Q , STM32U5A5QJI6, STM32U5A5QJI6Q, STM32U5A5RJT6, STM32U5A5RJT6Q, STM32U5A5VJT6, STM32U5A5VJT6Q, STM32U5A5ZJT6, STM32U5A5ZJT6Q, STM32U5A5ZJY6QTR, STM32U5A9BJY6QTR, STM32U5A9J-DK, STM32U5A9NJH6Q, STM32U5A9VJT6Q, STM32U5A9ZJT6Q, STM32U5A9ZJY6QTR, STM32U5F7VIT6, STM32U5F7VIT6Q, STM32U5F7VJT6, STM32U5F7VJT6Q, STM32U5F9BJY6QTR, STM32U5F9NJH6Q, STM32U5F9VIT6Q, STM32U5F9VJT6Q, STM32U5F9ZIJ6QTR, STM32U5F9ZIT6Q, STM32U5F9ZJJ6QTR, STM32U5F9ZJT6Q, STM32U5G7VJT6, STM32U5G7VJT6Q, STM32U5G9BJY6QTR, STM32U5G9J-DK1, STM32U5G9J-DK2, STM32U5G9NJH6Q, STM32U5G9VJT6Q, STM32U5G9ZJJ6QTR, STM32U5G9ZJT6Q, STM32WB05KZV6TR, STM32WB05KZV7TR, STM32WB05TZF6TR, STM32WB05TZF7TR, STM32WB06CCF6TR, STM32WB06CCF7TR, STM32WB06CCV6TR, STM32WB06CCV7TR, STM32WB06KCV6TR, STM32WB06KCV7TR, STM32WB07CCF6TR, STM32WB07CCF7TR, STM32WB07CCV6TR, STM32WB07CCV7TR, STM32WB07KCV6TR, STM32WB07KCV7TR, STM32WB09KEV6TR, STM32WB09KEV7TR, STM32WB09TEF6TR, STM32WB09TEF7TR, STM32WB1MMCH6, STM32WBA50KGU6, STM32WBA50KGU6TR, STM32WBA52CEU6, STM32WBA52CEU6TR, STM32WBA52CEU7, STM32WBA52CEU7TR, STM32WBA52CGU6, STM32WBA52CGU6TR, STM32WBA52CGU6U, STM32WBA52CGU7, STM32WBA52CGU7TR, STM32WBA52KEU6, STM32WBA52KEU6TR, STM32WBA52KGU6, STM32WBA52KGU6TR, STM32WBA54CEU6, STM32WBA54CEU6TR, STM32WBA54CEU7, STM32WBA54CEU7TR, STM32WBA54CGU6, STM32WBA54CGU6TR, STM32WBA54CGU7, STM32WBA54CGU7TR, STM32WBA54KEU6, STM32WBA54KEU6TR, STM32WBA54KEU7, STM32WBA54KEU7TR, STM32WBA54KGU6, STM32WBA54KGU6TR, STM32WBA54KGU7, STM32WBA54KGU7TR, STM32WBA55CEU6, STM32WBA55CEU6TR, STM32WBA55CEU7, STM32WBA55CEU7TR, STM32WBA55CGU6, STM32WBA55CGU6TR, STM32WBA55CGU6U, STM32WBA55CGU7, STM32WBA55CGU7TR, STM32WBA55G-DK1, STM32WBA55HEF6, STM32WBA55HEF7, STM32WBA55HGF6, STM32WBA55HGF7, STM32WBA55UEI6, STM32WBA55UEI6TR, STM32WBA55UEI7, STM32WBA55UEI7TR, STM32WBA55UGI6, STM32WBA55UGI6TR, STM32WBA55UGI7, STM32WBA55UGI7TR, STM32WBA5MMGH6TR, STM32WBA62MGF6, STM32WBA62MIF6, STM32WBA65MGF7, STM32WBA65MIF6, STM32WBA65MIF7, STM32WL30K8V6, STM32WL30KBV6, STM32WL31C8V6, STM32WL31CBV6, STM32WL31K8V6, STM32WL31KBV6, STM32WL33C8V6, STM32WL33C8V6X, STM32WL33CBV6, STM32WL33CBV6X, STM32WL33CCV6, STM32WL33CCV6A, STM32WL33CCV6X, STM32WL33K8V7, STM32WL33K8V7X, STM32WL33KBV7 , STM32WL33KBV7X, STM32WL33KCV7, STM32WL33KCV7X, STM32WL5MOCH6, STM32WL5MOCH6TR]
2026-04-29 19:12:13,976 [INFO] DbMcus:218 - Found 5055 MCUs, 4968 are supported
2026-04-29 19:12:13,977 [INFO] ApiDb:423 - Load user favorites file C:\Users\Евгений/.stm32cubeide/favorites.mcus.txt: 0 item(s)
2026-04-29 19:12:13,977 [INFO] ApiDb:427 - User favorites MCUs=[]
2026-04-29 19:12:13,977 [INFO] DbMcus:224 - Set 0 / 0 favorites MCUs
2026-04-29 19:12:14,334 [INFO] ApiDb:668 - CubeFinder database Data Model version=2.1
2026-04-29 19:12:14,334 [INFO] ApiDb:669 - CubeFinder database Configuration version=3.0.42
2026-04-29 19:12:14,334 [INFO] ApiDb:670 - CubeFinder database generation date=2026-03-11 (1773229989)
2026-04-29 19:12:14,335 [INFO] ApiDb:671 - CubeFinder database FW Pack versions=[FP-ATR-ASTRA1_V2.0.0, FP-SNS-FLIGHT1_V5.1.0, FP-SNS-MOTENV1_V5.1.0, FP-SNS-MOTENVWB1_V1.5.0, FP-SNS-SMARTAG2_V1.2.0, FP-SNS-STBOX1_V2.1.0, STM32Cube_FW_C0_V1.4.0, STM32Cube_FW_F4_V1.28.3, STM32Cube_FW_F7_V1.17.4, STM32Cube_FW_G0_V1.6.3, STM32Cube_FW_G4_V1.6.2, STM32Cube_FW_H5_V1.6.0, STM32Cube_FW_H7RS_V1.3.0, STM32Cube_FW_H7_V1.13.0, STM32Cube_FW_L0_V1.12.2, STM32Cube_FW_L4_V1.18.2, STM32Cube_FW_L5_V1.6.0, STM32Cube_FW_N6_V1.3.0, STM32Cube_FW_U0_V1.3.0, STM32Cube_FW_U3_V1.3.0, STM32Cube_FW_U5_V1.8.0, STM32Cube_FW_WB0_V1.4.0, STM32Cube_FW_WBA_V1.9.0, STM32Cube_FW_WB_V1.24.0, STM32Cube_FW_WL3_V1.4.0, STM32Cube_FW_WL_V1.5.0, X-CUBE-ALGOBUILD_V1.4.0, X-CUBE-ALS_V1.0.2, X-CUBE-AZRTOS-F4_V1.1.0, X-CUBE-AZRTOS-F7_V1.1.0, X-CUBE-AZRTOS-G0_V1.1.0, X-CUBE-AZRTOS-G4_V2.0.0, X-CUBE-AZRTOS-H7RS_V1.1.0, X-CUBE-AZRTOS-H7_V3.4.0, X-CUBE-AZRTOS-L4_V2.0.0, X-CUBE-AZRTOS-L5_V2.0.0, X-CUBE-AZRTOS-WB_V2.0.0, X-CUBE-AZRTOS-WL_V2.0.0, X-CUBE-BLE1_V7.1.0, X-CUBE-BLE2_V3.3.0, X-CUBE-BLEMGR_V4.1.0, X-CUBE-EEPRMA1_V5.2.0, X-CUBE-FREERTOS_V1.5.0, X-CUBE-GNSS1_V6.0.0, X-CUBE-MEMS1_V12.0.0, X-CUBE-NFC4_V3.0.0, X-CUBE-NFC7_V2.0.0, X-CUBE-SFXS2LP1_V4.0.0, X-CUBE-ST67W61_V1.2.0, X-CUBE-SUBG2_V5.0.0, X-CUBE-TOF1_V3.4.3]
2026-04-29 19:12:14,381 [INFO] DbBoardsSqlite:226 - include board P-NUCLEO-WB55-NUCLEO as a kit item of type 'Nucleo-64'
2026-04-29 19:12:14,381 [INFO] DbBoardsSqlite:226 - include board P-NUCLEO-WB55-USBDONGLE as a kit item of type 'Nucleo USB Dongle'
2026-04-29 19:12:14,381 [INFO] DbBoardsSqlite:226 - include board STEVAL-IDP005V1 as a kit item of type 'Evaluation Board'
2026-04-29 19:12:14,381 [INFO] DbBoardsSqlite:226 - include board STEVAL-IDP005V2 as a kit item of type 'Evaluation Board'
2026-04-29 19:12:14,444 [INFO] ApiDb:240 - Found 880 in-development CPN: [B-G473E-ZEST1S, B-WB1M-WPAN1, B-WBA5M-WPAN, B-WL5M-SUBG1, NUCLEO-C031C6, NUCLEO-C051C8, NUCLEO-C071RB, NUCLEO-C092RC, NUCLEO-H503RB, NUCLEO-H533RE, NUCLEO-H563ZI, NUCLEO-H7S3L8, NUCLEO-N657X0-Q, NUCLEO-U031R8, NUCLEO-U083RC, NUCLEO-U385RG-Q, NUCLEO-U545RE-Q, NUCLEO-U5A5ZJ-Q, NUCLEO-WB05KZ, NUCLEO-WB07CC, NUCLEO-WB09KE, NUCLEO-WBA52CG, NUCLEO-WBA55CG, NUCLEO-WL33CC1, NUCLEO-WL33CC2, STEVAL-PROTEUS1, STEVAL-SMARTAG2, STEVAL-STWINBX1, STM320518-EVAL, STM32C0116-DK, STM32C011D6Y3TR, STM32C011D6Y6TR, STM32C011F4P3, STM32C011F4P6, STM32C011F4U3, STM32C011F4U6TR, STM32C011F6P3, STM32C011F6P6, STM32C011F6U3, STM32C011F6U6TR, STM32C011J4M3, STM32C011J4M6, STM32C011J6M3, STM32C011J6M6, STM32C0316-DK, STM32C031C4T3, STM32C031C4T6, STM32C031C4U3, STM32C031C4U6, STM32C031C6T3, STM32C031C6T6, STM32C031C6U3, STM32C031C6U6, STM32C031F4P3, STM32C031F4P6, STM32C031F6P3, STM32C031F6P6, STM32C031G4U3, STM32C031G4U6, STM32C031G6U3, STM32C031G6U6, STM32C031K4T3, STM32C031K4T6, STM32C031K4U3, STM32C031K4U6, STM32C031K6T3, STM32C031K6T6, STM32C031K6U3, STM32C031K6U6, STM32C051C6T6, STM32C051C6U6, STM32C051C8T6, STM32C051C8U6, STM32C051D8Y6TR, STM32C051F6P6, STM32C051F8P6, STM32C051G6U6, STM32C051G8U6, STM32C051K6T6, STM32C051K6U6, STM32C051K8T6, STM32C071C8T6, STM32C071C8T6N, STM32C071C8U6, STM32C071C8U6N, STM32C071CBT6, STM32C071CBT6N, STM32C071CBU6, STM32C071CBU6N, STM32C071F8P6, STM32C071F8P6N, STM32C071FBP6, STM32C071FBP6N, STM32C071FBY6TR, STM32C071G8U6, STM32C071G8U6N, STM32C071GBU6, STM32C071GBU6N, STM32C071K8T6, STM32C071K8T6N, STM32C071K8U6, STM32C071K8U6N, STM32C071KBT6, STM32C071KBT6N, STM32C071KBU6, STM32C071KBU6N, STM32C071R8T6, STM32C071R8T6N, STM32C071RBI6N, STM32C071RBT6, STM32C071RBT6N, STM32C091CBT6, STM32C091CBU6, STM32C091CCT6, STM32C091CCU6, STM32C091ECY6TR, STM32C091FBP6, STM32C091FCP6, STM32C091GBU6, STM32C091GCU6, STM32C091KBT6, STM32C091KBU6, STM32C091KCT6, STM32C091KCU6, STM32C091RBT6, STM32C091RCI6, STM32C091RCT6, STM32C092CBT6, STM32C092CBU6, STM32C092CCT6, STM32C092CCU6, STM32C092ECY6TR, STM32C092FBP6, STM32C092FCP6, STM32C092GBU6, STM32C092GCU6, STM32C092KBT6, STM32C092KBU6, STM32C092KCT6, STM32C092KCU6, STM32C092RBT6, STM32C092RCI6, STM32C092RCT6, STM32G071K8TXN, STM32G071K8UXN, STM32G081GBU6N, STM32G081KBT6N, STM32G081KBUXN, STM32G0B1CCT6N, STM32G0B1KCT6, STM32G0B1NEY6TR, STM32G0B1RCT6N, STM32G0C1CCT6, STM32G0C1CCT6N, STM32G0C1CCU6N, STM32G0C1CET6N, STM32G0C1CEU6N, STM32G0C1KCT6, STM32G0C1NEY6TR, STM32G0C1RCI6N, STM32G0C1RCT6N, STM32G0C1REI6N, STM32G0C1RET6N, STM32G0C1VCI6, STM32G0C1VEI6, STM32G411C6T3, STM32G411C6T6, STM32G411C6U3, STM32G411C6U6, STM32G411C8T3, STM32G411C8T6, STM32G411C8U3, STM32G411C8U6, STM32G411CBT3, STM32G411CBT6, STM32G411CBU3, STM32G411CBU6, STM32G411K6T3, STM32G411K6T6, STM32G411K6U3, STM32G411K6U6, STM32G411K8T3, STM32G411K8T6, STM32G411K8U3, STM32G411K8U6, STM32G411KBT3, STM32G411KBT6, STM32G411KBU3, STM32G411KBU6, STM32G411M6T3, STM32G411M6T6, STM32G411M8T3, STM32G411M8T6, STM32G411MBT3, STM32G411MBT6, STM32G411R6T3, STM32G411R6T6, STM32G411R8T3, STM32G411R8T6, STM32G411RBT3, STM32G411RBT6, STM32G414CBT3, STM32G414CBT6, STM32G414CBU3, STM32G414CBU6, STM32G414CCT3, STM32G414CCT6, STM32G414CCU3, STM32G414CCU6, STM32G414MBT3, STM32G414MBT6, STM32G414MCT3, STM32G414MCT6, STM32G414RBT3, STM32G414RBT6, STM32G414RCT3, STM32G414RCT6, STM32G414VBT3, STM32G414VBT6, STM32G414VCT3, STM32G414VCT6, STM32G431CBT3Z, STM32G431RBT3Z, STM32G471CCT6, STM32G471CCU6, STM32G471CET3, STM32G471CET6, STM32G471CEU3, STM32G471CEU6, STM32G471MCT6, STM32G471MET3, STM32G471MET6, STM32G471MEY6TR, STM32G471QCT6, STM32G471QET3, STM32G471RCT6, STM32G471RET3, STM32G471RET6, STM32G471VCH6, STM32G471VCI6, STM32G471VCT6, STM32G471VEH3, STM32G471VEH6, STM32G471VEI3, STM32G471VEI6, STM32G471VET3, STM32G471VET6, STM32G473QET3Z, STM32G473RET3Z, STM32G474CCT6, STM32G491RET3Z, STM32H503CBT6, STM32H503CBU6, STM32H503EBY6TR, STM32H503KBU6, STM32H503RBT6, STM32H523CCT6, STM32H523CCU6, STM32H523CET6, STM32H523CEU6, STM32H523HEY6TR, STM32H523RCT6, STM32H523RET6, STM32H523VCI6, STM32H523VCT6, STM32H523VEI6, STM32H523VET6, STM32H523ZCJ6, STM32H523ZCT6, STM32H523ZEJ6, STM32H523ZET6, STM32H533CET6, STM32H533CEU6, STM32H533HEY6TR, STM32H533RET6, STM32H533VEI6, STM32H533VET6, STM32H533ZEJ6, STM32H533ZET6, STM32H562AGI6, STM32H562AII6, STM32H562IGK6, STM32H562IGT6, STM32H562IIK6, STM32H562IIT6, STM32H562RGT6, STM32H562RGV6, STM32H562RIT6, STM32H562RIV6, STM32H562VGT6, STM32H562VIT6, STM32H562ZGT6, STM32H562ZIT6, STM32H563AGI6, STM32H563AII3Q, STM32H563AII6, STM32H563IGK6, STM32H563IGT6, STM32H563IIK3Q, STM32H563IIK6, STM32H563IIT3Q, STM32H563IIT6, STM32H563MIY3QTR, STM32H563RGT6, STM32H563RGV6, STM32H563RIT6, STM32H563RIV6, STM32H563VGT6, STM32H563VIT3Q, STM32H563VIT6, STM32H563ZGT6, STM32H563ZIT3Q, STM32H563ZIT6, STM32H573AII3Q, STM32H573AII6, STM32H573I-DK, STM32H573IIK3Q, STM32H573IIK6, STM32H573IIT3Q, STM32H573IIT6, STM32H573MIY3QTR, STM32H573RIT6, STM32H573RIV6, STM32H573VIT3Q, STM32H573VIT6, STM32H573ZIT3Q, STM32H573ZIT6, STM32H7R3A8I6, STM32H7R3I8K6, STM32H7R3I8T6, STM32H7R3L8H6, STM32H7R3L8H6H, STM32H7R3R8V6, STM32H7R3V8H6, STM32H7R3V8T6, STM32H7R3V8Y6TR, STM32H7R3Z8J6, STM32H7R3Z8T6, STM32H7R7A8I6, STM32H7R7I8K6, STM32H7R7I8T6, STM32H7R7L8H6, STM32H7R7L8H6H, STM32H7R7Z8J6, STM32H7S3A8I6, STM32H7S3I8K6, STM32H7S3I8T6, STM32H7S3L8H6, STM32H7S3L8H6H, STM32H7S3R8V6, STM32H7S3V8H6, STM32H7S3V8T6, STM32H7S3V8Y6TR, STM32H7S3Z8J6, STM32H7S3Z8T6, STM32H7S78-DK, STM32H7S7A8I6, STM32H7S7I8K6, STM32H7S7I8T6, STM32H7S7L8H6, STM32H7S7L8H6H, STM32H7S7Z8J6, STM32L4R5QGI6STR, STM32MP131AAE3, STM32MP131AAF3, STM32MP131AAG3, STM32MP131CAE3, STM32MP131CAF3, STM32MP131CAG3, STM32MP131DAE7, STM32MP131DAF7, STM32MP131DAG7, STM32MP131FAE7, STM32MP131FAF7, STM32MP131FAG7, STM32MP133AAE3, STM32MP133AAF3, STM32MP133AAG3, STM32MP133CAE3, STM32MP133CAF3, STM32MP133CAG3, STM32MP133DAE7, STM32MP133DAF7, STM32MP133DAG7, STM32MP133FAE7, STM32MP133FAF7, STM32MP133FAG7, STM32MP135AAE3, STM32MP135AAF3, STM32MP135AAG3, STM32MP135CAE3, STM32MP135CAF3, STM32MP135CAG3, STM32MP135DAE7, STM32MP135DAF7, STM32MP135DAG7, STM32MP135F-DK, STM32MP135FAE7, STM32MP135FAF7, STM32MP135FAF7T, STM32MP135FAF7U, STM32MP135FAG7, STM32MP211AAL3, STM32MP211AAM3, STM32MP211AAN3, STM32MP211AAO3, STM32MP211CAL3, STM32MP211CAM3, STM32MP211CAN3, STM32MP211CAO3, STM32MP211DAL3, STM32MP211DAM3, STM32MP211DAN3, STM32MP211DAO3, STM32MP211FAL3, STM32MP211FAM3, STM32MP211FAN3, STM32MP211FAO3, STM32MP213AAL3, STM32MP213AAM3, STM32MP213AAN3, STM32MP213AAO3, STM32MP213CAL3, STM32MP213CAM3, STM32MP213CAN3, STM32MP213CAO3, STM32MP213DAL3, STM32MP213DAM3, STM32MP213DAN3, STM32MP213DAO3, STM32MP213FAL3, STM32MP213FAM3, STM32MP213FAN3, STM32MP213FAO3, STM32MP215AAL3, STM32MP215AAM3, STM32MP215AAN3, STM32MP215AAO3, STM32MP215CAL3, STM32MP215CAM3, STM32MP215CAN3, STM32MP215CAO3, STM32MP215DAL3, STM32MP215DAM3, STM32MP215DAN3, STM32MP215DAO3, STM32MP215F-DK, STM32MP215FAL3, STM32MP215FAM3, STM32MP215FAN3, STM32MP215FAO3, STM32MP231AAJ3, STM32MP231AAK3, STM32MP231AAL3, STM32MP231CAJ3, STM32MP231CAK3, STM32MP231CAL3, STM32MP231DAJ3, STM32MP231DAK3, STM32MP231DAL3, STM32MP231FAJ3, STM32MP231FAK3, STM32MP231FAL3, STM32MP233AAJ3, STM32MP233AAK3, STM32MP233AAL3, STM32MP233CAJ3, STM32MP233CAK3, STM32MP233CAL3, STM32MP233DAJ3, STM32MP233DAK3, STM32MP233DAL3, STM32MP233FAJ3, STM32MP233FAK3, STM32MP233FAL3, STM32MP235AAJ3, STM32MP235AAK3, STM32MP235AAL3, STM32MP235CAJ3, STM32MP235CAK3, STM32MP235CAL3, STM32MP235DAJ3, STM32MP235DAK3, STM32MP235DAL3, STM32MP235FAJ3, STM32MP235FAK3, STM32MP235FAL3, STM32MP251AAI3, STM32MP251AAK3, STM32MP251AAL3, STM32MP251CAI3, STM32MP251CAK3, STM32MP251CAL3, STM32MP251DAI3, STM32MP251DAK3, STM32MP251DAL3, STM32MP251FAI3, STM32MP251FAK3, STM32MP251FAL3, STM32MP253AAI3, STM32MP253AAK3, STM32MP253AAL3, STM32MP253CAI3, STM32MP253CAK3, STM32MP253CAL3, STM32MP253DAI3, STM32MP253DAK3, STM32MP253DAL3, STM32MP253FAI3, STM32MP253FAK3, STM32MP253FAL3, STM32MP255AAI3, STM32MP255AAK3, STM32MP255AAL3, STM32MP255CAI3, STM32MP255CAK3, STM32MP255CAL3, STM32MP255DAI3, STM32MP255DAK3, STM32MP255DAL3, STM32MP255FAI3, STM32MP255FAK3, STM32MP255FAL3, STM32MP257AAI3, STM32MP257AAK3, STM32MP257AAL3, STM32MP257CAI3, STM32MP257CAK3, STM32MP257CAL3, STM32MP257DAI3, STM32MP257DAK3, STM32MP257DAL3, STM32MP257F-DK, STM32MP257F-EV1, STM32MP257FAI3, STM32MP257FAK3, STM32MP257FAL3, STM32N645A0H3Q, STM32N645B0H3Q, STM32N645I0H3Q, STM32N645L0H3Q, STM32N645X0H3Q, STM32N645Z0H3Q, STM32N647A0H3Q, STM32N647B0H3Q, STM32N647I0H3Q, STM32N647L0H3Q, STM32N647X0H3Q, STM32N647Z0H3Q, STM32N655A0H3Q, STM32N655B0H3Q, STM32N655I0H3Q, STM32N655L0H3Q, STM32N655X0H3Q, STM32N655Z0H3Q, STM32N6570-DK, STM32N657A0H3Q, STM32N657B0H3Q, STM32N657I0H3Q, STM32N657L0H3Q, STM32N657X0H3Q, STM32N657Z0H3Q, STM32U031C6T6, STM32U031C6U6, STM32U031C8T6, STM32U031C8U6, STM32U031F4P6, STM32U031F6P6, STM32U031F8P6, STM32U031G6Y6TR, STM32U031G8Y6TR, STM32U031K4U6, STM32U031K6U6, STM32U031K8U6, STM32U031R6I6, STM32U031R6T6, STM32U031R8I6, STM32U031R8T6, STM32U073C8T6, STM32U073C8U6, STM32U073CBT6, STM32U073CBU6, STM32U073CCT6, STM32U073CCU6, STM32U073H8Y6TR, STM32U073HBY6TR, STM32U073HCY6TR, STM32U073K8U6, STM32U073KBU6, STM32U073KCU6, STM32U073M8I6, STM32U073M8T6, STM32U073MBI6, STM32U073MBT6, STM32U073MCI6, STM32U073MCT6, STM32U073R8I6, STM32U073R8T6, STM32U073RBI6, STM32U073RBT6, STM32U073RCI6, STM32U073RCT6, STM32U083C-DK, STM32U083CCT6, STM32U083CCU6, STM32U083HCY6TR, STM32U083KCU6, STM32U083MCI6, STM32U083MCT6, STM32U083RCI6, STM32U083RCT6, STM32U375CET6, STM32U375CET6Q, STM32U375CEU6, STM32U375CEU6Q, STM32U375CEY6QTR, STM32U375CGT6, STM32U375CGT6Q, STM32U375CGU6, STM32U375CGU6Q, STM32U375CGY6QTR, STM32U375KEU6, STM32U375KGU6, STM32U375REI6, STM32U375REI6Q, STM32U375RET6, STM32U375RET6Q, STM32U375REY6GTR, STM32U375REY6QTR, STM32U375RGI6, STM32U375RGI6Q, STM32U375RGT6, STM32U375RGT6Q, STM32U375RGY6GTR, STM32U375RGY6QTR, STM32U375VEI6, STM32U375VEI6Q, STM32U375VET6, STM32U375VET6Q, STM32U375VGI6, STM32U375VGI6Q, STM32U375VGT6, STM32U375VGT6Q, STM32U385CGT6, STM32U385CGT6Q, STM32U385CGU6, STM32U385CGU6Q, STM32U385CGY6QTR, STM32U385KGU6, STM32U385RGI6, STM32U385RGI6Q, STM32U385RGT6, STM32U385RGT6Q, STM32U385RGY6GTR, STM32U385RGY6QTR, STM32U385VGI6, STM32U385VGI6Q, STM32U385VGT6, STM32U385VGT6Q, STM32U535CBT6, STM32U535CBT6Q, STM32U535CBU6, STM32U535CBU6Q, STM32U535CCT6, STM32U535CCT6Q, STM32U535CCU6, STM32U535CCU6Q, STM32U535CET6, STM32U535CET6Q, STM32U535CEU6, STM32U535CEU6Q, STM32U535JEY6QTR, STM32U535NCY6QTR, STM32U535NEY6QTR, STM32U535RBI6, STM32U535RBI6Q, STM32U535RBT6, STM32U535RBT6Q, STM32U535RCI6, STM32U535RCI6Q, STM32U535RCT6, STM32U535RCT6Q, STM32U535REI6, STM32U535REI6Q, STM32U535RET6, STM32U535RET6Q, STM32U535VCI6, STM32U535VCI6Q, STM32U535VCT6, STM32U535VCT6Q, STM32U535VEI6, STM32U535VEI6Q, STM32U535VET6, STM32U535VET6Q, STM32U545CET6, STM32U545CET6Q, STM32U545CEU6, STM32U545CEU6Q, STM32U545JEY6QTR, STM32U545NEY6QTR, STM32U545REI6, STM32U545REI6Q, STM32U545RET6, STM32U545RET6Q, STM32U545VEI6, STM32U545VEI6Q, STM32U545VET6, STM32U545VET6Q, STM32U595AIH6, STM32U595AIH6Q, STM32U595AJH6, STM32U595AJH6Q, STM32U595QII6, STM32U595QII6Q, STM32U595QJI6, STM32U595QJI6Q, STM32U595RIT6, STM32U595RIT6Q, STM32U595RJT6, STM32U595RJT6Q, STM32U595VIT6, STM32U595VIT6Q, STM32U595VJT6, STM32U595VJT6Q, STM32U595ZIT6, STM32U595ZIT6Q, STM32U595ZIY6QTR, STM32U595ZJT6, STM32U595ZJT6Q, STM32U595ZJY6QTR, STM32U599BJY6QTR, STM32U599NIH6Q, STM32U599NJH6Q, STM32U599VIT6Q, STM32U599VJT6, STM32U599VJT6Q, STM32U599ZIT6Q, STM32U599ZIY6QTR, STM32U599ZJT6Q, STM32U599ZJY6QTR, STM32U5A5AJH6, STM32U5A5AJH6Q, STM32U5A5QII3Q , STM32U5A5QJI6, STM32U5A5QJI6Q, STM32U5A5RJT6, STM32U5A5RJT6Q, STM32U5A5VJT6, STM32U5A5VJT6Q, STM32U5A5ZJT6, STM32U5A5ZJT6Q, STM32U5A5ZJY6QTR, STM32U5A9BJY6QTR, STM32U5A9J-DK, STM32U5A9NJH6Q, STM32U5A9VJT6Q, STM32U5A9ZJT6Q, STM32U5A9ZJY6QTR, STM32U5F7VIT6, STM32U5F7VIT6Q, STM32U5F7VJT6, STM32U5F7VJT6Q, STM32U5F9BJY6QTR, STM32U5F9NJH6Q, STM32U5F9VIT6Q, STM32U5F9VJT6Q, STM32U5F9ZIJ6QTR, STM32U5F9ZIT6Q, STM32U5F9ZJJ6QTR, STM32U5F9ZJT6Q, STM32U5G7VJT6, STM32U5G7VJT6Q, STM32U5G9BJY6QTR, STM32U5G9J-DK1, STM32U5G9J-DK2, STM32U5G9NJH6Q, STM32U5G9VJT6Q, STM32U5G9ZJJ6QTR, STM32U5G9ZJT6Q, STM32WB05KZV6TR, STM32WB05KZV7TR, STM32WB05TZF6TR, STM32WB05TZF7TR, STM32WB06CCF6TR, STM32WB06CCF7TR, STM32WB06CCV6TR, STM32WB06CCV7TR, STM32WB06KCV6TR, STM32WB06KCV7TR, STM32WB07CCF6TR, STM32WB07CCF7TR, STM32WB07CCV6TR, STM32WB07CCV7TR, STM32WB07KCV6TR, STM32WB07KCV7TR, STM32WB09KEV6TR, STM32WB09KEV7TR, STM32WB09TEF6TR, STM32WB09TEF7TR, STM32WB1MMCH6, STM32WBA50KGU6, STM32WBA50KGU6TR, STM32WBA52CEU6, STM32WBA52CEU6TR, STM32WBA52CEU7, STM32WBA52CEU7TR, STM32WBA52CGU6, STM32WBA52CGU6TR, STM32WBA52CGU6U, STM32WBA52CGU7, STM32WBA52CGU7TR, STM32WBA52KEU6, STM32WBA52KEU6TR, STM32WBA52KGU6, STM32WBA52KGU6TR, STM32WBA54CEU6, STM32WBA54CEU6TR, STM32WBA54CEU7, STM32WBA54CEU7TR, STM32WBA54CGU6, STM32WBA54CGU6TR, STM32WBA54CGU7, STM32WBA54CGU7TR, STM32WBA54KEU6, STM32WBA54KEU6TR, STM32WBA54KEU7, STM32WBA54KEU7TR, STM32WBA54KGU6, STM32WBA54KGU6TR, STM32WBA54KGU7, STM32WBA54KGU7TR, STM32WBA55CEU6, STM32WBA55CEU6TR, STM32WBA55CEU7, STM32WBA55CEU7TR, STM32WBA55CGU6, STM32WBA55CGU6TR, STM32WBA55CGU6U, STM32WBA55CGU7, STM32WBA55CGU7TR, STM32WBA55G-DK1, STM32WBA55HEF6, STM32WBA55HEF7, STM32WBA55HGF6, STM32WBA55HGF7, STM32WBA55UEI6, STM32WBA55UEI6TR, STM32WBA55UEI7, STM32WBA55UEI7TR, STM32WBA55UGI6, STM32WBA55UGI6TR, STM32WBA55UGI7, STM32WBA55UGI7TR, STM32WBA5MMGH6TR, STM32WBA62MGF6, STM32WBA62MIF6, STM32WBA65MGF7, STM32WBA65MIF6, STM32WBA65MIF7, STM32WL30K8V6, STM32WL30KBV6, STM32WL31C8V6, STM32WL31CBV6, STM32WL31K8V6, STM32WL31KBV6, STM32WL33C8V6, STM32WL33C8V6X, STM32WL33CBV6, STM32WL33CBV6X, STM32WL33CCV6, STM32WL33CCV6A, STM32WL33CCV6X, STM32WL33K8V7, STM32WL33K8V7X, STM32WL33KBV7 , STM32WL33KBV7X, STM32WL33KCV7, STM32WL33KCV7X, STM32WL5MOCH6, STM32WL5MOCH6TR]
2026-04-29 19:12:14,607 [INFO] BoardInfo:889 - No configuration file found for board NUCLEO-H5E5ZJ
2026-04-29 19:12:14,610 [INFO] DbBoards:161 - Board is not supported: NUCLEO-H5E5ZJ
2026-04-29 19:12:14,697 [INFO] BoardInfo:889 - No configuration file found for board NUCLEO-U3C5ZI-Q
2026-04-29 19:12:14,698 [INFO] DbBoards:161 - Board is not supported: NUCLEO-U3C5ZI-Q
2026-04-29 19:12:14,715 [INFO] BoardInfo:889 - No configuration file found for board NUCLEO-WBA25CE1
2026-04-29 19:12:14,716 [INFO] DbBoards:161 - Board is not supported: NUCLEO-WBA25CE1
2026-04-29 19:12:14,725 [INFO] BoardInfo:889 - No configuration file found for board NUCLEO-WL3RKB1
2026-04-29 19:12:14,728 [INFO] DbBoards:161 - Board is not supported: NUCLEO-WL3RKB1
2026-04-29 19:12:14,728 [INFO] BoardInfo:889 - No configuration file found for board NUCLEO-WL3RKB2
2026-04-29 19:12:14,730 [INFO] DbBoards:161 - Board is not supported: NUCLEO-WL3RKB2
2026-04-29 19:12:14,738 [INFO] BoardInfo:889 - No configuration file found for board P-NUCLEO-WB55
2026-04-29 19:12:14,739 [INFO] DbBoards:161 - Kit is not supported: P-NUCLEO-WB55
2026-04-29 19:12:14,746 [INFO] BoardInfo:889 - No configuration file found for board STEVAL-BFA001V1B
2026-04-29 19:12:14,747 [INFO] DbBoards:161 - Kit is not supported: STEVAL-BFA001V1B
2026-04-29 19:12:14,748 [INFO] BoardInfo:889 - No configuration file found for board STEVAL-BFA001V2B
2026-04-29 19:12:14,749 [INFO] DbBoards:161 - Kit is not supported: STEVAL-BFA001V2B
2026-04-29 19:12:14,866 [INFO] BoardInfo:889 - No configuration file found for board STM32H5F5J-DK
2026-04-29 19:12:14,867 [INFO] DbBoards:161 - Board is not supported: STM32H5F5J-DK
2026-04-29 19:12:14,965 [INFO] DbBoards:168 - Found 218 boards, 209 are supported
2026-04-29 19:12:14,965 [INFO] DbBoards:169 - Found 218 boards, 43 of them is supported for  Bsp
2026-04-29 19:12:14,968 [INFO] ApiDb:423 - Load user favorites file C:\Users\Евгений/.stm32cubeide/favorites.boards.txt: 0 item(s)
2026-04-29 19:12:14,968 [INFO] ApiDb:427 - User favorites Boards=[]
2026-04-29 19:12:14,968 [INFO] DbBoards:198 - Set 0 / 0 favorites Boards
2026-04-29 19:12:14,968 [INFO] McuFinderGlobals:76 - Set McuFinderConnectedMode to true
2026-04-29 19:12:14,973 [INFO] MultiScanPanel:200 - Auto-refresh data requested => check proxy status ongoing
2026-04-29 19:12:14,976 [INFO] FinderPluginLoader:96 - Searching for filters in installed packs
2026-04-29 19:12:16,132 [INFO] LoadUrlFilesThread:185 - End of LoadServerUrlFiles without Thread
2026-04-29 19:12:16,152 [INFO] DetailPanel:341 - Set advertising image to C:/Users/Евгений/STM32Cube/Repository/\en.prom-stm32wba2-stm32-nucleo-board-0426.png
2026-04-29 19:12:17,223 [INFO] ServerAccessManage:452 - Complete download http(s) 200
2026-04-29 19:12:17,224 [INFO] ServerAccessManage:509 - Download File cube-finder-db.zip
2026-04-29 19:12:21,061 [INFO] FileExtend:248 - Unzip File : cube-finder-db.zip
2026-04-29 19:12:21,061 [INFO] FileExtend:263 - Standard Zip Deflate
2026-04-29 19:12:21,628 [INFO] LoadUrlFilesThread:156 - End of LoadUrlFiles Thread
2026-04-29 19:12:34,228 [INFO] ServerAccessManage:452 - Complete download http(s) 200
2026-04-29 19:12:34,229 [INFO] ServerAccessManage:509 - Download File crdb.zip
2026-04-29 19:12:34,831 [INFO] FileExtend:248 - Unzip File : crdb.zip
2026-04-29 19:12:34,831 [INFO] FileExtend:263 - Standard Zip Deflate
2026-04-29 19:12:34,958 [INFO] LoadUrlFilesThread:156 - End of LoadUrlFiles Thread
2026-04-29 19:12:36,654 [INFO] ServerAccessManage:452 - Complete download http(s) 200
2026-04-29 19:12:36,654 [INFO] ServerAccessManage:509 - Download File tutoVideoDB.zip
2026-04-29 19:12:36,868 [INFO] FileExtend:248 - Unzip File : tutoVideoDB.zip
2026-04-29 19:12:36,869 [INFO] FileExtend:263 - Standard Zip Deflate
2026-04-29 19:12:36,984 [INFO] LoadUrlFilesThread:156 - End of LoadUrlFiles Thread
2026-04-29 19:12:36,989 [WARN] DbFile:41 - Overriding database path with different value: C:\Users\Евгений\.stmcufinder\plugins\mcufinder/ => C:\Users\Евгений\.stmcufinder\plugins\mcufinder
2026-04-29 19:12:37,178 [INFO] ServerAccessManage:452 - Complete download http(s) 200
2026-04-29 19:12:37,179 [INFO] ServerAccessManage:509 - Download File api_config.json
2026-04-29 19:12:37,298 [INFO] LoadUrlFilesThread:156 - End of LoadUrlFiles Thread
2026-04-29 19:12:37,298 [INFO] DbMcusAds:53 - JSON generation date=Mon Apr 27 11:14:29 MSK 2026 (1777277669683)
2026-04-29 19:12:37,301 [INFO] ApiDb:448 - Save user favorites file C:\Users\Евгений/.stm32cubeide/favorites.mcus.txt: 0 item(s)
2026-04-29 19:12:37,301 [INFO] ApiDb:452 - User favorites MCUs=[]
2026-04-29 19:12:37,303 [INFO] ApiDb:581 - Connected to CubeFinder SQLite database (C:\Users\Евгений\.stmcufinder\plugins\mcufinder\mcu\cube-finder-db.db)
2026-04-29 19:12:37,370 [INFO] ApiDb:668 - CubeFinder database Data Model version=2.1
2026-04-29 19:12:37,370 [INFO] ApiDb:669 - CubeFinder database Configuration version=3.0.42
2026-04-29 19:12:37,370 [INFO] ApiDb:670 - CubeFinder database generation date=2026-03-11 (1773229989)
2026-04-29 19:12:37,370 [INFO] ApiDb:671 - CubeFinder database FW Pack versions=[FP-ATR-ASTRA1_V2.0.0, FP-SNS-FLIGHT1_V5.1.0, FP-SNS-MOTENV1_V5.1.0, FP-SNS-MOTENVWB1_V1.5.0, FP-SNS-SMARTAG2_V1.2.0, FP-SNS-STBOX1_V2.1.0, STM32Cube_FW_C0_V1.4.0, STM32Cube_FW_F4_V1.28.3, STM32Cube_FW_F7_V1.17.4, STM32Cube_FW_G0_V1.6.3, STM32Cube_FW_G4_V1.6.2, STM32Cube_FW_H5_V1.6.0, STM32Cube_FW_H7RS_V1.3.0, STM32Cube_FW_H7_V1.13.0, STM32Cube_FW_L0_V1.12.2, STM32Cube_FW_L4_V1.18.2, STM32Cube_FW_L5_V1.6.0, STM32Cube_FW_N6_V1.3.0, STM32Cube_FW_U0_V1.3.0, STM32Cube_FW_U3_V1.3.0, STM32Cube_FW_U5_V1.8.0, STM32Cube_FW_WB0_V1.4.0, STM32Cube_FW_WBA_V1.9.0, STM32Cube_FW_WB_V1.24.0, STM32Cube_FW_WL3_V1.4.0, STM32Cube_FW_WL_V1.5.0, X-CUBE-ALGOBUILD_V1.4.0, X-CUBE-ALS_V1.0.2, X-CUBE-AZRTOS-F4_V1.1.0, X-CUBE-AZRTOS-F7_V1.1.0, X-CUBE-AZRTOS-G0_V1.1.0, X-CUBE-AZRTOS-G4_V2.0.0, X-CUBE-AZRTOS-H7RS_V1.1.0, X-CUBE-AZRTOS-H7_V3.4.0, X-CUBE-AZRTOS-L4_V2.0.0, X-CUBE-AZRTOS-L5_V2.0.0, X-CUBE-AZRTOS-WB_V2.0.0, X-CUBE-AZRTOS-WL_V2.0.0, X-CUBE-BLE1_V7.1.0, X-CUBE-BLE2_V3.3.0, X-CUBE-BLEMGR_V4.1.0, X-CUBE-EEPRMA1_V5.2.0, X-CUBE-FREERTOS_V1.5.0, X-CUBE-GNSS1_V6.0.0, X-CUBE-MEMS1_V12.0.0, X-CUBE-NFC4_V3.0.0, X-CUBE-NFC7_V2.0.0, X-CUBE-SFXS2LP1_V4.0.0, X-CUBE-ST67W61_V1.2.0, X-CUBE-SUBG2_V5.0.0, X-CUBE-TOF1_V3.4.3]
2026-04-29 19:12:39,207 [INFO] ApiDb:240 - Found 880 in-development CPN: [B-G473E-ZEST1S, B-WB1M-WPAN1, B-WBA5M-WPAN, B-WL5M-SUBG1, NUCLEO-C031C6, NUCLEO-C051C8, NUCLEO-C071RB, NUCLEO-C092RC, NUCLEO-H503RB, NUCLEO-H533RE, NUCLEO-H563ZI, NUCLEO-H7S3L8, NUCLEO-N657X0-Q, NUCLEO-U031R8, NUCLEO-U083RC, NUCLEO-U385RG-Q, NUCLEO-U545RE-Q, NUCLEO-U5A5ZJ-Q, NUCLEO-WB05KZ, NUCLEO-WB07CC, NUCLEO-WB09KE, NUCLEO-WBA52CG, NUCLEO-WBA55CG, NUCLEO-WL33CC1, NUCLEO-WL33CC2, STEVAL-PROTEUS1, STEVAL-SMARTAG2, STEVAL-STWINBX1, STM320518-EVAL, STM32C0116-DK, STM32C011D6Y3TR, STM32C011D6Y6TR, STM32C011F4P3, STM32C011F4P6, STM32C011F4U3, STM32C011F4U6TR, STM32C011F6P3, STM32C011F6P6, STM32C011F6U3, STM32C011F6U6TR, STM32C011J4M3, STM32C011J4M6, STM32C011J6M3, STM32C011J6M6, STM32C0316-DK, STM32C031C4T3, STM32C031C4T6, STM32C031C4U3, STM32C031C4U6, STM32C031C6T3, STM32C031C6T6, STM32C031C6U3, STM32C031C6U6, STM32C031F4P3, STM32C031F4P6, STM32C031F6P3, STM32C031F6P6, STM32C031G4U3, STM32C031G4U6, STM32C031G6U3, STM32C031G6U6, STM32C031K4T3, STM32C031K4T6, STM32C031K4U3, STM32C031K4U6, STM32C031K6T3, STM32C031K6T6, STM32C031K6U3, STM32C031K6U6, STM32C051C6T6, STM32C051C6U6, STM32C051C8T6, STM32C051C8U6, STM32C051D8Y6TR, STM32C051F6P6, STM32C051F8P6, STM32C051G6U6, STM32C051G8U6, STM32C051K6T6, STM32C051K6U6, STM32C051K8T6, STM32C071C8T6, STM32C071C8T6N, STM32C071C8U6, STM32C071C8U6N, STM32C071CBT6, STM32C071CBT6N, STM32C071CBU6, STM32C071CBU6N, STM32C071F8P6, STM32C071F8P6N, STM32C071FBP6, STM32C071FBP6N, STM32C071FBY6TR, STM32C071G8U6, STM32C071G8U6N, STM32C071GBU6, STM32C071GBU6N, STM32C071K8T6, STM32C071K8T6N, STM32C071K8U6, STM32C071K8U6N, STM32C071KBT6, STM32C071KBT6N, STM32C071KBU6, STM32C071KBU6N, STM32C071R8T6, STM32C071R8T6N, STM32C071RBI6N, STM32C071RBT6, STM32C071RBT6N, STM32C091CBT6, STM32C091CBU6, STM32C091CCT6, STM32C091CCU6, STM32C091ECY6TR, STM32C091FBP6, STM32C091FCP6, STM32C091GBU6, STM32C091GCU6, STM32C091KBT6, STM32C091KBU6, STM32C091KCT6, STM32C091KCU6, STM32C091RBT6, STM32C091RCI6, STM32C091RCT6, STM32C092CBT6, STM32C092CBU6, STM32C092CCT6, STM32C092CCU6, STM32C092ECY6TR, STM32C092FBP6, STM32C092FCP6, STM32C092GBU6, STM32C092GCU6, STM32C092KBT6, STM32C092KBU6, STM32C092KCT6, STM32C092KCU6, STM32C092RBT6, STM32C092RCI6, STM32C092RCT6, STM32G071K8TXN, STM32G071K8UXN, STM32G081GBU6N, STM32G081KBT6N, STM32G081KBUXN, STM32G0B1CCT6N, STM32G0B1KCT6, STM32G0B1NEY6TR, STM32G0B1RCT6N, STM32G0C1CCT6, STM32G0C1CCT6N, STM32G0C1CCU6N, STM32G0C1CET6N, STM32G0C1CEU6N, STM32G0C1KCT6, STM32G0C1NEY6TR, STM32G0C1RCI6N, STM32G0C1RCT6N, STM32G0C1REI6N, STM32G0C1RET6N, STM32G0C1VCI6, STM32G0C1VEI6, STM32G411C6T3, STM32G411C6T6, STM32G411C6U3, STM32G411C6U6, STM32G411C8T3, STM32G411C8T6, STM32G411C8U3, STM32G411C8U6, STM32G411CBT3, STM32G411CBT6, STM32G411CBU3, STM32G411CBU6, STM32G411K6T3, STM32G411K6T6, STM32G411K6U3, STM32G411K6U6, STM32G411K8T3, STM32G411K8T6, STM32G411K8U3, STM32G411K8U6, STM32G411KBT3, STM32G411KBT6, STM32G411KBU3, STM32G411KBU6, STM32G411M6T3, STM32G411M6T6, STM32G411M8T3, STM32G411M8T6, STM32G411MBT3, STM32G411MBT6, STM32G411R6T3, STM32G411R6T6, STM32G411R8T3, STM32G411R8T6, STM32G411RBT3, STM32G411RBT6, STM32G414CBT3, STM32G414CBT6, STM32G414CBU3, STM32G414CBU6, STM32G414CCT3, STM32G414CCT6, STM32G414CCU3, STM32G414CCU6, STM32G414MBT3, STM32G414MBT6, STM32G414MCT3, STM32G414MCT6, STM32G414RBT3, STM32G414RBT6, STM32G414RCT3, STM32G414RCT6, STM32G414VBT3, STM32G414VBT6, STM32G414VCT3, STM32G414VCT6, STM32G431CBT3Z, STM32G431RBT3Z, STM32G471CCT6, STM32G471CCU6, STM32G471CET3, STM32G471CET6, STM32G471CEU3, STM32G471CEU6, STM32G471MCT6, STM32G471MET3, STM32G471MET6, STM32G471MEY6TR, STM32G471QCT6, STM32G471QET3, STM32G471RCT6, STM32G471RET3, STM32G471RET6, STM32G471VCH6, STM32G471VCI6, STM32G471VCT6, STM32G471VEH3, STM32G471VEH6, STM32G471VEI3, STM32G471VEI6, STM32G471VET3, STM32G471VET6, STM32G473QET3Z, STM32G473RET3Z, STM32G474CCT6, STM32G491RET3Z, STM32H503CBT6, STM32H503CBU6, STM32H503EBY6TR, STM32H503KBU6, STM32H503RBT6, STM32H523CCT6, STM32H523CCU6, STM32H523CET6, STM32H523CEU6, STM32H523HEY6TR, STM32H523RCT6, STM32H523RET6, STM32H523VCI6, STM32H523VCT6, STM32H523VEI6, STM32H523VET6, STM32H523ZCJ6, STM32H523ZCT6, STM32H523ZEJ6, STM32H523ZET6, STM32H533CET6, STM32H533CEU6, STM32H533HEY6TR, STM32H533RET6, STM32H533VEI6, STM32H533VET6, STM32H533ZEJ6, STM32H533ZET6, STM32H562AGI6, STM32H562AII6, STM32H562IGK6, STM32H562IGT6, STM32H562IIK6, STM32H562IIT6, STM32H562RGT6, STM32H562RGV6, STM32H562RIT6, STM32H562RIV6, STM32H562VGT6, STM32H562VIT6, STM32H562ZGT6, STM32H562ZIT6, STM32H563AGI6, STM32H563AII3Q, STM32H563AII6, STM32H563IGK6, STM32H563IGT6, STM32H563IIK3Q, STM32H563IIK6, STM32H563IIT3Q, STM32H563IIT6, STM32H563MIY3QTR, STM32H563RGT6, STM32H563RGV6, STM32H563RIT6, STM32H563RIV6, STM32H563VGT6, STM32H563VIT3Q, STM32H563VIT6, STM32H563ZGT6, STM32H563ZIT3Q, STM32H563ZIT6, STM32H573AII3Q, STM32H573AII6, STM32H573I-DK, STM32H573IIK3Q, STM32H573IIK6, STM32H573IIT3Q, STM32H573IIT6, STM32H573MIY3QTR, STM32H573RIT6, STM32H573RIV6, STM32H573VIT3Q, STM32H573VIT6, STM32H573ZIT3Q, STM32H573ZIT6, STM32H7R3A8I6, STM32H7R3I8K6, STM32H7R3I8T6, STM32H7R3L8H6, STM32H7R3L8H6H, STM32H7R3R8V6, STM32H7R3V8H6, STM32H7R3V8T6, STM32H7R3V8Y6TR, STM32H7R3Z8J6, STM32H7R3Z8T6, STM32H7R7A8I6, STM32H7R7I8K6, STM32H7R7I8T6, STM32H7R7L8H6, STM32H7R7L8H6H, STM32H7R7Z8J6, STM32H7S3A8I6, STM32H7S3I8K6, STM32H7S3I8T6, STM32H7S3L8H6, STM32H7S3L8H6H, STM32H7S3R8V6, STM32H7S3V8H6, STM32H7S3V8T6, STM32H7S3V8Y6TR, STM32H7S3Z8J6, STM32H7S3Z8T6, STM32H7S78-DK, STM32H7S7A8I6, STM32H7S7I8K6, STM32H7S7I8T6, STM32H7S7L8H6, STM32H7S7L8H6H, STM32H7S7Z8J6, STM32L4R5QGI6STR, STM32MP131AAE3, STM32MP131AAF3, STM32MP131AAG3, STM32MP131CAE3, STM32MP131CAF3, STM32MP131CAG3, STM32MP131DAE7, STM32MP131DAF7, STM32MP131DAG7, STM32MP131FAE7, STM32MP131FAF7, STM32MP131FAG7, STM32MP133AAE3, STM32MP133AAF3, STM32MP133AAG3, STM32MP133CAE3, STM32MP133CAF3, STM32MP133CAG3, STM32MP133DAE7, STM32MP133DAF7, STM32MP133DAG7, STM32MP133FAE7, STM32MP133FAF7, STM32MP133FAG7, STM32MP135AAE3, STM32MP135AAF3, STM32MP135AAG3, STM32MP135CAE3, STM32MP135CAF3, STM32MP135CAG3, STM32MP135DAE7, STM32MP135DAF7, STM32MP135DAG7, STM32MP135F-DK, STM32MP135FAE7, STM32MP135FAF7, STM32MP135FAF7T, STM32MP135FAF7U, STM32MP135FAG7, STM32MP211AAL3, STM32MP211AAM3, STM32MP211AAN3, STM32MP211AAO3, STM32MP211CAL3, STM32MP211CAM3, STM32MP211CAN3, STM32MP211CAO3, STM32MP211DAL3, STM32MP211DAM3, STM32MP211DAN3, STM32MP211DAO3, STM32MP211FAL3, STM32MP211FAM3, STM32MP211FAN3, STM32MP211FAO3, STM32MP213AAL3, STM32MP213AAM3, STM32MP213AAN3, STM32MP213AAO3, STM32MP213CAL3, STM32MP213CAM3, STM32MP213CAN3, STM32MP213CAO3, STM32MP213DAL3, STM32MP213DAM3, STM32MP213DAN3, STM32MP213DAO3, STM32MP213FAL3, STM32MP213FAM3, STM32MP213FAN3, STM32MP213FAO3, STM32MP215AAL3, STM32MP215AAM3, STM32MP215AAN3, STM32MP215AAO3, STM32MP215CAL3, STM32MP215CAM3, STM32MP215CAN3, STM32MP215CAO3, STM32MP215DAL3, STM32MP215DAM3, STM32MP215DAN3, STM32MP215DAO3, STM32MP215F-DK, STM32MP215FAL3, STM32MP215FAM3, STM32MP215FAN3, STM32MP215FAO3, STM32MP231AAJ3, STM32MP231AAK3, STM32MP231AAL3, STM32MP231CAJ3, STM32MP231CAK3, STM32MP231CAL3, STM32MP231DAJ3, STM32MP231DAK3, STM32MP231DAL3, STM32MP231FAJ3, STM32MP231FAK3, STM32MP231FAL3, STM32MP233AAJ3, STM32MP233AAK3, STM32MP233AAL3, STM32MP233CAJ3, STM32MP233CAK3, STM32MP233CAL3, STM32MP233DAJ3, STM32MP233DAK3, STM32MP233DAL3, STM32MP233FAJ3, STM32MP233FAK3, STM32MP233FAL3, STM32MP235AAJ3, STM32MP235AAK3, STM32MP235AAL3, STM32MP235CAJ3, STM32MP235CAK3, STM32MP235CAL3, STM32MP235DAJ3, STM32MP235DAK3, STM32MP235DAL3, STM32MP235FAJ3, STM32MP235FAK3, STM32MP235FAL3, STM32MP251AAI3, STM32MP251AAK3, STM32MP251AAL3, STM32MP251CAI3, STM32MP251CAK3, STM32MP251CAL3, STM32MP251DAI3, STM32MP251DAK3, STM32MP251DAL3, STM32MP251FAI3, STM32MP251FAK3, STM32MP251FAL3, STM32MP253AAI3, STM32MP253AAK3, STM32MP253AAL3, STM32MP253CAI3, STM32MP253CAK3, STM32MP253CAL3, STM32MP253DAI3, STM32MP253DAK3, STM32MP253DAL3, STM32MP253FAI3, STM32MP253FAK3, STM32MP253FAL3, STM32MP255AAI3, STM32MP255AAK3, STM32MP255AAL3, STM32MP255CAI3, STM32MP255CAK3, STM32MP255CAL3, STM32MP255DAI3, STM32MP255DAK3, STM32MP255DAL3, STM32MP255FAI3, STM32MP255FAK3, STM32MP255FAL3, STM32MP257AAI3, STM32MP257AAK3, STM32MP257AAL3, STM32MP257CAI3, STM32MP257CAK3, STM32MP257CAL3, STM32MP257DAI3, STM32MP257DAK3, STM32MP257DAL3, STM32MP257F-DK, STM32MP257F-EV1, STM32MP257FAI3, STM32MP257FAK3, STM32MP257FAL3, STM32N645A0H3Q, STM32N645B0H3Q, STM32N645I0H3Q, STM32N645L0H3Q, STM32N645X0H3Q, STM32N645Z0H3Q, STM32N647A0H3Q, STM32N647B0H3Q, STM32N647I0H3Q, STM32N647L0H3Q, STM32N647X0H3Q, STM32N647Z0H3Q, STM32N655A0H3Q, STM32N655B0H3Q, STM32N655I0H3Q, STM32N655L0H3Q, STM32N655X0H3Q, STM32N655Z0H3Q, STM32N6570-DK, STM32N657A0H3Q, STM32N657B0H3Q, STM32N657I0H3Q, STM32N657L0H3Q, STM32N657X0H3Q, STM32N657Z0H3Q, STM32U031C6T6, STM32U031C6U6, STM32U031C8T6, STM32U031C8U6, STM32U031F4P6, STM32U031F6P6, STM32U031F8P6, STM32U031G6Y6TR, STM32U031G8Y6TR, STM32U031K4U6, STM32U031K6U6, STM32U031K8U6, STM32U031R6I6, STM32U031R6T6, STM32U031R8I6, STM32U031R8T6, STM32U073C8T6, STM32U073C8U6, STM32U073CBT6, STM32U073CBU6, STM32U073CCT6, STM32U073CCU6, STM32U073H8Y6TR, STM32U073HBY6TR, STM32U073HCY6TR, STM32U073K8U6, STM32U073KBU6, STM32U073KCU6, STM32U073M8I6, STM32U073M8T6, STM32U073MBI6, STM32U073MBT6, STM32U073MCI6, STM32U073MCT6, STM32U073R8I6, STM32U073R8T6, STM32U073RBI6, STM32U073RBT6, STM32U073RCI6, STM32U073RCT6, STM32U083C-DK, STM32U083CCT6, STM32U083CCU6, STM32U083HCY6TR, STM32U083KCU6, STM32U083MCI6, STM32U083MCT6, STM32U083RCI6, STM32U083RCT6, STM32U375CET6, STM32U375CET6Q, STM32U375CEU6, STM32U375CEU6Q, STM32U375CEY6QTR, STM32U375CGT6, STM32U375CGT6Q, STM32U375CGU6, STM32U375CGU6Q, STM32U375CGY6QTR, STM32U375KEU6, STM32U375KGU6, STM32U375REI6, STM32U375REI6Q, STM32U375RET6, STM32U375RET6Q, STM32U375REY6GTR, STM32U375REY6QTR, STM32U375RGI6, STM32U375RGI6Q, STM32U375RGT6, STM32U375RGT6Q, STM32U375RGY6GTR, STM32U375RGY6QTR, STM32U375VEI6, STM32U375VEI6Q, STM32U375VET6, STM32U375VET6Q, STM32U375VGI6, STM32U375VGI6Q, STM32U375VGT6, STM32U375VGT6Q, STM32U385CGT6, STM32U385CGT6Q, STM32U385CGU6, STM32U385CGU6Q, STM32U385CGY6QTR, STM32U385KGU6, STM32U385RGI6, STM32U385RGI6Q, STM32U385RGT6, STM32U385RGT6Q, STM32U385RGY6GTR, STM32U385RGY6QTR, STM32U385VGI6, STM32U385VGI6Q, STM32U385VGT6, STM32U385VGT6Q, STM32U535CBT6, STM32U535CBT6Q, STM32U535CBU6, STM32U535CBU6Q, STM32U535CCT6, STM32U535CCT6Q, STM32U535CCU6, STM32U535CCU6Q, STM32U535CET6, STM32U535CET6Q, STM32U535CEU6, STM32U535CEU6Q, STM32U535JEY6QTR, STM32U535NCY6QTR, STM32U535NEY6QTR, STM32U535RBI6, STM32U535RBI6Q, STM32U535RBT6, STM32U535RBT6Q, STM32U535RCI6, STM32U535RCI6Q, STM32U535RCT6, STM32U535RCT6Q, STM32U535REI6, STM32U535REI6Q, STM32U535RET6, STM32U535RET6Q, STM32U535VCI6, STM32U535VCI6Q, STM32U535VCT6, STM32U535VCT6Q, STM32U535VEI6, STM32U535VEI6Q, STM32U535VET6, STM32U535VET6Q, STM32U545CET6, STM32U545CET6Q, STM32U545CEU6, STM32U545CEU6Q, STM32U545JEY6QTR, STM32U545NEY6QTR, STM32U545REI6, STM32U545REI6Q, STM32U545RET6, STM32U545RET6Q, STM32U545VEI6, STM32U545VEI6Q, STM32U545VET6, STM32U545VET6Q, STM32U595AIH6, STM32U595AIH6Q, STM32U595AJH6, STM32U595AJH6Q, STM32U595QII6, STM32U595QII6Q, STM32U595QJI6, STM32U595QJI6Q, STM32U595RIT6, STM32U595RIT6Q, STM32U595RJT6, STM32U595RJT6Q, STM32U595VIT6, STM32U595VIT6Q, STM32U595VJT6, STM32U595VJT6Q, STM32U595ZIT6, STM32U595ZIT6Q, STM32U595ZIY6QTR, STM32U595ZJT6, STM32U595ZJT6Q, STM32U595ZJY6QTR, STM32U599BJY6QTR, STM32U599NIH6Q, STM32U599NJH6Q, STM32U599VIT6Q, STM32U599VJT6, STM32U599VJT6Q, STM32U599ZIT6Q, STM32U599ZIY6QTR, STM32U599ZJT6Q, STM32U599ZJY6QTR, STM32U5A5AJH6, STM32U5A5AJH6Q, STM32U5A5QII3Q , STM32U5A5QJI6, STM32U5A5QJI6Q, STM32U5A5RJT6, STM32U5A5RJT6Q, STM32U5A5VJT6, STM32U5A5VJT6Q, STM32U5A5ZJT6, STM32U5A5ZJT6Q, STM32U5A5ZJY6QTR, STM32U5A9BJY6QTR, STM32U5A9J-DK, STM32U5A9NJH6Q, STM32U5A9VJT6Q, STM32U5A9ZJT6Q, STM32U5A9ZJY6QTR, STM32U5F7VIT6, STM32U5F7VIT6Q, STM32U5F7VJT6, STM32U5F7VJT6Q, STM32U5F9BJY6QTR, STM32U5F9NJH6Q, STM32U5F9VIT6Q, STM32U5F9VJT6Q, STM32U5F9ZIJ6QTR, STM32U5F9ZIT6Q, STM32U5F9ZJJ6QTR, STM32U5F9ZJT6Q, STM32U5G7VJT6, STM32U5G7VJT6Q, STM32U5G9BJY6QTR, STM32U5G9J-DK1, STM32U5G9J-DK2, STM32U5G9NJH6Q, STM32U5G9VJT6Q, STM32U5G9ZJJ6QTR, STM32U5G9ZJT6Q, STM32WB05KZV6TR, STM32WB05KZV7TR, STM32WB05TZF6TR, STM32WB05TZF7TR, STM32WB06CCF6TR, STM32WB06CCF7TR, STM32WB06CCV6TR, STM32WB06CCV7TR, STM32WB06KCV6TR, STM32WB06KCV7TR, STM32WB07CCF6TR, STM32WB07CCF7TR, STM32WB07CCV6TR, STM32WB07CCV7TR, STM32WB07KCV6TR, STM32WB07KCV7TR, STM32WB09KEV6TR, STM32WB09KEV7TR, STM32WB09TEF6TR, STM32WB09TEF7TR, STM32WB1MMCH6, STM32WBA50KGU6, STM32WBA50KGU6TR, STM32WBA52CEU6, STM32WBA52CEU6TR, STM32WBA52CEU7, STM32WBA52CEU7TR, STM32WBA52CGU6, STM32WBA52CGU6TR, STM32WBA52CGU6U, STM32WBA52CGU7, STM32WBA52CGU7TR, STM32WBA52KEU6, STM32WBA52KEU6TR, STM32WBA52KGU6, STM32WBA52KGU6TR, STM32WBA54CEU6, STM32WBA54CEU6TR, STM32WBA54CEU7, STM32WBA54CEU7TR, STM32WBA54CGU6, STM32WBA54CGU6TR, STM32WBA54CGU7, STM32WBA54CGU7TR, STM32WBA54KEU6, STM32WBA54KEU6TR, STM32WBA54KEU7, STM32WBA54KEU7TR, STM32WBA54KGU6, STM32WBA54KGU6TR, STM32WBA54KGU7, STM32WBA54KGU7TR, STM32WBA55CEU6, STM32WBA55CEU6TR, STM32WBA55CEU7, STM32WBA55CEU7TR, STM32WBA55CGU6, STM32WBA55CGU6TR, STM32WBA55CGU6U, STM32WBA55CGU7, STM32WBA55CGU7TR, STM32WBA55G-DK1, STM32WBA55HEF6, STM32WBA55HEF7, STM32WBA55HGF6, STM32WBA55HGF7, STM32WBA55UEI6, STM32WBA55UEI6TR, STM32WBA55UEI7, STM32WBA55UEI7TR, STM32WBA55UGI6, STM32WBA55UGI6TR, STM32WBA55UGI7, STM32WBA55UGI7TR, STM32WBA5MMGH6TR, STM32WBA62MGF6, STM32WBA62MIF6, STM32WBA65MGF7, STM32WBA65MIF6, STM32WBA65MIF7, STM32WL30K8V6, STM32WL30KBV6, STM32WL31C8V6, STM32WL31CBV6, STM32WL31K8V6, STM32WL31KBV6, STM32WL33C8V6, STM32WL33C8V6X, STM32WL33CBV6, STM32WL33CBV6X, STM32WL33CCV6, STM32WL33CCV6A, STM32WL33CCV6X, STM32WL33K8V7, STM32WL33K8V7X, STM32WL33KBV7 , STM32WL33KBV7X, STM32WL33KCV7, STM32WL33KCV7X, STM32WL5MOCH6, STM32WL5MOCH6TR]
2026-04-29 19:12:39,210 [INFO] DbMcus:218 - Found 5055 MCUs, 4968 are supported
2026-04-29 19:12:39,210 [INFO] ApiDb:423 - Load user favorites file C:\Users\Евгений/.stm32cubeide/favorites.mcus.txt: 0 item(s)
2026-04-29 19:12:39,210 [INFO] ApiDb:427 - User favorites MCUs=[]
2026-04-29 19:12:39,210 [INFO] DbMcus:224 - Set 0 / 0 favorites MCUs
2026-04-29 19:12:40,237 [INFO] ApiDb:448 - Save user favorites file C:\Users\Евгений/.stm32cubeide/favorites.boards.txt: 0 item(s)
2026-04-29 19:12:40,238 [INFO] ApiDb:452 - User favorites Boards=[]
2026-04-29 19:12:40,238 [INFO] ApiDb:581 - Connected to CubeFinder SQLite database (C:\Users\Евгений\.stmcufinder\plugins\mcufinder\mcu\cube-finder-db.db)
2026-04-29 19:12:40,304 [INFO] ApiDb:668 - CubeFinder database Data Model version=2.1
2026-04-29 19:12:40,304 [INFO] ApiDb:669 - CubeFinder database Configuration version=3.0.42
2026-04-29 19:12:40,304 [INFO] ApiDb:670 - CubeFinder database generation date=2026-03-11 (1773229989)
2026-04-29 19:12:40,304 [INFO] ApiDb:671 - CubeFinder database FW Pack versions=[FP-ATR-ASTRA1_V2.0.0, FP-SNS-FLIGHT1_V5.1.0, FP-SNS-MOTENV1_V5.1.0, FP-SNS-MOTENVWB1_V1.5.0, FP-SNS-SMARTAG2_V1.2.0, FP-SNS-STBOX1_V2.1.0, STM32Cube_FW_C0_V1.4.0, STM32Cube_FW_F4_V1.28.3, STM32Cube_FW_F7_V1.17.4, STM32Cube_FW_G0_V1.6.3, STM32Cube_FW_G4_V1.6.2, STM32Cube_FW_H5_V1.6.0, STM32Cube_FW_H7RS_V1.3.0, STM32Cube_FW_H7_V1.13.0, STM32Cube_FW_L0_V1.12.2, STM32Cube_FW_L4_V1.18.2, STM32Cube_FW_L5_V1.6.0, STM32Cube_FW_N6_V1.3.0, STM32Cube_FW_U0_V1.3.0, STM32Cube_FW_U3_V1.3.0, STM32Cube_FW_U5_V1.8.0, STM32Cube_FW_WB0_V1.4.0, STM32Cube_FW_WBA_V1.9.0, STM32Cube_FW_WB_V1.24.0, STM32Cube_FW_WL3_V1.4.0, STM32Cube_FW_WL_V1.5.0, X-CUBE-ALGOBUILD_V1.4.0, X-CUBE-ALS_V1.0.2, X-CUBE-AZRTOS-F4_V1.1.0, X-CUBE-AZRTOS-F7_V1.1.0, X-CUBE-AZRTOS-G0_V1.1.0, X-CUBE-AZRTOS-G4_V2.0.0, X-CUBE-AZRTOS-H7RS_V1.1.0, X-CUBE-AZRTOS-H7_V3.4.0, X-CUBE-AZRTOS-L4_V2.0.0, X-CUBE-AZRTOS-L5_V2.0.0, X-CUBE-AZRTOS-WB_V2.0.0, X-CUBE-AZRTOS-WL_V2.0.0, X-CUBE-BLE1_V7.1.0, X-CUBE-BLE2_V3.3.0, X-CUBE-BLEMGR_V4.1.0, X-CUBE-EEPRMA1_V5.2.0, X-CUBE-FREERTOS_V1.5.0, X-CUBE-GNSS1_V6.0.0, X-CUBE-MEMS1_V12.0.0, X-CUBE-NFC4_V3.0.0, X-CUBE-NFC7_V2.0.0, X-CUBE-SFXS2LP1_V4.0.0, X-CUBE-ST67W61_V1.2.0, X-CUBE-SUBG2_V5.0.0, X-CUBE-TOF1_V3.4.3]
2026-04-29 19:12:40,343 [INFO] DbBoardsSqlite:226 - include board P-NUCLEO-WB55-NUCLEO as a kit item of type 'Nucleo-64'
2026-04-29 19:12:40,343 [INFO] DbBoardsSqlite:226 - include board P-NUCLEO-WB55-USBDONGLE as a kit item of type 'Nucleo USB Dongle'
2026-04-29 19:12:40,343 [INFO] DbBoardsSqlite:226 - include board STEVAL-IDP005V1 as a kit item of type 'Evaluation Board'
2026-04-29 19:12:40,343 [INFO] DbBoardsSqlite:226 - include board STEVAL-IDP005V2 as a kit item of type 'Evaluation Board'
2026-04-29 19:12:40,404 [INFO] ApiDb:240 - Found 880 in-development CPN: [B-G473E-ZEST1S, B-WB1M-WPAN1, B-WBA5M-WPAN, B-WL5M-SUBG1, NUCLEO-C031C6, NUCLEO-C051C8, NUCLEO-C071RB, NUCLEO-C092RC, NUCLEO-H503RB, NUCLEO-H533RE, NUCLEO-H563ZI, NUCLEO-H7S3L8, NUCLEO-N657X0-Q, NUCLEO-U031R8, NUCLEO-U083RC, NUCLEO-U385RG-Q, NUCLEO-U545RE-Q, NUCLEO-U5A5ZJ-Q, NUCLEO-WB05KZ, NUCLEO-WB07CC, NUCLEO-WB09KE, NUCLEO-WBA52CG, NUCLEO-WBA55CG, NUCLEO-WL33CC1, NUCLEO-WL33CC2, STEVAL-PROTEUS1, STEVAL-SMARTAG2, STEVAL-STWINBX1, STM320518-EVAL, STM32C0116-DK, STM32C011D6Y3TR, STM32C011D6Y6TR, STM32C011F4P3, STM32C011F4P6, STM32C011F4U3, STM32C011F4U6TR, STM32C011F6P3, STM32C011F6P6, STM32C011F6U3, STM32C011F6U6TR, STM32C011J4M3, STM32C011J4M6, STM32C011J6M3, STM32C011J6M6, STM32C0316-DK, STM32C031C4T3, STM32C031C4T6, STM32C031C4U3, STM32C031C4U6, STM32C031C6T3, STM32C031C6T6, STM32C031C6U3, STM32C031C6U6, STM32C031F4P3, STM32C031F4P6, STM32C031F6P3, STM32C031F6P6, STM32C031G4U3, STM32C031G4U6, STM32C031G6U3, STM32C031G6U6, STM32C031K4T3, STM32C031K4T6, STM32C031K4U3, STM32C031K4U6, STM32C031K6T3, STM32C031K6T6, STM32C031K6U3, STM32C031K6U6, STM32C051C6T6, STM32C051C6U6, STM32C051C8T6, STM32C051C8U6, STM32C051D8Y6TR, STM32C051F6P6, STM32C051F8P6, STM32C051G6U6, STM32C051G8U6, STM32C051K6T6, STM32C051K6U6, STM32C051K8T6, STM32C071C8T6, STM32C071C8T6N, STM32C071C8U6, STM32C071C8U6N, STM32C071CBT6, STM32C071CBT6N, STM32C071CBU6, STM32C071CBU6N, STM32C071F8P6, STM32C071F8P6N, STM32C071FBP6, STM32C071FBP6N, STM32C071FBY6TR, STM32C071G8U6, STM32C071G8U6N, STM32C071GBU6, STM32C071GBU6N, STM32C071K8T6, STM32C071K8T6N, STM32C071K8U6, STM32C071K8U6N, STM32C071KBT6, STM32C071KBT6N, STM32C071KBU6, STM32C071KBU6N, STM32C071R8T6, STM32C071R8T6N, STM32C071RBI6N, STM32C071RBT6, STM32C071RBT6N, STM32C091CBT6, STM32C091CBU6, STM32C091CCT6, STM32C091CCU6, STM32C091ECY6TR, STM32C091FBP6, STM32C091FCP6, STM32C091GBU6, STM32C091GCU6, STM32C091KBT6, STM32C091KBU6, STM32C091KCT6, STM32C091KCU6, STM32C091RBT6, STM32C091RCI6, STM32C091RCT6, STM32C092CBT6, STM32C092CBU6, STM32C092CCT6, STM32C092CCU6, STM32C092ECY6TR, STM32C092FBP6, STM32C092FCP6, STM32C092GBU6, STM32C092GCU6, STM32C092KBT6, STM32C092KBU6, STM32C092KCT6, STM32C092KCU6, STM32C092RBT6, STM32C092RCI6, STM32C092RCT6, STM32G071K8TXN, STM32G071K8UXN, STM32G081GBU6N, STM32G081KBT6N, STM32G081KBUXN, STM32G0B1CCT6N, STM32G0B1KCT6, STM32G0B1NEY6TR, STM32G0B1RCT6N, STM32G0C1CCT6, STM32G0C1CCT6N, STM32G0C1CCU6N, STM32G0C1CET6N, STM32G0C1CEU6N, STM32G0C1KCT6, STM32G0C1NEY6TR, STM32G0C1RCI6N, STM32G0C1RCT6N, STM32G0C1REI6N, STM32G0C1RET6N, STM32G0C1VCI6, STM32G0C1VEI6, STM32G411C6T3, STM32G411C6T6, STM32G411C6U3, STM32G411C6U6, STM32G411C8T3, STM32G411C8T6, STM32G411C8U3, STM32G411C8U6, STM32G411CBT3, STM32G411CBT6, STM32G411CBU3, STM32G411CBU6, STM32G411K6T3, STM32G411K6T6, STM32G411K6U3, STM32G411K6U6, STM32G411K8T3, STM32G411K8T6, STM32G411K8U3, STM32G411K8U6, STM32G411KBT3, STM32G411KBT6, STM32G411KBU3, STM32G411KBU6, STM32G411M6T3, STM32G411M6T6, STM32G411M8T3, STM32G411M8T6, STM32G411MBT3, STM32G411MBT6, STM32G411R6T3, STM32G411R6T6, STM32G411R8T3, STM32G411R8T6, STM32G411RBT3, STM32G411RBT6, STM32G414CBT3, STM32G414CBT6, STM32G414CBU3, STM32G414CBU6, STM32G414CCT3, STM32G414CCT6, STM32G414CCU3, STM32G414CCU6, STM32G414MBT3, STM32G414MBT6, STM32G414MCT3, STM32G414MCT6, STM32G414RBT3, STM32G414RBT6, STM32G414RCT3, STM32G414RCT6, STM32G414VBT3, STM32G414VBT6, STM32G414VCT3, STM32G414VCT6, STM32G431CBT3Z, STM32G431RBT3Z, STM32G471CCT6, STM32G471CCU6, STM32G471CET3, STM32G471CET6, STM32G471CEU3, STM32G471CEU6, STM32G471MCT6, STM32G471MET3, STM32G471MET6, STM32G471MEY6TR, STM32G471QCT6, STM32G471QET3, STM32G471RCT6, STM32G471RET3, STM32G471RET6, STM32G471VCH6, STM32G471VCI6, STM32G471VCT6, STM32G471VEH3, STM32G471VEH6, STM32G471VEI3, STM32G471VEI6, STM32G471VET3, STM32G471VET6, STM32G473QET3Z, STM32G473RET3Z, STM32G474CCT6, STM32G491RET3Z, STM32H503CBT6, STM32H503CBU6, STM32H503EBY6TR, STM32H503KBU6, STM32H503RBT6, STM32H523CCT6, STM32H523CCU6, STM32H523CET6, STM32H523CEU6, STM32H523HEY6TR, STM32H523RCT6, STM32H523RET6, STM32H523VCI6, STM32H523VCT6, STM32H523VEI6, STM32H523VET6, STM32H523ZCJ6, STM32H523ZCT6, STM32H523ZEJ6, STM32H523ZET6, STM32H533CET6, STM32H533CEU6, STM32H533HEY6TR, STM32H533RET6, STM32H533VEI6, STM32H533VET6, STM32H533ZEJ6, STM32H533ZET6, STM32H562AGI6, STM32H562AII6, STM32H562IGK6, STM32H562IGT6, STM32H562IIK6, STM32H562IIT6, STM32H562RGT6, STM32H562RGV6, STM32H562RIT6, STM32H562RIV6, STM32H562VGT6, STM32H562VIT6, STM32H562ZGT6, STM32H562ZIT6, STM32H563AGI6, STM32H563AII3Q, STM32H563AII6, STM32H563IGK6, STM32H563IGT6, STM32H563IIK3Q, STM32H563IIK6, STM32H563IIT3Q, STM32H563IIT6, STM32H563MIY3QTR, STM32H563RGT6, STM32H563RGV6, STM32H563RIT6, STM32H563RIV6, STM32H563VGT6, STM32H563VIT3Q, STM32H563VIT6, STM32H563ZGT6, STM32H563ZIT3Q, STM32H563ZIT6, STM32H573AII3Q, STM32H573AII6, STM32H573I-DK, STM32H573IIK3Q, STM32H573IIK6, STM32H573IIT3Q, STM32H573IIT6, STM32H573MIY3QTR, STM32H573RIT6, STM32H573RIV6, STM32H573VIT3Q, STM32H573VIT6, STM32H573ZIT3Q, STM32H573ZIT6, STM32H7R3A8I6, STM32H7R3I8K6, STM32H7R3I8T6, STM32H7R3L8H6, STM32H7R3L8H6H, STM32H7R3R8V6, STM32H7R3V8H6, STM32H7R3V8T6, STM32H7R3V8Y6TR, STM32H7R3Z8J6, STM32H7R3Z8T6, STM32H7R7A8I6, STM32H7R7I8K6, STM32H7R7I8T6, STM32H7R7L8H6, STM32H7R7L8H6H, STM32H7R7Z8J6, STM32H7S3A8I6, STM32H7S3I8K6, STM32H7S3I8T6, STM32H7S3L8H6, STM32H7S3L8H6H, STM32H7S3R8V6, STM32H7S3V8H6, STM32H7S3V8T6, STM32H7S3V8Y6TR, STM32H7S3Z8J6, STM32H7S3Z8T6, STM32H7S78-DK, STM32H7S7A8I6, STM32H7S7I8K6, STM32H7S7I8T6, STM32H7S7L8H6, STM32H7S7L8H6H, STM32H7S7Z8J6, STM32L4R5QGI6STR, STM32MP131AAE3, STM32MP131AAF3, STM32MP131AAG3, STM32MP131CAE3, STM32MP131CAF3, STM32MP131CAG3, STM32MP131DAE7, STM32MP131DAF7, STM32MP131DAG7, STM32MP131FAE7, STM32MP131FAF7, STM32MP131FAG7, STM32MP133AAE3, STM32MP133AAF3, STM32MP133AAG3, STM32MP133CAE3, STM32MP133CAF3, STM32MP133CAG3, STM32MP133DAE7, STM32MP133DAF7, STM32MP133DAG7, STM32MP133FAE7, STM32MP133FAF7, STM32MP133FAG7, STM32MP135AAE3, STM32MP135AAF3, STM32MP135AAG3, STM32MP135CAE3, STM32MP135CAF3, STM32MP135CAG3, STM32MP135DAE7, STM32MP135DAF7, STM32MP135DAG7, STM32MP135F-DK, STM32MP135FAE7, STM32MP135FAF7, STM32MP135FAF7T, STM32MP135FAF7U, STM32MP135FAG7, STM32MP211AAL3, STM32MP211AAM3, STM32MP211AAN3, STM32MP211AAO3, STM32MP211CAL3, STM32MP211CAM3, STM32MP211CAN3, STM32MP211CAO3, STM32MP211DAL3, STM32MP211DAM3, STM32MP211DAN3, STM32MP211DAO3, STM32MP211FAL3, STM32MP211FAM3, STM32MP211FAN3, STM32MP211FAO3, STM32MP213AAL3, STM32MP213AAM3, STM32MP213AAN3, STM32MP213AAO3, STM32MP213CAL3, STM32MP213CAM3, STM32MP213CAN3, STM32MP213CAO3, STM32MP213DAL3, STM32MP213DAM3, STM32MP213DAN3, STM32MP213DAO3, STM32MP213FAL3, STM32MP213FAM3, STM32MP213FAN3, STM32MP213FAO3, STM32MP215AAL3, STM32MP215AAM3, STM32MP215AAN3, STM32MP215AAO3, STM32MP215CAL3, STM32MP215CAM3, STM32MP215CAN3, STM32MP215CAO3, STM32MP215DAL3, STM32MP215DAM3, STM32MP215DAN3, STM32MP215DAO3, STM32MP215F-DK, STM32MP215FAL3, STM32MP215FAM3, STM32MP215FAN3, STM32MP215FAO3, STM32MP231AAJ3, STM32MP231AAK3, STM32MP231AAL3, STM32MP231CAJ3, STM32MP231CAK3, STM32MP231CAL3, STM32MP231DAJ3, STM32MP231DAK3, STM32MP231DAL3, STM32MP231FAJ3, STM32MP231FAK3, STM32MP231FAL3, STM32MP233AAJ3, STM32MP233AAK3, STM32MP233AAL3, STM32MP233CAJ3, STM32MP233CAK3, STM32MP233CAL3, STM32MP233DAJ3, STM32MP233DAK3, STM32MP233DAL3, STM32MP233FAJ3, STM32MP233FAK3, STM32MP233FAL3, STM32MP235AAJ3, STM32MP235AAK3, STM32MP235AAL3, STM32MP235CAJ3, STM32MP235CAK3, STM32MP235CAL3, STM32MP235DAJ3, STM32MP235DAK3, STM32MP235DAL3, STM32MP235FAJ3, STM32MP235FAK3, STM32MP235FAL3, STM32MP251AAI3, STM32MP251AAK3, STM32MP251AAL3, STM32MP251CAI3, STM32MP251CAK3, STM32MP251CAL3, STM32MP251DAI3, STM32MP251DAK3, STM32MP251DAL3, STM32MP251FAI3, STM32MP251FAK3, STM32MP251FAL3, STM32MP253AAI3, STM32MP253AAK3, STM32MP253AAL3, STM32MP253CAI3, STM32MP253CAK3, STM32MP253CAL3, STM32MP253DAI3, STM32MP253DAK3, STM32MP253DAL3, STM32MP253FAI3, STM32MP253FAK3, STM32MP253FAL3, STM32MP255AAI3, STM32MP255AAK3, STM32MP255AAL3, STM32MP255CAI3, STM32MP255CAK3, STM32MP255CAL3, STM32MP255DAI3, STM32MP255DAK3, STM32MP255DAL3, STM32MP255FAI3, STM32MP255FAK3, STM32MP255FAL3, STM32MP257AAI3, STM32MP257AAK3, STM32MP257AAL3, STM32MP257CAI3, STM32MP257CAK3, STM32MP257CAL3, STM32MP257DAI3, STM32MP257DAK3, STM32MP257DAL3, STM32MP257F-DK, STM32MP257F-EV1, STM32MP257FAI3, STM32MP257FAK3, STM32MP257FAL3, STM32N645A0H3Q, STM32N645B0H3Q, STM32N645I0H3Q, STM32N645L0H3Q, STM32N645X0H3Q, STM32N645Z0H3Q, STM32N647A0H3Q, STM32N647B0H3Q, STM32N647I0H3Q, STM32N647L0H3Q, STM32N647X0H3Q, STM32N647Z0H3Q, STM32N655A0H3Q, STM32N655B0H3Q, STM32N655I0H3Q, STM32N655L0H3Q, STM32N655X0H3Q, STM32N655Z0H3Q, STM32N6570-DK, STM32N657A0H3Q, STM32N657B0H3Q, STM32N657I0H3Q, STM32N657L0H3Q, STM32N657X0H3Q, STM32N657Z0H3Q, STM32U031C6T6, STM32U031C6U6, STM32U031C8T6, STM32U031C8U6, STM32U031F4P6, STM32U031F6P6, STM32U031F8P6, STM32U031G6Y6TR, STM32U031G8Y6TR, STM32U031K4U6, STM32U031K6U6, STM32U031K8U6, STM32U031R6I6, STM32U031R6T6, STM32U031R8I6, STM32U031R8T6, STM32U073C8T6, STM32U073C8U6, STM32U073CBT6, STM32U073CBU6, STM32U073CCT6, STM32U073CCU6, STM32U073H8Y6TR, STM32U073HBY6TR, STM32U073HCY6TR, STM32U073K8U6, STM32U073KBU6, STM32U073KCU6, STM32U073M8I6, STM32U073M8T6, STM32U073MBI6, STM32U073MBT6, STM32U073MCI6, STM32U073MCT6, STM32U073R8I6, STM32U073R8T6, STM32U073RBI6, STM32U073RBT6, STM32U073RCI6, STM32U073RCT6, STM32U083C-DK, STM32U083CCT6, STM32U083CCU6, STM32U083HCY6TR, STM32U083KCU6, STM32U083MCI6, STM32U083MCT6, STM32U083RCI6, STM32U083RCT6, STM32U375CET6, STM32U375CET6Q, STM32U375CEU6, STM32U375CEU6Q, STM32U375CEY6QTR, STM32U375CGT6, STM32U375CGT6Q, STM32U375CGU6, STM32U375CGU6Q, STM32U375CGY6QTR, STM32U375KEU6, STM32U375KGU6, STM32U375REI6, STM32U375REI6Q, STM32U375RET6, STM32U375RET6Q, STM32U375REY6GTR, STM32U375REY6QTR, STM32U375RGI6, STM32U375RGI6Q, STM32U375RGT6, STM32U375RGT6Q, STM32U375RGY6GTR, STM32U375RGY6QTR, STM32U375VEI6, STM32U375VEI6Q, STM32U375VET6, STM32U375VET6Q, STM32U375VGI6, STM32U375VGI6Q, STM32U375VGT6, STM32U375VGT6Q, STM32U385CGT6, STM32U385CGT6Q, STM32U385CGU6, STM32U385CGU6Q, STM32U385CGY6QTR, STM32U385KGU6, STM32U385RGI6, STM32U385RGI6Q, STM32U385RGT6, STM32U385RGT6Q, STM32U385RGY6GTR, STM32U385RGY6QTR, STM32U385VGI6, STM32U385VGI6Q, STM32U385VGT6, STM32U385VGT6Q, STM32U535CBT6, STM32U535CBT6Q, STM32U535CBU6, STM32U535CBU6Q, STM32U535CCT6, STM32U535CCT6Q, STM32U535CCU6, STM32U535CCU6Q, STM32U535CET6, STM32U535CET6Q, STM32U535CEU6, STM32U535CEU6Q, STM32U535JEY6QTR, STM32U535NCY6QTR, STM32U535NEY6QTR, STM32U535RBI6, STM32U535RBI6Q, STM32U535RBT6, STM32U535RBT6Q, STM32U535RCI6, STM32U535RCI6Q, STM32U535RCT6, STM32U535RCT6Q, STM32U535REI6, STM32U535REI6Q, STM32U535RET6, STM32U535RET6Q, STM32U535VCI6, STM32U535VCI6Q, STM32U535VCT6, STM32U535VCT6Q, STM32U535VEI6, STM32U535VEI6Q, STM32U535VET6, STM32U535VET6Q, STM32U545CET6, STM32U545CET6Q, STM32U545CEU6, STM32U545CEU6Q, STM32U545JEY6QTR, STM32U545NEY6QTR, STM32U545REI6, STM32U545REI6Q, STM32U545RET6, STM32U545RET6Q, STM32U545VEI6, STM32U545VEI6Q, STM32U545VET6, STM32U545VET6Q, STM32U595AIH6, STM32U595AIH6Q, STM32U595AJH6, STM32U595AJH6Q, STM32U595QII6, STM32U595QII6Q, STM32U595QJI6, STM32U595QJI6Q, STM32U595RIT6, STM32U595RIT6Q, STM32U595RJT6, STM32U595RJT6Q, STM32U595VIT6, STM32U595VIT6Q, STM32U595VJT6, STM32U595VJT6Q, STM32U595ZIT6, STM32U595ZIT6Q, STM32U595ZIY6QTR, STM32U595ZJT6, STM32U595ZJT6Q, STM32U595ZJY6QTR, STM32U599BJY6QTR, STM32U599NIH6Q, STM32U599NJH6Q, STM32U599VIT6Q, STM32U599VJT6, STM32U599VJT6Q, STM32U599ZIT6Q, STM32U599ZIY6QTR, STM32U599ZJT6Q, STM32U599ZJY6QTR, STM32U5A5AJH6, STM32U5A5AJH6Q, STM32U5A5QII3Q , STM32U5A5QJI6, STM32U5A5QJI6Q, STM32U5A5RJT6, STM32U5A5RJT6Q, STM32U5A5VJT6, STM32U5A5VJT6Q, STM32U5A5ZJT6, STM32U5A5ZJT6Q, STM32U5A5ZJY6QTR, STM32U5A9BJY6QTR, STM32U5A9J-DK, STM32U5A9NJH6Q, STM32U5A9VJT6Q, STM32U5A9ZJT6Q, STM32U5A9ZJY6QTR, STM32U5F7VIT6, STM32U5F7VIT6Q, STM32U5F7VJT6, STM32U5F7VJT6Q, STM32U5F9BJY6QTR, STM32U5F9NJH6Q, STM32U5F9VIT6Q, STM32U5F9VJT6Q, STM32U5F9ZIJ6QTR, STM32U5F9ZIT6Q, STM32U5F9ZJJ6QTR, STM32U5F9ZJT6Q, STM32U5G7VJT6, STM32U5G7VJT6Q, STM32U5G9BJY6QTR, STM32U5G9J-DK1, STM32U5G9J-DK2, STM32U5G9NJH6Q, STM32U5G9VJT6Q, STM32U5G9ZJJ6QTR, STM32U5G9ZJT6Q, STM32WB05KZV6TR, STM32WB05KZV7TR, STM32WB05TZF6TR, STM32WB05TZF7TR, STM32WB06CCF6TR, STM32WB06CCF7TR, STM32WB06CCV6TR, STM32WB06CCV7TR, STM32WB06KCV6TR, STM32WB06KCV7TR, STM32WB07CCF6TR, STM32WB07CCF7TR, STM32WB07CCV6TR, STM32WB07CCV7TR, STM32WB07KCV6TR, STM32WB07KCV7TR, STM32WB09KEV6TR, STM32WB09KEV7TR, STM32WB09TEF6TR, STM32WB09TEF7TR, STM32WB1MMCH6, STM32WBA50KGU6, STM32WBA50KGU6TR, STM32WBA52CEU6, STM32WBA52CEU6TR, STM32WBA52CEU7, STM32WBA52CEU7TR, STM32WBA52CGU6, STM32WBA52CGU6TR, STM32WBA52CGU6U, STM32WBA52CGU7, STM32WBA52CGU7TR, STM32WBA52KEU6, STM32WBA52KEU6TR, STM32WBA52KGU6, STM32WBA52KGU6TR, STM32WBA54CEU6, STM32WBA54CEU6TR, STM32WBA54CEU7, STM32WBA54CEU7TR, STM32WBA54CGU6, STM32WBA54CGU6TR, STM32WBA54CGU7, STM32WBA54CGU7TR, STM32WBA54KEU6, STM32WBA54KEU6TR, STM32WBA54KEU7, STM32WBA54KEU7TR, STM32WBA54KGU6, STM32WBA54KGU6TR, STM32WBA54KGU7, STM32WBA54KGU7TR, STM32WBA55CEU6, STM32WBA55CEU6TR, STM32WBA55CEU7, STM32WBA55CEU7TR, STM32WBA55CGU6, STM32WBA55CGU6TR, STM32WBA55CGU6U, STM32WBA55CGU7, STM32WBA55CGU7TR, STM32WBA55G-DK1, STM32WBA55HEF6, STM32WBA55HEF7, STM32WBA55HGF6, STM32WBA55HGF7, STM32WBA55UEI6, STM32WBA55UEI6TR, STM32WBA55UEI7, STM32WBA55UEI7TR, STM32WBA55UGI6, STM32WBA55UGI6TR, STM32WBA55UGI7, STM32WBA55UGI7TR, STM32WBA5MMGH6TR, STM32WBA62MGF6, STM32WBA62MIF6, STM32WBA65MGF7, STM32WBA65MIF6, STM32WBA65MIF7, STM32WL30K8V6, STM32WL30KBV6, STM32WL31C8V6, STM32WL31CBV6, STM32WL31K8V6, STM32WL31KBV6, STM32WL33C8V6, STM32WL33C8V6X, STM32WL33CBV6, STM32WL33CBV6X, STM32WL33CCV6, STM32WL33CCV6A, STM32WL33CCV6X, STM32WL33K8V7, STM32WL33K8V7X, STM32WL33KBV7 , STM32WL33KBV7X, STM32WL33KCV7, STM32WL33KCV7X, STM32WL5MOCH6, STM32WL5MOCH6TR]
2026-04-29 19:12:40,505 [INFO] BoardInfo:889 - No configuration file found for board NUCLEO-H5E5ZJ
2026-04-29 19:12:40,507 [INFO] DbBoards:161 - Board is not supported: NUCLEO-H5E5ZJ
2026-04-29 19:12:40,574 [INFO] BoardInfo:889 - No configuration file found for board NUCLEO-U3C5ZI-Q
2026-04-29 19:12:40,575 [INFO] DbBoards:161 - Board is not supported: NUCLEO-U3C5ZI-Q
2026-04-29 19:12:40,591 [INFO] BoardInfo:889 - No configuration file found for board NUCLEO-WBA25CE1
2026-04-29 19:12:40,592 [INFO] DbBoards:161 - Board is not supported: NUCLEO-WBA25CE1
2026-04-29 19:12:40,602 [INFO] BoardInfo:889 - No configuration file found for board NUCLEO-WL3RKB1
2026-04-29 19:12:40,603 [INFO] DbBoards:161 - Board is not supported: NUCLEO-WL3RKB1
2026-04-29 19:12:40,604 [INFO] BoardInfo:889 - No configuration file found for board NUCLEO-WL3RKB2
2026-04-29 19:12:40,605 [INFO] DbBoards:161 - Board is not supported: NUCLEO-WL3RKB2
2026-04-29 19:12:40,613 [INFO] BoardInfo:889 - No configuration file found for board P-NUCLEO-WB55
2026-04-29 19:12:40,614 [INFO] DbBoards:161 - Kit is not supported: P-NUCLEO-WB55
2026-04-29 19:12:40,620 [INFO] BoardInfo:889 - No configuration file found for board STEVAL-BFA001V1B
2026-04-29 19:12:40,621 [INFO] DbBoards:161 - Kit is not supported: STEVAL-BFA001V1B
2026-04-29 19:12:40,622 [INFO] BoardInfo:889 - No configuration file found for board STEVAL-BFA001V2B
2026-04-29 19:12:40,624 [INFO] DbBoards:161 - Kit is not supported: STEVAL-BFA001V2B
2026-04-29 19:12:40,734 [INFO] BoardInfo:889 - No configuration file found for board STM32H5F5J-DK
2026-04-29 19:12:40,735 [INFO] DbBoards:161 - Board is not supported: STM32H5F5J-DK
2026-04-29 19:12:40,819 [INFO] DbBoards:168 - Found 218 boards, 209 are supported
2026-04-29 19:12:40,819 [INFO] DbBoards:169 - Found 218 boards, 43 of them is supported for  Bsp
2026-04-29 19:12:40,823 [INFO] ApiDb:423 - Load user favorites file C:\Users\Евгений/.stm32cubeide/favorites.boards.txt: 0 item(s)
2026-04-29 19:12:40,823 [INFO] ApiDb:427 - User favorites Boards=[]
2026-04-29 19:12:40,823 [INFO] DbBoards:198 - Set 0 / 0 favorites Boards
2026-04-29 19:12:41,662 [INFO] LoadUrlFilesThread:185 - End of LoadServerUrlFiles without Thread
2026-04-29 19:12:41,663 [INFO] TargetSelectorAdapter:259 - Refresh data is successful
2026-04-29 19:12:41,665 [INFO] ApiDb:668 - CubeFinder database Data Model version=2.1
2026-04-29 19:12:41,665 [INFO] ApiDb:669 - CubeFinder database Configuration version=3.0.42
2026-04-29 19:12:41,665 [INFO] ApiDb:670 - CubeFinder database generation date=2026-03-11 (1773229989)
2026-04-29 19:12:41,665 [INFO] ApiDb:671 - CubeFinder database FW Pack versions=[FP-ATR-ASTRA1_V2.0.0, FP-SNS-FLIGHT1_V5.1.0, FP-SNS-MOTENV1_V5.1.0, FP-SNS-MOTENVWB1_V1.5.0, FP-SNS-SMARTAG2_V1.2.0, FP-SNS-STBOX1_V2.1.0, STM32Cube_FW_C0_V1.4.0, STM32Cube_FW_F4_V1.28.3, STM32Cube_FW_F7_V1.17.4, STM32Cube_FW_G0_V1.6.3, STM32Cube_FW_G4_V1.6.2, STM32Cube_FW_H5_V1.6.0, STM32Cube_FW_H7RS_V1.3.0, STM32Cube_FW_H7_V1.13.0, STM32Cube_FW_L0_V1.12.2, STM32Cube_FW_L4_V1.18.2, STM32Cube_FW_L5_V1.6.0, STM32Cube_FW_N6_V1.3.0, STM32Cube_FW_U0_V1.3.0, STM32Cube_FW_U3_V1.3.0, STM32Cube_FW_U5_V1.8.0, STM32Cube_FW_WB0_V1.4.0, STM32Cube_FW_WBA_V1.9.0, STM32Cube_FW_WB_V1.24.0, STM32Cube_FW_WL3_V1.4.0, STM32Cube_FW_WL_V1.5.0, X-CUBE-ALGOBUILD_V1.4.0, X-CUBE-ALS_V1.0.2, X-CUBE-AZRTOS-F4_V1.1.0, X-CUBE-AZRTOS-F7_V1.1.0, X-CUBE-AZRTOS-G0_V1.1.0, X-CUBE-AZRTOS-G4_V2.0.0, X-CUBE-AZRTOS-H7RS_V1.1.0, X-CUBE-AZRTOS-H7_V3.4.0, X-CUBE-AZRTOS-L4_V2.0.0, X-CUBE-AZRTOS-L5_V2.0.0, X-CUBE-AZRTOS-WB_V2.0.0, X-CUBE-AZRTOS-WL_V2.0.0, X-CUBE-BLE1_V7.1.0, X-CUBE-BLE2_V3.3.0, X-CUBE-BLEMGR_V4.1.0, X-CUBE-EEPRMA1_V5.2.0, X-CUBE-FREERTOS_V1.5.0, X-CUBE-GNSS1_V6.0.0, X-CUBE-MEMS1_V12.0.0, X-CUBE-NFC4_V3.0.0, X-CUBE-NFC7_V2.0.0, X-CUBE-SFXS2LP1_V4.0.0, X-CUBE-ST67W61_V1.2.0, X-CUBE-SUBG2_V5.0.0, X-CUBE-TOF1_V3.4.3]
2026-04-29 19:12:42,251 [ERROR] DbExamplesSqlite:437 - Missing JSON key: board_cpn
2026-04-29 19:12:42,251 [ERROR] DbExamplesSqlite:437 - Missing JSON key: board_cpn
2026-04-29 19:12:42,252 [ERROR] DbExamplesSqlite:437 - Missing JSON key: board_cpn
2026-04-29 19:12:42,252 [ERROR] DbExamplesSqlite:437 - Missing JSON key: board_cpn
2026-04-29 19:12:42,632 [ERROR] DbExamplesSqlite:437 - Missing JSON key: board_cpn
2026-04-29 19:12:42,632 [ERROR] DbExamplesSqlite:437 - Missing JSON key: board_cpn
2026-04-29 19:12:42,673 [INFO] DbExamplesSqlite:395 - Ignored 39 examples not supported by CubeIDE
2026-04-29 19:12:42,673 [INFO] DbExamplesSqlite:396 - Found 11210 examples active
2026-04-29 19:12:42,673 [INFO] DbExamplesSqlite:397 - Found 0 examples obsolete
2026-04-29 19:12:42,673 [INFO] DbExamplesSqlite:398 - Found 0 examples under development
2026-04-29 19:12:42,673 [INFO] DbExamplesSqlite:399 - Found 76 examples not building
2026-04-29 19:12:42,676 [INFO] DbExamples:125 - Found 11247 examples
2026-04-29 19:12:42,751 [ERROR] DbExamples:208 - Found 377 examples with invalid data (board or MCU)
2026-04-29 19:12:42,752 [INFO] DbExamples:222 - Found 140 boards with related examples
2026-04-29 19:12:42,753 [INFO] DbExamples:235 - Found 114 MCUs with related examples
2026-04-29 19:12:42,778 [INFO] ApiDb:414 - User favorites file not found: C:\Users\Евгений/.stm32cubeide/favorites.examples.txt
2026-04-29 19:12:42,778 [INFO] DbExamples:250 - Set 0 / 0 favorites Examples
2026-04-29 19:12:45,284 [INFO] ServerAccessManage:452 - Complete download http(s) 200
2026-04-29 19:12:45,284 [INFO] ServerAccessManage:509 - Download File tutoVideoDB.zip
2026-04-29 19:12:45,417 [INFO] FileExtend:248 - Unzip File : tutoVideoDB.zip
2026-04-29 19:12:45,417 [INFO] FileExtend:263 - Standard Zip Deflate
2026-04-29 19:12:45,536 [INFO] LoadUrlFilesThread:156 - End of LoadUrlFiles Thread
2026-04-29 19:12:45,537 [WARN] DbFile:41 - Overriding database path with different value: C:\Users\Евгений\.stmcufinder\plugins\mcufinder/ => C:\Users\Евгений\.stmcufinder\plugins\mcufinder
2026-04-29 19:12:45,990 [INFO] ServerAccessManage:452 - Complete download http(s) 200
2026-04-29 19:12:45,991 [INFO] ServerAccessManage:509 - Download File api_config.json
2026-04-29 19:12:46,110 [INFO] LoadUrlFilesThread:156 - End of LoadUrlFiles Thread
2026-04-29 19:12:46,111 [INFO] DbMcusAds:53 - JSON generation date=Mon Apr 27 11:14:29 MSK 2026 (1777277669683)
2026-04-29 19:12:46,113 [INFO] ApiDb:448 - Save user favorites file C:\Users\Евгений/.stm32cubeide/favorites.mcus.txt: 0 item(s)
2026-04-29 19:12:46,113 [INFO] ApiDb:452 - User favorites MCUs=[]
2026-04-29 19:12:46,115 [INFO] ApiDb:581 - Connected to CubeFinder SQLite database (C:\Users\Евгений\.stmcufinder\plugins\mcufinder\mcu\cube-finder-db.db)
2026-04-29 19:12:46,182 [INFO] ApiDb:668 - CubeFinder database Data Model version=2.1
2026-04-29 19:12:46,182 [INFO] ApiDb:669 - CubeFinder database Configuration version=3.0.42
2026-04-29 19:12:46,183 [INFO] ApiDb:670 - CubeFinder database generation date=2026-03-11 (1773229989)
2026-04-29 19:12:46,183 [INFO] ApiDb:671 - CubeFinder database FW Pack versions=[FP-ATR-ASTRA1_V2.0.0, FP-SNS-FLIGHT1_V5.1.0, FP-SNS-MOTENV1_V5.1.0, FP-SNS-MOTENVWB1_V1.5.0, FP-SNS-SMARTAG2_V1.2.0, FP-SNS-STBOX1_V2.1.0, STM32Cube_FW_C0_V1.4.0, STM32Cube_FW_F4_V1.28.3, STM32Cube_FW_F7_V1.17.4, STM32Cube_FW_G0_V1.6.3, STM32Cube_FW_G4_V1.6.2, STM32Cube_FW_H5_V1.6.0, STM32Cube_FW_H7RS_V1.3.0, STM32Cube_FW_H7_V1.13.0, STM32Cube_FW_L0_V1.12.2, STM32Cube_FW_L4_V1.18.2, STM32Cube_FW_L5_V1.6.0, STM32Cube_FW_N6_V1.3.0, STM32Cube_FW_U0_V1.3.0, STM32Cube_FW_U3_V1.3.0, STM32Cube_FW_U5_V1.8.0, STM32Cube_FW_WB0_V1.4.0, STM32Cube_FW_WBA_V1.9.0, STM32Cube_FW_WB_V1.24.0, STM32Cube_FW_WL3_V1.4.0, STM32Cube_FW_WL_V1.5.0, X-CUBE-ALGOBUILD_V1.4.0, X-CUBE-ALS_V1.0.2, X-CUBE-AZRTOS-F4_V1.1.0, X-CUBE-AZRTOS-F7_V1.1.0, X-CUBE-AZRTOS-G0_V1.1.0, X-CUBE-AZRTOS-G4_V2.0.0, X-CUBE-AZRTOS-H7RS_V1.1.0, X-CUBE-AZRTOS-H7_V3.4.0, X-CUBE-AZRTOS-L4_V2.0.0, X-CUBE-AZRTOS-L5_V2.0.0, X-CUBE-AZRTOS-WB_V2.0.0, X-CUBE-AZRTOS-WL_V2.0.0, X-CUBE-BLE1_V7.1.0, X-CUBE-BLE2_V3.3.0, X-CUBE-BLEMGR_V4.1.0, X-CUBE-EEPRMA1_V5.2.0, X-CUBE-FREERTOS_V1.5.0, X-CUBE-GNSS1_V6.0.0, X-CUBE-MEMS1_V12.0.0, X-CUBE-NFC4_V3.0.0, X-CUBE-NFC7_V2.0.0, X-CUBE-SFXS2LP1_V4.0.0, X-CUBE-ST67W61_V1.2.0, X-CUBE-SUBG2_V5.0.0, X-CUBE-TOF1_V3.4.3]
2026-04-29 19:12:47,964 [INFO] ApiDb:240 - Found 880 in-development CPN: [B-G473E-ZEST1S, B-WB1M-WPAN1, B-WBA5M-WPAN, B-WL5M-SUBG1, NUCLEO-C031C6, NUCLEO-C051C8, NUCLEO-C071RB, NUCLEO-C092RC, NUCLEO-H503RB, NUCLEO-H533RE, NUCLEO-H563ZI, NUCLEO-H7S3L8, NUCLEO-N657X0-Q, NUCLEO-U031R8, NUCLEO-U083RC, NUCLEO-U385RG-Q, NUCLEO-U545RE-Q, NUCLEO-U5A5ZJ-Q, NUCLEO-WB05KZ, NUCLEO-WB07CC, NUCLEO-WB09KE, NUCLEO-WBA52CG, NUCLEO-WBA55CG, NUCLEO-WL33CC1, NUCLEO-WL33CC2, STEVAL-PROTEUS1, STEVAL-SMARTAG2, STEVAL-STWINBX1, STM320518-EVAL, STM32C0116-DK, STM32C011D6Y3TR, STM32C011D6Y6TR, STM32C011F4P3, STM32C011F4P6, STM32C011F4U3, STM32C011F4U6TR, STM32C011F6P3, STM32C011F6P6, STM32C011F6U3, STM32C011F6U6TR, STM32C011J4M3, STM32C011J4M6, STM32C011J6M3, STM32C011J6M6, STM32C0316-DK, STM32C031C4T3, STM32C031C4T6, STM32C031C4U3, STM32C031C4U6, STM32C031C6T3, STM32C031C6T6, STM32C031C6U3, STM32C031C6U6, STM32C031F4P3, STM32C031F4P6, STM32C031F6P3, STM32C031F6P6, STM32C031G4U3, STM32C031G4U6, STM32C031G6U3, STM32C031G6U6, STM32C031K4T3, STM32C031K4T6, STM32C031K4U3, STM32C031K4U6, STM32C031K6T3, STM32C031K6T6, STM32C031K6U3, STM32C031K6U6, STM32C051C6T6, STM32C051C6U6, STM32C051C8T6, STM32C051C8U6, STM32C051D8Y6TR, STM32C051F6P6, STM32C051F8P6, STM32C051G6U6, STM32C051G8U6, STM32C051K6T6, STM32C051K6U6, STM32C051K8T6, STM32C071C8T6, STM32C071C8T6N, STM32C071C8U6, STM32C071C8U6N, STM32C071CBT6, STM32C071CBT6N, STM32C071CBU6, STM32C071CBU6N, STM32C071F8P6, STM32C071F8P6N, STM32C071FBP6, STM32C071FBP6N, STM32C071FBY6TR, STM32C071G8U6, STM32C071G8U6N, STM32C071GBU6, STM32C071GBU6N, STM32C071K8T6, STM32C071K8T6N, STM32C071K8U6, STM32C071K8U6N, STM32C071KBT6, STM32C071KBT6N, STM32C071KBU6, STM32C071KBU6N, STM32C071R8T6, STM32C071R8T6N, STM32C071RBI6N, STM32C071RBT6, STM32C071RBT6N, STM32C091CBT6, STM32C091CBU6, STM32C091CCT6, STM32C091CCU6, STM32C091ECY6TR, STM32C091FBP6, STM32C091FCP6, STM32C091GBU6, STM32C091GCU6, STM32C091KBT6, STM32C091KBU6, STM32C091KCT6, STM32C091KCU6, STM32C091RBT6, STM32C091RCI6, STM32C091RCT6, STM32C092CBT6, STM32C092CBU6, STM32C092CCT6, STM32C092CCU6, STM32C092ECY6TR, STM32C092FBP6, STM32C092FCP6, STM32C092GBU6, STM32C092GCU6, STM32C092KBT6, STM32C092KBU6, STM32C092KCT6, STM32C092KCU6, STM32C092RBT6, STM32C092RCI6, STM32C092RCT6, STM32G071K8TXN, STM32G071K8UXN, STM32G081GBU6N, STM32G081KBT6N, STM32G081KBUXN, STM32G0B1CCT6N, STM32G0B1KCT6, STM32G0B1NEY6TR, STM32G0B1RCT6N, STM32G0C1CCT6, STM32G0C1CCT6N, STM32G0C1CCU6N, STM32G0C1CET6N, STM32G0C1CEU6N, STM32G0C1KCT6, STM32G0C1NEY6TR, STM32G0C1RCI6N, STM32G0C1RCT6N, STM32G0C1REI6N, STM32G0C1RET6N, STM32G0C1VCI6, STM32G0C1VEI6, STM32G411C6T3, STM32G411C6T6, STM32G411C6U3, STM32G411C6U6, STM32G411C8T3, STM32G411C8T6, STM32G411C8U3, STM32G411C8U6, STM32G411CBT3, STM32G411CBT6, STM32G411CBU3, STM32G411CBU6, STM32G411K6T3, STM32G411K6T6, STM32G411K6U3, STM32G411K6U6, STM32G411K8T3, STM32G411K8T6, STM32G411K8U3, STM32G411K8U6, STM32G411KBT3, STM32G411KBT6, STM32G411KBU3, STM32G411KBU6, STM32G411M6T3, STM32G411M6T6, STM32G411M8T3, STM32G411M8T6, STM32G411MBT3, STM32G411MBT6, STM32G411R6T3, STM32G411R6T6, STM32G411R8T3, STM32G411R8T6, STM32G411RBT3, STM32G411RBT6, STM32G414CBT3, STM32G414CBT6, STM32G414CBU3, STM32G414CBU6, STM32G414CCT3, STM32G414CCT6, STM32G414CCU3, STM32G414CCU6, STM32G414MBT3, STM32G414MBT6, STM32G414MCT3, STM32G414MCT6, STM32G414RBT3, STM32G414RBT6, STM32G414RCT3, STM32G414RCT6, STM32G414VBT3, STM32G414VBT6, STM32G414VCT3, STM32G414VCT6, STM32G431CBT3Z, STM32G431RBT3Z, STM32G471CCT6, STM32G471CCU6, STM32G471CET3, STM32G471CET6, STM32G471CEU3, STM32G471CEU6, STM32G471MCT6, STM32G471MET3, STM32G471MET6, STM32G471MEY6TR, STM32G471QCT6, STM32G471QET3, STM32G471RCT6, STM32G471RET3, STM32G471RET6, STM32G471VCH6, STM32G471VCI6, STM32G471VCT6, STM32G471VEH3, STM32G471VEH6, STM32G471VEI3, STM32G471VEI6, STM32G471VET3, STM32G471VET6, STM32G473QET3Z, STM32G473RET3Z, STM32G474CCT6, STM32G491RET3Z, STM32H503CBT6, STM32H503CBU6, STM32H503EBY6TR, STM32H503KBU6, STM32H503RBT6, STM32H523CCT6, STM32H523CCU6, STM32H523CET6, STM32H523CEU6, STM32H523HEY6TR, STM32H523RCT6, STM32H523RET6, STM32H523VCI6, STM32H523VCT6, STM32H523VEI6, STM32H523VET6, STM32H523ZCJ6, STM32H523ZCT6, STM32H523ZEJ6, STM32H523ZET6, STM32H533CET6, STM32H533CEU6, STM32H533HEY6TR, STM32H533RET6, STM32H533VEI6, STM32H533VET6, STM32H533ZEJ6, STM32H533ZET6, STM32H562AGI6, STM32H562AII6, STM32H562IGK6, STM32H562IGT6, STM32H562IIK6, STM32H562IIT6, STM32H562RGT6, STM32H562RGV6, STM32H562RIT6, STM32H562RIV6, STM32H562VGT6, STM32H562VIT6, STM32H562ZGT6, STM32H562ZIT6, STM32H563AGI6, STM32H563AII3Q, STM32H563AII6, STM32H563IGK6, STM32H563IGT6, STM32H563IIK3Q, STM32H563IIK6, STM32H563IIT3Q, STM32H563IIT6, STM32H563MIY3QTR, STM32H563RGT6, STM32H563RGV6, STM32H563RIT6, STM32H563RIV6, STM32H563VGT6, STM32H563VIT3Q, STM32H563VIT6, STM32H563ZGT6, STM32H563ZIT3Q, STM32H563ZIT6, STM32H573AII3Q, STM32H573AII6, STM32H573I-DK, STM32H573IIK3Q, STM32H573IIK6, STM32H573IIT3Q, STM32H573IIT6, STM32H573MIY3QTR, STM32H573RIT6, STM32H573RIV6, STM32H573VIT3Q, STM32H573VIT6, STM32H573ZIT3Q, STM32H573ZIT6, STM32H7R3A8I6, STM32H7R3I8K6, STM32H7R3I8T6, STM32H7R3L8H6, STM32H7R3L8H6H, STM32H7R3R8V6, STM32H7R3V8H6, STM32H7R3V8T6, STM32H7R3V8Y6TR, STM32H7R3Z8J6, STM32H7R3Z8T6, STM32H7R7A8I6, STM32H7R7I8K6, STM32H7R7I8T6, STM32H7R7L8H6, STM32H7R7L8H6H, STM32H7R7Z8J6, STM32H7S3A8I6, STM32H7S3I8K6, STM32H7S3I8T6, STM32H7S3L8H6, STM32H7S3L8H6H, STM32H7S3R8V6, STM32H7S3V8H6, STM32H7S3V8T6, STM32H7S3V8Y6TR, STM32H7S3Z8J6, STM32H7S3Z8T6, STM32H7S78-DK, STM32H7S7A8I6, STM32H7S7I8K6, STM32H7S7I8T6, STM32H7S7L8H6, STM32H7S7L8H6H, STM32H7S7Z8J6, STM32L4R5QGI6STR, STM32MP131AAE3, STM32MP131AAF3, STM32MP131AAG3, STM32MP131CAE3, STM32MP131CAF3, STM32MP131CAG3, STM32MP131DAE7, STM32MP131DAF7, STM32MP131DAG7, STM32MP131FAE7, STM32MP131FAF7, STM32MP131FAG7, STM32MP133AAE3, STM32MP133AAF3, STM32MP133AAG3, STM32MP133CAE3, STM32MP133CAF3, STM32MP133CAG3, STM32MP133DAE7, STM32MP133DAF7, STM32MP133DAG7, STM32MP133FAE7, STM32MP133FAF7, STM32MP133FAG7, STM32MP135AAE3, STM32MP135AAF3, STM32MP135AAG3, STM32MP135CAE3, STM32MP135CAF3, STM32MP135CAG3, STM32MP135DAE7, STM32MP135DAF7, STM32MP135DAG7, STM32MP135F-DK, STM32MP135FAE7, STM32MP135FAF7, STM32MP135FAF7T, STM32MP135FAF7U, STM32MP135FAG7, STM32MP211AAL3, STM32MP211AAM3, STM32MP211AAN3, STM32MP211AAO3, STM32MP211CAL3, STM32MP211CAM3, STM32MP211CAN3, STM32MP211CAO3, STM32MP211DAL3, STM32MP211DAM3, STM32MP211DAN3, STM32MP211DAO3, STM32MP211FAL3, STM32MP211FAM3, STM32MP211FAN3, STM32MP211FAO3, STM32MP213AAL3, STM32MP213AAM3, STM32MP213AAN3, STM32MP213AAO3, STM32MP213CAL3, STM32MP213CAM3, STM32MP213CAN3, STM32MP213CAO3, STM32MP213DAL3, STM32MP213DAM3, STM32MP213DAN3, STM32MP213DAO3, STM32MP213FAL3, STM32MP213FAM3, STM32MP213FAN3, STM32MP213FAO3, STM32MP215AAL3, STM32MP215AAM3, STM32MP215AAN3, STM32MP215AAO3, STM32MP215CAL3, STM32MP215CAM3, STM32MP215CAN3, STM32MP215CAO3, STM32MP215DAL3, STM32MP215DAM3, STM32MP215DAN3, STM32MP215DAO3, STM32MP215F-DK, STM32MP215FAL3, STM32MP215FAM3, STM32MP215FAN3, STM32MP215FAO3, STM32MP231AAJ3, STM32MP231AAK3, STM32MP231AAL3, STM32MP231CAJ3, STM32MP231CAK3, STM32MP231CAL3, STM32MP231DAJ3, STM32MP231DAK3, STM32MP231DAL3, STM32MP231FAJ3, STM32MP231FAK3, STM32MP231FAL3, STM32MP233AAJ3, STM32MP233AAK3, STM32MP233AAL3, STM32MP233CAJ3, STM32MP233CAK3, STM32MP233CAL3, STM32MP233DAJ3, STM32MP233DAK3, STM32MP233DAL3, STM32MP233FAJ3, STM32MP233FAK3, STM32MP233FAL3, STM32MP235AAJ3, STM32MP235AAK3, STM32MP235AAL3, STM32MP235CAJ3, STM32MP235CAK3, STM32MP235CAL3, STM32MP235DAJ3, STM32MP235DAK3, STM32MP235DAL3, STM32MP235FAJ3, STM32MP235FAK3, STM32MP235FAL3, STM32MP251AAI3, STM32MP251AAK3, STM32MP251AAL3, STM32MP251CAI3, STM32MP251CAK3, STM32MP251CAL3, STM32MP251DAI3, STM32MP251DAK3, STM32MP251DAL3, STM32MP251FAI3, STM32MP251FAK3, STM32MP251FAL3, STM32MP253AAI3, STM32MP253AAK3, STM32MP253AAL3, STM32MP253CAI3, STM32MP253CAK3, STM32MP253CAL3, STM32MP253DAI3, STM32MP253DAK3, STM32MP253DAL3, STM32MP253FAI3, STM32MP253FAK3, STM32MP253FAL3, STM32MP255AAI3, STM32MP255AAK3, STM32MP255AAL3, STM32MP255CAI3, STM32MP255CAK3, STM32MP255CAL3, STM32MP255DAI3, STM32MP255DAK3, STM32MP255DAL3, STM32MP255FAI3, STM32MP255FAK3, STM32MP255FAL3, STM32MP257AAI3, STM32MP257AAK3, STM32MP257AAL3, STM32MP257CAI3, STM32MP257CAK3, STM32MP257CAL3, STM32MP257DAI3, STM32MP257DAK3, STM32MP257DAL3, STM32MP257F-DK, STM32MP257F-EV1, STM32MP257FAI3, STM32MP257FAK3, STM32MP257FAL3, STM32N645A0H3Q, STM32N645B0H3Q, STM32N645I0H3Q, STM32N645L0H3Q, STM32N645X0H3Q, STM32N645Z0H3Q, STM32N647A0H3Q, STM32N647B0H3Q, STM32N647I0H3Q, STM32N647L0H3Q, STM32N647X0H3Q, STM32N647Z0H3Q, STM32N655A0H3Q, STM32N655B0H3Q, STM32N655I0H3Q, STM32N655L0H3Q, STM32N655X0H3Q, STM32N655Z0H3Q, STM32N6570-DK, STM32N657A0H3Q, STM32N657B0H3Q, STM32N657I0H3Q, STM32N657L0H3Q, STM32N657X0H3Q, STM32N657Z0H3Q, STM32U031C6T6, STM32U031C6U6, STM32U031C8T6, STM32U031C8U6, STM32U031F4P6, STM32U031F6P6, STM32U031F8P6, STM32U031G6Y6TR, STM32U031G8Y6TR, STM32U031K4U6, STM32U031K6U6, STM32U031K8U6, STM32U031R6I6, STM32U031R6T6, STM32U031R8I6, STM32U031R8T6, STM32U073C8T6, STM32U073C8U6, STM32U073CBT6, STM32U073CBU6, STM32U073CCT6, STM32U073CCU6, STM32U073H8Y6TR, STM32U073HBY6TR, STM32U073HCY6TR, STM32U073K8U6, STM32U073KBU6, STM32U073KCU6, STM32U073M8I6, STM32U073M8T6, STM32U073MBI6, STM32U073MBT6, STM32U073MCI6, STM32U073MCT6, STM32U073R8I6, STM32U073R8T6, STM32U073RBI6, STM32U073RBT6, STM32U073RCI6, STM32U073RCT6, STM32U083C-DK, STM32U083CCT6, STM32U083CCU6, STM32U083HCY6TR, STM32U083KCU6, STM32U083MCI6, STM32U083MCT6, STM32U083RCI6, STM32U083RCT6, STM32U375CET6, STM32U375CET6Q, STM32U375CEU6, STM32U375CEU6Q, STM32U375CEY6QTR, STM32U375CGT6, STM32U375CGT6Q, STM32U375CGU6, STM32U375CGU6Q, STM32U375CGY6QTR, STM32U375KEU6, STM32U375KGU6, STM32U375REI6, STM32U375REI6Q, STM32U375RET6, STM32U375RET6Q, STM32U375REY6GTR, STM32U375REY6QTR, STM32U375RGI6, STM32U375RGI6Q, STM32U375RGT6, STM32U375RGT6Q, STM32U375RGY6GTR, STM32U375RGY6QTR, STM32U375VEI6, STM32U375VEI6Q, STM32U375VET6, STM32U375VET6Q, STM32U375VGI6, STM32U375VGI6Q, STM32U375VGT6, STM32U375VGT6Q, STM32U385CGT6, STM32U385CGT6Q, STM32U385CGU6, STM32U385CGU6Q, STM32U385CGY6QTR, STM32U385KGU6, STM32U385RGI6, STM32U385RGI6Q, STM32U385RGT6, STM32U385RGT6Q, STM32U385RGY6GTR, STM32U385RGY6QTR, STM32U385VGI6, STM32U385VGI6Q, STM32U385VGT6, STM32U385VGT6Q, STM32U535CBT6, STM32U535CBT6Q, STM32U535CBU6, STM32U535CBU6Q, STM32U535CCT6, STM32U535CCT6Q, STM32U535CCU6, STM32U535CCU6Q, STM32U535CET6, STM32U535CET6Q, STM32U535CEU6, STM32U535CEU6Q, STM32U535JEY6QTR, STM32U535NCY6QTR, STM32U535NEY6QTR, STM32U535RBI6, STM32U535RBI6Q, STM32U535RBT6, STM32U535RBT6Q, STM32U535RCI6, STM32U535RCI6Q, STM32U535RCT6, STM32U535RCT6Q, STM32U535REI6, STM32U535REI6Q, STM32U535RET6, STM32U535RET6Q, STM32U535VCI6, STM32U535VCI6Q, STM32U535VCT6, STM32U535VCT6Q, STM32U535VEI6, STM32U535VEI6Q, STM32U535VET6, STM32U535VET6Q, STM32U545CET6, STM32U545CET6Q, STM32U545CEU6, STM32U545CEU6Q, STM32U545JEY6QTR, STM32U545NEY6QTR, STM32U545REI6, STM32U545REI6Q, STM32U545RET6, STM32U545RET6Q, STM32U545VEI6, STM32U545VEI6Q, STM32U545VET6, STM32U545VET6Q, STM32U595AIH6, STM32U595AIH6Q, STM32U595AJH6, STM32U595AJH6Q, STM32U595QII6, STM32U595QII6Q, STM32U595QJI6, STM32U595QJI6Q, STM32U595RIT6, STM32U595RIT6Q, STM32U595RJT6, STM32U595RJT6Q, STM32U595VIT6, STM32U595VIT6Q, STM32U595VJT6, STM32U595VJT6Q, STM32U595ZIT6, STM32U595ZIT6Q, STM32U595ZIY6QTR, STM32U595ZJT6, STM32U595ZJT6Q, STM32U595ZJY6QTR, STM32U599BJY6QTR, STM32U599NIH6Q, STM32U599NJH6Q, STM32U599VIT6Q, STM32U599VJT6, STM32U599VJT6Q, STM32U599ZIT6Q, STM32U599ZIY6QTR, STM32U599ZJT6Q, STM32U599ZJY6QTR, STM32U5A5AJH6, STM32U5A5AJH6Q, STM32U5A5QII3Q , STM32U5A5QJI6, STM32U5A5QJI6Q, STM32U5A5RJT6, STM32U5A5RJT6Q, STM32U5A5VJT6, STM32U5A5VJT6Q, STM32U5A5ZJT6, STM32U5A5ZJT6Q, STM32U5A5ZJY6QTR, STM32U5A9BJY6QTR, STM32U5A9J-DK, STM32U5A9NJH6Q, STM32U5A9VJT6Q, STM32U5A9ZJT6Q, STM32U5A9ZJY6QTR, STM32U5F7VIT6, STM32U5F7VIT6Q, STM32U5F7VJT6, STM32U5F7VJT6Q, STM32U5F9BJY6QTR, STM32U5F9NJH6Q, STM32U5F9VIT6Q, STM32U5F9VJT6Q, STM32U5F9ZIJ6QTR, STM32U5F9ZIT6Q, STM32U5F9ZJJ6QTR, STM32U5F9ZJT6Q, STM32U5G7VJT6, STM32U5G7VJT6Q, STM32U5G9BJY6QTR, STM32U5G9J-DK1, STM32U5G9J-DK2, STM32U5G9NJH6Q, STM32U5G9VJT6Q, STM32U5G9ZJJ6QTR, STM32U5G9ZJT6Q, STM32WB05KZV6TR, STM32WB05KZV7TR, STM32WB05TZF6TR, STM32WB05TZF7TR, STM32WB06CCF6TR, STM32WB06CCF7TR, STM32WB06CCV6TR, STM32WB06CCV7TR, STM32WB06KCV6TR, STM32WB06KCV7TR, STM32WB07CCF6TR, STM32WB07CCF7TR, STM32WB07CCV6TR, STM32WB07CCV7TR, STM32WB07KCV6TR, STM32WB07KCV7TR, STM32WB09KEV6TR, STM32WB09KEV7TR, STM32WB09TEF6TR, STM32WB09TEF7TR, STM32WB1MMCH6, STM32WBA50KGU6, STM32WBA50KGU6TR, STM32WBA52CEU6, STM32WBA52CEU6TR, STM32WBA52CEU7, STM32WBA52CEU7TR, STM32WBA52CGU6, STM32WBA52CGU6TR, STM32WBA52CGU6U, STM32WBA52CGU7, STM32WBA52CGU7TR, STM32WBA52KEU6, STM32WBA52KEU6TR, STM32WBA52KGU6, STM32WBA52KGU6TR, STM32WBA54CEU6, STM32WBA54CEU6TR, STM32WBA54CEU7, STM32WBA54CEU7TR, STM32WBA54CGU6, STM32WBA54CGU6TR, STM32WBA54CGU7, STM32WBA54CGU7TR, STM32WBA54KEU6, STM32WBA54KEU6TR, STM32WBA54KEU7, STM32WBA54KEU7TR, STM32WBA54KGU6, STM32WBA54KGU6TR, STM32WBA54KGU7, STM32WBA54KGU7TR, STM32WBA55CEU6, STM32WBA55CEU6TR, STM32WBA55CEU7, STM32WBA55CEU7TR, STM32WBA55CGU6, STM32WBA55CGU6TR, STM32WBA55CGU6U, STM32WBA55CGU7, STM32WBA55CGU7TR, STM32WBA55G-DK1, STM32WBA55HEF6, STM32WBA55HEF7, STM32WBA55HGF6, STM32WBA55HGF7, STM32WBA55UEI6, STM32WBA55UEI6TR, STM32WBA55UEI7, STM32WBA55UEI7TR, STM32WBA55UGI6, STM32WBA55UGI6TR, STM32WBA55UGI7, STM32WBA55UGI7TR, STM32WBA5MMGH6TR, STM32WBA62MGF6, STM32WBA62MIF6, STM32WBA65MGF7, STM32WBA65MIF6, STM32WBA65MIF7, STM32WL30K8V6, STM32WL30KBV6, STM32WL31C8V6, STM32WL31CBV6, STM32WL31K8V6, STM32WL31KBV6, STM32WL33C8V6, STM32WL33C8V6X, STM32WL33CBV6, STM32WL33CBV6X, STM32WL33CCV6, STM32WL33CCV6A, STM32WL33CCV6X, STM32WL33K8V7, STM32WL33K8V7X, STM32WL33KBV7 , STM32WL33KBV7X, STM32WL33KCV7, STM32WL33KCV7X, STM32WL5MOCH6, STM32WL5MOCH6TR]
2026-04-29 19:12:47,966 [INFO] DbMcus:218 - Found 5055 MCUs, 4968 are supported
2026-04-29 19:12:47,966 [INFO] ApiDb:423 - Load user favorites file C:\Users\Евгений/.stm32cubeide/favorites.mcus.txt: 0 item(s)
2026-04-29 19:12:47,966 [INFO] ApiDb:427 - User favorites MCUs=[]
2026-04-29 19:12:47,966 [INFO] DbMcus:224 - Set 0 / 0 favorites MCUs
2026-04-29 19:12:48,907 [INFO] ApiDb:448 - Save user favorites file C:\Users\Евгений/.stm32cubeide/favorites.boards.txt: 0 item(s)
2026-04-29 19:12:48,907 [INFO] ApiDb:452 - User favorites Boards=[]
2026-04-29 19:12:48,908 [INFO] ApiDb:581 - Connected to CubeFinder SQLite database (C:\Users\Евгений\.stmcufinder\plugins\mcufinder\mcu\cube-finder-db.db)
2026-04-29 19:12:48,982 [INFO] ApiDb:668 - CubeFinder database Data Model version=2.1
2026-04-29 19:12:48,982 [INFO] ApiDb:669 - CubeFinder database Configuration version=3.0.42
2026-04-29 19:12:48,983 [INFO] ApiDb:670 - CubeFinder database generation date=2026-03-11 (1773229989)
2026-04-29 19:12:48,983 [INFO] ApiDb:671 - CubeFinder database FW Pack versions=[FP-ATR-ASTRA1_V2.0.0, FP-SNS-FLIGHT1_V5.1.0, FP-SNS-MOTENV1_V5.1.0, FP-SNS-MOTENVWB1_V1.5.0, FP-SNS-SMARTAG2_V1.2.0, FP-SNS-STBOX1_V2.1.0, STM32Cube_FW_C0_V1.4.0, STM32Cube_FW_F4_V1.28.3, STM32Cube_FW_F7_V1.17.4, STM32Cube_FW_G0_V1.6.3, STM32Cube_FW_G4_V1.6.2, STM32Cube_FW_H5_V1.6.0, STM32Cube_FW_H7RS_V1.3.0, STM32Cube_FW_H7_V1.13.0, STM32Cube_FW_L0_V1.12.2, STM32Cube_FW_L4_V1.18.2, STM32Cube_FW_L5_V1.6.0, STM32Cube_FW_N6_V1.3.0, STM32Cube_FW_U0_V1.3.0, STM32Cube_FW_U3_V1.3.0, STM32Cube_FW_U5_V1.8.0, STM32Cube_FW_WB0_V1.4.0, STM32Cube_FW_WBA_V1.9.0, STM32Cube_FW_WB_V1.24.0, STM32Cube_FW_WL3_V1.4.0, STM32Cube_FW_WL_V1.5.0, X-CUBE-ALGOBUILD_V1.4.0, X-CUBE-ALS_V1.0.2, X-CUBE-AZRTOS-F4_V1.1.0, X-CUBE-AZRTOS-F7_V1.1.0, X-CUBE-AZRTOS-G0_V1.1.0, X-CUBE-AZRTOS-G4_V2.0.0, X-CUBE-AZRTOS-H7RS_V1.1.0, X-CUBE-AZRTOS-H7_V3.4.0, X-CUBE-AZRTOS-L4_V2.0.0, X-CUBE-AZRTOS-L5_V2.0.0, X-CUBE-AZRTOS-WB_V2.0.0, X-CUBE-AZRTOS-WL_V2.0.0, X-CUBE-BLE1_V7.1.0, X-CUBE-BLE2_V3.3.0, X-CUBE-BLEMGR_V4.1.0, X-CUBE-EEPRMA1_V5.2.0, X-CUBE-FREERTOS_V1.5.0, X-CUBE-GNSS1_V6.0.0, X-CUBE-MEMS1_V12.0.0, X-CUBE-NFC4_V3.0.0, X-CUBE-NFC7_V2.0.0, X-CUBE-SFXS2LP1_V4.0.0, X-CUBE-ST67W61_V1.2.0, X-CUBE-SUBG2_V5.0.0, X-CUBE-TOF1_V3.4.3]
2026-04-29 19:12:49,027 [INFO] DbBoardsSqlite:226 - include board P-NUCLEO-WB55-NUCLEO as a kit item of type 'Nucleo-64'
2026-04-29 19:12:49,027 [INFO] DbBoardsSqlite:226 - include board P-NUCLEO-WB55-USBDONGLE as a kit item of type 'Nucleo USB Dongle'
2026-04-29 19:12:49,027 [INFO] DbBoardsSqlite:226 - include board STEVAL-IDP005V1 as a kit item of type 'Evaluation Board'
2026-04-29 19:12:49,027 [INFO] DbBoardsSqlite:226 - include board STEVAL-IDP005V2 as a kit item of type 'Evaluation Board'
2026-04-29 19:12:49,094 [INFO] ApiDb:240 - Found 880 in-development CPN: [B-G473E-ZEST1S, B-WB1M-WPAN1, B-WBA5M-WPAN, B-WL5M-SUBG1, NUCLEO-C031C6, NUCLEO-C051C8, NUCLEO-C071RB, NUCLEO-C092RC, NUCLEO-H503RB, NUCLEO-H533RE, NUCLEO-H563ZI, NUCLEO-H7S3L8, NUCLEO-N657X0-Q, NUCLEO-U031R8, NUCLEO-U083RC, NUCLEO-U385RG-Q, NUCLEO-U545RE-Q, NUCLEO-U5A5ZJ-Q, NUCLEO-WB05KZ, NUCLEO-WB07CC, NUCLEO-WB09KE, NUCLEO-WBA52CG, NUCLEO-WBA55CG, NUCLEO-WL33CC1, NUCLEO-WL33CC2, STEVAL-PROTEUS1, STEVAL-SMARTAG2, STEVAL-STWINBX1, STM320518-EVAL, STM32C0116-DK, STM32C011D6Y3TR, STM32C011D6Y6TR, STM32C011F4P3, STM32C011F4P6, STM32C011F4U3, STM32C011F4U6TR, STM32C011F6P3, STM32C011F6P6, STM32C011F6U3, STM32C011F6U6TR, STM32C011J4M3, STM32C011J4M6, STM32C011J6M3, STM32C011J6M6, STM32C0316-DK, STM32C031C4T3, STM32C031C4T6, STM32C031C4U3, STM32C031C4U6, STM32C031C6T3, STM32C031C6T6, STM32C031C6U3, STM32C031C6U6, STM32C031F4P3, STM32C031F4P6, STM32C031F6P3, STM32C031F6P6, STM32C031G4U3, STM32C031G4U6, STM32C031G6U3, STM32C031G6U6, STM32C031K4T3, STM32C031K4T6, STM32C031K4U3, STM32C031K4U6, STM32C031K6T3, STM32C031K6T6, STM32C031K6U3, STM32C031K6U6, STM32C051C6T6, STM32C051C6U6, STM32C051C8T6, STM32C051C8U6, STM32C051D8Y6TR, STM32C051F6P6, STM32C051F8P6, STM32C051G6U6, STM32C051G8U6, STM32C051K6T6, STM32C051K6U6, STM32C051K8T6, STM32C071C8T6, STM32C071C8T6N, STM32C071C8U6, STM32C071C8U6N, STM32C071CBT6, STM32C071CBT6N, STM32C071CBU6, STM32C071CBU6N, STM32C071F8P6, STM32C071F8P6N, STM32C071FBP6, STM32C071FBP6N, STM32C071FBY6TR, STM32C071G8U6, STM32C071G8U6N, STM32C071GBU6, STM32C071GBU6N, STM32C071K8T6, STM32C071K8T6N, STM32C071K8U6, STM32C071K8U6N, STM32C071KBT6, STM32C071KBT6N, STM32C071KBU6, STM32C071KBU6N, STM32C071R8T6, STM32C071R8T6N, STM32C071RBI6N, STM32C071RBT6, STM32C071RBT6N, STM32C091CBT6, STM32C091CBU6, STM32C091CCT6, STM32C091CCU6, STM32C091ECY6TR, STM32C091FBP6, STM32C091FCP6, STM32C091GBU6, STM32C091GCU6, STM32C091KBT6, STM32C091KBU6, STM32C091KCT6, STM32C091KCU6, STM32C091RBT6, STM32C091RCI6, STM32C091RCT6, STM32C092CBT6, STM32C092CBU6, STM32C092CCT6, STM32C092CCU6, STM32C092ECY6TR, STM32C092FBP6, STM32C092FCP6, STM32C092GBU6, STM32C092GCU6, STM32C092KBT6, STM32C092KBU6, STM32C092KCT6, STM32C092KCU6, STM32C092RBT6, STM32C092RCI6, STM32C092RCT6, STM32G071K8TXN, STM32G071K8UXN, STM32G081GBU6N, STM32G081KBT6N, STM32G081KBUXN, STM32G0B1CCT6N, STM32G0B1KCT6, STM32G0B1NEY6TR, STM32G0B1RCT6N, STM32G0C1CCT6, STM32G0C1CCT6N, STM32G0C1CCU6N, STM32G0C1CET6N, STM32G0C1CEU6N, STM32G0C1KCT6, STM32G0C1NEY6TR, STM32G0C1RCI6N, STM32G0C1RCT6N, STM32G0C1REI6N, STM32G0C1RET6N, STM32G0C1VCI6, STM32G0C1VEI6, STM32G411C6T3, STM32G411C6T6, STM32G411C6U3, STM32G411C6U6, STM32G411C8T3, STM32G411C8T6, STM32G411C8U3, STM32G411C8U6, STM32G411CBT3, STM32G411CBT6, STM32G411CBU3, STM32G411CBU6, STM32G411K6T3, STM32G411K6T6, STM32G411K6U3, STM32G411K6U6, STM32G411K8T3, STM32G411K8T6, STM32G411K8U3, STM32G411K8U6, STM32G411KBT3, STM32G411KBT6, STM32G411KBU3, STM32G411KBU6, STM32G411M6T3, STM32G411M6T6, STM32G411M8T3, STM32G411M8T6, STM32G411MBT3, STM32G411MBT6, STM32G411R6T3, STM32G411R6T6, STM32G411R8T3, STM32G411R8T6, STM32G411RBT3, STM32G411RBT6, STM32G414CBT3, STM32G414CBT6, STM32G414CBU3, STM32G414CBU6, STM32G414CCT3, STM32G414CCT6, STM32G414CCU3, STM32G414CCU6, STM32G414MBT3, STM32G414MBT6, STM32G414MCT3, STM32G414MCT6, STM32G414RBT3, STM32G414RBT6, STM32G414RCT3, STM32G414RCT6, STM32G414VBT3, STM32G414VBT6, STM32G414VCT3, STM32G414VCT6, STM32G431CBT3Z, STM32G431RBT3Z, STM32G471CCT6, STM32G471CCU6, STM32G471CET3, STM32G471CET6, STM32G471CEU3, STM32G471CEU6, STM32G471MCT6, STM32G471MET3, STM32G471MET6, STM32G471MEY6TR, STM32G471QCT6, STM32G471QET3, STM32G471RCT6, STM32G471RET3, STM32G471RET6, STM32G471VCH6, STM32G471VCI6, STM32G471VCT6, STM32G471VEH3, STM32G471VEH6, STM32G471VEI3, STM32G471VEI6, STM32G471VET3, STM32G471VET6, STM32G473QET3Z, STM32G473RET3Z, STM32G474CCT6, STM32G491RET3Z, STM32H503CBT6, STM32H503CBU6, STM32H503EBY6TR, STM32H503KBU6, STM32H503RBT6, STM32H523CCT6, STM32H523CCU6, STM32H523CET6, STM32H523CEU6, STM32H523HEY6TR, STM32H523RCT6, STM32H523RET6, STM32H523VCI6, STM32H523VCT6, STM32H523VEI6, STM32H523VET6, STM32H523ZCJ6, STM32H523ZCT6, STM32H523ZEJ6, STM32H523ZET6, STM32H533CET6, STM32H533CEU6, STM32H533HEY6TR, STM32H533RET6, STM32H533VEI6, STM32H533VET6, STM32H533ZEJ6, STM32H533ZET6, STM32H562AGI6, STM32H562AII6, STM32H562IGK6, STM32H562IGT6, STM32H562IIK6, STM32H562IIT6, STM32H562RGT6, STM32H562RGV6, STM32H562RIT6, STM32H562RIV6, STM32H562VGT6, STM32H562VIT6, STM32H562ZGT6, STM32H562ZIT6, STM32H563AGI6, STM32H563AII3Q, STM32H563AII6, STM32H563IGK6, STM32H563IGT6, STM32H563IIK3Q, STM32H563IIK6, STM32H563IIT3Q, STM32H563IIT6, STM32H563MIY3QTR, STM32H563RGT6, STM32H563RGV6, STM32H563RIT6, STM32H563RIV6, STM32H563VGT6, STM32H563VIT3Q, STM32H563VIT6, STM32H563ZGT6, STM32H563ZIT3Q, STM32H563ZIT6, STM32H573AII3Q, STM32H573AII6, STM32H573I-DK, STM32H573IIK3Q, STM32H573IIK6, STM32H573IIT3Q, STM32H573IIT6, STM32H573MIY3QTR, STM32H573RIT6, STM32H573RIV6, STM32H573VIT3Q, STM32H573VIT6, STM32H573ZIT3Q, STM32H573ZIT6, STM32H7R3A8I6, STM32H7R3I8K6, STM32H7R3I8T6, STM32H7R3L8H6, STM32H7R3L8H6H, STM32H7R3R8V6, STM32H7R3V8H6, STM32H7R3V8T6, STM32H7R3V8Y6TR, STM32H7R3Z8J6, STM32H7R3Z8T6, STM32H7R7A8I6, STM32H7R7I8K6, STM32H7R7I8T6, STM32H7R7L8H6, STM32H7R7L8H6H, STM32H7R7Z8J6, STM32H7S3A8I6, STM32H7S3I8K6, STM32H7S3I8T6, STM32H7S3L8H6, STM32H7S3L8H6H, STM32H7S3R8V6, STM32H7S3V8H6, STM32H7S3V8T6, STM32H7S3V8Y6TR, STM32H7S3Z8J6, STM32H7S3Z8T6, STM32H7S78-DK, STM32H7S7A8I6, STM32H7S7I8K6, STM32H7S7I8T6, STM32H7S7L8H6, STM32H7S7L8H6H, STM32H7S7Z8J6, STM32L4R5QGI6STR, STM32MP131AAE3, STM32MP131AAF3, STM32MP131AAG3, STM32MP131CAE3, STM32MP131CAF3, STM32MP131CAG3, STM32MP131DAE7, STM32MP131DAF7, STM32MP131DAG7, STM32MP131FAE7, STM32MP131FAF7, STM32MP131FAG7, STM32MP133AAE3, STM32MP133AAF3, STM32MP133AAG3, STM32MP133CAE3, STM32MP133CAF3, STM32MP133CAG3, STM32MP133DAE7, STM32MP133DAF7, STM32MP133DAG7, STM32MP133FAE7, STM32MP133FAF7, STM32MP133FAG7, STM32MP135AAE3, STM32MP135AAF3, STM32MP135AAG3, STM32MP135CAE3, STM32MP135CAF3, STM32MP135CAG3, STM32MP135DAE7, STM32MP135DAF7, STM32MP135DAG7, STM32MP135F-DK, STM32MP135FAE7, STM32MP135FAF7, STM32MP135FAF7T, STM32MP135FAF7U, STM32MP135FAG7, STM32MP211AAL3, STM32MP211AAM3, STM32MP211AAN3, STM32MP211AAO3, STM32MP211CAL3, STM32MP211CAM3, STM32MP211CAN3, STM32MP211CAO3, STM32MP211DAL3, STM32MP211DAM3, STM32MP211DAN3, STM32MP211DAO3, STM32MP211FAL3, STM32MP211FAM3, STM32MP211FAN3, STM32MP211FAO3, STM32MP213AAL3, STM32MP213AAM3, STM32MP213AAN3, STM32MP213AAO3, STM32MP213CAL3, STM32MP213CAM3, STM32MP213CAN3, STM32MP213CAO3, STM32MP213DAL3, STM32MP213DAM3, STM32MP213DAN3, STM32MP213DAO3, STM32MP213FAL3, STM32MP213FAM3, STM32MP213FAN3, STM32MP213FAO3, STM32MP215AAL3, STM32MP215AAM3, STM32MP215AAN3, STM32MP215AAO3, STM32MP215CAL3, STM32MP215CAM3, STM32MP215CAN3, STM32MP215CAO3, STM32MP215DAL3, STM32MP215DAM3, STM32MP215DAN3, STM32MP215DAO3, STM32MP215F-DK, STM32MP215FAL3, STM32MP215FAM3, STM32MP215FAN3, STM32MP215FAO3, STM32MP231AAJ3, STM32MP231AAK3, STM32MP231AAL3, STM32MP231CAJ3, STM32MP231CAK3, STM32MP231CAL3, STM32MP231DAJ3, STM32MP231DAK3, STM32MP231DAL3, STM32MP231FAJ3, STM32MP231FAK3, STM32MP231FAL3, STM32MP233AAJ3, STM32MP233AAK3, STM32MP233AAL3, STM32MP233CAJ3, STM32MP233CAK3, STM32MP233CAL3, STM32MP233DAJ3, STM32MP233DAK3, STM32MP233DAL3, STM32MP233FAJ3, STM32MP233FAK3, STM32MP233FAL3, STM32MP235AAJ3, STM32MP235AAK3, STM32MP235AAL3, STM32MP235CAJ3, STM32MP235CAK3, STM32MP235CAL3, STM32MP235DAJ3, STM32MP235DAK3, STM32MP235DAL3, STM32MP235FAJ3, STM32MP235FAK3, STM32MP235FAL3, STM32MP251AAI3, STM32MP251AAK3, STM32MP251AAL3, STM32MP251CAI3, STM32MP251CAK3, STM32MP251CAL3, STM32MP251DAI3, STM32MP251DAK3, STM32MP251DAL3, STM32MP251FAI3, STM32MP251FAK3, STM32MP251FAL3, STM32MP253AAI3, STM32MP253AAK3, STM32MP253AAL3, STM32MP253CAI3, STM32MP253CAK3, STM32MP253CAL3, STM32MP253DAI3, STM32MP253DAK3, STM32MP253DAL3, STM32MP253FAI3, STM32MP253FAK3, STM32MP253FAL3, STM32MP255AAI3, STM32MP255AAK3, STM32MP255AAL3, STM32MP255CAI3, STM32MP255CAK3, STM32MP255CAL3, STM32MP255DAI3, STM32MP255DAK3, STM32MP255DAL3, STM32MP255FAI3, STM32MP255FAK3, STM32MP255FAL3, STM32MP257AAI3, STM32MP257AAK3, STM32MP257AAL3, STM32MP257CAI3, STM32MP257CAK3, STM32MP257CAL3, STM32MP257DAI3, STM32MP257DAK3, STM32MP257DAL3, STM32MP257F-DK, STM32MP257F-EV1, STM32MP257FAI3, STM32MP257FAK3, STM32MP257FAL3, STM32N645A0H3Q, STM32N645B0H3Q, STM32N645I0H3Q, STM32N645L0H3Q, STM32N645X0H3Q, STM32N645Z0H3Q, STM32N647A0H3Q, STM32N647B0H3Q, STM32N647I0H3Q, STM32N647L0H3Q, STM32N647X0H3Q, STM32N647Z0H3Q, STM32N655A0H3Q, STM32N655B0H3Q, STM32N655I0H3Q, STM32N655L0H3Q, STM32N655X0H3Q, STM32N655Z0H3Q, STM32N6570-DK, STM32N657A0H3Q, STM32N657B0H3Q, STM32N657I0H3Q, STM32N657L0H3Q, STM32N657X0H3Q, STM32N657Z0H3Q, STM32U031C6T6, STM32U031C6U6, STM32U031C8T6, STM32U031C8U6, STM32U031F4P6, STM32U031F6P6, STM32U031F8P6, STM32U031G6Y6TR, STM32U031G8Y6TR, STM32U031K4U6, STM32U031K6U6, STM32U031K8U6, STM32U031R6I6, STM32U031R6T6, STM32U031R8I6, STM32U031R8T6, STM32U073C8T6, STM32U073C8U6, STM32U073CBT6, STM32U073CBU6, STM32U073CCT6, STM32U073CCU6, STM32U073H8Y6TR, STM32U073HBY6TR, STM32U073HCY6TR, STM32U073K8U6, STM32U073KBU6, STM32U073KCU6, STM32U073M8I6, STM32U073M8T6, STM32U073MBI6, STM32U073MBT6, STM32U073MCI6, STM32U073MCT6, STM32U073R8I6, STM32U073R8T6, STM32U073RBI6, STM32U073RBT6, STM32U073RCI6, STM32U073RCT6, STM32U083C-DK, STM32U083CCT6, STM32U083CCU6, STM32U083HCY6TR, STM32U083KCU6, STM32U083MCI6, STM32U083MCT6, STM32U083RCI6, STM32U083RCT6, STM32U375CET6, STM32U375CET6Q, STM32U375CEU6, STM32U375CEU6Q, STM32U375CEY6QTR, STM32U375CGT6, STM32U375CGT6Q, STM32U375CGU6, STM32U375CGU6Q, STM32U375CGY6QTR, STM32U375KEU6, STM32U375KGU6, STM32U375REI6, STM32U375REI6Q, STM32U375RET6, STM32U375RET6Q, STM32U375REY6GTR, STM32U375REY6QTR, STM32U375RGI6, STM32U375RGI6Q, STM32U375RGT6, STM32U375RGT6Q, STM32U375RGY6GTR, STM32U375RGY6QTR, STM32U375VEI6, STM32U375VEI6Q, STM32U375VET6, STM32U375VET6Q, STM32U375VGI6, STM32U375VGI6Q, STM32U375VGT6, STM32U375VGT6Q, STM32U385CGT6, STM32U385CGT6Q, STM32U385CGU6, STM32U385CGU6Q, STM32U385CGY6QTR, STM32U385KGU6, STM32U385RGI6, STM32U385RGI6Q, STM32U385RGT6, STM32U385RGT6Q, STM32U385RGY6GTR, STM32U385RGY6QTR, STM32U385VGI6, STM32U385VGI6Q, STM32U385VGT6, STM32U385VGT6Q, STM32U535CBT6, STM32U535CBT6Q, STM32U535CBU6, STM32U535CBU6Q, STM32U535CCT6, STM32U535CCT6Q, STM32U535CCU6, STM32U535CCU6Q, STM32U535CET6, STM32U535CET6Q, STM32U535CEU6, STM32U535CEU6Q, STM32U535JEY6QTR, STM32U535NCY6QTR, STM32U535NEY6QTR, STM32U535RBI6, STM32U535RBI6Q, STM32U535RBT6, STM32U535RBT6Q, STM32U535RCI6, STM32U535RCI6Q, STM32U535RCT6, STM32U535RCT6Q, STM32U535REI6, STM32U535REI6Q, STM32U535RET6, STM32U535RET6Q, STM32U535VCI6, STM32U535VCI6Q, STM32U535VCT6, STM32U535VCT6Q, STM32U535VEI6, STM32U535VEI6Q, STM32U535VET6, STM32U535VET6Q, STM32U545CET6, STM32U545CET6Q, STM32U545CEU6, STM32U545CEU6Q, STM32U545JEY6QTR, STM32U545NEY6QTR, STM32U545REI6, STM32U545REI6Q, STM32U545RET6, STM32U545RET6Q, STM32U545VEI6, STM32U545VEI6Q, STM32U545VET6, STM32U545VET6Q, STM32U595AIH6, STM32U595AIH6Q, STM32U595AJH6, STM32U595AJH6Q, STM32U595QII6, STM32U595QII6Q, STM32U595QJI6, STM32U595QJI6Q, STM32U595RIT6, STM32U595RIT6Q, STM32U595RJT6, STM32U595RJT6Q, STM32U595VIT6, STM32U595VIT6Q, STM32U595VJT6, STM32U595VJT6Q, STM32U595ZIT6, STM32U595ZIT6Q, STM32U595ZIY6QTR, STM32U595ZJT6, STM32U595ZJT6Q, STM32U595ZJY6QTR, STM32U599BJY6QTR, STM32U599NIH6Q, STM32U599NJH6Q, STM32U599VIT6Q, STM32U599VJT6, STM32U599VJT6Q, STM32U599ZIT6Q, STM32U599ZIY6QTR, STM32U599ZJT6Q, STM32U599ZJY6QTR, STM32U5A5AJH6, STM32U5A5AJH6Q, STM32U5A5QII3Q , STM32U5A5QJI6, STM32U5A5QJI6Q, STM32U5A5RJT6, STM32U5A5RJT6Q, STM32U5A5VJT6, STM32U5A5VJT6Q, STM32U5A5ZJT6, STM32U5A5ZJT6Q, STM32U5A5ZJY6QTR, STM32U5A9BJY6QTR, STM32U5A9J-DK, STM32U5A9NJH6Q, STM32U5A9VJT6Q, STM32U5A9ZJT6Q, STM32U5A9ZJY6QTR, STM32U5F7VIT6, STM32U5F7VIT6Q, STM32U5F7VJT6, STM32U5F7VJT6Q, STM32U5F9BJY6QTR, STM32U5F9NJH6Q, STM32U5F9VIT6Q, STM32U5F9VJT6Q, STM32U5F9ZIJ6QTR, STM32U5F9ZIT6Q, STM32U5F9ZJJ6QTR, STM32U5F9ZJT6Q, STM32U5G7VJT6, STM32U5G7VJT6Q, STM32U5G9BJY6QTR, STM32U5G9J-DK1, STM32U5G9J-DK2, STM32U5G9NJH6Q, STM32U5G9VJT6Q, STM32U5G9ZJJ6QTR, STM32U5G9ZJT6Q, STM32WB05KZV6TR, STM32WB05KZV7TR, STM32WB05TZF6TR, STM32WB05TZF7TR, STM32WB06CCF6TR, STM32WB06CCF7TR, STM32WB06CCV6TR, STM32WB06CCV7TR, STM32WB06KCV6TR, STM32WB06KCV7TR, STM32WB07CCF6TR, STM32WB07CCF7TR, STM32WB07CCV6TR, STM32WB07CCV7TR, STM32WB07KCV6TR, STM32WB07KCV7TR, STM32WB09KEV6TR, STM32WB09KEV7TR, STM32WB09TEF6TR, STM32WB09TEF7TR, STM32WB1MMCH6, STM32WBA50KGU6, STM32WBA50KGU6TR, STM32WBA52CEU6, STM32WBA52CEU6TR, STM32WBA52CEU7, STM32WBA52CEU7TR, STM32WBA52CGU6, STM32WBA52CGU6TR, STM32WBA52CGU6U, STM32WBA52CGU7, STM32WBA52CGU7TR, STM32WBA52KEU6, STM32WBA52KEU6TR, STM32WBA52KGU6, STM32WBA52KGU6TR, STM32WBA54CEU6, STM32WBA54CEU6TR, STM32WBA54CEU7, STM32WBA54CEU7TR, STM32WBA54CGU6, STM32WBA54CGU6TR, STM32WBA54CGU7, STM32WBA54CGU7TR, STM32WBA54KEU6, STM32WBA54KEU6TR, STM32WBA54KEU7, STM32WBA54KEU7TR, STM32WBA54KGU6, STM32WBA54KGU6TR, STM32WBA54KGU7, STM32WBA54KGU7TR, STM32WBA55CEU6, STM32WBA55CEU6TR, STM32WBA55CEU7, STM32WBA55CEU7TR, STM32WBA55CGU6, STM32WBA55CGU6TR, STM32WBA55CGU6U, STM32WBA55CGU7, STM32WBA55CGU7TR, STM32WBA55G-DK1, STM32WBA55HEF6, STM32WBA55HEF7, STM32WBA55HGF6, STM32WBA55HGF7, STM32WBA55UEI6, STM32WBA55UEI6TR, STM32WBA55UEI7, STM32WBA55UEI7TR, STM32WBA55UGI6, STM32WBA55UGI6TR, STM32WBA55UGI7, STM32WBA55UGI7TR, STM32WBA5MMGH6TR, STM32WBA62MGF6, STM32WBA62MIF6, STM32WBA65MGF7, STM32WBA65MIF6, STM32WBA65MIF7, STM32WL30K8V6, STM32WL30KBV6, STM32WL31C8V6, STM32WL31CBV6, STM32WL31K8V6, STM32WL31KBV6, STM32WL33C8V6, STM32WL33C8V6X, STM32WL33CBV6, STM32WL33CBV6X, STM32WL33CCV6, STM32WL33CCV6A, STM32WL33CCV6X, STM32WL33K8V7, STM32WL33K8V7X, STM32WL33KBV7 , STM32WL33KBV7X, STM32WL33KCV7, STM32WL33KCV7X, STM32WL5MOCH6, STM32WL5MOCH6TR]
2026-04-29 19:12:49,226 [INFO] BoardInfo:889 - No configuration file found for board NUCLEO-H5E5ZJ
2026-04-29 19:12:49,227 [INFO] DbBoards:161 - Board is not supported: NUCLEO-H5E5ZJ
2026-04-29 19:12:49,299 [INFO] BoardInfo:889 - No configuration file found for board NUCLEO-U3C5ZI-Q
2026-04-29 19:12:49,300 [INFO] DbBoards:161 - Board is not supported: NUCLEO-U3C5ZI-Q
2026-04-29 19:12:49,317 [INFO] BoardInfo:889 - No configuration file found for board NUCLEO-WBA25CE1
2026-04-29 19:12:49,319 [INFO] DbBoards:161 - Board is not supported: NUCLEO-WBA25CE1
2026-04-29 19:12:49,329 [INFO] BoardInfo:889 - No configuration file found for board NUCLEO-WL3RKB1
2026-04-29 19:12:49,331 [INFO] DbBoards:161 - Board is not supported: NUCLEO-WL3RKB1
2026-04-29 19:12:49,332 [INFO] BoardInfo:889 - No configuration file found for board NUCLEO-WL3RKB2
2026-04-29 19:12:49,334 [INFO] DbBoards:161 - Board is not supported: NUCLEO-WL3RKB2
2026-04-29 19:12:49,342 [INFO] BoardInfo:889 - No configuration file found for board P-NUCLEO-WB55
2026-04-29 19:12:49,343 [INFO] DbBoards:161 - Kit is not supported: P-NUCLEO-WB55
2026-04-29 19:12:49,349 [INFO] BoardInfo:889 - No configuration file found for board STEVAL-BFA001V1B
2026-04-29 19:12:49,350 [INFO] DbBoards:161 - Kit is not supported: STEVAL-BFA001V1B
2026-04-29 19:12:49,350 [INFO] BoardInfo:889 - No configuration file found for board STEVAL-BFA001V2B
2026-04-29 19:12:49,352 [INFO] DbBoards:161 - Kit is not supported: STEVAL-BFA001V2B
2026-04-29 19:12:49,462 [INFO] BoardInfo:889 - No configuration file found for board STM32H5F5J-DK
2026-04-29 19:12:49,463 [INFO] DbBoards:161 - Board is not supported: STM32H5F5J-DK
2026-04-29 19:12:49,547 [INFO] DbBoards:168 - Found 218 boards, 209 are supported
2026-04-29 19:12:49,547 [INFO] DbBoards:169 - Found 218 boards, 43 of them is supported for  Bsp
2026-04-29 19:12:49,548 [INFO] ApiDb:423 - Load user favorites file C:\Users\Евгений/.stm32cubeide/favorites.boards.txt: 0 item(s)
2026-04-29 19:12:49,548 [INFO] ApiDb:427 - User favorites Boards=[]
2026-04-29 19:12:49,549 [INFO] DbBoards:198 - Set 0 / 0 favorites Boards
2026-04-29 19:12:49,989 [INFO] ApiDb:448 - Save user favorites file C:\Users\Евгений/.stm32cubeide/favorites.examples.txt: 0 item(s)
2026-04-29 19:12:49,989 [INFO] ApiDb:452 - User favorites Examples=[]
2026-04-29 19:12:49,991 [INFO] ApiDb:581 - Connected to CubeFinder SQLite database (C:\Users\Евгений\.stmcufinder\plugins\mcufinder\mcu\cube-finder-db.db)
2026-04-29 19:12:50,057 [INFO] ApiDb:668 - CubeFinder database Data Model version=2.1
2026-04-29 19:12:50,057 [INFO] ApiDb:669 - CubeFinder database Configuration version=3.0.42
2026-04-29 19:12:50,057 [INFO] ApiDb:670 - CubeFinder database generation date=2026-03-11 (1773229989)
2026-04-29 19:12:50,057 [INFO] ApiDb:671 - CubeFinder database FW Pack versions=[FP-ATR-ASTRA1_V2.0.0, FP-SNS-FLIGHT1_V5.1.0, FP-SNS-MOTENV1_V5.1.0, FP-SNS-MOTENVWB1_V1.5.0, FP-SNS-SMARTAG2_V1.2.0, FP-SNS-STBOX1_V2.1.0, STM32Cube_FW_C0_V1.4.0, STM32Cube_FW_F4_V1.28.3, STM32Cube_FW_F7_V1.17.4, STM32Cube_FW_G0_V1.6.3, STM32Cube_FW_G4_V1.6.2, STM32Cube_FW_H5_V1.6.0, STM32Cube_FW_H7RS_V1.3.0, STM32Cube_FW_H7_V1.13.0, STM32Cube_FW_L0_V1.12.2, STM32Cube_FW_L4_V1.18.2, STM32Cube_FW_L5_V1.6.0, STM32Cube_FW_N6_V1.3.0, STM32Cube_FW_U0_V1.3.0, STM32Cube_FW_U3_V1.3.0, STM32Cube_FW_U5_V1.8.0, STM32Cube_FW_WB0_V1.4.0, STM32Cube_FW_WBA_V1.9.0, STM32Cube_FW_WB_V1.24.0, STM32Cube_FW_WL3_V1.4.0, STM32Cube_FW_WL_V1.5.0, X-CUBE-ALGOBUILD_V1.4.0, X-CUBE-ALS_V1.0.2, X-CUBE-AZRTOS-F4_V1.1.0, X-CUBE-AZRTOS-F7_V1.1.0, X-CUBE-AZRTOS-G0_V1.1.0, X-CUBE-AZRTOS-G4_V2.0.0, X-CUBE-AZRTOS-H7RS_V1.1.0, X-CUBE-AZRTOS-H7_V3.4.0, X-CUBE-AZRTOS-L4_V2.0.0, X-CUBE-AZRTOS-L5_V2.0.0, X-CUBE-AZRTOS-WB_V2.0.0, X-CUBE-AZRTOS-WL_V2.0.0, X-CUBE-BLE1_V7.1.0, X-CUBE-BLE2_V3.3.0, X-CUBE-BLEMGR_V4.1.0, X-CUBE-EEPRMA1_V5.2.0, X-CUBE-FREERTOS_V1.5.0, X-CUBE-GNSS1_V6.0.0, X-CUBE-MEMS1_V12.0.0, X-CUBE-NFC4_V3.0.0, X-CUBE-NFC7_V2.0.0, X-CUBE-SFXS2LP1_V4.0.0, X-CUBE-ST67W61_V1.2.0, X-CUBE-SUBG2_V5.0.0, X-CUBE-TOF1_V3.4.3]
2026-04-29 19:12:50,490 [ERROR] DbExamplesSqlite:437 - Missing JSON key: board_cpn
2026-04-29 19:12:50,490 [ERROR] DbExamplesSqlite:437 - Missing JSON key: board_cpn
2026-04-29 19:12:50,490 [ERROR] DbExamplesSqlite:437 - Missing JSON key: board_cpn
2026-04-29 19:12:50,490 [ERROR] DbExamplesSqlite:437 - Missing JSON key: board_cpn
2026-04-29 19:12:50,695 [ERROR] DbExamplesSqlite:437 - Missing JSON key: board_cpn
2026-04-29 19:12:50,696 [ERROR] DbExamplesSqlite:437 - Missing JSON key: board_cpn
2026-04-29 19:12:50,730 [INFO] DbExamplesSqlite:395 - Ignored 39 examples not supported by CubeIDE
2026-04-29 19:12:50,731 [INFO] DbExamplesSqlite:396 - Found 11210 examples active
2026-04-29 19:12:50,731 [INFO] DbExamplesSqlite:397 - Found 0 examples obsolete
2026-04-29 19:12:50,731 [INFO] DbExamplesSqlite:398 - Found 0 examples under development
2026-04-29 19:12:50,731 [INFO] DbExamplesSqlite:399 - Found 76 examples not building
2026-04-29 19:12:50,733 [INFO] DbExamples:125 - Found 11247 examples
2026-04-29 19:12:50,772 [ERROR] DbExamples:208 - Found 377 examples with invalid data (board or MCU)
2026-04-29 19:12:50,772 [INFO] DbExamples:222 - Found 140 boards with related examples
2026-04-29 19:12:50,773 [INFO] DbExamples:235 - Found 114 MCUs with related examples
2026-04-29 19:12:50,794 [INFO] ApiDb:423 - Load user favorites file C:\Users\Евгений/.stm32cubeide/favorites.examples.txt: 0 item(s)
2026-04-29 19:12:50,794 [INFO] ApiDb:427 - User favorites Examples=[]
2026-04-29 19:12:50,794 [INFO] DbExamples:250 - Set 0 / 0 favorites Examples
2026-04-29 19:12:51,073 [INFO] LoadUrlFilesThread:185 - End of LoadServerUrlFiles without Thread
2026-04-29 19:12:51,073 [INFO] TargetSelectorAdapter:259 - Refresh data is successful
2026-04-29 19:12:51,117 [INFO] McuFinderGlobals:76 - Set McuFinderConnectedMode to true
2026-04-29 19:12:51,117 [INFO] MultiScanPanel:200 - Auto-refresh data requested => check proxy status ongoing
2026-04-29 19:12:51,117 [INFO] FinderPluginLoader:96 - Searching for filters in installed packs
2026-04-29 19:12:51,539 [INFO] LoadUrlFilesThread:185 - End of LoadServerUrlFiles without Thread
2026-04-29 19:12:51,539 [INFO] DetailPanel:341 - Set advertising image to C:/Users/Евгений/STM32Cube/Repository/\en.prom-stm32wba2-stm32-nucleo-board-0426.png
2026-04-29 19:13:30,161 [INFO] MainUpdater:2872 - connection check result : 10
2026-04-29 19:13:30,162 [INFO] MainUpdater:2872 - connection check result : 10
2026-04-29 19:13:30,174 [INFO] MicroXplorer:468 - Change Database Path : 
2026-04-29 19:13:30,174 [INFO] MicroXplorer:498 - Change Database Version : DB.6.0.150
2026-04-29 19:13:30,178 [WARN] ThirdParty:871 - waiting for thirdparty lock release [close project]
2026-04-29 19:13:30,178 [INFO] ThirdParty:873 - entering critical section [close project]
2026-04-29 19:13:30,179 [INFO] ThirdParty:883 - exiting critical section [close project]
2026-04-29 19:13:30,181 [INFO] PinOutPanel:1589 - setPackage(No Configuration,No Configuration)
2026-04-29 19:13:30,182 [INFO] UtilMem:75 - Begin LoadConfig() Used Memory: 619708416 Bytes (932184064)
2026-04-29 19:13:30,183 [INFO] MicroXplorer:468 - Change Database Path : 
2026-04-29 19:13:30,183 [INFO] MicroXplorer:498 - Change Database Version : DB.6.0.150
2026-04-29 19:13:30,183 [INFO] OpenFileManager:355 - Change cursor
2026-04-29 19:13:30,310 [INFO] Mcu:2029 - Initializing MCU STM32F103C8Tx STM32F103C8Tx STM32F103C8T6
2026-04-29 19:13:30,976 [INFO] Context:786 - Trying to add GPIOservice into a context  which must be forbidden
2026-04-29 19:13:31,186 [INFO] ImportTextPane:234 - (OptionalMessage_ERROR) Unable to find key (Mcu.ThirdPartyNb) in loaded IOC file
2026-04-29 19:13:31,186 [INFO] ImportTextPane:234 - (OptionalMessage_ERROR) Unable to find key (Mcu.PinsNb) in loaded IOC file
2026-04-29 19:13:31,186 [INFO] ImportTextPane:234 - (OptionalMessage_ERROR) Pin0 (VP_RIF_VS_RIF1) cannot be retrieved for this MCU
2026-04-29 19:13:31,187 [INFO] ImportTextPane:234 - (OptionalMessage_ERROR) Unable to find key (Mcu.IPNb) in loaded IOC file
2026-04-29 19:13:31,401 [INFO] RtosManager:558 - Registered RTOS mode: class=CMSIS, group=RTOS, mode=CMSIS_V1, owner=FREERTOS
2026-04-29 19:13:31,401 [INFO] RtosManager:558 - Registered RTOS mode: class=CMSIS, group=RTOS2, mode=CMSIS_V2, owner=FREERTOS
2026-04-29 19:13:31,401 [INFO] RtosManager:558 - Registered RTOS mode: class=RTOS, group=Core, mode=CMSIS_V1, owner=FREERTOS
2026-04-29 19:13:31,401 [INFO] RtosManager:558 - Registered RTOS mode: class=RTOS, group=Core, mode=CMSIS_V2, owner=FREERTOS
2026-04-29 19:13:31,402 [WARN] ModelIntegratedComponent:184 - Missing modes for component STMicroelectronics:FreeRTOS:0.0.1:STMicroelectronics:RTOS:FreeRTOS:Core:::10.2.0:
2026-04-29 19:13:31,414 [WARN] ModelIntegratedComponent:63 - No mode defined for component null
2026-04-29 19:13:31,414 [WARN] ModelIntegratedComponent:63 - No mode defined for component null
2026-04-29 19:13:31,414 [WARN] ModelIntegratedComponent:63 - No mode defined for component null
2026-04-29 19:13:31,414 [WARN] ModelIntegratedComponent:63 - No mode defined for component null
2026-04-29 19:13:31,414 [WARN] ModelIntegratedComponent:63 - No mode defined for component null
2026-04-29 19:13:31,414 [WARN] ModelIntegratedComponent:63 - No mode defined for component null
2026-04-29 19:13:31,414 [WARN] ModelIntegratedComponent:63 - No mode defined for component null
2026-04-29 19:13:31,414 [WARN] ModelIntegratedComponent:63 - No mode defined for component null
2026-04-29 19:13:31,414 [WARN] ModelIntegratedComponent:63 - No mode defined for component null
2026-04-29 19:13:31,414 [WARN] ModelIntegratedComponent:63 - No mode defined for component null
2026-04-29 19:13:31,414 [WARN] ModelIntegratedComponent:63 - No mode defined for component null
2026-04-29 19:13:31,414 [WARN] ModelIntegratedComponent:63 - No mode defined for component null
2026-04-29 19:13:31,414 [WARN] ModelIntegratedComponent:63 - No mode defined for component null
2026-04-29 19:13:31,414 [WARN] ModelIntegratedComponent:63 - No mode defined for component null
2026-04-29 19:13:31,414 [WARN] ModelIntegratedComponent:63 - No mode defined for component null
2026-04-29 19:13:31,414 [WARN] ModelIntegratedComponent:63 - No mode defined for component null
2026-04-29 19:13:31,414 [WARN] ModelIntegratedComponent:63 - No mode defined for component null
2026-04-29 19:13:31,415 [WARN] ModelIntegratedComponent:63 - No mode defined for component null
2026-04-29 19:13:31,415 [WARN] ModelIntegratedComponent:63 - No mode defined for component null
2026-04-29 19:13:31,415 [WARN] ModelIntegratedComponent:63 - No mode defined for component null
2026-04-29 19:13:31,415 [WARN] ModelIntegratedComponent:63 - No mode defined for component null
2026-04-29 19:13:31,415 [WARN] ModelIntegratedComponent:63 - No mode defined for component null
2026-04-29 19:13:31,415 [WARN] ModelIntegratedComponent:63 - No mode defined for component null
2026-04-29 19:13:31,415 [WARN] ModelIntegratedComponent:63 - No mode defined for component null
2026-04-29 19:13:31,415 [WARN] ModelIntegratedComponent:63 - No mode defined for component null
2026-04-29 19:13:31,415 [WARN] ModelIntegratedComponent:63 - No mode defined for component null
2026-04-29 19:13:31,415 [WARN] ModelIntegratedComponent:63 - No mode defined for component null
2026-04-29 19:13:31,415 [WARN] ModelIntegratedComponent:63 - No mode defined for component null
2026-04-29 19:13:31,415 [WARN] ModelIntegratedComponent:63 - No mode defined for component null
2026-04-29 19:13:31,415 [WARN] ModelIntegratedComponent:63 - No mode defined for component null
2026-04-29 19:13:31,415 [WARN] ModelIntegratedComponent:63 - No mode defined for component null
2026-04-29 19:13:31,415 [WARN] ModelIntegratedComponent:63 - No mode defined for component null
2026-04-29 19:13:31,415 [WARN] ModelIntegratedComponent:63 - No mode defined for component null
2026-04-29 19:13:31,416 [WARN] ModelIntegratedComponent:63 - No mode defined for component null
2026-04-29 19:13:31,416 [WARN] ModelIntegratedComponent:63 - No mode defined for component null
2026-04-29 19:13:31,416 [WARN] ModelPack:524 - Component already loaded: STMicroelectronics:HAL Drivers:0.0.0:STMicroelectronics:Device:STMicro_Driver:XSPI:HAL::0.0.1:HAL_XSPI
2026-04-29 19:13:31,916 [INFO] ThirdPartyModel:298 - Start build external matchings
2026-04-29 19:13:37,662 [INFO] ThirdPartyModel:316 - End build external matchings
2026-04-29 19:13:37,887 [INFO] UtilMem:75 - End LoadConfig() Used Memory: 520461112 Bytes (932184064)
2026-04-29 19:13:37,906 [WARN] ThirdParty:833 - waiting for thirdparty lock release [change project]
2026-04-29 19:13:37,906 [INFO] ThirdParty:835 - entering critical section [change project]
2026-04-29 19:13:37,906 [INFO] ThirdParty:1030 - CMSIS Pack Vendor :STMicroelectronics X-CUBE-AZRTOS-H7 3.5.0
2026-04-29 19:13:37,906 [INFO] ThirdParty:1030 - CMSIS Pack Vendor :STMicroelectronics X-CUBE-PM33A1 1.0.0
2026-04-29 19:13:37,906 [INFO] ThirdParty:1030 - CMSIS Pack Vendor :STMicroelectronics USBPD 4.1
2026-04-29 19:13:37,906 [INFO] ThirdParty:1030 - CMSIS Pack Vendor :STMicroelectronics X-CUBE-GNSS1 6.0.0
2026-04-29 19:13:37,906 [INFO] ThirdParty:1030 - CMSIS Pack Vendor :STMicroelectronics USB_HOST 2.0.0
2026-04-29 19:13:37,906 [INFO] ThirdParty:1030 - CMSIS Pack Vendor :STMicroelectronics FP-SNS-MOTENVWB1 1.4.0
2026-04-29 19:13:37,906 [INFO] ThirdParty:1030 - CMSIS Pack Vendor :STMicroelectronics X-CUBE-AZRTOS-F4 1.1.0
2026-04-29 19:13:37,906 [INFO] ThirdParty:1030 - CMSIS Pack Vendor :STMicroelectronics LIBJPEG 8.0.0
2026-04-29 19:13:37,906 [INFO] ThirdParty:1030 - CMSIS Pack Vendor :STMicroelectronics FP-ATR-ASTRA1 2.0.2
2026-04-29 19:13:37,906 [INFO] ThirdParty:1030 - CMSIS Pack Vendor :Avnet-IotConnect X-CUBE-IoTC-DA16k-PMOD 1.0.0
2026-04-29 19:13:37,906 [INFO] ThirdParty:1030 - CMSIS Pack Vendor :STMicroelectronics X-CUBE-SMBUS 2.1.0
2026-04-29 19:13:37,906 [INFO] ThirdParty:1030 - CMSIS Pack Vendor :STMicroelectronics X-CUBE-ISPU 2.1.0
2026-04-29 19:13:37,906 [INFO] ThirdParty:1030 - CMSIS Pack Vendor :STMicroelectronics X-CUBE-IPS 3.2.0
2026-04-29 19:13:37,906 [INFO] ThirdParty:1030 - CMSIS Pack Vendor :STMicroelectronics eDS-WB_DPC_TT-BIDIR 2.1.1
2026-04-29 19:13:37,906 [INFO] ThirdParty:1030 - CMSIS Pack Vendor :STMicroelectronics X-CUBE-ST60 1.0.0
2026-04-29 19:13:37,906 [INFO] ThirdParty:1030 - CMSIS Pack Vendor :STMicroelectronics X-CUBE-TOUCHGFX 4.23.0
2026-04-29 19:13:37,906 [INFO] ThirdParty:1030 - CMSIS Pack Vendor :STMicroelectronics X-CUBE-NFC12 1.0.0
2026-04-29 19:13:37,906 [INFO] ThirdParty:1030 - CMSIS Pack Vendor :STMicroelectronics X-CUBE-BLEMGR 1.2.0
2026-04-29 19:13:37,907 [INFO] ThirdParty:1030 - CMSIS Pack Vendor :STMicroelectronics X-CUBE-AZRTOS-F7 1.1.0
2026-04-29 19:13:37,907 [INFO] ThirdParty:1030 - CMSIS Pack Vendor :STMicroelectronics X-CUBE-AZRTOS-L5 2.0.0
2026-04-29 19:13:37,907 [INFO] ThirdParty:1030 - CMSIS Pack Vendor :STMicroelectronics USB_DEVICE 2.0.0
2026-04-29 19:13:37,907 [INFO] ThirdParty:1030 - CMSIS Pack Vendor :STMicroelectronics X-CUBE-MEMS1 9.6.0
2026-04-29 19:13:37,907 [INFO] ThirdParty:1030 - CMSIS Pack Vendor :STMicroelectronics X-CUBE-EEPRMA1 4.2.0
2026-04-29 19:13:37,907 [INFO] ThirdParty:1030 - CMSIS Pack Vendor :STMicroelectronics X-CUBE-NFC6 3.1.0
2026-04-29 19:13:37,907 [INFO] ThirdParty:1030 - CMSIS Pack Vendor :ITTIA_DB I-CUBE-ITTIADB 8.8.0
2026-04-29 19:13:37,907 [INFO] ThirdParty:1030 - CMSIS Pack Vendor :STMicroelectronics FP-SNS-MOTENV1 4.3.2
2026-04-29 19:13:37,907 [INFO] ThirdParty:1030 - CMSIS Pack Vendor :STMicroelectronics FP-SNS-MOTENV1 4.3.1
2026-04-29 19:13:37,907 [INFO] ThirdParty:1030 - CMSIS Pack Vendor :STMicroelectronics FP-SNS-FLIGHT1 5.0.1
2026-04-29 19:13:37,907 [INFO] ThirdParty:1030 - CMSIS Pack Vendor :STMicroelectronics X-CUBE-BLE1 6.2.3
2026-04-29 19:13:37,907 [INFO] ThirdParty:1030 - CMSIS Pack Vendor :STMicroelectronics X-CUBE-BLE1 6.2.4
2026-04-29 19:13:37,907 [INFO] ThirdParty:1030 - CMSIS Pack Vendor :STMicroelectronics FP-SNS-MOTENV1 5.1.0
2026-04-29 19:13:37,907 [INFO] ThirdParty:1030 - CMSIS Pack Vendor :STMicroelectronics FreeRTOS 0.0.1
2026-04-29 19:13:37,907 [INFO] ThirdParty:1030 - CMSIS Pack Vendor :emotas I-CUBE-CANOPEN 1.1.3
2026-04-29 19:13:37,907 [INFO] ThirdParty:1030 - CMSIS Pack Vendor :STMicroelectronics X-CUBE-BLEMGR 2.0.0
2026-04-29 19:13:37,907 [INFO] ThirdParty:1030 - CMSIS Pack Vendor :STMicroelectronics eDS-WB_DPC_VIENNA 1.2.0
2026-04-29 19:13:37,907 [INFO] ThirdParty:1030 - CMSIS Pack Vendor :STMicroelectronics FP-SNS-FLIGHT1 5.0.2
2026-04-29 19:13:37,907 [INFO] ThirdParty:1030 - CMSIS Pack Vendor :STMicroelectronics X-CUBE-NFC4 2.0.5
2026-04-29 19:13:37,907 [INFO] ThirdParty:1030 - CMSIS Pack Vendor :STMicroelectronics eDS-WB_DPC_3PH2L-BIDIR 1.1.1
2026-04-29 19:13:37,907 [INFO] ThirdParty:1030 - CMSIS Pack Vendor :STMicroelectronics X-CUBE-NFC4 2.0.4
2026-04-29 19:13:37,907 [INFO] ThirdParty:1030 - CMSIS Pack Vendor :STMicroelectronics X-CUBE-AZRTOS-H7 3.1.0
2026-04-29 19:13:37,907 [INFO] ThirdParty:1030 - CMSIS Pack Vendor :STMicroelectronics PDM2PCM 3.3.0
2026-04-29 19:13:37,907 [INFO] ThirdParty:1030 - CMSIS Pack Vendor :STMicroelectronics X-CUBE-AZRTOS-H7 3.4.0
2026-04-29 19:13:37,907 [INFO] ThirdParty:1030 - CMSIS Pack Vendor :STMicroelectronics X-CUBE-DISPLAY 3.0.0
2026-04-29 19:13:37,907 [INFO] ThirdParty:1030 - CMSIS Pack Vendor :STMicroelectronics X-CUBE-GNSS1 7.1.1
2026-04-29 19:13:37,907 [INFO] ThirdParty:1030 - CMSIS Pack Vendor :STMicroelectronics FP-SNS-MOTENVWB1 1.5.0
2026-04-29 19:13:37,907 [INFO] ThirdParty:1030 - CMSIS Pack Vendor :wolfSSL I-CUBE-wolfSSL 5.5.3
2026-04-29 19:13:37,907 [INFO] ThirdParty:1030 - CMSIS Pack Vendor :STMicroelectronics X-CUBE-BLE1 7.0.0
2026-04-29 19:13:37,908 [INFO] ThirdParty:1030 - CMSIS Pack Vendor :STMicroelectronics X-CUBE-NFC10 1.0.0
2026-04-29 19:13:37,908 [INFO] ThirdParty:1030 - CMSIS Pack Vendor :STMicroelectronics X-CUBE-BLEMGR 4.0.0
2026-04-29 19:13:37,908 [INFO] ThirdParty:1030 - CMSIS Pack Vendor :STMicroelectronics X-CUBE-FREERTOS 1.3.1
2026-04-29 19:13:37,908 [INFO] ThirdParty:1030 - CMSIS Pack Vendor :STMicroelectronics HAL Drivers 0.0.0
2026-04-29 19:13:37,908 [INFO] ThirdParty:1030 - CMSIS Pack Vendor :STMicroelectronics X-CUBE-ST60 1.1.0
2026-04-29 19:13:37,908 [INFO] ThirdParty:1030 - CMSIS Pack Vendor :STMicroelectronics X-CUBE-TOUCHGFX 4.22.0
2026-04-29 19:13:37,908 [INFO] ThirdParty:1030 - CMSIS Pack Vendor :STMicroelectronics X-CUBE-NFC7 1.0.1
2026-04-29 19:13:37,908 [INFO] ThirdParty:1030 - CMSIS Pack Vendor :STMicroelectronics MBEDTLS 2.14.1
2026-04-29 19:13:37,908 [INFO] ThirdParty:1030 - CMSIS Pack Vendor :STMicroelectronics X-CUBE-GNSS1 7.1.0
2026-04-29 19:13:37,908 [INFO] ThirdParty:1030 - CMSIS Pack Vendor :STMicroelectronics X-CUBE-NFC7 1.0.0
2026-04-29 19:13:37,908 [INFO] ThirdParty:1030 - CMSIS Pack Vendor :STMicroelectronics X-CUBE-TOUCHGFX 4.22.1
2026-04-29 19:13:37,908 [INFO] ThirdParty:1030 - CMSIS Pack Vendor :STMicroelectronics X-CUBE-TOUCHGFX 4.26.0
2026-04-29 19:13:37,908 [INFO] ThirdParty:1030 - CMSIS Pack Vendor :STMicroelectronics X-CUBE-NFC6 3.0.0
2026-04-29 19:13:37,908 [INFO] ThirdParty:1030 - CMSIS Pack Vendor :STMicroelectronics X-CUBE-MEMS1 9.3.0
2026-04-29 19:13:37,908 [INFO] ThirdParty:1030 - CMSIS Pack Vendor :STMicroelectronics X-CUBE-TOUCHGFX 4.26.1
2026-04-29 19:13:37,908 [INFO] ThirdParty:1030 - CMSIS Pack Vendor :STMicroelectronics X-CUBE-EEPRMA1 4.1.0
2026-04-29 19:13:37,908 [INFO] ThirdParty:1030 - CMSIS Pack Vendor :quantropi X-CUBE-qispace-sdk-base 2.0.0
2026-04-29 19:13:37,908 [INFO] ThirdParty:1030 - CMSIS Pack Vendor :STMicroelectronics X-CUBE-AI 10.0.0
2026-04-29 19:13:37,908 [INFO] ThirdParty:1030 - CMSIS Pack Vendor :STMicroelectronics FP-SNS-STBOX1 2.1.0
2026-04-29 19:13:37,908 [INFO] ThirdParty:1030 - CMSIS Pack Vendor :STMicroelectronics FP-SNS-STAIOTCFT 1.0.0
2026-04-29 19:13:37,908 [INFO] ThirdParty:1030 - CMSIS Pack Vendor :STMicroelectronics FP-SNS-SMARTAG2 1.2.0
2026-04-29 19:13:37,908 [INFO] ThirdParty:1030 - CMSIS Pack Vendor :STMicroelectronics FP-SNS-FLIGHT1 5.1.0
2026-04-29 19:13:37,908 [INFO] ThirdParty:1030 - CMSIS Pack Vendor :STMicroelectronics X-CUBE-AZRTOS-WL 2.0.0
2026-04-29 19:13:37,908 [INFO] ThirdParty:1030 - CMSIS Pack Vendor :STMicroelectronics X-CUBE-DPower 1.3.0
2026-04-29 19:13:37,908 [INFO] ThirdParty:1030 - CMSIS Pack Vendor :STMicroelectronics FP-SNS-MOTENV1 5.0.0
2026-04-29 19:13:37,909 [INFO] ThirdParty:1030 - CMSIS Pack Vendor :STMicroelectronics USB_DEVICE 1.0.0
2026-04-29 19:13:37,909 [INFO] ThirdParty:1030 - CMSIS Pack Vendor :STMicroelectronics X-CUBE-AZRTOS-H7RS 1.2.0
2026-04-29 19:13:37,909 [INFO] ThirdParty:1030 - CMSIS Pack Vendor :STMicroelectronics X-CUBE-AI 8.1.0
2026-04-29 19:13:37,909 [INFO] ThirdParty:1030 - CMSIS Pack Vendor :STMicroelectronics X-CUBE-AZRTOS-L4 2.0.0
2026-04-29 19:13:37,909 [INFO] ThirdParty:1030 - CMSIS Pack Vendor :STMicroelectronics ThreadX 0.0.2
2026-04-29 19:13:37,909 [INFO] ThirdParty:1030 - CMSIS Pack Vendor :WES I-CUBE-Cesium 1.3.0
2026-04-29 19:13:37,909 [INFO] ThirdParty:1030 - CMSIS Pack Vendor :STMicroelectronics lwIP 2.1.2
2026-04-29 19:13:37,909 [INFO] ThirdParty:1030 - CMSIS Pack Vendor :STMicroelectronics X-CUBE-SFXS2LP1 4.0.0
2026-04-29 19:13:37,909 [INFO] ThirdParty:1030 - CMSIS Pack Vendor :STMicroelectronics X-CUBE-BLE2 3.3.0
2026-04-29 19:13:37,909 [INFO] ThirdParty:1030 - CMSIS Pack Vendor :Avnet-IOTCONNECT X-CUBE-iotc-st67-sdk 1.0.0
2026-04-29 19:13:37,909 [INFO] ThirdParty:1030 - CMSIS Pack Vendor :STMicroelectronics X-CUBE-DISPLAY 2.2.0
2026-04-29 19:13:37,909 [INFO] ThirdParty:1030 - CMSIS Pack Vendor :STMicroelectronics X-CUBE-TOF1 3.2.0
2026-04-29 19:13:37,909 [INFO] ThirdParty:1030 - CMSIS Pack Vendor :STMicroelectronics PDM2PCM 3.2.0
2026-04-29 19:13:37,909 [INFO] ThirdParty:1030 - CMSIS Pack Vendor :STMicroelectronics X-CUBE-AZRTOS-H7 3.0.0
2026-04-29 19:13:37,909 [INFO] ThirdParty:1030 - CMSIS Pack Vendor :STMicroelectronics X-CUBE-WB05N 2.1.0
2026-04-29 19:13:37,909 [INFO] ThirdParty:1030 - CMSIS Pack Vendor :STMicroelectronics X-CUBE-ST67W61 1.2.0
2026-04-29 19:13:37,909 [INFO] ThirdParty:1030 - CMSIS Pack Vendor :STMicroelectronics X-CUBE-ISPU 1.1.0
2026-04-29 19:13:37,909 [INFO] ThirdParty:1030 - CMSIS Pack Vendor :STMicroelectronics X-CUBE-AZRTOS-H7 3.3.0
2026-04-29 19:13:37,909 [INFO] ThirdParty:1030 - CMSIS Pack Vendor :RoweBots I-CUBE-UNISONRTOS 5.5.0-4
2026-04-29 19:13:37,909 [INFO] ThirdParty:1030 - CMSIS Pack Vendor :STMicroelectronics X-CUBE-NFC9 1.0.0
2026-04-29 19:13:37,909 [INFO] ThirdParty:1030 - CMSIS Pack Vendor :STMicroelectronics X-CUBE-AZRTOS-H7 2.1.0
2026-04-29 19:13:37,909 [INFO] ThirdParty:1030 - CMSIS Pack Vendor :STMicroelectronics X-CUBE-BLE1 7.1.0
2026-04-29 19:13:37,909 [INFO] ThirdParty:1030 - CMSIS Pack Vendor :wolfSSL I-CUBE-wolfMQTT 1.19.2
2026-04-29 19:13:37,909 [INFO] ThirdParty:1030 - CMSIS Pack Vendor :STMicroelectronics USB_DEVICE 3.0.0
2026-04-29 19:13:37,909 [INFO] ThirdParty:1030 - CMSIS Pack Vendor :STMicroelectronics X-CUBE-FREERTOS 1.4.0
2026-04-29 19:13:37,909 [INFO] ThirdParty:1030 - CMSIS Pack Vendor :STMicroelectronics X-CUBE-EEPRMA1 5.2.0
2026-04-29 19:13:37,909 [INFO] ThirdParty:1030 - CMSIS Pack Vendor :STMicroelectronics X-CUBE-BLEMGR 4.1.0
2026-04-29 19:13:37,909 [INFO] ThirdParty:1030 - CMSIS Pack Vendor :STMicroelectronics X-CUBE-AI 8.0.0
2026-04-29 19:13:37,909 [INFO] ThirdParty:1030 - CMSIS Pack Vendor :STMicroelectronics X-CUBE-AZRTOS-WB 2.0.0
2026-04-29 19:13:37,909 [INFO] ThirdParty:1030 - CMSIS Pack Vendor :STMicroelectronics X-CUBE-FREERTOS 1.0.1
2026-04-29 19:13:37,909 [INFO] ThirdParty:1030 - CMSIS Pack Vendor :STMicroelectronics X-CUBE-TOUCHGFX 4.21.0
2026-04-29 19:13:37,909 [INFO] ThirdParty:1030 - CMSIS Pack Vendor :STMicroelectronics X-CUBE-GNSS1 7.0.1
2026-04-29 19:13:37,909 [INFO] ThirdParty:1030 - CMSIS Pack Vendor :STMicroelectronics X-CUBE-TOUCHGFX 4.21.3
2026-04-29 19:13:37,909 [INFO] ThirdParty:1030 - CMSIS Pack Vendor :STMicroelectronics X-CUBE-TOUCHGFX 4.21.4
2026-04-29 19:13:37,909 [INFO] ThirdParty:1030 - CMSIS Pack Vendor :STMicroelectronics X-CUBE-TOUCHGFX 4.25.0
2026-04-29 19:13:37,909 [INFO] ThirdParty:1030 - CMSIS Pack Vendor :STMicroelectronics X-CUBE-MEMS1 9.4.0
2026-04-29 19:13:37,909 [INFO] ThirdParty:1030 - CMSIS Pack Vendor :STMicroelectronics X-CUBE-AI 7.3.0
2026-04-29 19:13:37,909 [INFO] ThirdParty:1030 - CMSIS Pack Vendor :STMicroelectronics X-CUBE-ST67W61 1.1.0
2026-04-29 19:13:37,909 [INFO] ThirdParty:1030 - CMSIS Pack Vendor :STMicroelectronics X-CUBE-AI 10.1.0
2026-04-29 19:13:37,911 [INFO] ThirdParty:1030 - CMSIS Pack Vendor :STMicroelectronics FP-SNS-STBOX1 2.0.0
2026-04-29 19:13:37,911 [INFO] ThirdParty:1030 - CMSIS Pack Vendor :STMicroelectronics FP-SNS-STAIOTCFT 1.1.0
2026-04-29 19:13:37,911 [INFO] ThirdParty:1030 - CMSIS Pack Vendor :STMicroelectronics X-CUBE-MEMS1 12.0.0
2026-04-29 19:13:37,911 [INFO] ThirdParty:1030 - CMSIS Pack Vendor :STMicroelectronics X-CUBE-ALGOBUILD 1.3.0
2026-04-29 19:13:37,911 [INFO] ThirdParty:1030 - CMSIS Pack Vendor :STMicroelectronics X-CUBE-STSE01 2.0.0
2026-04-29 19:13:37,911 [INFO] ThirdParty:1030 - CMSIS Pack Vendor :STMicroelectronics X-CUBE-AZRTOS-L5 1.1.0
2026-04-29 19:13:37,911 [INFO] ThirdParty:1030 - CMSIS Pack Vendor :STMicroelectronics X-CUBE-MEMS1 11.2.0
2026-04-29 19:13:37,911 [INFO] ThirdParty:1030 - CMSIS Pack Vendor :STMicroelectronics X-CUBE-AZRTOS-G0 1.1.0
2026-04-29 19:13:37,911 [INFO] ThirdParty:1030 - CMSIS Pack Vendor :STMicroelectronics X-CUBE-AI 8.0.1
2026-04-29 19:13:37,911 [INFO] ThirdParty:1030 - CMSIS Pack Vendor :STMicroelectronics X-CUBE-SAFEA1 1.2.2
2026-04-29 19:13:37,911 [INFO] ThirdParty:1030 - CMSIS Pack Vendor :STMicroelectronics X-CUBE-NFC4 3.0.0
2026-04-29 19:13:37,911 [INFO] ThirdParty:1030 - CMSIS Pack Vendor :STMicroelectronics X-CUBE-SUBG2 5.0.0
2026-04-29 19:13:37,911 [INFO] ThirdParty:1030 - CMSIS Pack Vendor :STMicroelectronics X-CUBE-AZRTOS-H7RS 1.1.0
2026-04-29 19:13:37,911 [INFO] ThirdParty:1030 - CMSIS Pack Vendor :STMicroelectronics STM32_WPAN 1.0.0
2026-04-29 19:13:37,911 [INFO] ThirdParty:1030 - CMSIS Pack Vendor :SEGGER I-CUBE-embOS 1.2.1
2026-04-29 19:13:37,911 [INFO] ThirdParty:1030 - CMSIS Pack Vendor :EmbeddedOffice I-CUBE-FS-RTOS 1.0.1
2026-04-29 19:13:37,911 [INFO] ThirdParty:1030 - CMSIS Pack Vendor :STMicroelectronics lwIP 2.0.3
2026-04-29 19:13:37,911 [INFO] ThirdParty:1030 - CMSIS Pack Vendor :Cesanta I-CUBE-Mongoose 7.13.0
2026-04-29 19:13:37,911 [INFO] ThirdParty:1030 - CMSIS Pack Vendor :STMicroelectronics USB_HOST 1.0.0
2026-04-29 19:13:37,911 [INFO] ThirdParty:1030 - CMSIS Pack Vendor :STMicroelectronics X-CUBE-TOF1 3.3.1
2026-04-29 19:13:37,911 [INFO] ThirdParty:1030 - CMSIS Pack Vendor :STMicroelectronics X-CUBE-AZRTOS-G4 2.0.0
2026-04-29 19:13:37,911 [INFO] ThirdParty:1030 - CMSIS Pack Vendor :STMicroelectronics X-CUBE-WB05N 2.0.0
2026-04-29 19:13:37,911 [INFO] ThirdParty:1030 - CMSIS Pack Vendor :STMicroelectronics PDM2PCM 3.1.0
2026-04-29 19:13:37,911 [INFO] ThirdParty:1030 - CMSIS Pack Vendor :STMicroelectronics X-CUBE-TOF1 3.3.0
2026-04-29 19:13:37,912 [INFO] ThirdParty:1030 - CMSIS Pack Vendor :STMicroelectronics FP-ATR-ASTRA1 1.1.1
2026-04-29 19:13:37,912 [INFO] ThirdParty:1030 - CMSIS Pack Vendor :Infineon AIROC-Wi-Fi-Bluetooth-STM32 1.5.1
2026-04-29 19:13:37,912 [INFO] ThirdParty:1030 - CMSIS Pack Vendor :STMicroelectronics X-CUBE-BLEMGR 3.0.0
2026-04-29 19:13:37,912 [INFO] ThirdParty:1030 - CMSIS Pack Vendor :wolfSSL I-CUBE-wolfTPM 3.8.0
2026-04-29 19:13:37,912 [INFO] ThirdParty:1030 - CMSIS Pack Vendor :STMicroelectronics X-CUBE-BLEMGR 1.3.0
2026-04-29 19:13:37,912 [INFO] ThirdParty:1030 - CMSIS Pack Vendor :wolfSSL I-CUBE-wolfSSH 1.4.20
2026-04-29 19:13:37,912 [INFO] ThirdParty:1030 - CMSIS Pack Vendor :STMicroelectronics FP-SNS-MOTENVWB1 1.3.0
2026-04-29 19:13:37,912 [INFO] ThirdParty:1030 - CMSIS Pack Vendor :STMicroelectronics X-CUBE-NFC7 2.0.0
2026-04-29 19:13:37,912 [INFO] ThirdParty:1030 - CMSIS Pack Vendor :STMicroelectronics X-CUBE-TCPP 4.2.0
2026-04-29 19:13:37,912 [INFO] ThirdParty:1030 - CMSIS Pack Vendor :RealThread X-CUBE-RT-Thread_Nano 4.1.1
2026-04-29 19:13:37,912 [INFO] ThirdParty:1030 - CMSIS Pack Vendor :STMicroelectronics FP-SNS-MOTENVWB1 1.3.1
2026-04-29 19:13:37,912 [INFO] ThirdParty:1030 - CMSIS Pack Vendor :STMicroelectronics FP-ATR-SIGFOX1 3.2.0
2026-04-29 19:13:37,912 [INFO] ThirdParty:1030 - CMSIS Pack Vendor :STMicroelectronics X-CUBE-AZRTOS-G4 1.0.0
2026-04-29 19:13:37,912 [INFO] ThirdParty:1030 - CMSIS Pack Vendor :STMicroelectronics X-CUBE-AZRTOS-L4 1.0.0
2026-04-29 19:13:37,912 [INFO] ThirdParty:1030 - CMSIS Pack Vendor :STMicroelectronics X-CUBE-ISPU 2.0.0
2026-04-29 19:13:37,912 [INFO] ThirdParty:1030 - CMSIS Pack Vendor :STMicroelectronics X-CUBE-EEPRMA1 5.1.0
2026-04-29 19:13:37,912 [INFO] ThirdParty:1030 - CMSIS Pack Vendor :STMicroelectronics X-CUBE-FREERTOS 1.5.0
2026-04-29 19:13:37,912 [INFO] ThirdParty:1030 - CMSIS Pack Vendor :STMicroelectronics MBEDTLS 2.16.2
2026-04-29 19:13:37,912 [INFO] ThirdParty:1030 - CMSIS Pack Vendor :STMicroelectronics X-CUBE-IPS 3.1.0
2026-04-29 19:13:37,912 [INFO] ThirdParty:1030 - CMSIS Pack Vendor :STMicroelectronics X-CUBE-ALS 1.0.2
2026-04-29 19:13:37,912 [INFO] ThirdParty:1030 - CMSIS Pack Vendor :STMicroelectronics X-CUBE-TOUCHGFX 4.20.0
2026-04-29 19:13:37,912 [INFO] ThirdParty:1030 - CMSIS Pack Vendor :STMicroelectronics X-CUBE-MEMS1 10.0.0
2026-04-29 19:13:37,912 [INFO] ThirdParty:1030 - CMSIS Pack Vendor :STMicroelectronics X-CUBE-FREERTOS 1.1.0
2026-04-29 19:13:37,912 [INFO] ThirdParty:1030 - CMSIS Pack Vendor :STMicroelectronics X-CUBE-AZRTOS-WL 1.0.0
2026-04-29 19:13:37,913 [INFO] ThirdParty:1030 - CMSIS Pack Vendor :STMicroelectronics X-CUBE-STSE01 1.0.0
2026-04-29 19:13:37,913 [INFO] ThirdParty:1030 - CMSIS Pack Vendor :portGmbH I-Cube-SoM-uGOAL 1.1.0
2026-04-29 19:13:37,913 [INFO] ThirdParty:1030 - CMSIS Pack Vendor :STMicroelectronics X-CUBE-ALS 1.0.1
2026-04-29 19:13:37,913 [INFO] ThirdParty:1030 - CMSIS Pack Vendor :STMicroelectronics X-CUBE-NFC6 3.2.0
2026-04-29 19:13:37,913 [INFO] ThirdParty:1030 - CMSIS Pack Vendor :STMicroelectronics X-CUBE-MEMS1 9.5.0
2026-04-29 19:13:37,913 [INFO] ThirdParty:1030 - CMSIS Pack Vendor :STMicroelectronics X-CUBE-ST67W61 1.0.0
2026-04-29 19:13:37,913 [INFO] ThirdParty:1030 - CMSIS Pack Vendor :STMicroelectronics X-CUBE-AI 10.2.0
2026-04-29 19:13:37,913 [INFO] ThirdParty:1030 - CMSIS Pack Vendor :STMicroelectronics ThreadX 1.0.0
2026-04-29 19:13:37,913 [INFO] ThirdParty:1030 - CMSIS Pack Vendor :STMicroelectronics X-CUBE-MEMS1 12.1.0
2026-04-29 19:13:37,913 [INFO] ThirdParty:1030 - CMSIS Pack Vendor :STMicroelectronics X-CUBE-AZRTOS-WB 1.1.0
2026-04-29 19:13:37,913 [INFO] ThirdParty:1030 - CMSIS Pack Vendor :SEGGER I-CUBE-embOS 1.3.1
2026-04-29 19:13:37,913 [INFO] ThirdParty:1030 - CMSIS Pack Vendor :STMicroelectronics X-CUBE-ALGOBUILD 1.4.0
2026-04-29 19:13:37,913 [INFO] ThirdParty:1030 - CMSIS Pack Vendor :STMicroelectronics X-CUBE-MEMS1 11.3.0
2026-04-29 19:13:37,913 [INFO] ThirdParty:1030 - CMSIS Pack Vendor :STMicroelectronics X-CUBE-AZRTOS-L5 1.0.0
2026-04-29 19:13:37,913 [INFO] ThirdParty:1030 - CMSIS Pack Vendor :STMicroelectronics X-CUBE-EEPRMA1 3.1.1
2026-04-29 19:13:37,913 [INFO] ThirdParty:1030 - CMSIS Pack Vendor :STMicroelectronics FP-ATR-ASTRA1 2.0.0
2026-04-29 19:13:37,913 [INFO] ThirdParty:1030 - CMSIS Pack Vendor :STMicroelectronics X-CUBE-TOF1 3.4.3
2026-04-29 19:13:37,913 [INFO] ThirdParty:1030 - CMSIS Pack Vendor :STMicroelectronics X-CUBE-TOF1 3.4.0
2026-04-29 19:13:37,913 [INFO] ThirdParty:1030 - CMSIS Pack Vendor :STMicroelectronics X-CUBE-AZRTOS-H7 3.2.0
2026-04-29 19:13:37,913 [INFO] ThirdParty:841 - exiting critical section [change project]
2026-04-29 19:13:38,081 [INFO] PinOutPanel:1589 - setPackage(No Configuration,No Configuration)
2026-04-29 19:13:38,083 [INFO] PinOutPanel:1589 - setPackage(STM32F103C8Tx,LQFP48)
2026-04-29 19:13:38,502 [INFO] UtilMem:75 - Before build in PCC Used Memory: 385531616 Bytes (932184064)
2026-04-29 19:13:39,018 [INFO] UtilMem:75 - After build in PCC Used Memory: 456312544 Bytes (932184064)
2026-04-29 19:13:39,038 [INFO] IPUIPlugin:80 - create IPUIPlugin
2026-04-29 19:13:39,038 [INFO] IPUIPlugin:80 - create IPUIPlugin
2026-04-29 19:13:39,038 [INFO] IPUIPlugin:80 - create IPUIPlugin
2026-04-29 19:13:39,039 [INFO] IPUIPlugin:80 - create IPUIPlugin
2026-04-29 19:13:39,039 [INFO] IPUIPlugin:80 - create IPUIPlugin
2026-04-29 19:13:39,039 [INFO] IPUIPlugin:80 - create IPUIPlugin
2026-04-29 19:13:39,039 [INFO] IPUIPlugin:80 - create IPUIPlugin
2026-04-29 19:13:39,039 [INFO] IPUIPlugin:80 - create IPUIPlugin
2026-04-29 19:13:39,039 [INFO] IPUIPlugin:80 - create IPUIPlugin
2026-04-29 19:13:39,039 [INFO] IPUIPlugin:80 - create IPUIPlugin
2026-04-29 19:13:39,039 [INFO] IPUIPlugin:80 - create IPUIPlugin
2026-04-29 19:13:39,039 [INFO] IPUIPlugin:80 - create IPUIPlugin
2026-04-29 19:13:39,039 [INFO] IPUIPlugin:80 - create IPUIPlugin
2026-04-29 19:13:39,039 [INFO] IPUIPlugin:80 - create IPUIPlugin
2026-04-29 19:13:39,040 [INFO] IPUIPlugin:80 - create IPUIPlugin
2026-04-29 19:13:39,040 [INFO] IPUIPlugin:80 - create IPUIPlugin
2026-04-29 19:13:39,040 [INFO] IPUIPlugin:80 - create IPUIPlugin
2026-04-29 19:13:39,040 [INFO] IPUIPlugin:80 - create IPUIPlugin
2026-04-29 19:13:39,040 [INFO] IPUIPlugin:80 - create IPUIPlugin
2026-04-29 19:13:39,040 [INFO] IPUIPlugin:80 - create IPUIPlugin
2026-04-29 19:13:39,040 [INFO] IPUIPlugin:80 - create IPUIPlugin
2026-04-29 19:13:39,040 [INFO] IPUIPlugin:80 - create IPUIPlugin
2026-04-29 19:13:39,041 [INFO] IPUIPlugin:80 - create IPUIPlugin
2026-04-29 19:13:39,041 [INFO] IPUIPlugin:80 - create IPUIPlugin
2026-04-29 19:13:39,041 [INFO] IPUIPlugin:80 - create IPUIPlugin
2026-04-29 19:13:39,041 [INFO] IPUIPlugin:80 - create IPUIPlugin
2026-04-29 19:13:39,041 [INFO] IPUIPlugin:80 - create IPUIPlugin
2026-04-29 19:13:39,176 [INFO] CADModel:165 - CPN selected for project levelSTM32F103C8T6
2026-04-29 19:13:39,176 [INFO] CADModel:114 - Register for checkConnection events
2026-04-29 19:13:39,220 [INFO] OpenFileManager:386 - Restore cursor
2026-04-29 19:13:39,855 [INFO] UtilMem:75 - End SaveConfig() Used Memory: 543647736 Bytes (932184064)
2026-04-29 19:13:39,908 [INFO] UtilMem:75 - End SaveConfig() Used Memory: 557594136 Bytes (932184064)
2026-04-29 19:13:40,195 [INFO] BlockDiagram:2775 - set Specific Code input for plugin: NVIC
2026-04-29 19:13:40,196 [INFO] BlockDiagram:2775 - set Specific Code input for plugin: RCC
2026-04-29 19:13:40,198 [INFO] CodeGenerator:892 - code generatio: config db path: C:\ST\STM32CubeIDE_1.13.0\STM32CubeIDE\plugins\com.st.stm32cube.common.mx_6.15.0.202507011659\\db\
2026-04-29 19:13:40,299 [INFO] CodeEngine:265 - oldGeneratedFile, C:\STM32\SausageMixer\Motherboard\MXTmpFiles\license.tmp_save
2026-04-29 19:13:40,556 [INFO] CodeEngine:289 - Generated code: C:\STM32\SausageMixer\Motherboard\MXTmpFiles\license.tmp
2026-04-29 19:13:40,573 [INFO] CodeEngine:265 - oldGeneratedFile, C:\STM32\SausageMixer\Motherboard\Core\Src\stm32f1xx_it.c_save
2026-04-29 19:13:40,696 [INFO] CodeEngine:289 - Generated code: C:\STM32\SausageMixer\Motherboard\Core\Src\stm32f1xx_it.c
2026-04-29 19:13:40,702 [INFO] CodeEngine:265 - oldGeneratedFile, C:\STM32\SausageMixer\Motherboard\Core\Inc\stm32f1xx_it.h_save
2026-04-29 19:13:40,766 [INFO] CodeEngine:289 - Generated code: C:\STM32\SausageMixer\Motherboard\Core\Inc\stm32f1xx_it.h
2026-04-29 19:13:40,836 [INFO] CodeEngine:265 - oldGeneratedFile, C:\STM32\SausageMixer\Motherboard\Core\Src\stm32f1xx_hal_msp.c_save
2026-04-29 19:13:40,935 [INFO] CodeEngine:289 - Generated code: C:\STM32\SausageMixer\Motherboard\Core\Src\stm32f1xx_hal_msp.c
2026-04-29 19:13:40,941 [INFO] CodeEngine:265 - oldGeneratedFile, C:\STM32\SausageMixer\Motherboard\MXTmpFiles\system.tmp_save
2026-04-29 19:13:40,996 [INFO] CodeEngine:289 - Generated code: C:\STM32\SausageMixer\Motherboard\MXTmpFiles\system.tmp
2026-04-29 19:13:41,007 [INFO] CodeEngine:321 - oldGeneratedFile, C:\STM32\SausageMixer\Motherboard\Core\Inc\stm32f1xx_hal_conf.h_save
2026-04-29 19:13:41,067 [INFO] CodeEngine:345 - Generated code: C:\STM32\SausageMixer\Motherboard\Core\Inc\stm32f1xx_hal_conf.h
2026-04-29 19:13:41,095 [INFO] ApiDbMcu:532 - Load IP Config File for RCC
2026-04-29 19:13:41,103 [INFO] CodeEngine:265 - oldGeneratedFile, C:\STM32\SausageMixer\Motherboard\Core\Inc\main.h_save
2026-04-29 19:13:41,177 [INFO] CodeEngine:289 - Generated code: C:\STM32\SausageMixer\Motherboard\Core\Inc\main.h
2026-04-29 19:13:41,183 [INFO] CodeEngine:265 - oldGeneratedFile, C:\STM32\SausageMixer\Motherboard\Core\Src\main.c_save
2026-04-29 19:13:41,289 [INFO] CodeEngine:289 - Generated code: C:\STM32\SausageMixer\Motherboard\Core\Src\main.c
2026-04-29 19:13:41,544 [INFO] ProjectBuilder:3606 - Time for Copy HAL[1] : 129mS.
2026-04-29 19:13:41,549 [INFO] ProjectBuilder:5216 - Project Generator version: 4.7.0-B52
2026-04-29 19:13:41,608 [INFO] ConfigFileManager:1595 - The Die is : DIE410
2026-04-29 19:13:41,619 [INFO] ApiDbMcu:532 - Load IP Config File for FATFS
2026-04-29 19:13:41,639 [INFO] ApiDbMcu:532 - Load IP Config File for FREERTOS
2026-04-29 19:13:41,693 [INFO] ApiDbMcu:532 - Load IP Config File for USB_DEVICE
2026-04-29 19:13:41,951 [INFO] LogOutputStream:77 - [STDOUT_REDIRECT] 
2026-04-29 19:13:43,912 [INFO] ProjectBuilder:5496 - Time for Generating toolchain IDE Files: 2363mS.
2026-04-29 19:13:43,914 [INFO] ProjectBuilder:3463 - Time for Copy CMSIS : 2mS.
2026-04-29 19:13:43,915 [INFO] ProjectBuilder:3463 - Time for Copy CMSIS : 0mS.
2026-04-29 19:13:44,625 [INFO] McuFinderGlobals:76 - Set McuFinderConnectedMode to true
2026-04-29 19:13:44,628 [INFO] ApiDb:448 - Save user favorites file C:\Users\Евгений/.stm32cubeide/favorites.mcus.txt: 0 item(s)
2026-04-29 19:13:44,628 [INFO] ApiDb:452 - User favorites MCUs=[]
2026-04-29 19:14:19,170 [WARN] IP:2250 - I2C_Coeff_DF not found: check if there is a RefParameter without a condition.
2026-04-29 19:14:19,170 [WARN] IP:2250 - Analog_Filter not found: check if there is a RefParameter without a condition.
2026-04-29 19:14:19,178 [WARN] IP:2250 - I2C_Coeff_DF not found: check if there is a RefParameter without a condition.
2026-04-29 19:14:19,178 [WARN] IP:2250 - Analog_Filter not found: check if there is a RefParameter without a condition.
2026-04-29 19:14:19,178 [WARN] IP:2250 - I2C_Coeff_DF not found: check if there is a RefParameter without a condition.
2026-04-29 19:14:19,178 [WARN] IP:2250 - Analog_Filter not found: check if there is a RefParameter without a condition.
2026-04-29 19:14:19,220 [WARN] IP:2250 - I2C_Coeff_DF not found: check if there is a RefParameter without a condition.
2026-04-29 19:14:19,220 [WARN] IP:2250 - Analog_Filter not found: check if there is a RefParameter without a condition.
2026-04-29 19:14:19,221 [WARN] IP:2250 - I2C_Coeff_DF not found: check if there is a RefParameter without a condition.
2026-04-29 19:14:19,221 [WARN] IP:2250 - Analog_Filter not found: check if there is a RefParameter without a condition.
2026-04-29 19:16:49,097 [WARN] IP:2250 - I2C_Coeff_DF not found: check if there is a RefParameter without a condition.
2026-04-29 19:16:49,097 [WARN] IP:2250 - Analog_Filter not found: check if there is a RefParameter without a condition.
2026-04-29 19:16:49,097 [WARN] IP:2250 - I2C_Coeff_DF not found: check if there is a RefParameter without a condition.
2026-04-29 19:16:49,097 [WARN] IP:2250 - Analog_Filter not found: check if there is a RefParameter without a condition.
2026-04-29 19:16:49,111 [WARN] IP:2250 - I2C_Coeff_DF not found: check if there is a RefParameter without a condition.
2026-04-29 19:16:49,111 [WARN] IP:2250 - Analog_Filter not found: check if there is a RefParameter without a condition.
2026-04-29 19:16:49,125 [WARN] IP:2250 - I2C_Coeff_DF not found: check if there is a RefParameter without a condition.
2026-04-29 19:16:49,125 [WARN] IP:2250 - Analog_Filter not found: check if there is a RefParameter without a condition.
2026-04-29 19:16:58,294 [WARN] IP:2250 - I2C_Coeff_DF not found: check if there is a RefParameter without a condition.
2026-04-29 19:16:58,294 [WARN] IP:2250 - Analog_Filter not found: check if there is a RefParameter without a condition.
2026-04-29 19:16:58,294 [WARN] IP:2250 - I2C_Coeff_DF not found: check if there is a RefParameter without a condition.
2026-04-29 19:16:58,294 [WARN] IP:2250 - Analog_Filter not found: check if there is a RefParameter without a condition.
2026-04-29 19:16:58,306 [WARN] IP:2250 - I2C_Coeff_DF not found: check if there is a RefParameter without a condition.
2026-04-29 19:16:58,306 [WARN] IP:2250 - Analog_Filter not found: check if there is a RefParameter without a condition.
2026-04-29 19:16:58,318 [WARN] IP:2250 - I2C_Coeff_DF not found: check if there is a RefParameter without a condition.
2026-04-29 19:16:58,318 [WARN] IP:2250 - Analog_Filter not found: check if there is a RefParameter without a condition.
2026-04-29 19:17:03,626 [WARN] IP:2250 - I2C_Coeff_DF not found: check if there is a RefParameter without a condition.
2026-04-29 19:17:03,626 [WARN] IP:2250 - Analog_Filter not found: check if there is a RefParameter without a condition.
2026-04-29 19:17:03,626 [WARN] IP:2250 - I2C_Coeff_DF not found: check if there is a RefParameter without a condition.
2026-04-29 19:17:03,626 [WARN] IP:2250 - Analog_Filter not found: check if there is a RefParameter without a condition.
2026-04-29 19:17:03,639 [WARN] IP:2250 - I2C_Coeff_DF not found: check if there is a RefParameter without a condition.
2026-04-29 19:17:03,639 [WARN] IP:2250 - Analog_Filter not found: check if there is a RefParameter without a condition.
2026-04-29 19:17:03,650 [WARN] IP:2250 - I2C_Coeff_DF not found: check if there is a RefParameter without a condition.
2026-04-29 19:17:03,650 [WARN] IP:2250 - Analog_Filter not found: check if there is a RefParameter without a condition.
2026-04-29 19:17:08,952 [WARN] IP:2250 - I2C_Coeff_DF not found: check if there is a RefParameter without a condition.
2026-04-29 19:17:08,952 [WARN] IP:2250 - Analog_Filter not found: check if there is a RefParameter without a condition.
2026-04-29 19:17:08,954 [WARN] IP:2250 - I2C_Coeff_DF not found: check if there is a RefParameter without a condition.
2026-04-29 19:17:08,954 [WARN] IP:2250 - Analog_Filter not found: check if there is a RefParameter without a condition.
2026-04-29 19:17:08,966 [WARN] IP:2250 - I2C_Coeff_DF not found: check if there is a RefParameter without a condition.
2026-04-29 19:17:08,966 [WARN] IP:2250 - Analog_Filter not found: check if there is a RefParameter without a condition.
2026-04-29 19:17:08,979 [WARN] IP:2250 - I2C_Coeff_DF not found: check if there is a RefParameter without a condition.
2026-04-29 19:17:08,979 [WARN] IP:2250 - Analog_Filter not found: check if there is a RefParameter without a condition.
2026-04-29 19:17:16,472 [WARN] IP:2250 - I2C_Coeff_DF not found: check if there is a RefParameter without a condition.
2026-04-29 19:17:16,472 [WARN] IP:2250 - Analog_Filter not found: check if there is a RefParameter without a condition.
2026-04-29 19:17:16,472 [WARN] IP:2250 - I2C_Coeff_DF not found: check if there is a RefParameter without a condition.
2026-04-29 19:17:16,472 [WARN] IP:2250 - Analog_Filter not found: check if there is a RefParameter without a condition.
2026-04-29 19:17:16,489 [WARN] IP:2250 - I2C_Coeff_DF not found: check if there is a RefParameter without a condition.
2026-04-29 19:17:16,489 [WARN] IP:2250 - Analog_Filter not found: check if there is a RefParameter without a condition.
2026-04-29 19:17:16,502 [WARN] IP:2250 - I2C_Coeff_DF not found: check if there is a RefParameter without a condition.
2026-04-29 19:17:16,502 [WARN] IP:2250 - Analog_Filter not found: check if there is a RefParameter without a condition.
2026-04-29 19:17:26,471 [WARN] IP:2250 - I2C_Coeff_DF not found: check if there is a RefParameter without a condition.
2026-04-29 19:17:26,471 [WARN] IP:2250 - Analog_Filter not found: check if there is a RefParameter without a condition.
2026-04-29 19:17:26,471 [WARN] IP:2250 - I2C_Coeff_DF not found: check if there is a RefParameter without a condition.
2026-04-29 19:17:26,471 [WARN] IP:2250 - Analog_Filter not found: check if there is a RefParameter without a condition.
2026-04-29 19:17:26,481 [WARN] IP:2250 - I2C_Coeff_DF not found: check if there is a RefParameter without a condition.
2026-04-29 19:17:26,481 [WARN] IP:2250 - Analog_Filter not found: check if there is a RefParameter without a condition.
2026-04-29 19:17:26,492 [WARN] IP:2250 - I2C_Coeff_DF not found: check if there is a RefParameter without a condition.
2026-04-29 19:17:26,492 [WARN] IP:2250 - Analog_Filter not found: check if there is a RefParameter without a condition.
2026-04-29 19:17:45,131 [WARN] IP:2250 - I2C_Coeff_DF not found: check if there is a RefParameter without a condition.
2026-04-29 19:17:45,131 [WARN] IP:2250 - Analog_Filter not found: check if there is a RefParameter without a condition.
2026-04-29 19:17:45,131 [WARN] IP:2250 - I2C_Coeff_DF not found: check if there is a RefParameter without a condition.
2026-04-29 19:17:45,131 [WARN] IP:2250 - Analog_Filter not found: check if there is a RefParameter without a condition.
2026-04-29 19:17:45,152 [WARN] IP:2250 - I2C_Coeff_DF not found: check if there is a RefParameter without a condition.
2026-04-29 19:17:45,152 [WARN] IP:2250 - Analog_Filter not found: check if there is a RefParameter without a condition.
2026-04-29 19:17:45,171 [WARN] IP:2250 - I2C_Coeff_DF not found: check if there is a RefParameter without a condition.
2026-04-29 19:17:45,171 [WARN] IP:2250 - Analog_Filter not found: check if there is a RefParameter without a condition.
2026-04-29 19:17:50,211 [WARN] IP:2250 - I2C_Coeff_DF not found: check if there is a RefParameter without a condition.
2026-04-29 19:17:50,211 [WARN] IP:2250 - Analog_Filter not found: check if there is a RefParameter without a condition.
2026-04-29 19:17:50,211 [WARN] IP:2250 - I2C_Coeff_DF not found: check if there is a RefParameter without a condition.
2026-04-29 19:17:50,211 [WARN] IP:2250 - Analog_Filter not found: check if there is a RefParameter without a condition.
2026-04-29 19:17:50,221 [WARN] IP:2250 - I2C_Coeff_DF not found: check if there is a RefParameter without a condition.
2026-04-29 19:17:50,221 [WARN] IP:2250 - Analog_Filter not found: check if there is a RefParameter without a condition.
2026-04-29 19:17:50,232 [WARN] IP:2250 - I2C_Coeff_DF not found: check if there is a RefParameter without a condition.
2026-04-29 19:17:50,232 [WARN] IP:2250 - Analog_Filter not found: check if there is a RefParameter without a condition.
2026-04-29 19:17:56,206 [WARN] IP:2250 - I2C_Coeff_DF not found: check if there is a RefParameter without a condition.
2026-04-29 19:17:56,206 [WARN] IP:2250 - Analog_Filter not found: check if there is a RefParameter without a condition.
2026-04-29 19:17:56,206 [WARN] IP:2250 - I2C_Coeff_DF not found: check if there is a RefParameter without a condition.
2026-04-29 19:17:56,206 [WARN] IP:2250 - Analog_Filter not found: check if there is a RefParameter without a condition.
2026-04-29 19:17:56,215 [WARN] IP:2250 - I2C_Coeff_DF not found: check if there is a RefParameter without a condition.
2026-04-29 19:17:56,215 [WARN] IP:2250 - Analog_Filter not found: check if there is a RefParameter without a condition.
2026-04-29 19:17:56,224 [WARN] IP:2250 - I2C_Coeff_DF not found: check if there is a RefParameter without a condition.
2026-04-29 19:17:56,224 [WARN] IP:2250 - Analog_Filter not found: check if there is a RefParameter without a condition.
2026-04-29 19:18:23,207 [WARN] IP:2250 - I2C_Coeff_DF not found: check if there is a RefParameter without a condition.
2026-04-29 19:18:23,207 [WARN] IP:2250 - Analog_Filter not found: check if there is a RefParameter without a condition.
2026-04-29 19:18:23,207 [WARN] IP:2250 - I2C_Coeff_DF not found: check if there is a RefParameter without a condition.
2026-04-29 19:18:23,207 [WARN] IP:2250 - Analog_Filter not found: check if there is a RefParameter without a condition.
2026-04-29 19:18:23,216 [WARN] IP:2250 - I2C_Coeff_DF not found: check if there is a RefParameter without a condition.
2026-04-29 19:18:23,216 [WARN] IP:2250 - Analog_Filter not found: check if there is a RefParameter without a condition.
2026-04-29 19:18:23,226 [WARN] IP:2250 - I2C_Coeff_DF not found: check if there is a RefParameter without a condition.
2026-04-29 19:18:23,226 [WARN] IP:2250 - Analog_Filter not found: check if there is a RefParameter without a condition.
2026-04-29 19:18:24,849 [WARN] IP:2250 - I2C_Coeff_DF not found: check if there is a RefParameter without a condition.
2026-04-29 19:18:24,849 [WARN] IP:2250 - Analog_Filter not found: check if there is a RefParameter without a condition.
2026-04-29 19:18:24,849 [WARN] IP:2250 - I2C_Coeff_DF not found: check if there is a RefParameter without a condition.
2026-04-29 19:18:24,849 [WARN] IP:2250 - Analog_Filter not found: check if there is a RefParameter without a condition.
2026-04-29 19:18:24,859 [WARN] IP:2250 - I2C_Coeff_DF not found: check if there is a RefParameter without a condition.
2026-04-29 19:18:24,859 [WARN] IP:2250 - Analog_Filter not found: check if there is a RefParameter without a condition.
2026-04-29 19:18:24,868 [WARN] IP:2250 - I2C_Coeff_DF not found: check if there is a RefParameter without a condition.
2026-04-29 19:18:24,868 [WARN] IP:2250 - Analog_Filter not found: check if there is a RefParameter without a condition.
2026-04-29 19:18:26,796 [WARN] IP:2250 - I2C_Coeff_DF not found: check if there is a RefParameter without a condition.
2026-04-29 19:18:26,796 [WARN] IP:2250 - Analog_Filter not found: check if there is a RefParameter without a condition.
2026-04-29 19:18:26,796 [WARN] IP:2250 - I2C_Coeff_DF not found: check if there is a RefParameter without a condition.
2026-04-29 19:18:26,796 [WARN] IP:2250 - Analog_Filter not found: check if there is a RefParameter without a condition.
2026-04-29 19:18:26,805 [WARN] IP:2250 - I2C_Coeff_DF not found: check if there is a RefParameter without a condition.
2026-04-29 19:18:26,805 [WARN] IP:2250 - Analog_Filter not found: check if there is a RefParameter without a condition.
2026-04-29 19:18:26,814 [WARN] IP:2250 - I2C_Coeff_DF not found: check if there is a RefParameter without a condition.
2026-04-29 19:18:26,814 [WARN] IP:2250 - Analog_Filter not found: check if there is a RefParameter without a condition.
2026-04-29 19:18:52,685 [WARN] IP:2250 - I2C_Coeff_DF not found: check if there is a RefParameter without a condition.
2026-04-29 19:18:52,685 [WARN] IP:2250 - Analog_Filter not found: check if there is a RefParameter without a condition.
2026-04-29 19:18:52,685 [WARN] IP:2250 - I2C_Coeff_DF not found: check if there is a RefParameter without a condition.
2026-04-29 19:18:52,685 [WARN] IP:2250 - Analog_Filter not found: check if there is a RefParameter without a condition.
2026-04-29 19:18:52,693 [WARN] IP:2250 - I2C_Coeff_DF not found: check if there is a RefParameter without a condition.
2026-04-29 19:18:52,693 [WARN] IP:2250 - Analog_Filter not found: check if there is a RefParameter without a condition.
2026-04-29 19:18:52,702 [WARN] IP:2250 - I2C_Coeff_DF not found: check if there is a RefParameter without a condition.
2026-04-29 19:18:52,702 [WARN] IP:2250 - Analog_Filter not found: check if there is a RefParameter without a condition.
2026-04-29 19:18:54,411 [WARN] IP:2250 - I2C_Coeff_DF not found: check if there is a RefParameter without a condition.
2026-04-29 19:18:54,411 [WARN] IP:2250 - Analog_Filter not found: check if there is a RefParameter without a condition.
2026-04-29 19:18:54,411 [WARN] IP:2250 - I2C_Coeff_DF not found: check if there is a RefParameter without a condition.
2026-04-29 19:18:54,411 [WARN] IP:2250 - Analog_Filter not found: check if there is a RefParameter without a condition.
2026-04-29 19:18:54,423 [WARN] IP:2250 - I2C_Coeff_DF not found: check if there is a RefParameter without a condition.
2026-04-29 19:18:54,423 [WARN] IP:2250 - Analog_Filter not found: check if there is a RefParameter without a condition.
2026-04-29 19:18:54,432 [WARN] IP:2250 - I2C_Coeff_DF not found: check if there is a RefParameter without a condition.
2026-04-29 19:18:54,432 [WARN] IP:2250 - Analog_Filter not found: check if there is a RefParameter without a condition.
2026-04-29 19:19:06,515 [WARN] IP:2250 - I2C_Coeff_DF not found: check if there is a RefParameter without a condition.
2026-04-29 19:19:06,516 [WARN] IP:2250 - Analog_Filter not found: check if there is a RefParameter without a condition.
2026-04-29 19:19:06,516 [WARN] IP:2250 - I2C_Coeff_DF not found: check if there is a RefParameter without a condition.
2026-04-29 19:19:06,516 [WARN] IP:2250 - Analog_Filter not found: check if there is a RefParameter without a condition.
2026-04-29 19:19:06,524 [WARN] IP:2250 - I2C_Coeff_DF not found: check if there is a RefParameter without a condition.
2026-04-29 19:19:06,524 [WARN] IP:2250 - Analog_Filter not found: check if there is a RefParameter without a condition.
2026-04-29 19:19:06,533 [WARN] IP:2250 - I2C_Coeff_DF not found: check if there is a RefParameter without a condition.
2026-04-29 19:19:06,533 [WARN] IP:2250 - Analog_Filter not found: check if there is a RefParameter without a condition.
2026-04-29 19:19:34,892 [INFO] Gpio:278 - dependency for GPIO [I2C1, RCC, SPI1, SPI2, SYS, USB]
2026-04-29 19:24:18,551 [ERROR] LogOutputStream:75 - [STDERR_REDIRECT] Exception in thread "AWT-EventQueue-0" java.lang.ClassCastException: class sun.awt.windows.WEmbeddedFrame cannot be cast to class javax.swing.JFrame (sun.awt.windows.WEmbeddedFrame and javax.swing.JFrame are in module java.desktop of loader 'bootstrap')
2026-04-29 19:24:18,554 [ERROR] LogOutputStream:75 - [STDERR_REDIRECT] 	at com.st.microxplorer.plugins.clock.ClockConfigurationView.activatePlugin(ClockConfigurationView.java:424)
2026-04-29 19:24:18,555 [ERROR] LogOutputStream:75 - [STDERR_REDIRECT] 	at com.st.microxplorer.maingui.MainPanel$1.stateChanged(MainPanel.java:385)
2026-04-29 19:24:18,557 [ERROR] LogOutputStream:75 - [STDERR_REDIRECT] 	at java.desktop/javax.swing.JTabbedPane.fireStateChanged(JTabbedPane.java:446)
2026-04-29 19:24:18,558 [ERROR] LogOutputStream:75 - [STDERR_REDIRECT] 	at java.desktop/javax.swing.JTabbedPane$ModelListener.stateChanged(JTabbedPane.java:297)
2026-04-29 19:24:18,560 [ERROR] LogOutputStream:75 - [STDERR_REDIRECT] 	at java.desktop/javax.swing.DefaultSingleSelectionModel.fireStateChanged(DefaultSingleSelectionModel.java:148)
2026-04-29 19:24:18,561 [ERROR] LogOutputStream:75 - [STDERR_REDIRECT] 	at java.desktop/javax.swing.DefaultSingleSelectionModel.setSelectedIndex(DefaultSingleSelectionModel.java:79)
2026-04-29 19:24:18,562 [ERROR] LogOutputStream:75 - [STDERR_REDIRECT] 	at java.desktop/javax.swing.JTabbedPane.setSelectedIndexImpl(JTabbedPane.java:650)
2026-04-29 19:24:18,563 [ERROR] LogOutputStream:75 - [STDERR_REDIRECT] 	at java.desktop/javax.swing.JTabbedPane.setSelectedIndex(JTabbedPane.java:625)
2026-04-29 19:24:18,563 [ERROR] LogOutputStream:75 - [STDERR_REDIRECT] 	at java.desktop/javax.swing.plaf.basic.BasicTabbedPaneUI$Handler.mousePressed(BasicTabbedPaneUI.java:4140)
2026-04-29 19:24:18,564 [ERROR] LogOutputStream:75 - [STDERR_REDIRECT] 	at java.desktop/java.awt.Component.processMouseEvent(Component.java:6618)
2026-04-29 19:24:18,566 [ERROR] LogOutputStream:75 - [STDERR_REDIRECT] 	at java.desktop/javax.swing.JComponent.processMouseEvent(JComponent.java:3398)
2026-04-29 19:24:18,567 [ERROR] LogOutputStream:75 - [STDERR_REDIRECT] 	at java.desktop/java.awt.Component.processEvent(Component.java:6386)
2026-04-29 19:24:18,567 [ERROR] LogOutputStream:75 - [STDERR_REDIRECT] 	at java.desktop/java.awt.Container.processEvent(Container.java:2266)
2026-04-29 19:24:18,568 [ERROR] LogOutputStream:75 - [STDERR_REDIRECT] 	at java.desktop/java.awt.Component.dispatchEventImpl(Component.java:4996)
2026-04-29 19:24:18,569 [ERROR] LogOutputStream:75 - [STDERR_REDIRECT] 	at java.desktop/java.awt.Container.dispatchEventImpl(Container.java:2324)
2026-04-29 19:24:18,570 [ERROR] LogOutputStream:75 - [STDERR_REDIRECT] 	at java.desktop/java.awt.Component.dispatchEvent(Component.java:4828)
2026-04-29 19:24:18,571 [ERROR] LogOutputStream:75 - [STDERR_REDIRECT] 	at java.desktop/java.awt.LightweightDispatcher.retargetMouseEvent(Container.java:4948)
2026-04-29 19:24:18,571 [ERROR] LogOutputStream:75 - [STDERR_REDIRECT] 	at java.desktop/java.awt.LightweightDispatcher.processMouseEvent(Container.java:4572)
2026-04-29 19:24:18,572 [ERROR] LogOutputStream:75 - [STDERR_REDIRECT] 	at java.desktop/java.awt.LightweightDispatcher.dispatchEvent(Container.java:4516)
2026-04-29 19:24:18,573 [ERROR] LogOutputStream:75 - [STDERR_REDIRECT] 	at java.desktop/java.awt.Container.dispatchEventImpl(Container.java:2310)
2026-04-29 19:24:18,574 [ERROR] LogOutputStream:75 - [STDERR_REDIRECT] 	at java.desktop/java.awt.Component.dispatchEvent(Component.java:4828)
2026-04-29 19:24:18,575 [ERROR] LogOutputStream:75 - [STDERR_REDIRECT] 	at java.desktop/java.awt.EventQueue.dispatchEventImpl(EventQueue.java:775)
2026-04-29 19:24:18,576 [ERROR] LogOutputStream:75 - [STDERR_REDIRECT] 	at java.desktop/java.awt.EventQueue$4.run(EventQueue.java:720)
2026-04-29 19:24:18,577 [ERROR] LogOutputStream:75 - [STDERR_REDIRECT] 	at java.desktop/java.awt.EventQueue$4.run(EventQueue.java:714)
2026-04-29 19:24:18,577 [ERROR] LogOutputStream:75 - [STDERR_REDIRECT] 	at java.base/java.security.AccessController.doPrivileged(AccessController.java:400)
2026-04-29 19:24:18,579 [ERROR] LogOutputStream:75 - [STDERR_REDIRECT] 	at java.base/java.security.ProtectionDomain$JavaSecurityAccessImpl.doIntersectionPrivilege(ProtectionDomain.java:87)
2026-04-29 19:24:18,580 [ERROR] LogOutputStream:75 - [STDERR_REDIRECT] 	at java.base/java.security.ProtectionDomain$JavaSecurityAccessImpl.doIntersectionPrivilege(ProtectionDomain.java:98)
2026-04-29 19:24:18,580 [ERROR] LogOutputStream:75 - [STDERR_REDIRECT] 	at java.desktop/java.awt.EventQueue$5.run(EventQueue.java:747)
2026-04-29 19:24:18,581 [ERROR] LogOutputStream:75 - [STDERR_REDIRECT] 	at java.desktop/java.awt.EventQueue$5.run(EventQueue.java:745)
2026-04-29 19:24:18,582 [ERROR] LogOutputStream:75 - [STDERR_REDIRECT] 	at java.base/java.security.AccessController.doPrivileged(AccessController.java:400)
2026-04-29 19:24:18,584 [ERROR] LogOutputStream:75 - [STDERR_REDIRECT] 	at java.base/java.security.ProtectionDomain$JavaSecurityAccessImpl.doIntersectionPrivilege(ProtectionDomain.java:87)
2026-04-29 19:24:18,584 [ERROR] LogOutputStream:75 - [STDERR_REDIRECT] 	at java.desktop/java.awt.EventQueue.dispatchEvent(EventQueue.java:744)
2026-04-29 19:24:18,585 [ERROR] LogOutputStream:75 - [STDERR_REDIRECT] 	at java.desktop/java.awt.EventDispatchThread.pumpOneEventForFilters(EventDispatchThread.java:203)
2026-04-29 19:24:18,586 [ERROR] LogOutputStream:75 - [STDERR_REDIRECT] 	at java.desktop/java.awt.EventDispatchThread.pumpEventsForFilter(EventDispatchThread.java:124)
2026-04-29 19:24:18,587 [ERROR] LogOutputStream:75 - [STDERR_REDIRECT] 	at java.desktop/java.awt.EventDispatchThread.pumpEventsForHierarchy(EventDispatchThread.java:113)
2026-04-29 19:24:18,588 [ERROR] LogOutputStream:75 - [STDERR_REDIRECT] 	at java.desktop/java.awt.EventDispatchThread.pumpEvents(EventDispatchThread.java:109)
2026-04-29 19:24:18,589 [ERROR] LogOutputStream:75 - [STDERR_REDIRECT] 	at java.desktop/java.awt.EventDispatchThread.pumpEvents(EventDispatchThread.java:101)
2026-04-29 19:24:18,590 [ERROR] LogOutputStream:75 - [STDERR_REDIRECT] 	at java.desktop/java.awt.EventDispatchThread.run(EventDispatchThread.java:90)
2026-04-29 19:24:24,815 [INFO] Gpio:278 - dependency for GPIO [I2C1, RCC, SPI1, SPI2, SYS, USB]
2026-04-29 19:24:24,853 [INFO] Gpio:278 - dependency for GPIO [I2C1, RCC, SPI1, SPI2, SYS, USB]
2026-04-29 19:24:24,885 [WARN] IP:2250 - I2C_Coeff_DF not found: check if there is a RefParameter without a condition.
2026-04-29 19:24:24,885 [WARN] IP:2250 - Analog_Filter not found: check if there is a RefParameter without a condition.
2026-04-29 19:24:24,885 [WARN] IP:2250 - I2C_Coeff_DF not found: check if there is a RefParameter without a condition.
2026-04-29 19:24:24,885 [WARN] IP:2250 - Analog_Filter not found: check if there is a RefParameter without a condition.
2026-04-29 19:24:24,925 [INFO] Gpio:278 - dependency for GPIO [I2C1, RCC, SPI1, SPI2, SYS, USB]
2026-04-29 19:24:34,427 [INFO] Gpio:278 - dependency for GPIO [I2C1, RCC, SPI1, SPI2, SYS, USB]
2026-04-29 19:24:37,583 [INFO] NvicIntPanel:101 - NVIC parent = com.st.microxplorer.plugins.ip.nvic.MultiNvicIntPanel[,0,0,0x0,invalid,layout=javax.swing.BoxLayout,alignmentX=0.0,alignmentY=0.0,border=,flags=9,maximumSize=,minimumSize=,preferredSize=]
2026-04-29 19:24:37,661 [INFO] NvicIntPanel:101 - NVIC parent = com.st.microxplorer.plugins.ip.nvic.MultiNvicIntPanel[,0,0,0x0,invalid,layout=javax.swing.BoxLayout,alignmentX=0.0,alignmentY=0.0,border=,flags=9,maximumSize=,minimumSize=,preferredSize=]
2026-04-29 19:24:45,784 [WARN] IP:2250 - I2C_Coeff_DF not found: check if there is a RefParameter without a condition.
2026-04-29 19:24:45,784 [WARN] IP:2250 - Analog_Filter not found: check if there is a RefParameter without a condition.
2026-04-29 19:24:50,486 [INFO] NvicIntPanel:101 - NVIC parent = com.st.microxplorer.plugins.ip.nvic.MultiNvicIntPanel[,0,0,0x0,invalid,layout=javax.swing.BoxLayout,alignmentX=0.0,alignmentY=0.0,border=,flags=9,maximumSize=,minimumSize=,preferredSize=]
2026-04-29 19:24:50,558 [INFO] NvicIntPanel:101 - NVIC parent = com.st.microxplorer.plugins.ip.nvic.MultiNvicIntPanel[,0,0,0x0,invalid,layout=javax.swing.BoxLayout,alignmentX=0.0,alignmentY=0.0,border=,flags=9,maximumSize=,minimumSize=,preferredSize=]
2026-04-29 19:24:57,989 [INFO] NvicIntPanel:101 - NVIC parent = com.st.microxplorer.plugins.ip.nvic.MultiNvicIntPanel[,0,0,461x516,layout=javax.swing.BoxLayout,alignmentX=0.0,alignmentY=0.0,border=,flags=9,maximumSize=,minimumSize=,preferredSize=]
2026-04-29 19:25:26,010 [INFO] NvicIntPanel:101 - NVIC parent = com.st.microxplorer.plugins.ip.nvic.MultiNvicIntPanel[,0,0,0x0,invalid,layout=javax.swing.BoxLayout,alignmentX=0.0,alignmentY=0.0,border=,flags=9,maximumSize=,minimumSize=,preferredSize=]
2026-04-29 19:25:39,754 [INFO] UtilMem:75 - End SaveConfig() Used Memory: 695971648 Bytes (1053818880)
2026-04-29 19:25:41,462 [INFO] UtilMem:75 - End SaveConfig() Used Memory: 714269584 Bytes (1053818880)
2026-04-29 19:25:45,331 [INFO] UtilMem:75 - End SaveConfig() Used Memory: 849063744 Bytes (1053818880)
2026-04-29 19:25:45,708 [INFO] BlockDiagram:2775 - set Specific Code input for plugin: RTC
2026-04-29 19:25:45,708 [INFO] BlockDiagram:2775 - set Specific Code input for plugin: SPI
2026-04-29 19:25:45,708 [INFO] BlockDiagram:2775 - set Specific Code input for plugin: SPI
2026-04-29 19:25:45,708 [INFO] BlockDiagram:2775 - set Specific Code input for plugin: NVIC
2026-04-29 19:25:45,708 [INFO] BlockDiagram:2775 - set Specific Code input for plugin: USB_DEVICE
2026-04-29 19:25:45,710 [INFO] BlockDiagram:2775 - set Specific Code input for plugin: USB
2026-04-29 19:25:45,710 [INFO] BlockDiagram:2775 - set Specific Code input for plugin: SYS
2026-04-29 19:25:45,710 [INFO] BlockDiagram:2775 - set Specific Code input for plugin: GPIO
2026-04-29 19:25:45,710 [INFO] BlockDiagram:2775 - set Specific Code input for plugin: RCC
2026-04-29 19:25:45,710 [INFO] BlockDiagram:2775 - set Specific Code input for plugin: I2C
2026-04-29 19:25:45,712 [INFO] CodeGenerator:892 - code generatio: config db path: C:\ST\STM32CubeIDE_1.13.0\STM32CubeIDE\plugins\com.st.stm32cube.common.mx_6.15.0.202507011659\\db\
2026-04-29 19:25:45,714 [WARN] IP:2250 - I2C_Coeff_DF not found: check if there is a RefParameter without a condition.
2026-04-29 19:25:45,714 [WARN] IP:2250 - Analog_Filter not found: check if there is a RefParameter without a condition.
2026-04-29 19:25:45,788 [INFO] CodeEngine:265 - oldGeneratedFile, C:\STM32\SausageMixer\Motherboard\MXTmpFiles\license.tmp_save
2026-04-29 19:25:46,045 [INFO] CodeEngine:289 - Generated code: C:\STM32\SausageMixer\Motherboard\MXTmpFiles\license.tmp
2026-04-29 19:25:46,112 [INFO] CodeEngine:265 - oldGeneratedFile, C:\STM32\SausageMixer\Motherboard\MXTmpFiles\gpio.tmp_save
2026-04-29 19:25:46,237 [INFO] CodeEngine:289 - Generated code: C:\STM32\SausageMixer\Motherboard\MXTmpFiles\gpio.tmp
2026-04-29 19:25:46,326 [INFO] CodeEngine:265 - oldGeneratedFile, C:\STM32\SausageMixer\Motherboard\MXTmpFiles\usb_vars.tmp_save
2026-04-29 19:25:46,437 [INFO] CodeEngine:289 - Generated code: C:\STM32\SausageMixer\Motherboard\MXTmpFiles\usb_vars.tmp
2026-04-29 19:25:46,447 [INFO] CodeEngine:265 - oldGeneratedFile, C:\STM32\SausageMixer\Motherboard\MXTmpFiles\usb_inc.tmp_save
2026-04-29 19:25:46,526 [INFO] CodeEngine:289 - Generated code: C:\STM32\SausageMixer\Motherboard\MXTmpFiles\usb_inc.tmp
2026-04-29 19:25:46,534 [INFO] CodeEngine:265 - oldGeneratedFile, C:\STM32\SausageMixer\Motherboard\MXTmpFiles\usb_HalInit.tmp_save
2026-04-29 19:25:46,626 [INFO] CodeEngine:289 - Generated code: C:\STM32\SausageMixer\Motherboard\MXTmpFiles\usb_HalInit.tmp
2026-04-29 19:25:46,633 [INFO] CodeEngine:265 - oldGeneratedFile, C:\STM32\SausageMixer\Motherboard\MXTmpFiles\usb_Msp.tmp_save
2026-04-29 19:25:46,743 [INFO] CodeEngine:289 - Generated code: C:\STM32\SausageMixer\Motherboard\MXTmpFiles\usb_Msp.tmp
2026-04-29 19:25:46,922 [INFO] Middleware:1452 - No code input for Bsp Dependency
2026-04-29 19:25:46,932 [INFO] Middleware:1452 - No code input for Bsp Dependency
2026-04-29 19:25:46,944 [INFO] CodeEngine:265 - oldGeneratedFile, C:\STM32\SausageMixer\Motherboard\USB_DEVICE\App\usb_device.c_save
2026-04-29 19:25:47,019 [INFO] CodeEngine:289 - Generated code: C:\STM32\SausageMixer\Motherboard\USB_DEVICE\App\usb_device.c
2026-04-29 19:25:47,026 [INFO] CodeEngine:265 - oldGeneratedFile, C:\STM32\SausageMixer\Motherboard\USB_DEVICE\App\usb_device.h_save
2026-04-29 19:25:47,095 [INFO] CodeEngine:289 - Generated code: C:\STM32\SausageMixer\Motherboard\USB_DEVICE\App\usb_device.h
2026-04-29 19:25:47,102 [INFO] CodeEngine:265 - oldGeneratedFile, C:\STM32\SausageMixer\Motherboard\USB_DEVICE\Target\usbd_conf.h_save
2026-04-29 19:25:47,175 [INFO] CodeEngine:289 - Generated code: C:\STM32\SausageMixer\Motherboard\USB_DEVICE\Target\usbd_conf.h
2026-04-29 19:25:47,181 [INFO] CodeEngine:265 - oldGeneratedFile, C:\STM32\SausageMixer\Motherboard\USB_DEVICE\Target\usbd_conf.c_save
2026-04-29 19:25:47,254 [INFO] CodeEngine:289 - Generated code: C:\STM32\SausageMixer\Motherboard\USB_DEVICE\Target\usbd_conf.c
2026-04-29 19:25:47,260 [INFO] CodeEngine:265 - oldGeneratedFile, C:\STM32\SausageMixer\Motherboard\USB_DEVICE\App\usbd_desc.h_save
2026-04-29 19:25:47,320 [INFO] CodeEngine:289 - Generated code: C:\STM32\SausageMixer\Motherboard\USB_DEVICE\App\usbd_desc.h
2026-04-29 19:25:47,325 [INFO] CodeEngine:265 - oldGeneratedFile, C:\STM32\SausageMixer\Motherboard\USB_DEVICE\App\usbd_desc.c_save
2026-04-29 19:25:47,392 [INFO] CodeEngine:289 - Generated code: C:\STM32\SausageMixer\Motherboard\USB_DEVICE\App\usbd_desc.c
2026-04-29 19:25:47,398 [INFO] CodeEngine:265 - oldGeneratedFile, C:\STM32\SausageMixer\Motherboard\USB_DEVICE\App\usbd_cdc_if.h_save
2026-04-29 19:25:47,455 [INFO] CodeEngine:289 - Generated code: C:\STM32\SausageMixer\Motherboard\USB_DEVICE\App\usbd_cdc_if.h
2026-04-29 19:25:47,463 [INFO] CodeEngine:265 - oldGeneratedFile, C:\STM32\SausageMixer\Motherboard\USB_DEVICE\App\usbd_cdc_if.c_save
2026-04-29 19:25:47,526 [INFO] CodeEngine:289 - Generated code: C:\STM32\SausageMixer\Motherboard\USB_DEVICE\App\usbd_cdc_if.c
2026-04-29 19:25:47,540 [INFO] CodeEngine:265 - oldGeneratedFile, C:\STM32\SausageMixer\Motherboard\Core\Src\stm32f1xx_it.c_save
2026-04-29 19:25:47,745 [INFO] CodeEngine:289 - Generated code: C:\STM32\SausageMixer\Motherboard\Core\Src\stm32f1xx_it.c
2026-04-29 19:25:47,756 [INFO] CodeEngine:265 - oldGeneratedFile, C:\STM32\SausageMixer\Motherboard\Core\Inc\stm32f1xx_it.h_save
2026-04-29 19:25:47,829 [INFO] CodeEngine:289 - Generated code: C:\STM32\SausageMixer\Motherboard\Core\Inc\stm32f1xx_it.h
2026-04-29 19:25:47,852 [INFO] CodeEngine:265 - oldGeneratedFile, C:\STM32\SausageMixer\Motherboard\Core\Src\stm32f1xx_hal_msp.c_save
2026-04-29 19:25:47,965 [INFO] CodeEngine:289 - Generated code: C:\STM32\SausageMixer\Motherboard\Core\Src\stm32f1xx_hal_msp.c
2026-04-29 19:25:47,973 [INFO] CodeEngine:265 - oldGeneratedFile, C:\STM32\SausageMixer\Motherboard\MXTmpFiles\system.tmp_save
2026-04-29 19:25:48,029 [INFO] CodeEngine:289 - Generated code: C:\STM32\SausageMixer\Motherboard\MXTmpFiles\system.tmp
2026-04-29 19:25:48,045 [INFO] CodeEngine:321 - oldGeneratedFile, C:\STM32\SausageMixer\Motherboard\Core\Inc\stm32f1xx_hal_conf.h_save
2026-04-29 19:25:48,106 [INFO] CodeEngine:345 - Generated code: C:\STM32\SausageMixer\Motherboard\Core\Inc\stm32f1xx_hal_conf.h
2026-04-29 19:25:48,129 [INFO] ApiDbMcu:532 - Load IP Config File for I2C1
2026-04-29 19:25:48,133 [INFO] ApiDbMcu:532 - Load IP Config File for RTC
2026-04-29 19:25:48,136 [INFO] ApiDbMcu:532 - Load IP Config File for SPI1
2026-04-29 19:25:48,139 [INFO] ApiDbMcu:532 - Load IP Config File for SPI2
2026-04-29 19:25:48,150 [INFO] CodeEngine:265 - oldGeneratedFile, C:\STM32\SausageMixer\Motherboard\Core\Inc\main.h_save
2026-04-29 19:25:48,241 [INFO] CodeEngine:289 - Generated code: C:\STM32\SausageMixer\Motherboard\Core\Inc\main.h
2026-04-29 19:25:48,250 [INFO] CodeEngine:265 - oldGeneratedFile, C:\STM32\SausageMixer\Motherboard\Core\Src\main.c_save
2026-04-29 19:25:48,359 [INFO] CodeEngine:289 - Generated code: C:\STM32\SausageMixer\Motherboard\Core\Src\main.c
2026-04-29 19:25:48,810 [INFO] ProjectBuilder:3606 - Time for Copy HAL[1] : 277mS.
2026-04-29 19:25:48,820 [INFO] ProjectBuilder:5216 - Project Generator version: 4.7.0-B52
2026-04-29 19:25:48,963 [INFO] ConfigFileManager:1595 - The Die is : DIE410
2026-04-29 19:25:50,177 [INFO] ProjectBuilder:5496 - Time for Generating toolchain IDE Files: 1356mS.
2026-04-29 19:25:50,177 [INFO] ProjectBuilder:3463 - Time for Copy CMSIS : 0mS.
2026-04-29 19:25:50,184 [INFO] ProjectBuilder:3463 - Time for Copy CMSIS : 0mS.
2026-04-29 19:28:06,189 [INFO] NvicIntPanel:101 - NVIC parent = com.st.microxplorer.plugins.ip.nvic.MultiNvicIntPanel[,0,0,0x0,invalid,layout=javax.swing.BoxLayout,alignmentX=0.0,alignmentY=0.0,border=,flags=9,maximumSize=,minimumSize=,preferredSize=]
2026-04-29 19:31:15,679 [INFO] NvicIntPanel:101 - NVIC parent = com.st.microxplorer.plugins.ip.nvic.MultiNvicIntPanel[,0,0,0x0,invalid,layout=javax.swing.BoxLayout,alignmentX=0.0,alignmentY=0.0,border=,flags=9,maximumSize=,minimumSize=,preferredSize=]
2026-04-29 19:31:17,784 [INFO] UtilMem:75 - End SaveConfig() Used Memory: 697751040 Bytes (1073741824)
2026-04-29 19:31:18,896 [INFO] UtilMem:75 - End SaveConfig() Used Memory: 710837528 Bytes (1073741824)
2026-04-29 19:31:20,237 [INFO] UtilMem:75 - End SaveConfig() Used Memory: 740216320 Bytes (1073741824)
2026-04-29 19:31:20,381 [INFO] BlockDiagram:2775 - set Specific Code input for plugin: RTC
2026-04-29 19:31:20,381 [INFO] BlockDiagram:2775 - set Specific Code input for plugin: SPI
2026-04-29 19:31:20,381 [INFO] BlockDiagram:2775 - set Specific Code input for plugin: SPI
2026-04-29 19:31:20,381 [INFO] BlockDiagram:2775 - set Specific Code input for plugin: NVIC
2026-04-29 19:31:20,381 [INFO] BlockDiagram:2775 - set Specific Code input for plugin: USB_DEVICE
2026-04-29 19:31:20,381 [INFO] BlockDiagram:2775 - set Specific Code input for plugin: USB
2026-04-29 19:31:20,381 [INFO] BlockDiagram:2775 - set Specific Code input for plugin: SYS
2026-04-29 19:31:20,383 [INFO] BlockDiagram:2775 - set Specific Code input for plugin: GPIO
2026-04-29 19:31:20,383 [INFO] BlockDiagram:2775 - set Specific Code input for plugin: RCC
2026-04-29 19:31:20,383 [INFO] BlockDiagram:2775 - set Specific Code input for plugin: I2C
2026-04-29 19:31:20,383 [INFO] CodeGenerator:892 - code generatio: config db path: C:\ST\STM32CubeIDE_1.13.0\STM32CubeIDE\plugins\com.st.stm32cube.common.mx_6.15.0.202507011659\\db\
2026-04-29 19:31:20,384 [WARN] IP:2250 - I2C_Coeff_DF not found: check if there is a RefParameter without a condition.
2026-04-29 19:31:20,384 [WARN] IP:2250 - Analog_Filter not found: check if there is a RefParameter without a condition.
2026-04-29 19:31:20,440 [INFO] CodeEngine:265 - oldGeneratedFile, C:\STM32\SausageMixer\Motherboard\MXTmpFiles\license.tmp_save
2026-04-29 19:31:20,489 [INFO] CodeEngine:289 - Generated code: C:\STM32\SausageMixer\Motherboard\MXTmpFiles\license.tmp
2026-04-29 19:31:20,527 [INFO] CodeEngine:265 - oldGeneratedFile, C:\STM32\SausageMixer\Motherboard\MXTmpFiles\gpio.tmp_save
2026-04-29 19:31:20,588 [INFO] CodeEngine:289 - Generated code: C:\STM32\SausageMixer\Motherboard\MXTmpFiles\gpio.tmp
2026-04-29 19:31:20,623 [INFO] CodeEngine:265 - oldGeneratedFile, C:\STM32\SausageMixer\Motherboard\MXTmpFiles\usb_vars.tmp_save
2026-04-29 19:31:20,667 [INFO] CodeEngine:289 - Generated code: C:\STM32\SausageMixer\Motherboard\MXTmpFiles\usb_vars.tmp
2026-04-29 19:31:20,672 [INFO] CodeEngine:265 - oldGeneratedFile, C:\STM32\SausageMixer\Motherboard\MXTmpFiles\usb_inc.tmp_save
2026-04-29 19:31:20,717 [INFO] CodeEngine:289 - Generated code: C:\STM32\SausageMixer\Motherboard\MXTmpFiles\usb_inc.tmp
2026-04-29 19:31:20,720 [INFO] CodeEngine:265 - oldGeneratedFile, C:\STM32\SausageMixer\Motherboard\MXTmpFiles\usb_HalInit.tmp_save
2026-04-29 19:31:20,772 [INFO] CodeEngine:289 - Generated code: C:\STM32\SausageMixer\Motherboard\MXTmpFiles\usb_HalInit.tmp
2026-04-29 19:31:20,776 [INFO] CodeEngine:265 - oldGeneratedFile, C:\STM32\SausageMixer\Motherboard\MXTmpFiles\usb_Msp.tmp_save
2026-04-29 19:31:20,831 [INFO] CodeEngine:289 - Generated code: C:\STM32\SausageMixer\Motherboard\MXTmpFiles\usb_Msp.tmp
2026-04-29 19:31:20,931 [INFO] Middleware:1452 - No code input for Bsp Dependency
2026-04-29 19:31:20,938 [INFO] Middleware:1452 - No code input for Bsp Dependency
2026-04-29 19:31:20,946 [INFO] CodeEngine:265 - oldGeneratedFile, C:\STM32\SausageMixer\Motherboard\USB_DEVICE\App\usb_device.c_save
2026-04-29 19:31:21,004 [INFO] CodeEngine:289 - Generated code: C:\STM32\SausageMixer\Motherboard\USB_DEVICE\App\usb_device.c
2026-04-29 19:31:21,010 [INFO] CodeEngine:265 - oldGeneratedFile, C:\STM32\SausageMixer\Motherboard\USB_DEVICE\App\usb_device.h_save
2026-04-29 19:31:21,061 [INFO] CodeEngine:289 - Generated code: C:\STM32\SausageMixer\Motherboard\USB_DEVICE\App\usb_device.h
2026-04-29 19:31:21,067 [INFO] CodeEngine:265 - oldGeneratedFile, C:\STM32\SausageMixer\Motherboard\USB_DEVICE\Target\usbd_conf.h_save
2026-04-29 19:31:21,117 [INFO] CodeEngine:289 - Generated code: C:\STM32\SausageMixer\Motherboard\USB_DEVICE\Target\usbd_conf.h
2026-04-29 19:31:21,124 [INFO] CodeEngine:265 - oldGeneratedFile, C:\STM32\SausageMixer\Motherboard\USB_DEVICE\Target\usbd_conf.c_save
2026-04-29 19:31:21,178 [INFO] CodeEngine:289 - Generated code: C:\STM32\SausageMixer\Motherboard\USB_DEVICE\Target\usbd_conf.c
2026-04-29 19:31:21,184 [INFO] CodeEngine:265 - oldGeneratedFile, C:\STM32\SausageMixer\Motherboard\USB_DEVICE\App\usbd_desc.h_save
2026-04-29 19:31:21,232 [INFO] CodeEngine:289 - Generated code: C:\STM32\SausageMixer\Motherboard\USB_DEVICE\App\usbd_desc.h
2026-04-29 19:31:21,238 [INFO] CodeEngine:265 - oldGeneratedFile, C:\STM32\SausageMixer\Motherboard\USB_DEVICE\App\usbd_desc.c_save
2026-04-29 19:31:21,289 [INFO] CodeEngine:289 - Generated code: C:\STM32\SausageMixer\Motherboard\USB_DEVICE\App\usbd_desc.c
2026-04-29 19:31:21,295 [INFO] CodeEngine:265 - oldGeneratedFile, C:\STM32\SausageMixer\Motherboard\USB_DEVICE\App\usbd_cdc_if.h_save
2026-04-29 19:31:21,344 [INFO] CodeEngine:289 - Generated code: C:\STM32\SausageMixer\Motherboard\USB_DEVICE\App\usbd_cdc_if.h
2026-04-29 19:31:21,351 [INFO] CodeEngine:265 - oldGeneratedFile, C:\STM32\SausageMixer\Motherboard\USB_DEVICE\App\usbd_cdc_if.c_save
2026-04-29 19:31:21,401 [INFO] CodeEngine:289 - Generated code: C:\STM32\SausageMixer\Motherboard\USB_DEVICE\App\usbd_cdc_if.c
2026-04-29 19:31:21,411 [INFO] CodeEngine:265 - oldGeneratedFile, C:\STM32\SausageMixer\Motherboard\Core\Src\stm32f1xx_it.c_save
2026-04-29 19:31:21,466 [INFO] CodeEngine:289 - Generated code: C:\STM32\SausageMixer\Motherboard\Core\Src\stm32f1xx_it.c
2026-04-29 19:31:21,471 [INFO] CodeEngine:265 - oldGeneratedFile, C:\STM32\SausageMixer\Motherboard\Core\Inc\stm32f1xx_it.h_save
2026-04-29 19:31:21,520 [INFO] CodeEngine:289 - Generated code: C:\STM32\SausageMixer\Motherboard\Core\Inc\stm32f1xx_it.h
2026-04-29 19:31:21,532 [INFO] CodeEngine:265 - oldGeneratedFile, C:\STM32\SausageMixer\Motherboard\Core\Src\stm32f1xx_hal_msp.c_save
2026-04-29 19:31:21,603 [INFO] CodeEngine:289 - Generated code: C:\STM32\SausageMixer\Motherboard\Core\Src\stm32f1xx_hal_msp.c
2026-04-29 19:31:21,609 [INFO] CodeEngine:265 - oldGeneratedFile, C:\STM32\SausageMixer\Motherboard\MXTmpFiles\system.tmp_save
2026-04-29 19:31:21,653 [INFO] CodeEngine:289 - Generated code: C:\STM32\SausageMixer\Motherboard\MXTmpFiles\system.tmp
2026-04-29 19:31:21,663 [INFO] CodeEngine:321 - oldGeneratedFile, C:\STM32\SausageMixer\Motherboard\Core\Inc\stm32f1xx_hal_conf.h_save
2026-04-29 19:31:21,713 [INFO] CodeEngine:345 - Generated code: C:\STM32\SausageMixer\Motherboard\Core\Inc\stm32f1xx_hal_conf.h
2026-04-29 19:31:21,732 [INFO] CodeEngine:265 - oldGeneratedFile, C:\STM32\SausageMixer\Motherboard\Core\Inc\main.h_save
2026-04-29 19:31:21,784 [INFO] CodeEngine:289 - Generated code: C:\STM32\SausageMixer\Motherboard\Core\Inc\main.h
2026-04-29 19:31:21,790 [INFO] CodeEngine:265 - oldGeneratedFile, C:\STM32\SausageMixer\Motherboard\Core\Src\main.c_save
2026-04-29 19:31:21,873 [INFO] CodeEngine:289 - Generated code: C:\STM32\SausageMixer\Motherboard\Core\Src\main.c
2026-04-29 19:31:22,216 [INFO] ProjectBuilder:3606 - Time for Copy HAL[1] : 195mS.
2026-04-29 19:31:22,222 [INFO] ProjectBuilder:5216 - Project Generator version: 4.7.0-B52
2026-04-29 19:31:22,284 [INFO] ConfigFileManager:1595 - The Die is : DIE410
2026-04-29 19:31:22,934 [INFO] ProjectBuilder:5496 - Time for Generating toolchain IDE Files: 712mS.
2026-04-29 19:31:22,935 [INFO] ProjectBuilder:3463 - Time for Copy CMSIS : 0mS.
2026-04-29 19:31:22,941 [INFO] ProjectBuilder:3463 - Time for Copy CMSIS : 0mS.
2026-04-29 19:34:10,286 [INFO] NvicIntPanel:101 - NVIC parent = com.st.microxplorer.plugins.ip.nvic.MultiNvicIntPanel[,0,0,0x0,invalid,layout=javax.swing.BoxLayout,alignmentX=0.0,alignmentY=0.0,border=,flags=9,maximumSize=,minimumSize=,preferredSize=]
2026-04-29 19:34:10,323 [INFO] NvicIntPanel:101 - NVIC parent = com.st.microxplorer.plugins.ip.nvic.MultiNvicIntPanel[,0,0,0x0,invalid,layout=javax.swing.BoxLayout,alignmentX=0.0,alignmentY=0.0,border=,flags=9,maximumSize=,minimumSize=,preferredSize=]
2026-04-29 19:34:12,890 [INFO] UtilMem:75 - End SaveConfig() Used Memory: 540623280 Bytes (1073741824)
2026-04-29 19:34:13,788 [INFO] UtilMem:75 - End SaveConfig() Used Memory: 559497648 Bytes (1073741824)
2026-04-29 19:34:14,725 [INFO] UtilMem:75 - End SaveConfig() Used Memory: 588857776 Bytes (1073741824)
2026-04-29 19:34:14,875 [INFO] BlockDiagram:2775 - set Specific Code input for plugin: RTC
2026-04-29 19:34:14,875 [INFO] BlockDiagram:2775 - set Specific Code input for plugin: SPI
2026-04-29 19:34:14,875 [INFO] BlockDiagram:2775 - set Specific Code input for plugin: SPI
2026-04-29 19:34:14,875 [INFO] BlockDiagram:2775 - set Specific Code input for plugin: NVIC
2026-04-29 19:34:14,875 [INFO] BlockDiagram:2775 - set Specific Code input for plugin: USB_DEVICE
2026-04-29 19:34:14,875 [INFO] BlockDiagram:2775 - set Specific Code input for plugin: USB
2026-04-29 19:34:14,875 [INFO] BlockDiagram:2775 - set Specific Code input for plugin: SYS
2026-04-29 19:34:14,875 [INFO] BlockDiagram:2775 - set Specific Code input for plugin: GPIO
2026-04-29 19:34:14,875 [INFO] BlockDiagram:2775 - set Specific Code input for plugin: RCC
2026-04-29 19:34:14,876 [INFO] BlockDiagram:2775 - set Specific Code input for plugin: I2C
2026-04-29 19:34:14,876 [INFO] CodeGenerator:892 - code generatio: config db path: C:\ST\STM32CubeIDE_1.13.0\STM32CubeIDE\plugins\com.st.stm32cube.common.mx_6.15.0.202507011659\\db\
2026-04-29 19:34:14,877 [WARN] IP:2250 - I2C_Coeff_DF not found: check if there is a RefParameter without a condition.
2026-04-29 19:34:14,877 [WARN] IP:2250 - Analog_Filter not found: check if there is a RefParameter without a condition.
2026-04-29 19:34:14,927 [INFO] CodeEngine:265 - oldGeneratedFile, C:\STM32\SausageMixer\Motherboard\MXTmpFiles\license.tmp_save
2026-04-29 19:34:14,974 [INFO] CodeEngine:289 - Generated code: C:\STM32\SausageMixer\Motherboard\MXTmpFiles\license.tmp
2026-04-29 19:34:14,994 [INFO] CodeEngine:265 - oldGeneratedFile, C:\STM32\SausageMixer\Motherboard\MXTmpFiles\gpio.tmp_save
2026-04-29 19:34:15,044 [INFO] CodeEngine:289 - Generated code: C:\STM32\SausageMixer\Motherboard\MXTmpFiles\gpio.tmp
2026-04-29 19:34:15,076 [INFO] CodeEngine:265 - oldGeneratedFile, C:\STM32\SausageMixer\Motherboard\MXTmpFiles\usb_vars.tmp_save
2026-04-29 19:34:15,122 [INFO] CodeEngine:289 - Generated code: C:\STM32\SausageMixer\Motherboard\MXTmpFiles\usb_vars.tmp
2026-04-29 19:34:15,126 [INFO] CodeEngine:265 - oldGeneratedFile, C:\STM32\SausageMixer\Motherboard\MXTmpFiles\usb_inc.tmp_save
2026-04-29 19:34:15,171 [INFO] CodeEngine:289 - Generated code: C:\STM32\SausageMixer\Motherboard\MXTmpFiles\usb_inc.tmp
2026-04-29 19:34:15,175 [INFO] CodeEngine:265 - oldGeneratedFile, C:\STM32\SausageMixer\Motherboard\MXTmpFiles\usb_HalInit.tmp_save
2026-04-29 19:34:15,227 [INFO] CodeEngine:289 - Generated code: C:\STM32\SausageMixer\Motherboard\MXTmpFiles\usb_HalInit.tmp
2026-04-29 19:34:15,230 [INFO] CodeEngine:265 - oldGeneratedFile, C:\STM32\SausageMixer\Motherboard\MXTmpFiles\usb_Msp.tmp_save
2026-04-29 19:34:15,286 [INFO] CodeEngine:289 - Generated code: C:\STM32\SausageMixer\Motherboard\MXTmpFiles\usb_Msp.tmp
2026-04-29 19:34:15,380 [INFO] Middleware:1452 - No code input for Bsp Dependency
2026-04-29 19:34:15,387 [INFO] Middleware:1452 - No code input for Bsp Dependency
2026-04-29 19:34:15,395 [INFO] CodeEngine:265 - oldGeneratedFile, C:\STM32\SausageMixer\Motherboard\USB_DEVICE\App\usb_device.c_save
2026-04-29 19:34:15,448 [INFO] CodeEngine:289 - Generated code: C:\STM32\SausageMixer\Motherboard\USB_DEVICE\App\usb_device.c
2026-04-29 19:34:15,453 [INFO] CodeEngine:265 - oldGeneratedFile, C:\STM32\SausageMixer\Motherboard\USB_DEVICE\App\usb_device.h_save
2026-04-29 19:34:15,502 [INFO] CodeEngine:289 - Generated code: C:\STM32\SausageMixer\Motherboard\USB_DEVICE\App\usb_device.h
2026-04-29 19:34:15,508 [INFO] CodeEngine:265 - oldGeneratedFile, C:\STM32\SausageMixer\Motherboard\USB_DEVICE\Target\usbd_conf.h_save
2026-04-29 19:34:15,557 [INFO] CodeEngine:289 - Generated code: C:\STM32\SausageMixer\Motherboard\USB_DEVICE\Target\usbd_conf.h
2026-04-29 19:34:15,562 [INFO] CodeEngine:265 - oldGeneratedFile, C:\STM32\SausageMixer\Motherboard\USB_DEVICE\Target\usbd_conf.c_save
2026-04-29 19:34:15,617 [INFO] CodeEngine:289 - Generated code: C:\STM32\SausageMixer\Motherboard\USB_DEVICE\Target\usbd_conf.c
2026-04-29 19:34:15,624 [INFO] CodeEngine:265 - oldGeneratedFile, C:\STM32\SausageMixer\Motherboard\USB_DEVICE\App\usbd_desc.h_save
2026-04-29 19:34:15,674 [INFO] CodeEngine:289 - Generated code: C:\STM32\SausageMixer\Motherboard\USB_DEVICE\App\usbd_desc.h
2026-04-29 19:34:15,680 [INFO] CodeEngine:265 - oldGeneratedFile, C:\STM32\SausageMixer\Motherboard\USB_DEVICE\App\usbd_desc.c_save
2026-04-29 19:34:15,732 [INFO] CodeEngine:289 - Generated code: C:\STM32\SausageMixer\Motherboard\USB_DEVICE\App\usbd_desc.c
2026-04-29 19:34:15,737 [INFO] CodeEngine:265 - oldGeneratedFile, C:\STM32\SausageMixer\Motherboard\USB_DEVICE\App\usbd_cdc_if.h_save
2026-04-29 19:34:15,786 [INFO] CodeEngine:289 - Generated code: C:\STM32\SausageMixer\Motherboard\USB_DEVICE\App\usbd_cdc_if.h
2026-04-29 19:34:15,792 [INFO] CodeEngine:265 - oldGeneratedFile, C:\STM32\SausageMixer\Motherboard\USB_DEVICE\App\usbd_cdc_if.c_save
2026-04-29 19:34:15,844 [INFO] CodeEngine:289 - Generated code: C:\STM32\SausageMixer\Motherboard\USB_DEVICE\App\usbd_cdc_if.c
2026-04-29 19:34:15,854 [INFO] CodeEngine:265 - oldGeneratedFile, C:\STM32\SausageMixer\Motherboard\Core\Src\stm32f1xx_it.c_save
2026-04-29 19:34:15,909 [INFO] CodeEngine:289 - Generated code: C:\STM32\SausageMixer\Motherboard\Core\Src\stm32f1xx_it.c
2026-04-29 19:34:15,915 [INFO] CodeEngine:265 - oldGeneratedFile, C:\STM32\SausageMixer\Motherboard\Core\Inc\stm32f1xx_it.h_save
2026-04-29 19:34:15,963 [INFO] CodeEngine:289 - Generated code: C:\STM32\SausageMixer\Motherboard\Core\Inc\stm32f1xx_it.h
2026-04-29 19:34:15,974 [INFO] CodeEngine:265 - oldGeneratedFile, C:\STM32\SausageMixer\Motherboard\Core\Src\stm32f1xx_hal_msp.c_save
2026-04-29 19:34:16,044 [INFO] CodeEngine:289 - Generated code: C:\STM32\SausageMixer\Motherboard\Core\Src\stm32f1xx_hal_msp.c
2026-04-29 19:34:16,048 [INFO] CodeEngine:265 - oldGeneratedFile, C:\STM32\SausageMixer\Motherboard\MXTmpFiles\system.tmp_save
2026-04-29 19:34:16,093 [INFO] CodeEngine:289 - Generated code: C:\STM32\SausageMixer\Motherboard\MXTmpFiles\system.tmp
2026-04-29 19:34:16,103 [INFO] CodeEngine:321 - oldGeneratedFile, C:\STM32\SausageMixer\Motherboard\Core\Inc\stm32f1xx_hal_conf.h_save
2026-04-29 19:34:16,154 [INFO] CodeEngine:345 - Generated code: C:\STM32\SausageMixer\Motherboard\Core\Inc\stm32f1xx_hal_conf.h
2026-04-29 19:34:16,171 [INFO] CodeEngine:265 - oldGeneratedFile, C:\STM32\SausageMixer\Motherboard\Core\Inc\main.h_save
2026-04-29 19:34:16,225 [INFO] CodeEngine:289 - Generated code: C:\STM32\SausageMixer\Motherboard\Core\Inc\main.h
2026-04-29 19:34:16,229 [INFO] CodeEngine:265 - oldGeneratedFile, C:\STM32\SausageMixer\Motherboard\Core\Src\main.c_save
2026-04-29 19:34:16,309 [INFO] CodeEngine:289 - Generated code: C:\STM32\SausageMixer\Motherboard\Core\Src\main.c
2026-04-29 19:34:16,581 [INFO] ProjectBuilder:3606 - Time for Copy HAL[1] : 149mS.
2026-04-29 19:34:16,586 [INFO] ProjectBuilder:5216 - Project Generator version: 4.7.0-B52
2026-04-29 19:34:16,647 [INFO] ConfigFileManager:1595 - The Die is : DIE410
2026-04-29 19:34:17,267 [INFO] ProjectBuilder:5496 - Time for Generating toolchain IDE Files: 681mS.
2026-04-29 19:34:17,268 [INFO] ProjectBuilder:3463 - Time for Copy CMSIS : 1mS.
2026-04-29 19:34:17,274 [INFO] ProjectBuilder:3463 - Time for Copy CMSIS : 0mS.
