2026-05-01 10:16:18,559 [ERROR] LogOutputStream:75 - [STDERR_REDIRECT] 
2026-05-01 10:37:25,777 [INFO] Activator:176 - 


2026-05-01 10:37:25,779 [INFO] Activator:177 - !SESSION log4j initialized
2026-05-01 10:37:30,755 [INFO] LogOutputStream:77 - [STDOUT_REDIRECT] 
2026-05-01 10:38:00,865 [INFO] ApplicationProperties:184 - Using Application install path: C:\ST\STM32CubeIDE_1.13.0\STM32CubeIDE\plugins\com.st.stm32cube.common.mx_6.15.0.202507011659
2026-05-01 10:38:00,880 [INFO] DbMcusXml:78 - Set database path to: C:\ST\STM32CubeIDE_1.13.0\STM32CubeIDE\plugins\com.st.stm32cube.common.mx_6.15.0.202507011659\\db\/mcu/
2026-05-01 10:38:00,880 [INFO] ApiDb:274 - Set plugin database path to: C:\ST\STM32CubeIDE_1.13.0\STM32CubeIDE\plugins\com.st.stm32cube.common.mx_6.15.0.202507011659\\db\/plugins/boardmanager/
2026-05-01 10:38:00,880 [WARN] ApiDb:259 - Overriding images path with different value:  => C:\ST\STM32CubeIDE_1.13.0\STM32CubeIDE\plugins\com.st.stm32cube.common.mx_6.15.0.202507011659\\db\/plugins/mcufinder/images/
2026-05-01 10:38:00,885 [INFO] ApiDb:250 - Set database path to: C:\Users\Евгений\.stmcufinder\plugins\mcufinder//mcu/
2026-05-01 10:38:00,886 [INFO] DbMcusAds:125 - Set database path to: C:\Users\Евгений\.stmcufinder\plugins\mcufinder//mcu/
2026-05-01 10:38:12,932 [INFO] CrossReferenceDbSqlite:203 - Set database path to: C:\Users\Евгений\.stmcufinder\plugins\mcufinder//mcu/cs/
2026-05-01 10:38:13,031 [INFO] RulesReader:64 - Compatibility file has been processed (317 Rules)
2026-05-01 10:38:13,110 [INFO] DbMcusXml:78 - Set database path to: C:\ST\STM32CubeIDE_1.13.0\STM32CubeIDE\plugins\com.st.stm32cube.common.mx_6.15.0.202507011659\\db\/mcu/
2026-05-01 10:38:13,111 [INFO] ApiDb:274 - Set plugin database path to: C:\ST\STM32CubeIDE_1.13.0\STM32CubeIDE\plugins\com.st.stm32cube.common.mx_6.15.0.202507011659\\db\/plugins/boardmanager/
2026-05-01 10:38:13,111 [INFO] ApiDb:261 - Set plugin images path to: C:\ST\STM32CubeIDE_1.13.0\STM32CubeIDE\plugins\com.st.stm32cube.common.mx_6.15.0.202507011659\\db\/plugins/mcufinder/images/
2026-05-01 10:38:13,111 [WARN] DbFile:41 - Overriding database path with different value: C:\Users\Евгений\.stmcufinder\plugins\mcufinder/ => C:\Users\Евгений\.stmcufinder\plugins\mcufinder
2026-05-01 10:38:13,111 [INFO] ApiDb:250 - Set database path to: C:\Users\Евгений\.stmcufinder\plugins\mcufinder//mcu/
2026-05-01 10:38:13,111 [WARN] DbFile:41 - Overriding database path with different value: C:\Users\Евгений\.stmcufinder\plugins\mcufinder/ => C:\Users\Евгений\.stmcufinder\plugins\mcufinder
2026-05-01 10:38:13,111 [INFO] DbMcusAds:125 - Set database path to: C:\Users\Евгений\.stmcufinder\plugins\mcufinder//mcu/
2026-05-01 10:38:13,111 [WARN] DbFile:41 - Overriding database path with different value: C:\Users\Евгений\.stmcufinder\plugins\mcufinder/ => C:\Users\Евгений\.stmcufinder\plugins\mcufinder
2026-05-01 10:38:13,111 [WARN] DbFile:41 - Overriding database path with different value: C:\Users\Евгений\.stmcufinder\plugins\mcufinder/ => C:\Users\Евгений\.stmcufinder\plugins\mcufinder
2026-05-01 10:38:13,111 [INFO] CrossReferenceDbSqlite:203 - Set database path to: C:\Users\Евгений\.stmcufinder\plugins\mcufinder//mcu/cs/
2026-05-01 10:38:13,181 [INFO] MainPanel:274 - HeapMemory: 268435456
2026-05-01 10:38:13,287 [INFO] DbMcusXml:78 - Set database path to: C:\ST\STM32CubeIDE_1.13.0\STM32CubeIDE\plugins\com.st.stm32cube.common.mx_6.15.0.202507011659\\db\/mcu/
2026-05-01 10:38:13,287 [INFO] ApiDb:274 - Set plugin database path to: C:\ST\STM32CubeIDE_1.13.0\STM32CubeIDE\plugins\com.st.stm32cube.common.mx_6.15.0.202507011659\\db\/plugins/boardmanager/
2026-05-01 10:38:13,287 [INFO] ApiDb:261 - Set plugin images path to: C:\ST\STM32CubeIDE_1.13.0\STM32CubeIDE\plugins\com.st.stm32cube.common.mx_6.15.0.202507011659\\db\/plugins/mcufinder/images/
2026-05-01 10:38:13,287 [WARN] DbFile:41 - Overriding database path with different value: C:\Users\Евгений\.stmcufinder\plugins\mcufinder/ => C:\Users\Евгений\.stmcufinder\plugins\mcufinder
2026-05-01 10:38:13,287 [INFO] ApiDb:250 - Set database path to: C:\Users\Евгений\.stmcufinder\plugins\mcufinder//mcu/
2026-05-01 10:38:13,288 [WARN] DbFile:41 - Overriding database path with different value: C:\Users\Евгений\.stmcufinder\plugins\mcufinder/ => C:\Users\Евгений\.stmcufinder\plugins\mcufinder
2026-05-01 10:38:13,288 [INFO] DbMcusAds:125 - Set database path to: C:\Users\Евгений\.stmcufinder\plugins\mcufinder//mcu/
2026-05-01 10:38:13,288 [WARN] DbFile:41 - Overriding database path with different value: C:\Users\Евгений\.stmcufinder\plugins\mcufinder/ => C:\Users\Евгений\.stmcufinder\plugins\mcufinder
2026-05-01 10:38:13,288 [WARN] DbFile:41 - Overriding database path with different value: C:\Users\Евгений\.stmcufinder\plugins\mcufinder/ => C:\Users\Евгений\.stmcufinder\plugins\mcufinder
2026-05-01 10:38:13,288 [INFO] CrossReferenceDbSqlite:203 - Set database path to: C:\Users\Евгений\.stmcufinder\plugins\mcufinder//mcu/cs/
2026-05-01 10:38:13,302 [INFO] ApplicationProperties:184 - Using Application install path: C:\ST\STM32CubeIDE_1.13.0\STM32CubeIDE\plugins\com.st.stm32cube.common.mx_6.15.0.202507011659
2026-05-01 10:38:13,303 [INFO] PluginManage:196 - Search for loadable plugins [exclusion list=, ]
2026-05-01 10:38:13,304 [INFO] PluginManage:310 - Check plugin analytics
2026-05-01 10:38:30,426 [INFO] AnalyticsPlugin:253 - Accepted Software Licenses: STM32CubeMX.6.9.0,STM32CubeMX.6.6.1,STM32CubeMX.6.10.0
2026-05-01 10:38:30,426 [INFO] AnalyticsPlugin:255 - Accepted CMSIS Pack Licenses: 
2026-05-01 10:38:30,426 [INFO] AnalyticsPlugin:257 - Accepted Firmware Licenses: FW.F4.1.28.0
2026-05-01 10:38:30,428 [INFO] PluginManage:359 - Loaded plugin analytics (category:tool,tabindex:-1)
2026-05-01 10:38:30,428 [INFO] PluginManage:310 - Check plugin cadmodel
2026-05-01 10:38:30,431 [INFO] CADModel:105 - Init CAD model plugin
2026-05-01 10:38:30,432 [INFO] PluginManage:359 - Loaded plugin cadmodel (category:power,tabindex:5)
2026-05-01 10:38:30,432 [INFO] PluginManage:310 - Check plugin clock
2026-05-01 10:38:30,438 [INFO] PluginManage:359 - Loaded plugin clock (category:base,tabindex:2)
2026-05-01 10:38:30,438 [INFO] PluginManage:310 - Check plugin ddr
2026-05-01 10:38:30,439 [INFO] PluginManage:359 - Loaded plugin ddr (category:tool,tabindex:6)
2026-05-01 10:38:30,439 [INFO] PluginManage:310 - Check plugin filemanager
2026-05-01 10:38:30,544 [INFO] PluginManage:359 - Loaded plugin filemanager (category:base,tabindex:10)
2026-05-01 10:38:30,544 [INFO] PluginManage:310 - Check plugin ipmanager
2026-05-01 10:38:30,550 [INFO] PluginManage:359 - Loaded plugin ipmanager (category:base,tabindex:5)
2026-05-01 10:38:30,550 [INFO] PluginManage:310 - Check plugin lpbam
2026-05-01 10:38:30,555 [INFO] PluginManage:359 - Loaded plugin lpbam (category:base,tabindex:0)
2026-05-01 10:38:30,555 [INFO] PluginManage:310 - Check plugin memorymap
2026-05-01 10:38:30,566 [INFO] PluginManage:359 - Loaded plugin memorymap (category:base,tabindex:4)
2026-05-01 10:38:30,566 [INFO] PluginManage:310 - Check plugin pinoutandconfiguration
2026-05-01 10:38:30,571 [INFO] PluginManage:359 - Loaded plugin pinoutandconfiguration (category:base,tabindex:1)
2026-05-01 10:38:30,571 [INFO] PluginManage:310 - Check plugin pinoutconfig
2026-05-01 10:38:30,638 [WARN] SupportedApi:132 - Cannot load RTOS API schema: s4s-elt-must-match.1: The content of 'definitions' must match (annotation?, (simpleType | complexType)?, (unique | key | keyref)*)). A problem was found starting at: attribute.
2026-05-01 10:38:30,739 [INFO] PluginManage:359 - Loaded plugin pinoutconfig (category:base,tabindex:0)
2026-05-01 10:38:30,739 [INFO] PluginManage:310 - Check plugin power
2026-05-01 10:38:30,750 [INFO] PluginManage:359 - Loaded plugin power (category:power,tabindex:4)
2026-05-01 10:38:30,750 [INFO] PluginManage:310 - Check plugin projectmanager
2026-05-01 10:38:30,764 [INFO] PluginManage:359 - Loaded plugin projectmanager (category:projectmanager,tabindex:4)
2026-05-01 10:38:30,764 [INFO] PluginManage:310 - Check plugin rif
2026-05-01 10:38:30,774 [INFO] PluginManage:359 - Loaded plugin rif (category:base,tabindex:3)
2026-05-01 10:38:30,774 [INFO] PluginManage:310 - Check plugin thirdparty
2026-05-01 10:38:30,875 [INFO] PluginManage:359 - Loaded plugin thirdparty (category:base,tabindex:-1)
2026-05-01 10:38:30,875 [WARN] IntegrityCheckThread:84 - waiting for thirdparty lock release [integrity check]
2026-05-01 10:38:30,876 [INFO] PluginManage:310 - Check plugin tools
2026-05-01 10:38:30,876 [INFO] IntegrityCheckThread:86 - entering critical section [integrity check]
2026-05-01 10:38:30,876 [INFO] ThirdPartyUpdaterWithRetryManager:70 - Updater plugin not ready yet. [1/15]
2026-05-01 10:38:30,877 [INFO] PluginManage:359 - Loaded plugin tools (category:base,tabindex:7)
2026-05-01 10:38:30,877 [INFO] PluginManage:310 - Check plugin tutovideos
2026-05-01 10:38:31,030 [INFO] PluginManage:359 - Loaded plugin tutovideos (category:base,tabindex:-1)
2026-05-01 10:38:31,030 [INFO] PluginManage:310 - Check plugin updater
2026-05-01 10:38:31,045 [INFO] PluginManage:359 - Loaded plugin updater (category:base,tabindex:12)
2026-05-01 10:38:31,047 [INFO] PluginManage:310 - Check plugin userauth
2026-05-01 10:38:31,049 [INFO] UserAuth:118 - Init User Auth plugin
2026-05-01 10:38:31,050 [INFO] PluginManage:359 - Loaded plugin userauth (category:base,tabindex:14)
2026-05-01 10:38:31,050 [INFO] PluginManage:283 - PluginManage : Loaded plugins [18]
2026-05-01 10:38:31,206 [INFO] PinOutPanel:1589 - setPackage(No Configuration,No Configuration)
2026-05-01 10:38:31,272 [INFO] CADModel:165 - CPN selected for project level
2026-05-01 10:38:31,273 [INFO] CADModel:114 - Register for checkConnection events
2026-05-01 10:38:31,284 [INFO] IPUIPlugin:80 - create IPUIPlugin
2026-05-01 10:38:31,284 [INFO] PluginManager:220 - loadIPPluginJar : add adc
2026-05-01 10:38:31,285 [INFO] IPUIPlugin:80 - create IPUIPlugin
2026-05-01 10:38:31,285 [INFO] PluginManager:220 - loadIPPluginJar : add aes
2026-05-01 10:38:31,288 [INFO] IPUIPlugin:80 - create IPUIPlugin
2026-05-01 10:38:31,288 [INFO] PluginManager:220 - loadIPPluginJar : add can
2026-05-01 10:38:31,289 [INFO] IPUIPlugin:80 - create IPUIPlugin
2026-05-01 10:38:31,289 [INFO] PluginManager:220 - loadIPPluginJar : add comp
2026-05-01 10:38:31,290 [INFO] IPUIPlugin:80 - create IPUIPlugin
2026-05-01 10:38:31,290 [INFO] PluginManager:220 - loadIPPluginJar : add cryp
2026-05-01 10:38:31,293 [INFO] IPUIPlugin:80 - create IPUIPlugin
2026-05-01 10:38:31,293 [INFO] PluginManager:220 - loadIPPluginJar : add ddr_ctrl_phy
2026-05-01 10:38:31,295 [INFO] IPUIPlugin:80 - create IPUIPlugin
2026-05-01 10:38:31,295 [INFO] PluginManager:220 - loadIPPluginJar : add dfsdm
2026-05-01 10:38:31,297 [INFO] IPUIPlugin:80 - create IPUIPlugin
2026-05-01 10:38:31,298 [INFO] PluginManager:220 - loadIPPluginJar : add dma
2026-05-01 10:38:31,299 [INFO] IPUIPlugin:80 - create IPUIPlugin
2026-05-01 10:38:31,299 [INFO] PluginManager:220 - loadIPPluginJar : add dma3
2026-05-01 10:38:31,302 [INFO] IPUIPlugin:80 - create IPUIPlugin
2026-05-01 10:38:31,302 [INFO] PluginManager:220 - loadIPPluginJar : add extmemmanager
2026-05-01 10:38:31,303 [INFO] IPUIPlugin:80 - create IPUIPlugin
2026-05-01 10:38:31,303 [INFO] PluginManager:220 - loadIPPluginJar : add fatfs
2026-05-01 10:38:31,306 [INFO] IPUIPlugin:80 - create IPUIPlugin
2026-05-01 10:38:31,306 [INFO] PluginManager:220 - loadIPPluginJar : add fmc
2026-05-01 10:38:31,309 [INFO] IPUIPlugin:80 - create IPUIPlugin
2026-05-01 10:38:31,309 [INFO] PluginManager:220 - loadIPPluginJar : add freertos
2026-05-01 10:38:31,310 [INFO] IPUIPlugin:80 - create IPUIPlugin
2026-05-01 10:38:31,310 [INFO] PluginManager:220 - loadIPPluginJar : add genericplugin
2026-05-01 10:38:31,312 [INFO] IPUIPlugin:80 - create IPUIPlugin
2026-05-01 10:38:31,312 [INFO] PluginManager:220 - loadIPPluginJar : add gfxmmu
2026-05-01 10:38:31,316 [INFO] IPUIPlugin:80 - create IPUIPlugin
2026-05-01 10:38:31,316 [INFO] PluginManager:220 - loadIPPluginJar : add gic
2026-05-01 10:38:31,318 [INFO] IPUIPlugin:80 - create IPUIPlugin
2026-05-01 10:38:31,318 [INFO] PluginManager:220 - loadIPPluginJar : add gpio
2026-05-01 10:38:31,321 [INFO] IPUIPlugin:80 - create IPUIPlugin
2026-05-01 10:38:31,321 [INFO] PluginManager:220 - loadIPPluginJar : add gtzc
2026-05-01 10:38:31,322 [INFO] IPUIPlugin:80 - create IPUIPlugin
2026-05-01 10:38:31,322 [INFO] PluginManager:220 - loadIPPluginJar : add hash
2026-05-01 10:38:31,325 [INFO] IPUIPlugin:80 - create IPUIPlugin
2026-05-01 10:38:31,325 [INFO] PluginManager:220 - loadIPPluginJar : add i2c
2026-05-01 10:38:31,326 [INFO] IPUIPlugin:80 - create IPUIPlugin
2026-05-01 10:38:31,326 [INFO] PluginManager:220 - loadIPPluginJar : add i2s
2026-05-01 10:38:31,328 [INFO] IPUIPlugin:80 - create IPUIPlugin
2026-05-01 10:38:31,328 [INFO] PluginManager:220 - loadIPPluginJar : add i3c
2026-05-01 10:38:31,331 [INFO] IPUIPlugin:80 - create IPUIPlugin
2026-05-01 10:38:31,331 [INFO] PluginManager:220 - loadIPPluginJar : add ipddr
2026-05-01 10:38:31,335 [INFO] IPUIPlugin:80 - create IPUIPlugin
2026-05-01 10:38:31,335 [INFO] PluginManager:220 - loadIPPluginJar : add linkedlist
2026-05-01 10:38:31,337 [INFO] IPUIPlugin:80 - create IPUIPlugin
2026-05-01 10:38:31,337 [INFO] PluginManager:220 - loadIPPluginJar : add lorawan
2026-05-01 10:38:31,338 [INFO] IPUIPlugin:80 - create IPUIPlugin
2026-05-01 10:38:31,338 [INFO] PluginManager:220 - loadIPPluginJar : add ltdc
2026-05-01 10:38:31,342 [INFO] IPUIPlugin:80 - create IPUIPlugin
2026-05-01 10:38:31,342 [INFO] PluginManager:220 - loadIPPluginJar : add mdma
2026-05-01 10:38:31,344 [INFO] IPUIPlugin:80 - create IPUIPlugin
2026-05-01 10:38:31,344 [INFO] PluginManager:220 - loadIPPluginJar : add nvic
2026-05-01 10:38:31,346 [INFO] IPUIPlugin:80 - create IPUIPlugin
2026-05-01 10:38:31,346 [INFO] PluginManager:220 - loadIPPluginJar : add opamp
2026-05-01 10:38:31,349 [INFO] IPUIPlugin:80 - create IPUIPlugin
2026-05-01 10:38:31,349 [INFO] PluginManager:220 - loadIPPluginJar : add openamp
2026-05-01 10:38:31,351 [INFO] IPUIPlugin:80 - create IPUIPlugin
2026-05-01 10:38:31,351 [INFO] PluginManager:220 - loadIPPluginJar : add pdm2pcm
2026-05-01 10:38:31,355 [INFO] IPUIPlugin:80 - create IPUIPlugin
2026-05-01 10:38:31,357 [INFO] PluginManager:220 - loadIPPluginJar : add plateformsettings
2026-05-01 10:38:31,358 [INFO] IPUIPlugin:80 - create IPUIPlugin
2026-05-01 10:38:31,358 [INFO] PluginManager:220 - loadIPPluginJar : add quadspi
2026-05-01 10:38:31,359 [INFO] IPUIPlugin:80 - create IPUIPlugin
2026-05-01 10:38:31,359 [INFO] PluginManager:220 - loadIPPluginJar : add radio
2026-05-01 10:38:31,361 [INFO] IPUIPlugin:80 - create IPUIPlugin
2026-05-01 10:38:31,361 [INFO] PluginManager:220 - loadIPPluginJar : add resmgrutility
2026-05-01 10:38:31,362 [INFO] IPUIPlugin:80 - create IPUIPlugin
2026-05-01 10:38:31,362 [INFO] PluginManager:220 - loadIPPluginJar : add sai
2026-05-01 10:38:31,365 [INFO] IPUIPlugin:80 - create IPUIPlugin
2026-05-01 10:38:31,365 [INFO] PluginManager:220 - loadIPPluginJar : add spi
2026-05-01 10:38:31,370 [INFO] IPUIPlugin:80 - create IPUIPlugin
2026-05-01 10:38:31,370 [INFO] PluginManager:220 - loadIPPluginJar : add stm32_wpan
2026-05-01 10:38:31,371 [INFO] IPUIPlugin:80 - create IPUIPlugin
2026-05-01 10:38:31,371 [INFO] PluginManager:220 - loadIPPluginJar : add tim
2026-05-01 10:38:31,373 [INFO] IPUIPlugin:80 - create IPUIPlugin
2026-05-01 10:38:31,373 [INFO] PluginManager:220 - loadIPPluginJar : add touchsensing
2026-05-01 10:38:31,375 [INFO] IPUIPlugin:80 - create IPUIPlugin
2026-05-01 10:38:31,375 [INFO] PluginManager:220 - loadIPPluginJar : add tracer_emb
2026-05-01 10:38:31,376 [INFO] IPUIPlugin:80 - create IPUIPlugin
2026-05-01 10:38:31,376 [INFO] PluginManager:220 - loadIPPluginJar : add ts
2026-05-01 10:38:31,377 [INFO] IPUIPlugin:80 - create IPUIPlugin
2026-05-01 10:38:31,377 [INFO] PluginManager:220 - loadIPPluginJar : add tsc
2026-05-01 10:38:31,378 [INFO] IPUIPlugin:80 - create IPUIPlugin
2026-05-01 10:38:31,378 [INFO] PluginManager:220 - loadIPPluginJar : add ucpd
2026-05-01 10:38:31,380 [INFO] IPUIPlugin:80 - create IPUIPlugin
2026-05-01 10:38:31,380 [INFO] PluginManager:220 - loadIPPluginJar : add usart
2026-05-01 10:38:31,382 [INFO] IPUIPlugin:80 - create IPUIPlugin
2026-05-01 10:38:31,382 [INFO] PluginManager:220 - loadIPPluginJar : add usbx
2026-05-01 10:38:31,500 [FATAL] Updater:351 - Updater called before beeing initialized
2026-05-01 10:38:31,519 [INFO] RulesReader:64 - Compatibility file has been processed (317 Rules)
2026-05-01 10:38:31,529 [INFO] RulesReader:64 - Compatibility file has been processed (317 Rules)
2026-05-01 10:38:31,535 [INFO] CADModel:165 - CPN selected for project level
2026-05-01 10:38:31,535 [INFO] CADModel:114 - Register for checkConnection events
2026-05-01 10:38:31,535 [FATAL] Updater:351 - Updater called before beeing initialized
2026-05-01 10:38:31,535 [ERROR] CADModel:125 - Updater not yet initialized, retry later 
2026-05-01 10:38:31,644 [FATAL] Updater:351 - Updater called before beeing initialized
2026-05-01 10:38:31,646 [INFO] CADModel:165 - CPN selected for project level
2026-05-01 10:38:31,646 [INFO] CADModel:114 - Register for checkConnection events
2026-05-01 10:38:31,646 [FATAL] Updater:351 - Updater called before beeing initialized
2026-05-01 10:38:31,646 [ERROR] CADModel:125 - Updater not yet initialized, retry later 
2026-05-01 10:38:31,649 [FATAL] Updater:351 - Updater called before beeing initialized
2026-05-01 10:38:31,735 [FATAL] Updater:351 - Updater called before beeing initialized
2026-05-01 10:38:31,738 [INFO] DbMcusAds:53 - JSON generation date=Mon Apr 27 11:14:29 MSK 2026 (1777277669683)
2026-05-01 10:38:31,738 [FATAL] Updater:351 - Updater called before beeing initialized
2026-05-01 10:38:31,768 [WARN] DetailPanel:346 - Failed to get advertising image, set to default
2026-05-01 10:38:31,841 [FATAL] Updater:351 - Updater called before beeing initialized
2026-05-01 10:38:31,842 [FATAL] Updater:351 - Updater called before beeing initialized
2026-05-01 10:38:31,842 [FATAL] Updater:351 - Updater called before beeing initialized
2026-05-01 10:38:31,842 [WARN] DetailPanel:346 - Failed to get advertising image, set to default
2026-05-01 10:38:31,843 [FATAL] Updater:351 - Updater called before beeing initialized
2026-05-01 10:38:31,880 [ERROR] Updater:1198 - MainUpdater not yet initialized. External WinMGr cannot be set.
2026-05-01 10:38:31,881 [INFO] Updater:1134 - Updater Version found : 6.15.0
2026-05-01 10:38:31,892 [INFO] ApplicationProperties:184 - Using Application install path: C:\ST\STM32CubeIDE_1.13.0\STM32CubeIDE\plugins\com.st.stm32cube.common.mx_6.15.0.202507011659
2026-05-01 10:38:32,429 [INFO] MainUpdater:2872 - connection check result : 10
2026-05-01 10:38:32,429 [INFO] MainUpdater:289 - Updater Check For Update Now.
2026-05-01 10:38:32,429 [INFO] MicroXplorer:498 - Change Database Version : DB.6.0.150
2026-05-01 10:38:32,433 [INFO] McuFinderGlobals:63 - Set McuFinder mode to 2 (CubeIDE integrated)
2026-05-01 10:38:32,434 [INFO] UserAuth:487 - Internet connection configuration mode: 1
2026-05-01 10:38:32,451 [INFO] JxBrowserEngine:152 - Initiate JxBrowser Engine with user profile folder
2026-05-01 10:38:32,596 [INFO] CheckServerUpdateThread:120 - End of CheckServer Thread
2026-05-01 10:38:33,750 [INFO] WebApp:169 - Instantiating new browser for Auth
2026-05-01 10:38:34,233 [WARN] PackLoader:240 - Cannot read IP mode file for STMicroelectronics.X-CUBE-AZRTOS-H7.3.5.0
2026-05-01 10:38:34,244 [WARN] PackLoader:240 - Cannot read IP mode file for STMicroelectronics.FP-SNS-MOTENVWB1.1.4.0
2026-05-01 10:38:34,250 [WARN] PackLoader:240 - Cannot read IP mode file for STMicroelectronics.FP-ATR-ASTRA1.2.0.2
2026-05-01 10:38:34,259 [WARN] PackLoader:240 - Cannot read IP mode file for STMicroelectronics.X-CUBE-SMBUS.2.1.0
2026-05-01 10:38:34,264 [WARN] PackLoader:240 - Cannot read IP mode file for STMicroelectronics.X-CUBE-ST60.1.0.0
2026-05-01 10:38:34,270 [WARN] PackLoader:240 - Cannot read IP mode file for STMicroelectronics.X-CUBE-TOUCHGFX.4.23.0
2026-05-01 10:38:34,286 [WARN] PackLoader:240 - Cannot read IP mode file for STMicroelectronics.X-CUBE-AZRTOS-F7.1.1.0
2026-05-01 10:38:34,294 [WARN] PackLoader:240 - Cannot read IP mode file for STMicroelectronics.FP-SNS-MOTENV1.4.3.2
2026-05-01 10:38:34,298 [ERROR] RealEvaluatedCondition:428 - Found unsupported composite condition: GROUP='STM32_MetaDataManager' CLASS='Data Exchange'
2026-05-01 10:38:34,298 [ERROR] RealEvaluatedCondition:428 - Found unsupported composite condition: CLASS='Data Exchange' GROUP='STM32_MetaDataManager'
2026-05-01 10:38:34,300 [WARN] PackLoader:240 - Cannot read IP mode file for STMicroelectronics.FP-SNS-MOTENV1.4.3.1
2026-05-01 10:38:34,305 [WARN] PackLoader:240 - Cannot read IP mode file for STMicroelectronics.FP-SNS-FLIGHT1.5.0.1
2026-05-01 10:38:34,312 [WARN] PackLoader:240 - Cannot read IP mode file for STMicroelectronics.X-CUBE-BLE1.6.2.3
2026-05-01 10:38:34,317 [WARN] PackLoader:240 - Cannot read IP mode file for STMicroelectronics.X-CUBE-BLE1.6.2.4
2026-05-01 10:38:34,323 [WARN] PackLoader:240 - Cannot read IP mode file for STMicroelectronics.FP-SNS-MOTENV1.5.1.0
2026-05-01 10:38:34,328 [WARN] PackLoader:240 - Cannot read IP mode file for STMicroelectronics.FP-SNS-FLIGHT1.5.0.2
2026-05-01 10:38:34,368 [WARN] PackLoader:240 - Cannot read IP mode file for STMicroelectronics.X-CUBE-AZRTOS-H7.3.4.0
2026-05-01 10:38:34,399 [WARN] PackLoader:240 - Cannot read IP mode file for STMicroelectronics.X-CUBE-DISPLAY.3.0.0
2026-05-01 10:38:34,418 [WARN] PackLoader:240 - Cannot read IP mode file for STMicroelectronics.X-CUBE-GNSS1.7.1.1
2026-05-01 10:38:34,425 [WARN] PackLoader:240 - Cannot read IP mode file for STMicroelectronics.FP-SNS-MOTENVWB1.1.5.0
2026-05-01 10:38:34,433 [WARN] PackLoader:240 - Cannot read IP mode file for STMicroelectronics.X-CUBE-BLE1.7.0.0
2026-05-01 10:38:34,441 [WARN] PackLoader:240 - Cannot read IP mode file for STMicroelectronics.X-CUBE-NFC10.1.0.0
2026-05-01 10:38:34,458 [WARN] PackLoader:240 - Cannot read IP mode file for STMicroelectronics.X-CUBE-BLEMGR.4.0.0
2026-05-01 10:38:34,478 [WARN] PackLoader:240 - Cannot read IP mode file for STMicroelectronics.X-CUBE-ST60.1.1.0
2026-05-01 10:38:34,485 [WARN] PackLoader:240 - Cannot read IP mode file for STMicroelectronics.X-CUBE-TOUCHGFX.4.22.0
2026-05-01 10:38:34,492 [WARN] PackLoader:240 - Cannot read IP mode file for STMicroelectronics.X-CUBE-GNSS1.7.1.0
2026-05-01 10:38:34,498 [WARN] PackLoader:240 - Cannot read IP mode file for STMicroelectronics.X-CUBE-TOUCHGFX.4.22.1
2026-05-01 10:38:34,581 [WARN] PackLoader:240 - Cannot read IP mode file for STMicroelectronics.X-CUBE-MEMS1.9.3.0
2026-05-01 10:38:34,599 [INFO] WebApp:463 - Apply proxy settings
2026-05-01 10:38:34,599 [INFO] WebApp:548 - Chromium requires no authentication
2026-05-01 10:38:34,613 [INFO] WebApp:491 - Direct internet connection detected
2026-05-01 10:38:34,639 [INFO] WebApp:900 - Register for checkConnection events
2026-05-01 10:38:34,639 [INFO] WebApp:463 - Apply proxy settings
2026-05-01 10:38:34,639 [INFO] WebApp:548 - Chromium requires no authentication
2026-05-01 10:38:34,640 [INFO] WebApp:491 - Direct internet connection detected
2026-05-01 10:38:34,689 [WARN] ConditionMgr:438 - getConditionDescription Invalid condition id : Cortex-A Device cause : null
2026-05-01 10:38:34,698 [INFO] LogOutputStream:77 - [STDOUT_REDIRECT] [ThirdParty] unknown protocol: c
2026-05-01 10:38:34,699 [WARN] PackLoader:240 - Cannot read IP mode file for quantropi.X-CUBE-qispace-sdk-base.2.0.0
2026-05-01 10:38:34,699 [WARN] ConditionMgr:1044 - genDependencies : Invalid condition id : Cortex-A Device cause : null
2026-05-01 10:38:34,699 [WARN] ConditionMgr:1044 - genDependencies : Invalid condition id : Cortex-A Device cause : null
2026-05-01 10:38:34,699 [WARN] ConditionMgr:1044 - genDependencies : Invalid condition id : Cortex-A Device cause : null
2026-05-01 10:38:34,703 [WARN] PackLoader:240 - Cannot read IP mode file for STMicroelectronics.X-CUBE-AI.10.0.0
2026-05-01 10:38:34,709 [WARN] PackLoader:240 - Cannot read IP mode file for STMicroelectronics.FP-SNS-STBOX1.2.1.0
2026-05-01 10:38:34,715 [WARN] PackLoader:240 - Cannot read IP mode file for STMicroelectronics.FP-SNS-SMARTAG2.1.2.0
2026-05-01 10:38:34,718 [WARN] PackLoader:240 - Cannot read IP mode file for STMicroelectronics.FP-SNS-FLIGHT1.5.1.0
2026-05-01 10:38:34,724 [INFO] LogOutputStream:77 - [STDOUT_REDIRECT] 1 : Invalid condition id : UX_CORESTACK_Condition cause : null
2026-05-01 10:38:34,725 [INFO] LogOutputStream:77 - [STDOUT_REDIRECT] 1 : Invalid condition id : UX_CORESTACK_Condition cause : null
2026-05-01 10:38:34,726 [INFO] LogOutputStream:77 - [STDOUT_REDIRECT] 1 : Invalid condition id : UX_CORESTACK_Condition cause : null
2026-05-01 10:38:34,726 [INFO] LogOutputStream:77 - [STDOUT_REDIRECT] 1 : Invalid condition id : UX_CORESTACK_Condition cause : null
2026-05-01 10:38:34,727 [INFO] LogOutputStream:77 - [STDOUT_REDIRECT] 1 : Invalid condition id : UX_CORESTACK_Condition cause : null
2026-05-01 10:38:34,733 [WARN] PackLoader:240 - Cannot read IP mode file for STMicroelectronics.X-CUBE-AZRTOS-WL.2.0.0
2026-05-01 10:38:34,736 [WARN] PackLoader:240 - Cannot read IP mode file for STMicroelectronics.FP-SNS-MOTENV1.5.0.0
2026-05-01 10:38:34,748 [WARN] PackLoader:240 - Cannot read IP mode file for STMicroelectronics.X-CUBE-AZRTOS-H7RS.1.2.0
2026-05-01 10:38:34,756 [WARN] PackLoader:240 - Cannot read IP mode file for WES.I-CUBE-Cesium.1.3.0
2026-05-01 10:38:34,759 [WARN] PackLoader:240 - Cannot read IP mode file for STMicroelectronics.X-CUBE-BLE2.3.3.0
2026-05-01 10:38:34,769 [INFO] LogOutputStream:77 - [STDOUT_REDIRECT] [ThirdParty] unknown protocol: c
2026-05-01 10:38:34,769 [WARN] PackLoader:240 - Cannot read IP mode file for Avnet-IOTCONNECT.X-CUBE-iotc-st67-sdk.1.0.0
2026-05-01 10:38:34,773 [WARN] PackLoader:240 - Cannot read IP mode file for STMicroelectronics.X-CUBE-DISPLAY.2.2.0
2026-05-01 10:38:34,783 [WARN] PackLoader:240 - Cannot read IP mode file for STMicroelectronics.X-CUBE-TOF1.3.2.0
2026-05-01 10:38:34,791 [WARN] PackLoader:240 - Cannot read IP mode file for STMicroelectronics.X-CUBE-NFC9.1.0.0
2026-05-01 10:38:34,804 [WARN] PackLoader:240 - Cannot read IP mode file for STMicroelectronics.X-CUBE-AZRTOS-H7.2.1.0
2026-05-01 10:38:34,808 [WARN] PackLoader:240 - Cannot read IP mode file for STMicroelectronics.X-CUBE-BLE1.7.1.0
2026-05-01 10:38:34,811 [WARN] PackLoader:240 - Cannot read IP mode file for wolfSSL.I-CUBE-wolfMQTT.1.19.2
2026-05-01 10:38:34,817 [WARN] PackLoader:240 - Cannot read IP mode file for STMicroelectronics.X-CUBE-FREERTOS.1.4.0
2026-05-01 10:38:34,821 [WARN] PackLoader:240 - Cannot read IP mode file for STMicroelectronics.X-CUBE-EEPRMA1.5.2.0
2026-05-01 10:38:34,825 [WARN] PackLoader:240 - Cannot read IP mode file for STMicroelectronics.X-CUBE-TOUCHGFX.4.21.0
2026-05-01 10:38:34,826 [WARN] PackLoader:240 - Cannot read IP mode file for STMicroelectronics.X-CUBE-TOUCHGFX.4.21.3
2026-05-01 10:38:34,829 [WARN] PackLoader:240 - Cannot read IP mode file for STMicroelectronics.X-CUBE-TOUCHGFX.4.21.4
2026-05-01 10:38:34,849 [WARN] PackLoader:240 - Cannot read IP mode file for STMicroelectronics.X-CUBE-MEMS1.9.4.0
2026-05-01 10:38:34,861 [INFO] WebApp:225 - Starting web application
2026-05-01 10:38:34,861 [INFO] WebApp:593 - Web application path used C:\ST\STM32CubeIDE_1.13.0\STM32CubeIDE\plugins\com.st.stm32cube.common.mx_6.15.0.202507011659\db\plugins\mcufinder\reactClient1\index.html
2026-05-01 10:38:34,932 [WARN] PackLoader:240 - Cannot read IP mode file for STMicroelectronics.X-CUBE-AI.7.3.0
2026-05-01 10:38:34,937 [WARN] PackLoader:240 - Cannot read IP mode file for STMicroelectronics.X-CUBE-ST67W61.1.1.0
2026-05-01 10:38:34,941 [WARN] PackLoader:240 - Cannot read IP mode file for STMicroelectronics.X-CUBE-AI.10.1.0
2026-05-01 10:38:34,947 [WARN] PackLoader:240 - Cannot read IP mode file for STMicroelectronics.FP-SNS-STAIOTCFT.1.1.0
2026-05-01 10:38:34,976 [WARN] PackLoader:240 - Cannot read IP mode file for STMicroelectronics.X-CUBE-MEMS1.12.0.0
2026-05-01 10:38:35,045 [WARN] PackLoader:240 - Cannot read IP mode file for STMicroelectronics.X-CUBE-ALGOBUILD.1.3.0
2026-05-01 10:38:35,074 [INFO] UserAuth:487 - Internet connection configuration mode: 1
2026-05-01 10:38:35,118 [WARN] PackLoader:240 - Cannot read IP mode file for STMicroelectronics.X-CUBE-MEMS1.11.2.0
2026-05-01 10:38:35,316 [INFO] WebApp:191 - Connection restablished
2026-05-01 10:38:35,378 [WARN] PackLoader:240 - Cannot read IP mode file for STMicroelectronics.X-CUBE-AZRTOS-G0.1.1.0
2026-05-01 10:38:35,385 [WARN] PackLoader:240 - Cannot read IP mode file for STMicroelectronics.X-CUBE-SAFEA1.1.2.2
2026-05-01 10:38:35,392 [WARN] PackLoader:240 - Cannot read IP mode file for STMicroelectronics.X-CUBE-NFC4.3.0.0
2026-05-01 10:38:35,415 [WARN] PackLoader:240 - Cannot read IP mode file for SEGGER.I-CUBE-embOS.1.2.1
2026-05-01 10:38:35,442 [WARN] PackLoader:240 - Cannot read IP mode file for EmbeddedOffice.I-CUBE-FS-RTOS.1.0.1
2026-05-01 10:38:35,449 [WARN] PackLoader:240 - Cannot read IP mode file for STMicroelectronics.X-CUBE-WB05N.2.0.0
2026-05-01 10:38:35,455 [WARN] PackLoader:240 - Cannot read IP mode file for STMicroelectronics.X-CUBE-BLEMGR.3.0.0
2026-05-01 10:38:35,460 [WARN] PackLoader:240 - Cannot read IP mode file for wolfSSL.I-CUBE-wolfTPM.3.8.0
2026-05-01 10:38:35,469 [WARN] PackLoader:240 - Cannot read IP mode file for STMicroelectronics.X-CUBE-BLEMGR.1.3.0
2026-05-01 10:38:35,475 [WARN] PackLoader:240 - Cannot read IP mode file for STMicroelectronics.X-CUBE-TCPP.4.2.0
2026-05-01 10:38:35,481 [WARN] PackLoader:240 - Cannot read IP mode file for RealThread.X-CUBE-RT-Thread_Nano.4.1.1
2026-05-01 10:38:35,486 [WARN] PackLoader:240 - Cannot read IP mode file for STMicroelectronics.FP-ATR-SIGFOX1.3.2.0
2026-05-01 10:38:35,491 [WARN] PackLoader:240 - Cannot read IP mode file for STMicroelectronics.X-CUBE-EEPRMA1.5.1.0
2026-05-01 10:38:35,495 [WARN] PackLoader:240 - Cannot read IP mode file for STMicroelectronics.X-CUBE-FREERTOS.1.5.0
2026-05-01 10:38:35,498 [WARN] PackLoader:240 - Cannot read IP mode file for STMicroelectronics.X-CUBE-TOUCHGFX.4.20.0
2026-05-01 10:38:35,505 [WARN] PackLoader:240 - Cannot read IP mode file for STMicroelectronics.X-CUBE-NFC6.3.2.0
2026-05-01 10:38:35,530 [WARN] PackLoader:240 - Cannot read IP mode file for STMicroelectronics.X-CUBE-MEMS1.9.5.0
2026-05-01 10:38:35,597 [WARN] PackLoader:240 - Cannot read IP mode file for STMicroelectronics.X-CUBE-ST67W61.1.0.0
2026-05-01 10:38:35,600 [WARN] PackLoader:240 - Cannot read IP mode file for STMicroelectronics.X-CUBE-AI.10.2.0
2026-05-01 10:38:35,627 [WARN] PackLoader:240 - Cannot read IP mode file for STMicroelectronics.X-CUBE-MEMS1.12.1.0
2026-05-01 10:38:35,722 [WARN] PackLoader:240 - Cannot read IP mode file for SEGGER.I-CUBE-embOS.1.3.1
2026-05-01 10:38:35,757 [WARN] PackLoader:240 - Cannot read IP mode file for STMicroelectronics.X-CUBE-ALGOBUILD.1.4.0
2026-05-01 10:38:35,793 [WARN] PackLoader:240 - Cannot read IP mode file for STMicroelectronics.X-CUBE-MEMS1.11.3.0
2026-05-01 10:38:35,875 [WARN] PackLoader:240 - Cannot read IP mode file for STMicroelectronics.X-CUBE-PM33A1.1.0.0
2026-05-01 10:38:35,880 [WARN] PackLoader:240 - Cannot read IP mode file for STMicroelectronics.X-CUBE-GNSS1.6.0.0
2026-05-01 10:38:35,891 [WARN] PackLoader:240 - Cannot read IP mode file for STMicroelectronics.X-CUBE-AZRTOS-F4.1.1.0
2026-05-01 10:38:35,896 [WARN] PackLoader:240 - Cannot read IP mode file for Avnet-IotConnect.X-CUBE-IoTC-DA16k-PMOD.1.0.0
2026-05-01 10:38:35,901 [WARN] PackLoader:240 - Cannot read IP mode file for STMicroelectronics.X-CUBE-ISPU.2.1.0
2026-05-01 10:38:35,910 [WARN] PackLoader:240 - Cannot read IP mode file for STMicroelectronics.X-CUBE-IPS.3.2.0
2026-05-01 10:38:35,917 [WARN] PackLoader:240 - Cannot read IP mode file for STMicroelectronics.eDS-WB_DPC_TT-BIDIR.2.1.1
2026-05-01 10:38:35,922 [WARN] PackLoader:240 - Cannot read IP mode file for STMicroelectronics.X-CUBE-NFC12.1.0.0
2026-05-01 10:38:35,928 [WARN] PackLoader:240 - Cannot read IP mode file for STMicroelectronics.X-CUBE-BLEMGR.1.2.0
2026-05-01 10:38:35,939 [WARN] PackLoader:240 - Cannot read IP mode file for STMicroelectronics.X-CUBE-AZRTOS-L5.2.0.0
2026-05-01 10:38:35,967 [WARN] PackLoader:240 - Cannot read IP mode file for STMicroelectronics.X-CUBE-MEMS1.9.6.0
2026-05-01 10:38:36,052 [WARN] PackLoader:240 - Cannot read IP mode file for STMicroelectronics.X-CUBE-EEPRMA1.4.2.0
2026-05-01 10:38:36,057 [WARN] PackLoader:240 - Cannot read IP mode file for STMicroelectronics.X-CUBE-NFC6.3.1.0
2026-05-01 10:38:36,064 [WARN] PackLoader:240 - Cannot read IP mode file for ITTIA_DB.I-CUBE-ITTIADB.8.8.0
2026-05-01 10:38:36,069 [WARN] PackLoader:240 - Cannot read IP mode file for emotas.I-CUBE-CANOPEN.1.1.3
2026-05-01 10:38:36,074 [WARN] PackLoader:240 - Cannot read IP mode file for STMicroelectronics.X-CUBE-BLEMGR.2.0.0
2026-05-01 10:38:36,079 [WARN] PackLoader:240 - Cannot read IP mode file for STMicroelectronics.eDS-WB_DPC_VIENNA.1.2.0
2026-05-01 10:38:36,082 [WARN] PackLoader:240 - Cannot read IP mode file for STMicroelectronics.X-CUBE-NFC4.2.0.5
2026-05-01 10:38:36,086 [WARN] PackLoader:240 - Cannot read IP mode file for STMicroelectronics.eDS-WB_DPC_3PH2L-BIDIR.1.1.1
2026-05-01 10:38:36,090 [WARN] PackLoader:240 - Cannot read IP mode file for STMicroelectronics.X-CUBE-NFC4.2.0.4
2026-05-01 10:38:36,099 [WARN] ConditionMgr:438 - getConditionDescription Invalid condition id : UX DEVICE CLASS RTOS Condition cause : null
2026-05-01 10:38:36,099 [WARN] ConditionMgr:438 - getConditionDescription Invalid condition id : UX DEVICE CLASS RTOS Condition cause : null
2026-05-01 10:38:36,101 [WARN] PackLoader:240 - Cannot read IP mode file for STMicroelectronics.X-CUBE-AZRTOS-H7.3.1.0
2026-05-01 10:38:36,101 [WARN] ConditionMgr:1044 - genDependencies : Invalid condition id : UX DEVICE CLASS RTOS Condition cause : null
2026-05-01 10:38:36,101 [WARN] ConditionMgr:1044 - genDependencies : Invalid condition id : UX DEVICE CLASS RTOS Condition cause : null
2026-05-01 10:38:36,102 [WARN] ConditionMgr:1044 - genDependencies : Invalid condition id : UX DEVICE CLASS RTOS Condition cause : null
2026-05-01 10:38:36,102 [WARN] ConditionMgr:1044 - genDependencies : Invalid condition id : UX DEVICE CLASS RTOS Condition cause : null
2026-05-01 10:38:36,102 [WARN] ConditionMgr:1044 - genDependencies : Invalid condition id : UX DEVICE CLASS RTOS Condition cause : null
2026-05-01 10:38:36,106 [ERROR] Engine:466 - C:\Users\Евгений\.stm32cubemx\thirdparties\pdsc\STMicroelectronics.X-CUBE-ST67W61.1.3.0.pdsc: PDSC version is not supported
2026-05-01 10:38:36,109 [WARN] PackLoader:240 - Cannot read IP mode file for wolfSSL.I-CUBE-wolfSSL.5.5.3
2026-05-01 10:38:36,112 [WARN] PackLoader:240 - Cannot read IP mode file for STMicroelectronics.X-CUBE-FREERTOS.1.3.1
2026-05-01 10:38:36,116 [WARN] PackLoader:240 - Cannot read IP mode file for STMicroelectronics.X-CUBE-NFC7.1.0.1
2026-05-01 10:38:36,119 [WARN] PackLoader:240 - Cannot read IP mode file for STMicroelectronics.X-CUBE-NFC7.1.0.0
2026-05-01 10:38:36,123 [WARN] PackLoader:240 - Cannot read IP mode file for STMicroelectronics.X-CUBE-TOUCHGFX.4.26.0
2026-05-01 10:38:36,126 [WARN] PackLoader:240 - Cannot read IP mode file for STMicroelectronics.X-CUBE-NFC6.3.0.0
2026-05-01 10:38:36,131 [WARN] PackLoader:240 - Cannot read IP mode file for STMicroelectronics.X-CUBE-TOUCHGFX.4.26.1
2026-05-01 10:38:36,134 [WARN] PackLoader:240 - Cannot read IP mode file for STMicroelectronics.X-CUBE-EEPRMA1.4.1.0
2026-05-01 10:38:36,139 [WARN] PackLoader:240 - Cannot read IP mode file for STMicroelectronics.FP-SNS-STAIOTCFT.1.0.0
2026-05-01 10:38:36,143 [WARN] PackLoader:240 - Cannot read IP mode file for STMicroelectronics.X-CUBE-DPower.1.3.0
2026-05-01 10:38:36,147 [WARN] PackLoader:240 - Cannot read IP mode file for STMicroelectronics.X-CUBE-AI.8.1.0
2026-05-01 10:38:36,158 [WARN] ConditionMgr:438 - getConditionDescription Invalid condition id : LAN8742 Phy interface Condition cause : null
2026-05-01 10:38:36,159 [WARN] PackLoader:240 - Cannot read IP mode file for STMicroelectronics.X-CUBE-AZRTOS-L4.2.0.0
2026-05-01 10:38:36,159 [WARN] ConditionMgr:1044 - genDependencies : Invalid condition id : LAN8742 Phy interface Condition cause : null
2026-05-01 10:38:36,160 [WARN] ConditionMgr:1044 - genDependencies : Invalid condition id : LAN8742 Phy interface Condition cause : null
2026-05-01 10:38:36,160 [WARN] ConditionMgr:1044 - genDependencies : Invalid condition id : LAN8742 Phy interface Condition cause : null
2026-05-01 10:38:36,166 [WARN] PackLoader:240 - Cannot read IP mode file for STMicroelectronics.X-CUBE-SFXS2LP1.4.0.0
2026-05-01 10:38:36,177 [WARN] PackLoader:240 - Cannot read IP mode file for STMicroelectronics.X-CUBE-AZRTOS-H7.3.0.0
2026-05-01 10:38:36,183 [WARN] PackLoader:240 - Cannot read IP mode file for STMicroelectronics.X-CUBE-WB05N.2.1.0
2026-05-01 10:38:36,188 [WARN] PackLoader:240 - Cannot read IP mode file for STMicroelectronics.X-CUBE-ST67W61.1.2.0
2026-05-01 10:38:36,192 [WARN] PackLoader:240 - Cannot read IP mode file for STMicroelectronics.X-CUBE-ISPU.1.1.0
2026-05-01 10:38:36,204 [WARN] PackLoader:240 - Cannot read IP mode file for STMicroelectronics.X-CUBE-AZRTOS-H7.3.3.0
2026-05-01 10:38:36,211 [WARN] PackLoader:240 - Cannot read IP mode file for RoweBots.I-CUBE-UNISONRTOS.5.5.0-4
2026-05-01 10:38:36,218 [WARN] PackLoader:240 - Cannot read IP mode file for STMicroelectronics.X-CUBE-BLEMGR.4.1.0
2026-05-01 10:38:36,223 [WARN] PackLoader:240 - Cannot read IP mode file for STMicroelectronics.X-CUBE-AI.8.0.0
2026-05-01 10:38:36,230 [WARN] ConditionMgr:438 - getConditionDescription Invalid condition id : UX DEVICE CLASS RTOS Condition cause : null
2026-05-01 10:38:36,230 [WARN] ConditionMgr:438 - getConditionDescription Invalid condition id : UX DEVICE CLASS RTOS Condition cause : null
2026-05-01 10:38:36,232 [WARN] PackLoader:240 - Cannot read IP mode file for STMicroelectronics.X-CUBE-AZRTOS-WB.2.0.0
2026-05-01 10:38:36,232 [WARN] ConditionMgr:1044 - genDependencies : Invalid condition id : UX DEVICE CLASS RTOS Condition cause : null
2026-05-01 10:38:36,232 [WARN] ConditionMgr:1044 - genDependencies : Invalid condition id : UX DEVICE CLASS RTOS Condition cause : null
2026-05-01 10:38:36,232 [WARN] ConditionMgr:1044 - genDependencies : Invalid condition id : UX DEVICE CLASS RTOS Condition cause : null
2026-05-01 10:38:36,232 [WARN] ConditionMgr:1044 - genDependencies : Invalid condition id : UX DEVICE CLASS RTOS Condition cause : null
2026-05-01 10:38:36,232 [WARN] ConditionMgr:1044 - genDependencies : Invalid condition id : UX DEVICE CLASS RTOS Condition cause : null
2026-05-01 10:38:36,236 [WARN] PackLoader:240 - Cannot read IP mode file for STMicroelectronics.X-CUBE-FREERTOS.1.0.1
2026-05-01 10:38:36,240 [WARN] PackLoader:240 - Cannot read IP mode file for STMicroelectronics.X-CUBE-GNSS1.7.0.1
2026-05-01 10:38:36,244 [WARN] PackLoader:240 - Cannot read IP mode file for STMicroelectronics.X-CUBE-TOUCHGFX.4.25.0
2026-05-01 10:38:36,249 [WARN] PackLoader:240 - Cannot read IP mode file for STMicroelectronics.FP-SNS-STBOX1.2.0.0
2026-05-01 10:38:36,254 [WARN] PackLoader:240 - Cannot read IP mode file for STMicroelectronics.X-CUBE-STSE01.2.0.0
2026-05-01 10:38:36,270 [WARN] PackLoader:240 - Cannot read IP mode file for STMicroelectronics.X-CUBE-AZRTOS-L5.1.1.0
2026-05-01 10:38:36,277 [WARN] PackLoader:240 - Cannot read IP mode file for STMicroelectronics.X-CUBE-AI.8.0.1
2026-05-01 10:38:36,285 [WARN] PackLoader:240 - Cannot read IP mode file for STMicroelectronics.X-CUBE-SUBG2.5.0.0
2026-05-01 10:38:36,303 [WARN] PackLoader:240 - Cannot read IP mode file for STMicroelectronics.X-CUBE-AZRTOS-H7RS.1.1.0
2026-05-01 10:38:36,311 [WARN] PackLoader:240 - Cannot read IP mode file for Cesanta.I-CUBE-Mongoose.7.13.0
2026-05-01 10:38:36,319 [WARN] PackLoader:240 - Cannot read IP mode file for STMicroelectronics.X-CUBE-TOF1.3.3.1
2026-05-01 10:38:36,366 [WARN] PackLoader:240 - Cannot read IP mode file for STMicroelectronics.X-CUBE-AZRTOS-G4.2.0.0
2026-05-01 10:38:36,376 [WARN] PackLoader:240 - Cannot read IP mode file for STMicroelectronics.X-CUBE-TOF1.3.3.0
2026-05-01 10:38:36,385 [WARN] PackLoader:240 - Cannot read IP mode file for STMicroelectronics.FP-ATR-ASTRA1.1.1.1
2026-05-01 10:38:36,394 [WARN] PackLoader:240 - Cannot read IP mode file for Infineon.AIROC-Wi-Fi-Bluetooth-STM32.1.5.1
2026-05-01 10:38:36,400 [WARN] PackLoader:240 - Cannot read IP mode file for wolfSSL.I-CUBE-wolfSSH.1.4.20
2026-05-01 10:38:36,404 [WARN] PackLoader:240 - Cannot read IP mode file for STMicroelectronics.FP-SNS-MOTENVWB1.1.3.0
2026-05-01 10:38:36,408 [WARN] PackLoader:240 - Cannot read IP mode file for STMicroelectronics.X-CUBE-NFC7.2.0.0
2026-05-01 10:38:36,411 [WARN] PackLoader:240 - Cannot read IP mode file for STMicroelectronics.FP-SNS-MOTENVWB1.1.3.1
2026-05-01 10:38:36,418 [WARN] PackLoader:240 - Cannot read IP mode file for STMicroelectronics.X-CUBE-AZRTOS-G4.1.0.0
2026-05-01 10:38:36,427 [WARN] PackLoader:240 - Cannot read IP mode file for STMicroelectronics.X-CUBE-AZRTOS-L4.1.0.0
2026-05-01 10:38:36,432 [WARN] PackLoader:240 - Cannot read IP mode file for STMicroelectronics.X-CUBE-ISPU.2.0.0
2026-05-01 10:38:36,437 [WARN] PackLoader:240 - Cannot read IP mode file for STMicroelectronics.X-CUBE-IPS.3.1.0
2026-05-01 10:38:36,444 [WARN] PackLoader:240 - Cannot read IP mode file for STMicroelectronics.X-CUBE-ALS.1.0.2
2026-05-01 10:38:36,462 [WARN] PackLoader:240 - Cannot read IP mode file for STMicroelectronics.X-CUBE-MEMS1.10.0.0
2026-05-01 10:38:36,520 [WARN] PackLoader:240 - Cannot read IP mode file for STMicroelectronics.X-CUBE-FREERTOS.1.1.0
2026-05-01 10:38:36,526 [WARN] PackLoader:240 - Cannot read IP mode file for STMicroelectronics.X-CUBE-AZRTOS-WL.1.0.0
2026-05-01 10:38:36,531 [WARN] PackLoader:240 - Cannot read IP mode file for STMicroelectronics.X-CUBE-STSE01.1.0.0
2026-05-01 10:38:36,536 [WARN] PackLoader:240 - Cannot read IP mode file for portGmbH.I-Cube-SoM-uGOAL.1.1.0
2026-05-01 10:38:36,539 [WARN] PackLoader:240 - Cannot read IP mode file for STMicroelectronics.X-CUBE-ALS.1.0.1
2026-05-01 10:38:36,547 [WARN] PackLoader:240 - Cannot read IP mode file for STMicroelectronics.X-CUBE-AZRTOS-WB.1.1.0
2026-05-01 10:38:36,558 [WARN] PackLoader:240 - Cannot read IP mode file for STMicroelectronics.X-CUBE-AZRTOS-L5.1.0.0
2026-05-01 10:38:36,561 [WARN] PackLoader:240 - Cannot read IP mode file for STMicroelectronics.X-CUBE-EEPRMA1.3.1.1
2026-05-01 10:38:36,564 [WARN] PackLoader:240 - Cannot read IP mode file for STMicroelectronics.FP-ATR-ASTRA1.2.0.0
2026-05-01 10:38:36,571 [WARN] PackLoader:240 - Cannot read IP mode file for STMicroelectronics.X-CUBE-TOF1.3.4.3
2026-05-01 10:38:36,582 [WARN] PackLoader:240 - Cannot read IP mode file for STMicroelectronics.X-CUBE-TOF1.3.4.0
2026-05-01 10:38:36,597 [WARN] PackLoader:240 - Cannot read IP mode file for STMicroelectronics.X-CUBE-AZRTOS-H7.3.2.0
2026-05-01 10:38:36,600 [INFO] ThirdParty:978 - Integrity check success = true
2026-05-01 10:38:36,601 [INFO] IntegrityCheckThread:100 - exiting critical section [integrity check]
2026-05-01 10:38:36,601 [INFO] IntegrityCheckThread:103 - End integrity checks thread
2026-05-01 10:40:35,256 [INFO] McuFinderGlobals:63 - Set McuFinder mode to 2 (CubeIDE integrated)
2026-05-01 10:40:35,262 [INFO] MainUpdater:2872 - connection check result : 10
2026-05-01 10:40:35,263 [INFO] MainUpdater:2872 - connection check result : 10
2026-05-01 10:40:35,293 [INFO] MicroXplorer:468 - Change Database Path : 
2026-05-01 10:40:35,294 [INFO] MicroXplorer:498 - Change Database Version : DB.6.0.150
2026-05-01 10:40:35,300 [WARN] ThirdParty:871 - waiting for thirdparty lock release [close project]
2026-05-01 10:40:35,300 [INFO] ThirdParty:873 - entering critical section [close project]
2026-05-01 10:40:35,302 [INFO] ThirdParty:883 - exiting critical section [close project]
2026-05-01 10:40:35,305 [INFO] PinOutPanel:1589 - setPackage(No Configuration,No Configuration)
2026-05-01 10:40:35,306 [INFO] UtilMem:75 - Begin LoadConfig() Used Memory: 921657008 Bytes (1073741824)
2026-05-01 10:40:35,308 [INFO] MicroXplorer:468 - Change Database Path : 
2026-05-01 10:40:35,308 [INFO] MicroXplorer:498 - Change Database Version : DB.6.0.150
2026-05-01 10:40:35,308 [INFO] OpenFileManager:355 - Change cursor
2026-05-01 10:40:35,344 [INFO] Mcu:2029 - Initializing MCU STM32F030C8Tx STM32F030C8Tx STM32F030C8T6
2026-05-01 10:40:36,099 [INFO] Context:786 - Trying to add GPIOservice into a context  which must be forbidden
2026-05-01 10:40:36,326 [INFO] ImportTextPane:234 - (OptionalMessage_ERROR) Pin28 (VP_RIF_VS_RIF1) cannot be retrieved for this MCU
2026-05-01 10:40:36,493 [INFO] RtosManager:558 - Registered RTOS mode: class=CMSIS, group=RTOS, mode=CMSIS_V1, owner=FREERTOS
2026-05-01 10:40:36,493 [INFO] RtosManager:558 - Registered RTOS mode: class=CMSIS, group=RTOS2, mode=CMSIS_V2, owner=FREERTOS
2026-05-01 10:40:36,493 [INFO] RtosManager:558 - Registered RTOS mode: class=RTOS, group=Core, mode=CMSIS_V1, owner=FREERTOS
2026-05-01 10:40:36,495 [INFO] RtosManager:558 - Registered RTOS mode: class=RTOS, group=Core, mode=CMSIS_V2, owner=FREERTOS
2026-05-01 10:40:36,495 [WARN] ModelIntegratedComponent:184 - Missing modes for component STMicroelectronics:FreeRTOS:0.0.1:STMicroelectronics:RTOS:FreeRTOS:Core:::10.2.0:
2026-05-01 10:40:36,500 [WARN] ModelIntegratedComponent:63 - No mode defined for component null
2026-05-01 10:40:36,501 [WARN] ModelIntegratedComponent:63 - No mode defined for component null
2026-05-01 10:40:36,501 [WARN] ModelIntegratedComponent:63 - No mode defined for component null
2026-05-01 10:40:36,501 [WARN] ModelIntegratedComponent:63 - No mode defined for component null
2026-05-01 10:40:36,501 [WARN] ModelIntegratedComponent:63 - No mode defined for component null
2026-05-01 10:40:36,501 [WARN] ModelIntegratedComponent:63 - No mode defined for component null
2026-05-01 10:40:36,501 [WARN] ModelIntegratedComponent:63 - No mode defined for component null
2026-05-01 10:40:36,501 [WARN] ModelIntegratedComponent:63 - No mode defined for component null
2026-05-01 10:40:36,501 [WARN] ModelIntegratedComponent:63 - No mode defined for component null
2026-05-01 10:40:36,503 [WARN] ModelIntegratedComponent:63 - No mode defined for component null
2026-05-01 10:40:36,503 [WARN] ModelIntegratedComponent:63 - No mode defined for component null
2026-05-01 10:40:36,503 [WARN] ModelIntegratedComponent:63 - No mode defined for component null
2026-05-01 10:40:36,503 [WARN] ModelIntegratedComponent:63 - No mode defined for component null
2026-05-01 10:40:36,503 [WARN] ModelIntegratedComponent:63 - No mode defined for component null
2026-05-01 10:40:36,503 [WARN] ModelIntegratedComponent:63 - No mode defined for component null
2026-05-01 10:40:36,503 [WARN] ModelIntegratedComponent:63 - No mode defined for component null
2026-05-01 10:40:36,503 [WARN] ModelIntegratedComponent:63 - No mode defined for component null
2026-05-01 10:40:36,503 [WARN] ModelIntegratedComponent:63 - No mode defined for component null
2026-05-01 10:40:36,503 [WARN] ModelIntegratedComponent:63 - No mode defined for component null
2026-05-01 10:40:36,503 [WARN] ModelIntegratedComponent:63 - No mode defined for component null
2026-05-01 10:40:36,503 [WARN] ModelIntegratedComponent:63 - No mode defined for component null
2026-05-01 10:40:36,504 [WARN] ModelIntegratedComponent:63 - No mode defined for component null
2026-05-01 10:40:36,504 [WARN] ModelIntegratedComponent:63 - No mode defined for component null
2026-05-01 10:40:36,504 [WARN] ModelIntegratedComponent:63 - No mode defined for component null
2026-05-01 10:40:36,504 [WARN] ModelIntegratedComponent:63 - No mode defined for component null
2026-05-01 10:40:36,504 [WARN] ModelIntegratedComponent:63 - No mode defined for component null
2026-05-01 10:40:36,504 [WARN] ModelIntegratedComponent:63 - No mode defined for component null
2026-05-01 10:40:36,504 [WARN] ModelIntegratedComponent:63 - No mode defined for component null
2026-05-01 10:40:36,504 [WARN] ModelIntegratedComponent:63 - No mode defined for component null
2026-05-01 10:40:36,504 [WARN] ModelIntegratedComponent:63 - No mode defined for component null
2026-05-01 10:40:36,504 [WARN] ModelIntegratedComponent:63 - No mode defined for component null
2026-05-01 10:40:36,504 [WARN] ModelIntegratedComponent:63 - No mode defined for component null
2026-05-01 10:40:36,504 [WARN] ModelIntegratedComponent:63 - No mode defined for component null
2026-05-01 10:40:36,504 [WARN] ModelIntegratedComponent:63 - No mode defined for component null
2026-05-01 10:40:36,504 [WARN] ModelIntegratedComponent:63 - No mode defined for component null
2026-05-01 10:40:36,504 [WARN] ModelPack:524 - Component already loaded: STMicroelectronics:HAL Drivers:0.0.0:STMicroelectronics:Device:STMicro_Driver:XSPI:HAL::0.0.1:HAL_XSPI
2026-05-01 10:40:36,829 [INFO] ThirdPartyModel:298 - Start build external matchings
2026-05-01 10:40:41,585 [INFO] ThirdPartyModel:316 - End build external matchings
2026-05-01 10:40:41,705 [INFO] ImportTextPane:234 - (OptionalMessage_ERROR) IP (RCC) : Invalid parameter (FamilyName)
2026-05-01 10:40:41,836 [INFO] ApiDb:581 - Connected to CubeFinder SQLite database (C:\Users\Евгений\.stmcufinder\plugins\mcufinder\mcu\cube-finder-db.db)
2026-05-01 10:40:41,940 [INFO] ApiDb:668 - CubeFinder database Data Model version=2.1
2026-05-01 10:40:41,940 [INFO] ApiDb:669 - CubeFinder database Configuration version=3.0.42
2026-05-01 10:40:41,940 [INFO] ApiDb:670 - CubeFinder database generation date=2026-03-11 (1773229989)
2026-05-01 10:40:41,940 [INFO] ApiDb:671 - CubeFinder database FW Pack versions=[FP-ATR-ASTRA1_V2.0.0, FP-SNS-FLIGHT1_V5.1.0, FP-SNS-MOTENV1_V5.1.0, FP-SNS-MOTENVWB1_V1.5.0, FP-SNS-SMARTAG2_V1.2.0, FP-SNS-STBOX1_V2.1.0, STM32Cube_FW_C0_V1.4.0, STM32Cube_FW_F4_V1.28.3, STM32Cube_FW_F7_V1.17.4, STM32Cube_FW_G0_V1.6.3, STM32Cube_FW_G4_V1.6.2, STM32Cube_FW_H5_V1.6.0, STM32Cube_FW_H7RS_V1.3.0, STM32Cube_FW_H7_V1.13.0, STM32Cube_FW_L0_V1.12.2, STM32Cube_FW_L4_V1.18.2, STM32Cube_FW_L5_V1.6.0, STM32Cube_FW_N6_V1.3.0, STM32Cube_FW_U0_V1.3.0, STM32Cube_FW_U3_V1.3.0, STM32Cube_FW_U5_V1.8.0, STM32Cube_FW_WB0_V1.4.0, STM32Cube_FW_WBA_V1.9.0, STM32Cube_FW_WB_V1.24.0, STM32Cube_FW_WL3_V1.4.0, STM32Cube_FW_WL_V1.5.0, X-CUBE-ALGOBUILD_V1.4.0, X-CUBE-ALS_V1.0.2, X-CUBE-AZRTOS-F4_V1.1.0, X-CUBE-AZRTOS-F7_V1.1.0, X-CUBE-AZRTOS-G0_V1.1.0, X-CUBE-AZRTOS-G4_V2.0.0, X-CUBE-AZRTOS-H7RS_V1.1.0, X-CUBE-AZRTOS-H7_V3.4.0, X-CUBE-AZRTOS-L4_V2.0.0, X-CUBE-AZRTOS-L5_V2.0.0, X-CUBE-AZRTOS-WB_V2.0.0, X-CUBE-AZRTOS-WL_V2.0.0, X-CUBE-BLE1_V7.1.0, X-CUBE-BLE2_V3.3.0, X-CUBE-BLEMGR_V4.1.0, X-CUBE-EEPRMA1_V5.2.0, X-CUBE-FREERTOS_V1.5.0, X-CUBE-GNSS1_V6.0.0, X-CUBE-MEMS1_V12.0.0, X-CUBE-NFC4_V3.0.0, X-CUBE-NFC7_V2.0.0, X-CUBE-SFXS2LP1_V4.0.0, X-CUBE-ST67W61_V1.2.0, X-CUBE-SUBG2_V5.0.0, X-CUBE-TOF1_V3.4.3]
2026-05-01 10:40:42,045 [INFO] DbBoardsSqlite:226 - include board P-NUCLEO-WB55-NUCLEO as a kit item of type 'Nucleo-64'
2026-05-01 10:40:42,045 [INFO] DbBoardsSqlite:226 - include board P-NUCLEO-WB55-USBDONGLE as a kit item of type 'Nucleo USB Dongle'
2026-05-01 10:40:42,046 [INFO] DbBoardsSqlite:226 - include board STEVAL-IDP005V1 as a kit item of type 'Evaluation Board'
2026-05-01 10:40:42,047 [INFO] DbBoardsSqlite:226 - include board STEVAL-IDP005V2 as a kit item of type 'Evaluation Board'
2026-05-01 10:40:42,478 [INFO] ApiDb:240 - Found 880 in-development CPN: [B-G473E-ZEST1S, B-WB1M-WPAN1, B-WBA5M-WPAN, B-WL5M-SUBG1, NUCLEO-C031C6, NUCLEO-C051C8, NUCLEO-C071RB, NUCLEO-C092RC, NUCLEO-H503RB, NUCLEO-H533RE, NUCLEO-H563ZI, NUCLEO-H7S3L8, NUCLEO-N657X0-Q, NUCLEO-U031R8, NUCLEO-U083RC, NUCLEO-U385RG-Q, NUCLEO-U545RE-Q, NUCLEO-U5A5ZJ-Q, NUCLEO-WB05KZ, NUCLEO-WB07CC, NUCLEO-WB09KE, NUCLEO-WBA52CG, NUCLEO-WBA55CG, NUCLEO-WL33CC1, NUCLEO-WL33CC2, STEVAL-PROTEUS1, STEVAL-SMARTAG2, STEVAL-STWINBX1, STM320518-EVAL, STM32C0116-DK, STM32C011D6Y3TR, STM32C011D6Y6TR, STM32C011F4P3, STM32C011F4P6, STM32C011F4U3, STM32C011F4U6TR, STM32C011F6P3, STM32C011F6P6, STM32C011F6U3, STM32C011F6U6TR, STM32C011J4M3, STM32C011J4M6, STM32C011J6M3, STM32C011J6M6, STM32C0316-DK, STM32C031C4T3, STM32C031C4T6, STM32C031C4U3, STM32C031C4U6, STM32C031C6T3, STM32C031C6T6, STM32C031C6U3, STM32C031C6U6, STM32C031F4P3, STM32C031F4P6, STM32C031F6P3, STM32C031F6P6, STM32C031G4U3, STM32C031G4U6, STM32C031G6U3, STM32C031G6U6, STM32C031K4T3, STM32C031K4T6, STM32C031K4U3, STM32C031K4U6, STM32C031K6T3, STM32C031K6T6, STM32C031K6U3, STM32C031K6U6, STM32C051C6T6, STM32C051C6U6, STM32C051C8T6, STM32C051C8U6, STM32C051D8Y6TR, STM32C051F6P6, STM32C051F8P6, STM32C051G6U6, STM32C051G8U6, STM32C051K6T6, STM32C051K6U6, STM32C051K8T6, STM32C071C8T6, STM32C071C8T6N, STM32C071C8U6, STM32C071C8U6N, STM32C071CBT6, STM32C071CBT6N, STM32C071CBU6, STM32C071CBU6N, STM32C071F8P6, STM32C071F8P6N, STM32C071FBP6, STM32C071FBP6N, STM32C071FBY6TR, STM32C071G8U6, STM32C071G8U6N, STM32C071GBU6, STM32C071GBU6N, STM32C071K8T6, STM32C071K8T6N, STM32C071K8U6, STM32C071K8U6N, STM32C071KBT6, STM32C071KBT6N, STM32C071KBU6, STM32C071KBU6N, STM32C071R8T6, STM32C071R8T6N, STM32C071RBI6N, STM32C071RBT6, STM32C071RBT6N, STM32C091CBT6, STM32C091CBU6, STM32C091CCT6, STM32C091CCU6, STM32C091ECY6TR, STM32C091FBP6, STM32C091FCP6, STM32C091GBU6, STM32C091GCU6, STM32C091KBT6, STM32C091KBU6, STM32C091KCT6, STM32C091KCU6, STM32C091RBT6, STM32C091RCI6, STM32C091RCT6, STM32C092CBT6, STM32C092CBU6, STM32C092CCT6, STM32C092CCU6, STM32C092ECY6TR, STM32C092FBP6, STM32C092FCP6, STM32C092GBU6, STM32C092GCU6, STM32C092KBT6, STM32C092KBU6, STM32C092KCT6, STM32C092KCU6, STM32C092RBT6, STM32C092RCI6, STM32C092RCT6, STM32G071K8TXN, STM32G071K8UXN, STM32G081GBU6N, STM32G081KBT6N, STM32G081KBUXN, STM32G0B1CCT6N, STM32G0B1KCT6, STM32G0B1NEY6TR, STM32G0B1RCT6N, STM32G0C1CCT6, STM32G0C1CCT6N, STM32G0C1CCU6N, STM32G0C1CET6N, STM32G0C1CEU6N, STM32G0C1KCT6, STM32G0C1NEY6TR, STM32G0C1RCI6N, STM32G0C1RCT6N, STM32G0C1REI6N, STM32G0C1RET6N, STM32G0C1VCI6, STM32G0C1VEI6, STM32G411C6T3, STM32G411C6T6, STM32G411C6U3, STM32G411C6U6, STM32G411C8T3, STM32G411C8T6, STM32G411C8U3, STM32G411C8U6, STM32G411CBT3, STM32G411CBT6, STM32G411CBU3, STM32G411CBU6, STM32G411K6T3, STM32G411K6T6, STM32G411K6U3, STM32G411K6U6, STM32G411K8T3, STM32G411K8T6, STM32G411K8U3, STM32G411K8U6, STM32G411KBT3, STM32G411KBT6, STM32G411KBU3, STM32G411KBU6, STM32G411M6T3, STM32G411M6T6, STM32G411M8T3, STM32G411M8T6, STM32G411MBT3, STM32G411MBT6, STM32G411R6T3, STM32G411R6T6, STM32G411R8T3, STM32G411R8T6, STM32G411RBT3, STM32G411RBT6, STM32G414CBT3, STM32G414CBT6, STM32G414CBU3, STM32G414CBU6, STM32G414CCT3, STM32G414CCT6, STM32G414CCU3, STM32G414CCU6, STM32G414MBT3, STM32G414MBT6, STM32G414MCT3, STM32G414MCT6, STM32G414RBT3, STM32G414RBT6, STM32G414RCT3, STM32G414RCT6, STM32G414VBT3, STM32G414VBT6, STM32G414VCT3, STM32G414VCT6, STM32G431CBT3Z, STM32G431RBT3Z, STM32G471CCT6, STM32G471CCU6, STM32G471CET3, STM32G471CET6, STM32G471CEU3, STM32G471CEU6, STM32G471MCT6, STM32G471MET3, STM32G471MET6, STM32G471MEY6TR, STM32G471QCT6, STM32G471QET3, STM32G471RCT6, STM32G471RET3, STM32G471RET6, STM32G471VCH6, STM32G471VCI6, STM32G471VCT6, STM32G471VEH3, STM32G471VEH6, STM32G471VEI3, STM32G471VEI6, STM32G471VET3, STM32G471VET6, STM32G473QET3Z, STM32G473RET3Z, STM32G474CCT6, STM32G491RET3Z, STM32H503CBT6, STM32H503CBU6, STM32H503EBY6TR, STM32H503KBU6, STM32H503RBT6, STM32H523CCT6, STM32H523CCU6, STM32H523CET6, STM32H523CEU6, STM32H523HEY6TR, STM32H523RCT6, STM32H523RET6, STM32H523VCI6, STM32H523VCT6, STM32H523VEI6, STM32H523VET6, STM32H523ZCJ6, STM32H523ZCT6, STM32H523ZEJ6, STM32H523ZET6, STM32H533CET6, STM32H533CEU6, STM32H533HEY6TR, STM32H533RET6, STM32H533VEI6, STM32H533VET6, STM32H533ZEJ6, STM32H533ZET6, STM32H562AGI6, STM32H562AII6, STM32H562IGK6, STM32H562IGT6, STM32H562IIK6, STM32H562IIT6, STM32H562RGT6, STM32H562RGV6, STM32H562RIT6, STM32H562RIV6, STM32H562VGT6, STM32H562VIT6, STM32H562ZGT6, STM32H562ZIT6, STM32H563AGI6, STM32H563AII3Q, STM32H563AII6, STM32H563IGK6, STM32H563IGT6, STM32H563IIK3Q, STM32H563IIK6, STM32H563IIT3Q, STM32H563IIT6, STM32H563MIY3QTR, STM32H563RGT6, STM32H563RGV6, STM32H563RIT6, STM32H563RIV6, STM32H563VGT6, STM32H563VIT3Q, STM32H563VIT6, STM32H563ZGT6, STM32H563ZIT3Q, STM32H563ZIT6, STM32H573AII3Q, STM32H573AII6, STM32H573I-DK, STM32H573IIK3Q, STM32H573IIK6, STM32H573IIT3Q, STM32H573IIT6, STM32H573MIY3QTR, STM32H573RIT6, STM32H573RIV6, STM32H573VIT3Q, STM32H573VIT6, STM32H573ZIT3Q, STM32H573ZIT6, STM32H7R3A8I6, STM32H7R3I8K6, STM32H7R3I8T6, STM32H7R3L8H6, STM32H7R3L8H6H, STM32H7R3R8V6, STM32H7R3V8H6, STM32H7R3V8T6, STM32H7R3V8Y6TR, STM32H7R3Z8J6, STM32H7R3Z8T6, STM32H7R7A8I6, STM32H7R7I8K6, STM32H7R7I8T6, STM32H7R7L8H6, STM32H7R7L8H6H, STM32H7R7Z8J6, STM32H7S3A8I6, STM32H7S3I8K6, STM32H7S3I8T6, STM32H7S3L8H6, STM32H7S3L8H6H, STM32H7S3R8V6, STM32H7S3V8H6, STM32H7S3V8T6, STM32H7S3V8Y6TR, STM32H7S3Z8J6, STM32H7S3Z8T6, STM32H7S78-DK, STM32H7S7A8I6, STM32H7S7I8K6, STM32H7S7I8T6, STM32H7S7L8H6, STM32H7S7L8H6H, STM32H7S7Z8J6, STM32L4R5QGI6STR, STM32MP131AAE3, STM32MP131AAF3, STM32MP131AAG3, STM32MP131CAE3, STM32MP131CAF3, STM32MP131CAG3, STM32MP131DAE7, STM32MP131DAF7, STM32MP131DAG7, STM32MP131FAE7, STM32MP131FAF7, STM32MP131FAG7, STM32MP133AAE3, STM32MP133AAF3, STM32MP133AAG3, STM32MP133CAE3, STM32MP133CAF3, STM32MP133CAG3, STM32MP133DAE7, STM32MP133DAF7, STM32MP133DAG7, STM32MP133FAE7, STM32MP133FAF7, STM32MP133FAG7, STM32MP135AAE3, STM32MP135AAF3, STM32MP135AAG3, STM32MP135CAE3, STM32MP135CAF3, STM32MP135CAG3, STM32MP135DAE7, STM32MP135DAF7, STM32MP135DAG7, STM32MP135F-DK, STM32MP135FAE7, STM32MP135FAF7, STM32MP135FAF7T, STM32MP135FAF7U, STM32MP135FAG7, STM32MP211AAL3, STM32MP211AAM3, STM32MP211AAN3, STM32MP211AAO3, STM32MP211CAL3, STM32MP211CAM3, STM32MP211CAN3, STM32MP211CAO3, STM32MP211DAL3, STM32MP211DAM3, STM32MP211DAN3, STM32MP211DAO3, STM32MP211FAL3, STM32MP211FAM3, STM32MP211FAN3, STM32MP211FAO3, STM32MP213AAL3, STM32MP213AAM3, STM32MP213AAN3, STM32MP213AAO3, STM32MP213CAL3, STM32MP213CAM3, STM32MP213CAN3, STM32MP213CAO3, STM32MP213DAL3, STM32MP213DAM3, STM32MP213DAN3, STM32MP213DAO3, STM32MP213FAL3, STM32MP213FAM3, STM32MP213FAN3, STM32MP213FAO3, STM32MP215AAL3, STM32MP215AAM3, STM32MP215AAN3, STM32MP215AAO3, STM32MP215CAL3, STM32MP215CAM3, STM32MP215CAN3, STM32MP215CAO3, STM32MP215DAL3, STM32MP215DAM3, STM32MP215DAN3, STM32MP215DAO3, STM32MP215F-DK, STM32MP215FAL3, STM32MP215FAM3, STM32MP215FAN3, STM32MP215FAO3, STM32MP231AAJ3, STM32MP231AAK3, STM32MP231AAL3, STM32MP231CAJ3, STM32MP231CAK3, STM32MP231CAL3, STM32MP231DAJ3, STM32MP231DAK3, STM32MP231DAL3, STM32MP231FAJ3, STM32MP231FAK3, STM32MP231FAL3, STM32MP233AAJ3, STM32MP233AAK3, STM32MP233AAL3, STM32MP233CAJ3, STM32MP233CAK3, STM32MP233CAL3, STM32MP233DAJ3, STM32MP233DAK3, STM32MP233DAL3, STM32MP233FAJ3, STM32MP233FAK3, STM32MP233FAL3, STM32MP235AAJ3, STM32MP235AAK3, STM32MP235AAL3, STM32MP235CAJ3, STM32MP235CAK3, STM32MP235CAL3, STM32MP235DAJ3, STM32MP235DAK3, STM32MP235DAL3, STM32MP235FAJ3, STM32MP235FAK3, STM32MP235FAL3, STM32MP251AAI3, STM32MP251AAK3, STM32MP251AAL3, STM32MP251CAI3, STM32MP251CAK3, STM32MP251CAL3, STM32MP251DAI3, STM32MP251DAK3, STM32MP251DAL3, STM32MP251FAI3, STM32MP251FAK3, STM32MP251FAL3, STM32MP253AAI3, STM32MP253AAK3, STM32MP253AAL3, STM32MP253CAI3, STM32MP253CAK3, STM32MP253CAL3, STM32MP253DAI3, STM32MP253DAK3, STM32MP253DAL3, STM32MP253FAI3, STM32MP253FAK3, STM32MP253FAL3, STM32MP255AAI3, STM32MP255AAK3, STM32MP255AAL3, STM32MP255CAI3, STM32MP255CAK3, STM32MP255CAL3, STM32MP255DAI3, STM32MP255DAK3, STM32MP255DAL3, STM32MP255FAI3, STM32MP255FAK3, STM32MP255FAL3, STM32MP257AAI3, STM32MP257AAK3, STM32MP257AAL3, STM32MP257CAI3, STM32MP257CAK3, STM32MP257CAL3, STM32MP257DAI3, STM32MP257DAK3, STM32MP257DAL3, STM32MP257F-DK, STM32MP257F-EV1, STM32MP257FAI3, STM32MP257FAK3, STM32MP257FAL3, STM32N645A0H3Q, STM32N645B0H3Q, STM32N645I0H3Q, STM32N645L0H3Q, STM32N645X0H3Q, STM32N645Z0H3Q, STM32N647A0H3Q, STM32N647B0H3Q, STM32N647I0H3Q, STM32N647L0H3Q, STM32N647X0H3Q, STM32N647Z0H3Q, STM32N655A0H3Q, STM32N655B0H3Q, STM32N655I0H3Q, STM32N655L0H3Q, STM32N655X0H3Q, STM32N655Z0H3Q, STM32N6570-DK, STM32N657A0H3Q, STM32N657B0H3Q, STM32N657I0H3Q, STM32N657L0H3Q, STM32N657X0H3Q, STM32N657Z0H3Q, STM32U031C6T6, STM32U031C6U6, STM32U031C8T6, STM32U031C8U6, STM32U031F4P6, STM32U031F6P6, STM32U031F8P6, STM32U031G6Y6TR, STM32U031G8Y6TR, STM32U031K4U6, STM32U031K6U6, STM32U031K8U6, STM32U031R6I6, STM32U031R6T6, STM32U031R8I6, STM32U031R8T6, STM32U073C8T6, STM32U073C8U6, STM32U073CBT6, STM32U073CBU6, STM32U073CCT6, STM32U073CCU6, STM32U073H8Y6TR, STM32U073HBY6TR, STM32U073HCY6TR, STM32U073K8U6, STM32U073KBU6, STM32U073KCU6, STM32U073M8I6, STM32U073M8T6, STM32U073MBI6, STM32U073MBT6, STM32U073MCI6, STM32U073MCT6, STM32U073R8I6, STM32U073R8T6, STM32U073RBI6, STM32U073RBT6, STM32U073RCI6, STM32U073RCT6, STM32U083C-DK, STM32U083CCT6, STM32U083CCU6, STM32U083HCY6TR, STM32U083KCU6, STM32U083MCI6, STM32U083MCT6, STM32U083RCI6, STM32U083RCT6, STM32U375CET6, STM32U375CET6Q, STM32U375CEU6, STM32U375CEU6Q, STM32U375CEY6QTR, STM32U375CGT6, STM32U375CGT6Q, STM32U375CGU6, STM32U375CGU6Q, STM32U375CGY6QTR, STM32U375KEU6, STM32U375KGU6, STM32U375REI6, STM32U375REI6Q, STM32U375RET6, STM32U375RET6Q, STM32U375REY6GTR, STM32U375REY6QTR, STM32U375RGI6, STM32U375RGI6Q, STM32U375RGT6, STM32U375RGT6Q, STM32U375RGY6GTR, STM32U375RGY6QTR, STM32U375VEI6, STM32U375VEI6Q, STM32U375VET6, STM32U375VET6Q, STM32U375VGI6, STM32U375VGI6Q, STM32U375VGT6, STM32U375VGT6Q, STM32U385CGT6, STM32U385CGT6Q, STM32U385CGU6, STM32U385CGU6Q, STM32U385CGY6QTR, STM32U385KGU6, STM32U385RGI6, STM32U385RGI6Q, STM32U385RGT6, STM32U385RGT6Q, STM32U385RGY6GTR, STM32U385RGY6QTR, STM32U385VGI6, STM32U385VGI6Q, STM32U385VGT6, STM32U385VGT6Q, STM32U535CBT6, STM32U535CBT6Q, STM32U535CBU6, STM32U535CBU6Q, STM32U535CCT6, STM32U535CCT6Q, STM32U535CCU6, STM32U535CCU6Q, STM32U535CET6, STM32U535CET6Q, STM32U535CEU6, STM32U535CEU6Q, STM32U535JEY6QTR, STM32U535NCY6QTR, STM32U535NEY6QTR, STM32U535RBI6, STM32U535RBI6Q, STM32U535RBT6, STM32U535RBT6Q, STM32U535RCI6, STM32U535RCI6Q, STM32U535RCT6, STM32U535RCT6Q, STM32U535REI6, STM32U535REI6Q, STM32U535RET6, STM32U535RET6Q, STM32U535VCI6, STM32U535VCI6Q, STM32U535VCT6, STM32U535VCT6Q, STM32U535VEI6, STM32U535VEI6Q, STM32U535VET6, STM32U535VET6Q, STM32U545CET6, STM32U545CET6Q, STM32U545CEU6, STM32U545CEU6Q, STM32U545JEY6QTR, STM32U545NEY6QTR, STM32U545REI6, STM32U545REI6Q, STM32U545RET6, STM32U545RET6Q, STM32U545VEI6, STM32U545VEI6Q, STM32U545VET6, STM32U545VET6Q, STM32U595AIH6, STM32U595AIH6Q, STM32U595AJH6, STM32U595AJH6Q, STM32U595QII6, STM32U595QII6Q, STM32U595QJI6, STM32U595QJI6Q, STM32U595RIT6, STM32U595RIT6Q, STM32U595RJT6, STM32U595RJT6Q, STM32U595VIT6, STM32U595VIT6Q, STM32U595VJT6, STM32U595VJT6Q, STM32U595ZIT6, STM32U595ZIT6Q, STM32U595ZIY6QTR, STM32U595ZJT6, STM32U595ZJT6Q, STM32U595ZJY6QTR, STM32U599BJY6QTR, STM32U599NIH6Q, STM32U599NJH6Q, STM32U599VIT6Q, STM32U599VJT6, STM32U599VJT6Q, STM32U599ZIT6Q, STM32U599ZIY6QTR, STM32U599ZJT6Q, STM32U599ZJY6QTR, STM32U5A5AJH6, STM32U5A5AJH6Q, STM32U5A5QII3Q , STM32U5A5QJI6, STM32U5A5QJI6Q, STM32U5A5RJT6, STM32U5A5RJT6Q, STM32U5A5VJT6, STM32U5A5VJT6Q, STM32U5A5ZJT6, STM32U5A5ZJT6Q, STM32U5A5ZJY6QTR, STM32U5A9BJY6QTR, STM32U5A9J-DK, STM32U5A9NJH6Q, STM32U5A9VJT6Q, STM32U5A9ZJT6Q, STM32U5A9ZJY6QTR, STM32U5F7VIT6, STM32U5F7VIT6Q, STM32U5F7VJT6, STM32U5F7VJT6Q, STM32U5F9BJY6QTR, STM32U5F9NJH6Q, STM32U5F9VIT6Q, STM32U5F9VJT6Q, STM32U5F9ZIJ6QTR, STM32U5F9ZIT6Q, STM32U5F9ZJJ6QTR, STM32U5F9ZJT6Q, STM32U5G7VJT6, STM32U5G7VJT6Q, STM32U5G9BJY6QTR, STM32U5G9J-DK1, STM32U5G9J-DK2, STM32U5G9NJH6Q, STM32U5G9VJT6Q, STM32U5G9ZJJ6QTR, STM32U5G9ZJT6Q, STM32WB05KZV6TR, STM32WB05KZV7TR, STM32WB05TZF6TR, STM32WB05TZF7TR, STM32WB06CCF6TR, STM32WB06CCF7TR, STM32WB06CCV6TR, STM32WB06CCV7TR, STM32WB06KCV6TR, STM32WB06KCV7TR, STM32WB07CCF6TR, STM32WB07CCF7TR, STM32WB07CCV6TR, STM32WB07CCV7TR, STM32WB07KCV6TR, STM32WB07KCV7TR, STM32WB09KEV6TR, STM32WB09KEV7TR, STM32WB09TEF6TR, STM32WB09TEF7TR, STM32WB1MMCH6, STM32WBA50KGU6, STM32WBA50KGU6TR, STM32WBA52CEU6, STM32WBA52CEU6TR, STM32WBA52CEU7, STM32WBA52CEU7TR, STM32WBA52CGU6, STM32WBA52CGU6TR, STM32WBA52CGU6U, STM32WBA52CGU7, STM32WBA52CGU7TR, STM32WBA52KEU6, STM32WBA52KEU6TR, STM32WBA52KGU6, STM32WBA52KGU6TR, STM32WBA54CEU6, STM32WBA54CEU6TR, STM32WBA54CEU7, STM32WBA54CEU7TR, STM32WBA54CGU6, STM32WBA54CGU6TR, STM32WBA54CGU7, STM32WBA54CGU7TR, STM32WBA54KEU6, STM32WBA54KEU6TR, STM32WBA54KEU7, STM32WBA54KEU7TR, STM32WBA54KGU6, STM32WBA54KGU6TR, STM32WBA54KGU7, STM32WBA54KGU7TR, STM32WBA55CEU6, STM32WBA55CEU6TR, STM32WBA55CEU7, STM32WBA55CEU7TR, STM32WBA55CGU6, STM32WBA55CGU6TR, STM32WBA55CGU6U, STM32WBA55CGU7, STM32WBA55CGU7TR, STM32WBA55G-DK1, STM32WBA55HEF6, STM32WBA55HEF7, STM32WBA55HGF6, STM32WBA55HGF7, STM32WBA55UEI6, STM32WBA55UEI6TR, STM32WBA55UEI7, STM32WBA55UEI7TR, STM32WBA55UGI6, STM32WBA55UGI6TR, STM32WBA55UGI7, STM32WBA55UGI7TR, STM32WBA5MMGH6TR, STM32WBA62MGF6, STM32WBA62MIF6, STM32WBA65MGF7, STM32WBA65MIF6, STM32WBA65MIF7, STM32WL30K8V6, STM32WL30KBV6, STM32WL31C8V6, STM32WL31CBV6, STM32WL31K8V6, STM32WL31KBV6, STM32WL33C8V6, STM32WL33C8V6X, STM32WL33CBV6, STM32WL33CBV6X, STM32WL33CCV6, STM32WL33CCV6A, STM32WL33CCV6X, STM32WL33K8V7, STM32WL33K8V7X, STM32WL33KBV7 , STM32WL33KBV7X, STM32WL33KCV7, STM32WL33KCV7X, STM32WL5MOCH6, STM32WL5MOCH6TR]
2026-05-01 10:40:42,481 [INFO] ApiDb:668 - CubeFinder database Data Model version=2.1
2026-05-01 10:40:42,481 [INFO] ApiDb:669 - CubeFinder database Configuration version=3.0.42
2026-05-01 10:40:42,482 [INFO] ApiDb:670 - CubeFinder database generation date=2026-03-11 (1773229989)
2026-05-01 10:40:42,482 [INFO] ApiDb:671 - CubeFinder database FW Pack versions=[FP-ATR-ASTRA1_V2.0.0, FP-SNS-FLIGHT1_V5.1.0, FP-SNS-MOTENV1_V5.1.0, FP-SNS-MOTENVWB1_V1.5.0, FP-SNS-SMARTAG2_V1.2.0, FP-SNS-STBOX1_V2.1.0, STM32Cube_FW_C0_V1.4.0, STM32Cube_FW_F4_V1.28.3, STM32Cube_FW_F7_V1.17.4, STM32Cube_FW_G0_V1.6.3, STM32Cube_FW_G4_V1.6.2, STM32Cube_FW_H5_V1.6.0, STM32Cube_FW_H7RS_V1.3.0, STM32Cube_FW_H7_V1.13.0, STM32Cube_FW_L0_V1.12.2, STM32Cube_FW_L4_V1.18.2, STM32Cube_FW_L5_V1.6.0, STM32Cube_FW_N6_V1.3.0, STM32Cube_FW_U0_V1.3.0, STM32Cube_FW_U3_V1.3.0, STM32Cube_FW_U5_V1.8.0, STM32Cube_FW_WB0_V1.4.0, STM32Cube_FW_WBA_V1.9.0, STM32Cube_FW_WB_V1.24.0, STM32Cube_FW_WL3_V1.4.0, STM32Cube_FW_WL_V1.5.0, X-CUBE-ALGOBUILD_V1.4.0, X-CUBE-ALS_V1.0.2, X-CUBE-AZRTOS-F4_V1.1.0, X-CUBE-AZRTOS-F7_V1.1.0, X-CUBE-AZRTOS-G0_V1.1.0, X-CUBE-AZRTOS-G4_V2.0.0, X-CUBE-AZRTOS-H7RS_V1.1.0, X-CUBE-AZRTOS-H7_V3.4.0, X-CUBE-AZRTOS-L4_V2.0.0, X-CUBE-AZRTOS-L5_V2.0.0, X-CUBE-AZRTOS-WB_V2.0.0, X-CUBE-AZRTOS-WL_V2.0.0, X-CUBE-BLE1_V7.1.0, X-CUBE-BLE2_V3.3.0, X-CUBE-BLEMGR_V4.1.0, X-CUBE-EEPRMA1_V5.2.0, X-CUBE-FREERTOS_V1.5.0, X-CUBE-GNSS1_V6.0.0, X-CUBE-MEMS1_V12.0.0, X-CUBE-NFC4_V3.0.0, X-CUBE-NFC7_V2.0.0, X-CUBE-SFXS2LP1_V4.0.0, X-CUBE-ST67W61_V1.2.0, X-CUBE-SUBG2_V5.0.0, X-CUBE-TOF1_V3.4.3]
2026-05-01 10:40:44,402 [INFO] ApiDb:240 - Found 880 in-development CPN: [B-G473E-ZEST1S, B-WB1M-WPAN1, B-WBA5M-WPAN, B-WL5M-SUBG1, NUCLEO-C031C6, NUCLEO-C051C8, NUCLEO-C071RB, NUCLEO-C092RC, NUCLEO-H503RB, NUCLEO-H533RE, NUCLEO-H563ZI, NUCLEO-H7S3L8, NUCLEO-N657X0-Q, NUCLEO-U031R8, NUCLEO-U083RC, NUCLEO-U385RG-Q, NUCLEO-U545RE-Q, NUCLEO-U5A5ZJ-Q, NUCLEO-WB05KZ, NUCLEO-WB07CC, NUCLEO-WB09KE, NUCLEO-WBA52CG, NUCLEO-WBA55CG, NUCLEO-WL33CC1, NUCLEO-WL33CC2, STEVAL-PROTEUS1, STEVAL-SMARTAG2, STEVAL-STWINBX1, STM320518-EVAL, STM32C0116-DK, STM32C011D6Y3TR, STM32C011D6Y6TR, STM32C011F4P3, STM32C011F4P6, STM32C011F4U3, STM32C011F4U6TR, STM32C011F6P3, STM32C011F6P6, STM32C011F6U3, STM32C011F6U6TR, STM32C011J4M3, STM32C011J4M6, STM32C011J6M3, STM32C011J6M6, STM32C0316-DK, STM32C031C4T3, STM32C031C4T6, STM32C031C4U3, STM32C031C4U6, STM32C031C6T3, STM32C031C6T6, STM32C031C6U3, STM32C031C6U6, STM32C031F4P3, STM32C031F4P6, STM32C031F6P3, STM32C031F6P6, STM32C031G4U3, STM32C031G4U6, STM32C031G6U3, STM32C031G6U6, STM32C031K4T3, STM32C031K4T6, STM32C031K4U3, STM32C031K4U6, STM32C031K6T3, STM32C031K6T6, STM32C031K6U3, STM32C031K6U6, STM32C051C6T6, STM32C051C6U6, STM32C051C8T6, STM32C051C8U6, STM32C051D8Y6TR, STM32C051F6P6, STM32C051F8P6, STM32C051G6U6, STM32C051G8U6, STM32C051K6T6, STM32C051K6U6, STM32C051K8T6, STM32C071C8T6, STM32C071C8T6N, STM32C071C8U6, STM32C071C8U6N, STM32C071CBT6, STM32C071CBT6N, STM32C071CBU6, STM32C071CBU6N, STM32C071F8P6, STM32C071F8P6N, STM32C071FBP6, STM32C071FBP6N, STM32C071FBY6TR, STM32C071G8U6, STM32C071G8U6N, STM32C071GBU6, STM32C071GBU6N, STM32C071K8T6, STM32C071K8T6N, STM32C071K8U6, STM32C071K8U6N, STM32C071KBT6, STM32C071KBT6N, STM32C071KBU6, STM32C071KBU6N, STM32C071R8T6, STM32C071R8T6N, STM32C071RBI6N, STM32C071RBT6, STM32C071RBT6N, STM32C091CBT6, STM32C091CBU6, STM32C091CCT6, STM32C091CCU6, STM32C091ECY6TR, STM32C091FBP6, STM32C091FCP6, STM32C091GBU6, STM32C091GCU6, STM32C091KBT6, STM32C091KBU6, STM32C091KCT6, STM32C091KCU6, STM32C091RBT6, STM32C091RCI6, STM32C091RCT6, STM32C092CBT6, STM32C092CBU6, STM32C092CCT6, STM32C092CCU6, STM32C092ECY6TR, STM32C092FBP6, STM32C092FCP6, STM32C092GBU6, STM32C092GCU6, STM32C092KBT6, STM32C092KBU6, STM32C092KCT6, STM32C092KCU6, STM32C092RBT6, STM32C092RCI6, STM32C092RCT6, STM32G071K8TXN, STM32G071K8UXN, STM32G081GBU6N, STM32G081KBT6N, STM32G081KBUXN, STM32G0B1CCT6N, STM32G0B1KCT6, STM32G0B1NEY6TR, STM32G0B1RCT6N, STM32G0C1CCT6, STM32G0C1CCT6N, STM32G0C1CCU6N, STM32G0C1CET6N, STM32G0C1CEU6N, STM32G0C1KCT6, STM32G0C1NEY6TR, STM32G0C1RCI6N, STM32G0C1RCT6N, STM32G0C1REI6N, STM32G0C1RET6N, STM32G0C1VCI6, STM32G0C1VEI6, STM32G411C6T3, STM32G411C6T6, STM32G411C6U3, STM32G411C6U6, STM32G411C8T3, STM32G411C8T6, STM32G411C8U3, STM32G411C8U6, STM32G411CBT3, STM32G411CBT6, STM32G411CBU3, STM32G411CBU6, STM32G411K6T3, STM32G411K6T6, STM32G411K6U3, STM32G411K6U6, STM32G411K8T3, STM32G411K8T6, STM32G411K8U3, STM32G411K8U6, STM32G411KBT3, STM32G411KBT6, STM32G411KBU3, STM32G411KBU6, STM32G411M6T3, STM32G411M6T6, STM32G411M8T3, STM32G411M8T6, STM32G411MBT3, STM32G411MBT6, STM32G411R6T3, STM32G411R6T6, STM32G411R8T3, STM32G411R8T6, STM32G411RBT3, STM32G411RBT6, STM32G414CBT3, STM32G414CBT6, STM32G414CBU3, STM32G414CBU6, STM32G414CCT3, STM32G414CCT6, STM32G414CCU3, STM32G414CCU6, STM32G414MBT3, STM32G414MBT6, STM32G414MCT3, STM32G414MCT6, STM32G414RBT3, STM32G414RBT6, STM32G414RCT3, STM32G414RCT6, STM32G414VBT3, STM32G414VBT6, STM32G414VCT3, STM32G414VCT6, STM32G431CBT3Z, STM32G431RBT3Z, STM32G471CCT6, STM32G471CCU6, STM32G471CET3, STM32G471CET6, STM32G471CEU3, STM32G471CEU6, STM32G471MCT6, STM32G471MET3, STM32G471MET6, STM32G471MEY6TR, STM32G471QCT6, STM32G471QET3, STM32G471RCT6, STM32G471RET3, STM32G471RET6, STM32G471VCH6, STM32G471VCI6, STM32G471VCT6, STM32G471VEH3, STM32G471VEH6, STM32G471VEI3, STM32G471VEI6, STM32G471VET3, STM32G471VET6, STM32G473QET3Z, STM32G473RET3Z, STM32G474CCT6, STM32G491RET3Z, STM32H503CBT6, STM32H503CBU6, STM32H503EBY6TR, STM32H503KBU6, STM32H503RBT6, STM32H523CCT6, STM32H523CCU6, STM32H523CET6, STM32H523CEU6, STM32H523HEY6TR, STM32H523RCT6, STM32H523RET6, STM32H523VCI6, STM32H523VCT6, STM32H523VEI6, STM32H523VET6, STM32H523ZCJ6, STM32H523ZCT6, STM32H523ZEJ6, STM32H523ZET6, STM32H533CET6, STM32H533CEU6, STM32H533HEY6TR, STM32H533RET6, STM32H533VEI6, STM32H533VET6, STM32H533ZEJ6, STM32H533ZET6, STM32H562AGI6, STM32H562AII6, STM32H562IGK6, STM32H562IGT6, STM32H562IIK6, STM32H562IIT6, STM32H562RGT6, STM32H562RGV6, STM32H562RIT6, STM32H562RIV6, STM32H562VGT6, STM32H562VIT6, STM32H562ZGT6, STM32H562ZIT6, STM32H563AGI6, STM32H563AII3Q, STM32H563AII6, STM32H563IGK6, STM32H563IGT6, STM32H563IIK3Q, STM32H563IIK6, STM32H563IIT3Q, STM32H563IIT6, STM32H563MIY3QTR, STM32H563RGT6, STM32H563RGV6, STM32H563RIT6, STM32H563RIV6, STM32H563VGT6, STM32H563VIT3Q, STM32H563VIT6, STM32H563ZGT6, STM32H563ZIT3Q, STM32H563ZIT6, STM32H573AII3Q, STM32H573AII6, STM32H573I-DK, STM32H573IIK3Q, STM32H573IIK6, STM32H573IIT3Q, STM32H573IIT6, STM32H573MIY3QTR, STM32H573RIT6, STM32H573RIV6, STM32H573VIT3Q, STM32H573VIT6, STM32H573ZIT3Q, STM32H573ZIT6, STM32H7R3A8I6, STM32H7R3I8K6, STM32H7R3I8T6, STM32H7R3L8H6, STM32H7R3L8H6H, STM32H7R3R8V6, STM32H7R3V8H6, STM32H7R3V8T6, STM32H7R3V8Y6TR, STM32H7R3Z8J6, STM32H7R3Z8T6, STM32H7R7A8I6, STM32H7R7I8K6, STM32H7R7I8T6, STM32H7R7L8H6, STM32H7R7L8H6H, STM32H7R7Z8J6, STM32H7S3A8I6, STM32H7S3I8K6, STM32H7S3I8T6, STM32H7S3L8H6, STM32H7S3L8H6H, STM32H7S3R8V6, STM32H7S3V8H6, STM32H7S3V8T6, STM32H7S3V8Y6TR, STM32H7S3Z8J6, STM32H7S3Z8T6, STM32H7S78-DK, STM32H7S7A8I6, STM32H7S7I8K6, STM32H7S7I8T6, STM32H7S7L8H6, STM32H7S7L8H6H, STM32H7S7Z8J6, STM32L4R5QGI6STR, STM32MP131AAE3, STM32MP131AAF3, STM32MP131AAG3, STM32MP131CAE3, STM32MP131CAF3, STM32MP131CAG3, STM32MP131DAE7, STM32MP131DAF7, STM32MP131DAG7, STM32MP131FAE7, STM32MP131FAF7, STM32MP131FAG7, STM32MP133AAE3, STM32MP133AAF3, STM32MP133AAG3, STM32MP133CAE3, STM32MP133CAF3, STM32MP133CAG3, STM32MP133DAE7, STM32MP133DAF7, STM32MP133DAG7, STM32MP133FAE7, STM32MP133FAF7, STM32MP133FAG7, STM32MP135AAE3, STM32MP135AAF3, STM32MP135AAG3, STM32MP135CAE3, STM32MP135CAF3, STM32MP135CAG3, STM32MP135DAE7, STM32MP135DAF7, STM32MP135DAG7, STM32MP135F-DK, STM32MP135FAE7, STM32MP135FAF7, STM32MP135FAF7T, STM32MP135FAF7U, STM32MP135FAG7, STM32MP211AAL3, STM32MP211AAM3, STM32MP211AAN3, STM32MP211AAO3, STM32MP211CAL3, STM32MP211CAM3, STM32MP211CAN3, STM32MP211CAO3, STM32MP211DAL3, STM32MP211DAM3, STM32MP211DAN3, STM32MP211DAO3, STM32MP211FAL3, STM32MP211FAM3, STM32MP211FAN3, STM32MP211FAO3, STM32MP213AAL3, STM32MP213AAM3, STM32MP213AAN3, STM32MP213AAO3, STM32MP213CAL3, STM32MP213CAM3, STM32MP213CAN3, STM32MP213CAO3, STM32MP213DAL3, STM32MP213DAM3, STM32MP213DAN3, STM32MP213DAO3, STM32MP213FAL3, STM32MP213FAM3, STM32MP213FAN3, STM32MP213FAO3, STM32MP215AAL3, STM32MP215AAM3, STM32MP215AAN3, STM32MP215AAO3, STM32MP215CAL3, STM32MP215CAM3, STM32MP215CAN3, STM32MP215CAO3, STM32MP215DAL3, STM32MP215DAM3, STM32MP215DAN3, STM32MP215DAO3, STM32MP215F-DK, STM32MP215FAL3, STM32MP215FAM3, STM32MP215FAN3, STM32MP215FAO3, STM32MP231AAJ3, STM32MP231AAK3, STM32MP231AAL3, STM32MP231CAJ3, STM32MP231CAK3, STM32MP231CAL3, STM32MP231DAJ3, STM32MP231DAK3, STM32MP231DAL3, STM32MP231FAJ3, STM32MP231FAK3, STM32MP231FAL3, STM32MP233AAJ3, STM32MP233AAK3, STM32MP233AAL3, STM32MP233CAJ3, STM32MP233CAK3, STM32MP233CAL3, STM32MP233DAJ3, STM32MP233DAK3, STM32MP233DAL3, STM32MP233FAJ3, STM32MP233FAK3, STM32MP233FAL3, STM32MP235AAJ3, STM32MP235AAK3, STM32MP235AAL3, STM32MP235CAJ3, STM32MP235CAK3, STM32MP235CAL3, STM32MP235DAJ3, STM32MP235DAK3, STM32MP235DAL3, STM32MP235FAJ3, STM32MP235FAK3, STM32MP235FAL3, STM32MP251AAI3, STM32MP251AAK3, STM32MP251AAL3, STM32MP251CAI3, STM32MP251CAK3, STM32MP251CAL3, STM32MP251DAI3, STM32MP251DAK3, STM32MP251DAL3, STM32MP251FAI3, STM32MP251FAK3, STM32MP251FAL3, STM32MP253AAI3, STM32MP253AAK3, STM32MP253AAL3, STM32MP253CAI3, STM32MP253CAK3, STM32MP253CAL3, STM32MP253DAI3, STM32MP253DAK3, STM32MP253DAL3, STM32MP253FAI3, STM32MP253FAK3, STM32MP253FAL3, STM32MP255AAI3, STM32MP255AAK3, STM32MP255AAL3, STM32MP255CAI3, STM32MP255CAK3, STM32MP255CAL3, STM32MP255DAI3, STM32MP255DAK3, STM32MP255DAL3, STM32MP255FAI3, STM32MP255FAK3, STM32MP255FAL3, STM32MP257AAI3, STM32MP257AAK3, STM32MP257AAL3, STM32MP257CAI3, STM32MP257CAK3, STM32MP257CAL3, STM32MP257DAI3, STM32MP257DAK3, STM32MP257DAL3, STM32MP257F-DK, STM32MP257F-EV1, STM32MP257FAI3, STM32MP257FAK3, STM32MP257FAL3, STM32N645A0H3Q, STM32N645B0H3Q, STM32N645I0H3Q, STM32N645L0H3Q, STM32N645X0H3Q, STM32N645Z0H3Q, STM32N647A0H3Q, STM32N647B0H3Q, STM32N647I0H3Q, STM32N647L0H3Q, STM32N647X0H3Q, STM32N647Z0H3Q, STM32N655A0H3Q, STM32N655B0H3Q, STM32N655I0H3Q, STM32N655L0H3Q, STM32N655X0H3Q, STM32N655Z0H3Q, STM32N6570-DK, STM32N657A0H3Q, STM32N657B0H3Q, STM32N657I0H3Q, STM32N657L0H3Q, STM32N657X0H3Q, STM32N657Z0H3Q, STM32U031C6T6, STM32U031C6U6, STM32U031C8T6, STM32U031C8U6, STM32U031F4P6, STM32U031F6P6, STM32U031F8P6, STM32U031G6Y6TR, STM32U031G8Y6TR, STM32U031K4U6, STM32U031K6U6, STM32U031K8U6, STM32U031R6I6, STM32U031R6T6, STM32U031R8I6, STM32U031R8T6, STM32U073C8T6, STM32U073C8U6, STM32U073CBT6, STM32U073CBU6, STM32U073CCT6, STM32U073CCU6, STM32U073H8Y6TR, STM32U073HBY6TR, STM32U073HCY6TR, STM32U073K8U6, STM32U073KBU6, STM32U073KCU6, STM32U073M8I6, STM32U073M8T6, STM32U073MBI6, STM32U073MBT6, STM32U073MCI6, STM32U073MCT6, STM32U073R8I6, STM32U073R8T6, STM32U073RBI6, STM32U073RBT6, STM32U073RCI6, STM32U073RCT6, STM32U083C-DK, STM32U083CCT6, STM32U083CCU6, STM32U083HCY6TR, STM32U083KCU6, STM32U083MCI6, STM32U083MCT6, STM32U083RCI6, STM32U083RCT6, STM32U375CET6, STM32U375CET6Q, STM32U375CEU6, STM32U375CEU6Q, STM32U375CEY6QTR, STM32U375CGT6, STM32U375CGT6Q, STM32U375CGU6, STM32U375CGU6Q, STM32U375CGY6QTR, STM32U375KEU6, STM32U375KGU6, STM32U375REI6, STM32U375REI6Q, STM32U375RET6, STM32U375RET6Q, STM32U375REY6GTR, STM32U375REY6QTR, STM32U375RGI6, STM32U375RGI6Q, STM32U375RGT6, STM32U375RGT6Q, STM32U375RGY6GTR, STM32U375RGY6QTR, STM32U375VEI6, STM32U375VEI6Q, STM32U375VET6, STM32U375VET6Q, STM32U375VGI6, STM32U375VGI6Q, STM32U375VGT6, STM32U375VGT6Q, STM32U385CGT6, STM32U385CGT6Q, STM32U385CGU6, STM32U385CGU6Q, STM32U385CGY6QTR, STM32U385KGU6, STM32U385RGI6, STM32U385RGI6Q, STM32U385RGT6, STM32U385RGT6Q, STM32U385RGY6GTR, STM32U385RGY6QTR, STM32U385VGI6, STM32U385VGI6Q, STM32U385VGT6, STM32U385VGT6Q, STM32U535CBT6, STM32U535CBT6Q, STM32U535CBU6, STM32U535CBU6Q, STM32U535CCT6, STM32U535CCT6Q, STM32U535CCU6, STM32U535CCU6Q, STM32U535CET6, STM32U535CET6Q, STM32U535CEU6, STM32U535CEU6Q, STM32U535JEY6QTR, STM32U535NCY6QTR, STM32U535NEY6QTR, STM32U535RBI6, STM32U535RBI6Q, STM32U535RBT6, STM32U535RBT6Q, STM32U535RCI6, STM32U535RCI6Q, STM32U535RCT6, STM32U535RCT6Q, STM32U535REI6, STM32U535REI6Q, STM32U535RET6, STM32U535RET6Q, STM32U535VCI6, STM32U535VCI6Q, STM32U535VCT6, STM32U535VCT6Q, STM32U535VEI6, STM32U535VEI6Q, STM32U535VET6, STM32U535VET6Q, STM32U545CET6, STM32U545CET6Q, STM32U545CEU6, STM32U545CEU6Q, STM32U545JEY6QTR, STM32U545NEY6QTR, STM32U545REI6, STM32U545REI6Q, STM32U545RET6, STM32U545RET6Q, STM32U545VEI6, STM32U545VEI6Q, STM32U545VET6, STM32U545VET6Q, STM32U595AIH6, STM32U595AIH6Q, STM32U595AJH6, STM32U595AJH6Q, STM32U595QII6, STM32U595QII6Q, STM32U595QJI6, STM32U595QJI6Q, STM32U595RIT6, STM32U595RIT6Q, STM32U595RJT6, STM32U595RJT6Q, STM32U595VIT6, STM32U595VIT6Q, STM32U595VJT6, STM32U595VJT6Q, STM32U595ZIT6, STM32U595ZIT6Q, STM32U595ZIY6QTR, STM32U595ZJT6, STM32U595ZJT6Q, STM32U595ZJY6QTR, STM32U599BJY6QTR, STM32U599NIH6Q, STM32U599NJH6Q, STM32U599VIT6Q, STM32U599VJT6, STM32U599VJT6Q, STM32U599ZIT6Q, STM32U599ZIY6QTR, STM32U599ZJT6Q, STM32U599ZJY6QTR, STM32U5A5AJH6, STM32U5A5AJH6Q, STM32U5A5QII3Q , STM32U5A5QJI6, STM32U5A5QJI6Q, STM32U5A5RJT6, STM32U5A5RJT6Q, STM32U5A5VJT6, STM32U5A5VJT6Q, STM32U5A5ZJT6, STM32U5A5ZJT6Q, STM32U5A5ZJY6QTR, STM32U5A9BJY6QTR, STM32U5A9J-DK, STM32U5A9NJH6Q, STM32U5A9VJT6Q, STM32U5A9ZJT6Q, STM32U5A9ZJY6QTR, STM32U5F7VIT6, STM32U5F7VIT6Q, STM32U5F7VJT6, STM32U5F7VJT6Q, STM32U5F9BJY6QTR, STM32U5F9NJH6Q, STM32U5F9VIT6Q, STM32U5F9VJT6Q, STM32U5F9ZIJ6QTR, STM32U5F9ZIT6Q, STM32U5F9ZJJ6QTR, STM32U5F9ZJT6Q, STM32U5G7VJT6, STM32U5G7VJT6Q, STM32U5G9BJY6QTR, STM32U5G9J-DK1, STM32U5G9J-DK2, STM32U5G9NJH6Q, STM32U5G9VJT6Q, STM32U5G9ZJJ6QTR, STM32U5G9ZJT6Q, STM32WB05KZV6TR, STM32WB05KZV7TR, STM32WB05TZF6TR, STM32WB05TZF7TR, STM32WB06CCF6TR, STM32WB06CCF7TR, STM32WB06CCV6TR, STM32WB06CCV7TR, STM32WB06KCV6TR, STM32WB06KCV7TR, STM32WB07CCF6TR, STM32WB07CCF7TR, STM32WB07CCV6TR, STM32WB07CCV7TR, STM32WB07KCV6TR, STM32WB07KCV7TR, STM32WB09KEV6TR, STM32WB09KEV7TR, STM32WB09TEF6TR, STM32WB09TEF7TR, STM32WB1MMCH6, STM32WBA50KGU6, STM32WBA50KGU6TR, STM32WBA52CEU6, STM32WBA52CEU6TR, STM32WBA52CEU7, STM32WBA52CEU7TR, STM32WBA52CGU6, STM32WBA52CGU6TR, STM32WBA52CGU6U, STM32WBA52CGU7, STM32WBA52CGU7TR, STM32WBA52KEU6, STM32WBA52KEU6TR, STM32WBA52KGU6, STM32WBA52KGU6TR, STM32WBA54CEU6, STM32WBA54CEU6TR, STM32WBA54CEU7, STM32WBA54CEU7TR, STM32WBA54CGU6, STM32WBA54CGU6TR, STM32WBA54CGU7, STM32WBA54CGU7TR, STM32WBA54KEU6, STM32WBA54KEU6TR, STM32WBA54KEU7, STM32WBA54KEU7TR, STM32WBA54KGU6, STM32WBA54KGU6TR, STM32WBA54KGU7, STM32WBA54KGU7TR, STM32WBA55CEU6, STM32WBA55CEU6TR, STM32WBA55CEU7, STM32WBA55CEU7TR, STM32WBA55CGU6, STM32WBA55CGU6TR, STM32WBA55CGU6U, STM32WBA55CGU7, STM32WBA55CGU7TR, STM32WBA55G-DK1, STM32WBA55HEF6, STM32WBA55HEF7, STM32WBA55HGF6, STM32WBA55HGF7, STM32WBA55UEI6, STM32WBA55UEI6TR, STM32WBA55UEI7, STM32WBA55UEI7TR, STM32WBA55UGI6, STM32WBA55UGI6TR, STM32WBA55UGI7, STM32WBA55UGI7TR, STM32WBA5MMGH6TR, STM32WBA62MGF6, STM32WBA62MIF6, STM32WBA65MGF7, STM32WBA65MIF6, STM32WBA65MIF7, STM32WL30K8V6, STM32WL30KBV6, STM32WL31C8V6, STM32WL31CBV6, STM32WL31K8V6, STM32WL31KBV6, STM32WL33C8V6, STM32WL33C8V6X, STM32WL33CBV6, STM32WL33CBV6X, STM32WL33CCV6, STM32WL33CCV6A, STM32WL33CCV6X, STM32WL33K8V7, STM32WL33K8V7X, STM32WL33KBV7 , STM32WL33KBV7X, STM32WL33KCV7, STM32WL33KCV7X, STM32WL5MOCH6, STM32WL5MOCH6TR]
2026-05-01 10:40:44,406 [INFO] DbMcus:218 - Found 5055 MCUs, 4968 are supported
2026-05-01 10:40:44,406 [INFO] ApiDb:423 - Load user favorites file C:\Users\Евгений/.stm32cubeide/favorites.mcus.txt: 0 item(s)
2026-05-01 10:40:44,406 [INFO] ApiDb:427 - User favorites MCUs=[]
2026-05-01 10:40:44,407 [INFO] DbMcus:224 - Set 0 / 0 favorites MCUs
2026-05-01 10:40:45,002 [INFO] BoardInfo:889 - No configuration file found for board NUCLEO-H5E5ZJ
2026-05-01 10:40:45,003 [INFO] DbBoards:161 - Board is not supported: NUCLEO-H5E5ZJ
2026-05-01 10:40:45,092 [INFO] BoardInfo:889 - No configuration file found for board NUCLEO-U3C5ZI-Q
2026-05-01 10:40:45,093 [INFO] DbBoards:161 - Board is not supported: NUCLEO-U3C5ZI-Q
2026-05-01 10:40:45,109 [INFO] BoardInfo:889 - No configuration file found for board NUCLEO-WBA25CE1
2026-05-01 10:40:45,111 [INFO] DbBoards:161 - Board is not supported: NUCLEO-WBA25CE1
2026-05-01 10:40:45,122 [INFO] BoardInfo:889 - No configuration file found for board NUCLEO-WL3RKB1
2026-05-01 10:40:45,123 [INFO] DbBoards:161 - Board is not supported: NUCLEO-WL3RKB1
2026-05-01 10:40:45,124 [INFO] BoardInfo:889 - No configuration file found for board NUCLEO-WL3RKB2
2026-05-01 10:40:45,125 [INFO] DbBoards:161 - Board is not supported: NUCLEO-WL3RKB2
2026-05-01 10:40:45,134 [INFO] BoardInfo:889 - No configuration file found for board P-NUCLEO-WB55
2026-05-01 10:40:45,135 [INFO] DbBoards:161 - Kit is not supported: P-NUCLEO-WB55
2026-05-01 10:40:45,141 [INFO] BoardInfo:889 - No configuration file found for board STEVAL-BFA001V1B
2026-05-01 10:40:45,143 [INFO] DbBoards:161 - Kit is not supported: STEVAL-BFA001V1B
2026-05-01 10:40:45,143 [INFO] BoardInfo:889 - No configuration file found for board STEVAL-BFA001V2B
2026-05-01 10:40:45,145 [INFO] DbBoards:161 - Kit is not supported: STEVAL-BFA001V2B
2026-05-01 10:40:45,268 [INFO] BoardInfo:889 - No configuration file found for board STM32H5F5J-DK
2026-05-01 10:40:45,269 [INFO] DbBoards:161 - Board is not supported: STM32H5F5J-DK
2026-05-01 10:40:45,356 [INFO] DbBoards:168 - Found 218 boards, 209 are supported
2026-05-01 10:40:45,356 [INFO] DbBoards:169 - Found 218 boards, 43 of them is supported for  Bsp
2026-05-01 10:40:45,360 [INFO] ApiDb:423 - Load user favorites file C:\Users\Евгений/.stm32cubeide/favorites.boards.txt: 0 item(s)
2026-05-01 10:40:45,360 [INFO] ApiDb:427 - User favorites Boards=[]
2026-05-01 10:40:45,360 [INFO] DbBoards:198 - Set 0 / 0 favorites Boards
2026-05-01 10:40:45,416 [INFO] UtilMem:75 - End LoadConfig() Used Memory: 1003613616 Bytes (1073741824)
2026-05-01 10:40:45,557 [WARN] ThirdParty:833 - waiting for thirdparty lock release [change project]
2026-05-01 10:40:45,557 [INFO] ThirdParty:835 - entering critical section [change project]
2026-05-01 10:40:45,557 [INFO] ThirdParty:1030 - CMSIS Pack Vendor :STMicroelectronics X-CUBE-AZRTOS-H7 3.5.0
2026-05-01 10:40:45,558 [INFO] ThirdParty:1030 - CMSIS Pack Vendor :STMicroelectronics X-CUBE-PM33A1 1.0.0
2026-05-01 10:40:45,558 [INFO] ThirdParty:1030 - CMSIS Pack Vendor :STMicroelectronics USBPD 4.1
2026-05-01 10:40:45,558 [INFO] ThirdParty:1030 - CMSIS Pack Vendor :STMicroelectronics X-CUBE-GNSS1 6.0.0
2026-05-01 10:40:45,558 [INFO] ThirdParty:1030 - CMSIS Pack Vendor :STMicroelectronics USB_HOST 2.0.0
2026-05-01 10:40:45,558 [INFO] ThirdParty:1030 - CMSIS Pack Vendor :STMicroelectronics FP-SNS-MOTENVWB1 1.4.0
2026-05-01 10:40:45,558 [INFO] ThirdParty:1030 - CMSIS Pack Vendor :STMicroelectronics X-CUBE-AZRTOS-F4 1.1.0
2026-05-01 10:40:45,558 [INFO] ThirdParty:1030 - CMSIS Pack Vendor :STMicroelectronics LIBJPEG 8.0.0
2026-05-01 10:40:45,558 [INFO] ThirdParty:1030 - CMSIS Pack Vendor :STMicroelectronics FP-ATR-ASTRA1 2.0.2
2026-05-01 10:40:45,558 [INFO] ThirdParty:1030 - CMSIS Pack Vendor :Avnet-IotConnect X-CUBE-IoTC-DA16k-PMOD 1.0.0
2026-05-01 10:40:45,558 [INFO] ThirdParty:1030 - CMSIS Pack Vendor :STMicroelectronics X-CUBE-SMBUS 2.1.0
2026-05-01 10:40:45,558 [INFO] ThirdParty:1030 - CMSIS Pack Vendor :STMicroelectronics X-CUBE-ISPU 2.1.0
2026-05-01 10:40:45,558 [INFO] ThirdParty:1030 - CMSIS Pack Vendor :STMicroelectronics X-CUBE-IPS 3.2.0
2026-05-01 10:40:45,558 [INFO] ThirdParty:1030 - CMSIS Pack Vendor :STMicroelectronics eDS-WB_DPC_TT-BIDIR 2.1.1
2026-05-01 10:40:45,558 [INFO] ThirdParty:1030 - CMSIS Pack Vendor :STMicroelectronics X-CUBE-ST60 1.0.0
2026-05-01 10:40:45,558 [INFO] ThirdParty:1030 - CMSIS Pack Vendor :STMicroelectronics X-CUBE-TOUCHGFX 4.23.0
2026-05-01 10:40:45,558 [INFO] ThirdParty:1030 - CMSIS Pack Vendor :STMicroelectronics X-CUBE-NFC12 1.0.0
2026-05-01 10:40:45,558 [INFO] ThirdParty:1030 - CMSIS Pack Vendor :STMicroelectronics X-CUBE-BLEMGR 1.2.0
2026-05-01 10:40:45,558 [INFO] ThirdParty:1030 - CMSIS Pack Vendor :STMicroelectronics X-CUBE-AZRTOS-F7 1.1.0
2026-05-01 10:40:45,558 [INFO] ThirdParty:1030 - CMSIS Pack Vendor :STMicroelectronics X-CUBE-AZRTOS-L5 2.0.0
2026-05-01 10:40:45,558 [INFO] ThirdParty:1030 - CMSIS Pack Vendor :STMicroelectronics USB_DEVICE 2.0.0
2026-05-01 10:40:45,558 [INFO] ThirdParty:1030 - CMSIS Pack Vendor :STMicroelectronics X-CUBE-MEMS1 9.6.0
2026-05-01 10:40:45,558 [INFO] ThirdParty:1030 - CMSIS Pack Vendor :STMicroelectronics X-CUBE-EEPRMA1 4.2.0
2026-05-01 10:40:45,558 [INFO] ThirdParty:1030 - CMSIS Pack Vendor :STMicroelectronics X-CUBE-NFC6 3.1.0
2026-05-01 10:40:45,558 [INFO] ThirdParty:1030 - CMSIS Pack Vendor :ITTIA_DB I-CUBE-ITTIADB 8.8.0
2026-05-01 10:40:45,558 [INFO] ThirdParty:1030 - CMSIS Pack Vendor :STMicroelectronics FP-SNS-MOTENV1 4.3.2
2026-05-01 10:40:45,558 [INFO] ThirdParty:1030 - CMSIS Pack Vendor :STMicroelectronics FP-SNS-MOTENV1 4.3.1
2026-05-01 10:40:45,560 [INFO] ThirdParty:1030 - CMSIS Pack Vendor :STMicroelectronics FP-SNS-FLIGHT1 5.0.1
2026-05-01 10:40:45,560 [INFO] ThirdParty:1030 - CMSIS Pack Vendor :STMicroelectronics X-CUBE-BLE1 6.2.3
2026-05-01 10:40:45,560 [INFO] ThirdParty:1030 - CMSIS Pack Vendor :STMicroelectronics X-CUBE-BLE1 6.2.4
2026-05-01 10:40:45,560 [INFO] ThirdParty:1030 - CMSIS Pack Vendor :STMicroelectronics FP-SNS-MOTENV1 5.1.0
2026-05-01 10:40:45,560 [INFO] ThirdParty:1030 - CMSIS Pack Vendor :STMicroelectronics FreeRTOS 0.0.1
2026-05-01 10:40:45,560 [INFO] ThirdParty:1030 - CMSIS Pack Vendor :emotas I-CUBE-CANOPEN 1.1.3
2026-05-01 10:40:45,560 [INFO] ThirdParty:1030 - CMSIS Pack Vendor :STMicroelectronics X-CUBE-BLEMGR 2.0.0
2026-05-01 10:40:45,560 [INFO] ThirdParty:1030 - CMSIS Pack Vendor :STMicroelectronics eDS-WB_DPC_VIENNA 1.2.0
2026-05-01 10:40:45,560 [INFO] ThirdParty:1030 - CMSIS Pack Vendor :STMicroelectronics FP-SNS-FLIGHT1 5.0.2
2026-05-01 10:40:45,560 [INFO] ThirdParty:1030 - CMSIS Pack Vendor :STMicroelectronics X-CUBE-NFC4 2.0.5
2026-05-01 10:40:45,560 [INFO] ThirdParty:1030 - CMSIS Pack Vendor :STMicroelectronics eDS-WB_DPC_3PH2L-BIDIR 1.1.1
2026-05-01 10:40:45,560 [INFO] ThirdParty:1030 - CMSIS Pack Vendor :STMicroelectronics X-CUBE-NFC4 2.0.4
2026-05-01 10:40:45,560 [INFO] ThirdParty:1030 - CMSIS Pack Vendor :STMicroelectronics X-CUBE-AZRTOS-H7 3.1.0
2026-05-01 10:40:45,560 [INFO] ThirdParty:1030 - CMSIS Pack Vendor :STMicroelectronics PDM2PCM 3.3.0
2026-05-01 10:40:45,560 [INFO] ThirdParty:1030 - CMSIS Pack Vendor :STMicroelectronics X-CUBE-AZRTOS-H7 3.4.0
2026-05-01 10:40:45,560 [INFO] ThirdParty:1030 - CMSIS Pack Vendor :STMicroelectronics X-CUBE-DISPLAY 3.0.0
2026-05-01 10:40:45,560 [INFO] ThirdParty:1030 - CMSIS Pack Vendor :STMicroelectronics X-CUBE-GNSS1 7.1.1
2026-05-01 10:40:45,560 [INFO] ThirdParty:1030 - CMSIS Pack Vendor :STMicroelectronics FP-SNS-MOTENVWB1 1.5.0
2026-05-01 10:40:45,560 [INFO] ThirdParty:1030 - CMSIS Pack Vendor :wolfSSL I-CUBE-wolfSSL 5.5.3
2026-05-01 10:40:45,560 [INFO] ThirdParty:1030 - CMSIS Pack Vendor :STMicroelectronics X-CUBE-BLE1 7.0.0
2026-05-01 10:40:45,560 [INFO] ThirdParty:1030 - CMSIS Pack Vendor :STMicroelectronics X-CUBE-NFC10 1.0.0
2026-05-01 10:40:45,560 [INFO] ThirdParty:1030 - CMSIS Pack Vendor :STMicroelectronics X-CUBE-BLEMGR 4.0.0
2026-05-01 10:40:45,560 [INFO] ThirdParty:1030 - CMSIS Pack Vendor :STMicroelectronics X-CUBE-FREERTOS 1.3.1
2026-05-01 10:40:45,560 [INFO] ThirdParty:1030 - CMSIS Pack Vendor :STMicroelectronics HAL Drivers 0.0.0
2026-05-01 10:40:45,560 [INFO] ThirdParty:1030 - CMSIS Pack Vendor :STMicroelectronics X-CUBE-ST60 1.1.0
2026-05-01 10:40:45,560 [INFO] ThirdParty:1030 - CMSIS Pack Vendor :STMicroelectronics X-CUBE-TOUCHGFX 4.22.0
2026-05-01 10:40:45,560 [INFO] ThirdParty:1030 - CMSIS Pack Vendor :STMicroelectronics X-CUBE-NFC7 1.0.1
2026-05-01 10:40:45,560 [INFO] ThirdParty:1030 - CMSIS Pack Vendor :STMicroelectronics MBEDTLS 2.14.1
2026-05-01 10:40:45,560 [INFO] ThirdParty:1030 - CMSIS Pack Vendor :STMicroelectronics X-CUBE-GNSS1 7.1.0
2026-05-01 10:40:45,560 [INFO] ThirdParty:1030 - CMSIS Pack Vendor :STMicroelectronics X-CUBE-NFC7 1.0.0
2026-05-01 10:40:45,561 [INFO] ThirdParty:1030 - CMSIS Pack Vendor :STMicroelectronics X-CUBE-TOUCHGFX 4.22.1
2026-05-01 10:40:45,561 [INFO] ThirdParty:1030 - CMSIS Pack Vendor :STMicroelectronics X-CUBE-TOUCHGFX 4.26.0
2026-05-01 10:40:45,561 [INFO] ThirdParty:1030 - CMSIS Pack Vendor :STMicroelectronics X-CUBE-NFC6 3.0.0
2026-05-01 10:40:45,561 [INFO] ThirdParty:1030 - CMSIS Pack Vendor :STMicroelectronics X-CUBE-MEMS1 9.3.0
2026-05-01 10:40:45,561 [INFO] ThirdParty:1030 - CMSIS Pack Vendor :STMicroelectronics X-CUBE-TOUCHGFX 4.26.1
2026-05-01 10:40:45,561 [INFO] ThirdParty:1030 - CMSIS Pack Vendor :STMicroelectronics X-CUBE-EEPRMA1 4.1.0
2026-05-01 10:40:45,561 [INFO] ThirdParty:1030 - CMSIS Pack Vendor :quantropi X-CUBE-qispace-sdk-base 2.0.0
2026-05-01 10:40:45,561 [INFO] ThirdParty:1030 - CMSIS Pack Vendor :STMicroelectronics X-CUBE-AI 10.0.0
2026-05-01 10:40:45,561 [INFO] ThirdParty:1030 - CMSIS Pack Vendor :STMicroelectronics FP-SNS-STBOX1 2.1.0
2026-05-01 10:40:45,561 [INFO] ThirdParty:1030 - CMSIS Pack Vendor :STMicroelectronics FP-SNS-STAIOTCFT 1.0.0
2026-05-01 10:40:45,561 [INFO] ThirdParty:1030 - CMSIS Pack Vendor :STMicroelectronics FP-SNS-SMARTAG2 1.2.0
2026-05-01 10:40:45,561 [INFO] ThirdParty:1030 - CMSIS Pack Vendor :STMicroelectronics FP-SNS-FLIGHT1 5.1.0
2026-05-01 10:40:45,561 [INFO] ThirdParty:1030 - CMSIS Pack Vendor :STMicroelectronics X-CUBE-AZRTOS-WL 2.0.0
2026-05-01 10:40:45,561 [INFO] ThirdParty:1030 - CMSIS Pack Vendor :STMicroelectronics X-CUBE-DPower 1.3.0
2026-05-01 10:40:45,561 [INFO] ThirdParty:1030 - CMSIS Pack Vendor :STMicroelectronics FP-SNS-MOTENV1 5.0.0
2026-05-01 10:40:45,561 [INFO] ThirdParty:1030 - CMSIS Pack Vendor :STMicroelectronics USB_DEVICE 1.0.0
2026-05-01 10:40:45,561 [INFO] ThirdParty:1030 - CMSIS Pack Vendor :STMicroelectronics X-CUBE-AZRTOS-H7RS 1.2.0
2026-05-01 10:40:45,561 [INFO] ThirdParty:1030 - CMSIS Pack Vendor :STMicroelectronics X-CUBE-AI 8.1.0
2026-05-01 10:40:45,561 [INFO] ThirdParty:1030 - CMSIS Pack Vendor :STMicroelectronics X-CUBE-AZRTOS-L4 2.0.0
2026-05-01 10:40:45,561 [INFO] ThirdParty:1030 - CMSIS Pack Vendor :STMicroelectronics ThreadX 0.0.2
2026-05-01 10:40:45,561 [INFO] ThirdParty:1030 - CMSIS Pack Vendor :WES I-CUBE-Cesium 1.3.0
2026-05-01 10:40:45,561 [INFO] ThirdParty:1030 - CMSIS Pack Vendor :STMicroelectronics lwIP 2.1.2
2026-05-01 10:40:45,561 [INFO] ThirdParty:1030 - CMSIS Pack Vendor :STMicroelectronics X-CUBE-SFXS2LP1 4.0.0
2026-05-01 10:40:45,561 [INFO] ThirdParty:1030 - CMSIS Pack Vendor :STMicroelectronics X-CUBE-BLE2 3.3.0
2026-05-01 10:40:45,561 [INFO] ThirdParty:1030 - CMSIS Pack Vendor :Avnet-IOTCONNECT X-CUBE-iotc-st67-sdk 1.0.0
2026-05-01 10:40:45,561 [INFO] ThirdParty:1030 - CMSIS Pack Vendor :STMicroelectronics X-CUBE-DISPLAY 2.2.0
2026-05-01 10:40:45,561 [INFO] ThirdParty:1030 - CMSIS Pack Vendor :STMicroelectronics X-CUBE-TOF1 3.2.0
2026-05-01 10:40:45,561 [INFO] ThirdParty:1030 - CMSIS Pack Vendor :STMicroelectronics PDM2PCM 3.2.0
2026-05-01 10:40:45,561 [INFO] ThirdParty:1030 - CMSIS Pack Vendor :STMicroelectronics X-CUBE-AZRTOS-H7 3.0.0
2026-05-01 10:40:45,561 [INFO] ThirdParty:1030 - CMSIS Pack Vendor :STMicroelectronics X-CUBE-WB05N 2.1.0
2026-05-01 10:40:45,561 [INFO] ThirdParty:1030 - CMSIS Pack Vendor :STMicroelectronics X-CUBE-ST67W61 1.2.0
2026-05-01 10:40:45,561 [INFO] ThirdParty:1030 - CMSIS Pack Vendor :STMicroelectronics X-CUBE-ISPU 1.1.0
2026-05-01 10:40:45,561 [INFO] ThirdParty:1030 - CMSIS Pack Vendor :STMicroelectronics X-CUBE-AZRTOS-H7 3.3.0
2026-05-01 10:40:45,561 [INFO] ThirdParty:1030 - CMSIS Pack Vendor :RoweBots I-CUBE-UNISONRTOS 5.5.0-4
2026-05-01 10:40:45,561 [INFO] ThirdParty:1030 - CMSIS Pack Vendor :STMicroelectronics X-CUBE-NFC9 1.0.0
2026-05-01 10:40:45,561 [INFO] ThirdParty:1030 - CMSIS Pack Vendor :STMicroelectronics X-CUBE-AZRTOS-H7 2.1.0
2026-05-01 10:40:45,561 [INFO] ThirdParty:1030 - CMSIS Pack Vendor :STMicroelectronics X-CUBE-BLE1 7.1.0
2026-05-01 10:40:45,561 [INFO] ThirdParty:1030 - CMSIS Pack Vendor :wolfSSL I-CUBE-wolfMQTT 1.19.2
2026-05-01 10:40:45,561 [INFO] ThirdParty:1030 - CMSIS Pack Vendor :STMicroelectronics USB_DEVICE 3.0.0
2026-05-01 10:40:45,561 [INFO] ThirdParty:1030 - CMSIS Pack Vendor :STMicroelectronics X-CUBE-FREERTOS 1.4.0
2026-05-01 10:40:45,561 [INFO] ThirdParty:1030 - CMSIS Pack Vendor :STMicroelectronics X-CUBE-EEPRMA1 5.2.0
2026-05-01 10:40:45,563 [INFO] ThirdParty:1030 - CMSIS Pack Vendor :STMicroelectronics X-CUBE-BLEMGR 4.1.0
2026-05-01 10:40:45,563 [INFO] ThirdParty:1030 - CMSIS Pack Vendor :STMicroelectronics X-CUBE-AI 8.0.0
2026-05-01 10:40:45,563 [INFO] ThirdParty:1030 - CMSIS Pack Vendor :STMicroelectronics X-CUBE-AZRTOS-WB 2.0.0
2026-05-01 10:40:45,563 [INFO] ThirdParty:1030 - CMSIS Pack Vendor :STMicroelectronics X-CUBE-FREERTOS 1.0.1
2026-05-01 10:40:45,563 [INFO] ThirdParty:1030 - CMSIS Pack Vendor :STMicroelectronics X-CUBE-TOUCHGFX 4.21.0
2026-05-01 10:40:45,563 [INFO] ThirdParty:1030 - CMSIS Pack Vendor :STMicroelectronics X-CUBE-GNSS1 7.0.1
2026-05-01 10:40:45,563 [INFO] ThirdParty:1030 - CMSIS Pack Vendor :STMicroelectronics X-CUBE-TOUCHGFX 4.21.3
2026-05-01 10:40:45,563 [INFO] ThirdParty:1030 - CMSIS Pack Vendor :STMicroelectronics X-CUBE-TOUCHGFX 4.21.4
2026-05-01 10:40:45,563 [INFO] ThirdParty:1030 - CMSIS Pack Vendor :STMicroelectronics X-CUBE-TOUCHGFX 4.25.0
2026-05-01 10:40:45,563 [INFO] ThirdParty:1030 - CMSIS Pack Vendor :STMicroelectronics X-CUBE-MEMS1 9.4.0
2026-05-01 10:40:45,563 [INFO] ThirdParty:1030 - CMSIS Pack Vendor :STMicroelectronics X-CUBE-AI 7.3.0
2026-05-01 10:40:45,563 [INFO] ThirdParty:1030 - CMSIS Pack Vendor :STMicroelectronics X-CUBE-ST67W61 1.1.0
2026-05-01 10:40:45,563 [INFO] ThirdParty:1030 - CMSIS Pack Vendor :STMicroelectronics X-CUBE-AI 10.1.0
2026-05-01 10:40:45,563 [INFO] ThirdParty:1030 - CMSIS Pack Vendor :STMicroelectronics FP-SNS-STBOX1 2.0.0
2026-05-01 10:40:45,563 [INFO] ThirdParty:1030 - CMSIS Pack Vendor :STMicroelectronics FP-SNS-STAIOTCFT 1.1.0
2026-05-01 10:40:45,563 [INFO] ThirdParty:1030 - CMSIS Pack Vendor :STMicroelectronics X-CUBE-MEMS1 12.0.0
2026-05-01 10:40:45,563 [INFO] ThirdParty:1030 - CMSIS Pack Vendor :STMicroelectronics X-CUBE-ALGOBUILD 1.3.0
2026-05-01 10:40:45,563 [INFO] ThirdParty:1030 - CMSIS Pack Vendor :STMicroelectronics X-CUBE-STSE01 2.0.0
2026-05-01 10:40:45,563 [INFO] ThirdParty:1030 - CMSIS Pack Vendor :STMicroelectronics X-CUBE-AZRTOS-L5 1.1.0
2026-05-01 10:40:45,563 [INFO] ThirdParty:1030 - CMSIS Pack Vendor :STMicroelectronics X-CUBE-MEMS1 11.2.0
2026-05-01 10:40:45,563 [INFO] ThirdParty:1030 - CMSIS Pack Vendor :STMicroelectronics X-CUBE-AZRTOS-G0 1.1.0
2026-05-01 10:40:45,563 [INFO] ThirdParty:1030 - CMSIS Pack Vendor :STMicroelectronics X-CUBE-AI 8.0.1
2026-05-01 10:40:45,563 [INFO] ThirdParty:1030 - CMSIS Pack Vendor :STMicroelectronics X-CUBE-SAFEA1 1.2.2
2026-05-01 10:40:45,563 [INFO] ThirdParty:1030 - CMSIS Pack Vendor :STMicroelectronics X-CUBE-NFC4 3.0.0
2026-05-01 10:40:45,563 [INFO] ThirdParty:1030 - CMSIS Pack Vendor :STMicroelectronics X-CUBE-SUBG2 5.0.0
2026-05-01 10:40:45,563 [INFO] ThirdParty:1030 - CMSIS Pack Vendor :STMicroelectronics X-CUBE-AZRTOS-H7RS 1.1.0
2026-05-01 10:40:45,563 [INFO] ThirdParty:1030 - CMSIS Pack Vendor :STMicroelectronics STM32_WPAN 1.0.0
2026-05-01 10:40:45,563 [INFO] ThirdParty:1030 - CMSIS Pack Vendor :SEGGER I-CUBE-embOS 1.2.1
2026-05-01 10:40:45,564 [INFO] ThirdParty:1030 - CMSIS Pack Vendor :EmbeddedOffice I-CUBE-FS-RTOS 1.0.1
2026-05-01 10:40:45,564 [INFO] ThirdParty:1030 - CMSIS Pack Vendor :STMicroelectronics lwIP 2.0.3
2026-05-01 10:40:45,564 [INFO] ThirdParty:1030 - CMSIS Pack Vendor :Cesanta I-CUBE-Mongoose 7.13.0
2026-05-01 10:40:45,564 [INFO] ThirdParty:1030 - CMSIS Pack Vendor :STMicroelectronics USB_HOST 1.0.0
2026-05-01 10:40:45,564 [INFO] ThirdParty:1030 - CMSIS Pack Vendor :STMicroelectronics X-CUBE-TOF1 3.3.1
2026-05-01 10:40:45,564 [INFO] ThirdParty:1030 - CMSIS Pack Vendor :STMicroelectronics X-CUBE-AZRTOS-G4 2.0.0
2026-05-01 10:40:45,564 [INFO] ThirdParty:1030 - CMSIS Pack Vendor :STMicroelectronics X-CUBE-WB05N 2.0.0
2026-05-01 10:40:45,564 [INFO] ThirdParty:1030 - CMSIS Pack Vendor :STMicroelectronics PDM2PCM 3.1.0
2026-05-01 10:40:45,564 [INFO] ThirdParty:1030 - CMSIS Pack Vendor :STMicroelectronics X-CUBE-TOF1 3.3.0
2026-05-01 10:40:45,564 [INFO] ThirdParty:1030 - CMSIS Pack Vendor :STMicroelectronics FP-ATR-ASTRA1 1.1.1
2026-05-01 10:40:45,564 [INFO] ThirdParty:1030 - CMSIS Pack Vendor :Infineon AIROC-Wi-Fi-Bluetooth-STM32 1.5.1
2026-05-01 10:40:45,564 [INFO] ThirdParty:1030 - CMSIS Pack Vendor :STMicroelectronics X-CUBE-BLEMGR 3.0.0
2026-05-01 10:40:45,564 [INFO] ThirdParty:1030 - CMSIS Pack Vendor :wolfSSL I-CUBE-wolfTPM 3.8.0
2026-05-01 10:40:45,564 [INFO] ThirdParty:1030 - CMSIS Pack Vendor :STMicroelectronics X-CUBE-BLEMGR 1.3.0
2026-05-01 10:40:45,564 [INFO] ThirdParty:1030 - CMSIS Pack Vendor :wolfSSL I-CUBE-wolfSSH 1.4.20
2026-05-01 10:40:45,564 [INFO] ThirdParty:1030 - CMSIS Pack Vendor :STMicroelectronics FP-SNS-MOTENVWB1 1.3.0
2026-05-01 10:40:45,564 [INFO] ThirdParty:1030 - CMSIS Pack Vendor :STMicroelectronics X-CUBE-NFC7 2.0.0
2026-05-01 10:40:45,564 [INFO] ThirdParty:1030 - CMSIS Pack Vendor :STMicroelectronics X-CUBE-TCPP 4.2.0
2026-05-01 10:40:45,564 [INFO] ThirdParty:1030 - CMSIS Pack Vendor :RealThread X-CUBE-RT-Thread_Nano 4.1.1
2026-05-01 10:40:45,564 [INFO] ThirdParty:1030 - CMSIS Pack Vendor :STMicroelectronics FP-SNS-MOTENVWB1 1.3.1
2026-05-01 10:40:45,564 [INFO] ThirdParty:1030 - CMSIS Pack Vendor :STMicroelectronics FP-ATR-SIGFOX1 3.2.0
2026-05-01 10:40:45,564 [INFO] ThirdParty:1030 - CMSIS Pack Vendor :STMicroelectronics X-CUBE-AZRTOS-G4 1.0.0
2026-05-01 10:40:45,564 [INFO] ThirdParty:1030 - CMSIS Pack Vendor :STMicroelectronics X-CUBE-AZRTOS-L4 1.0.0
2026-05-01 10:40:45,564 [INFO] ThirdParty:1030 - CMSIS Pack Vendor :STMicroelectronics X-CUBE-ISPU 2.0.0
2026-05-01 10:40:45,564 [INFO] ThirdParty:1030 - CMSIS Pack Vendor :STMicroelectronics X-CUBE-EEPRMA1 5.1.0
2026-05-01 10:40:45,564 [INFO] ThirdParty:1030 - CMSIS Pack Vendor :STMicroelectronics X-CUBE-FREERTOS 1.5.0
2026-05-01 10:40:45,564 [INFO] ThirdParty:1030 - CMSIS Pack Vendor :STMicroelectronics MBEDTLS 2.16.2
2026-05-01 10:40:45,564 [INFO] ThirdParty:1030 - CMSIS Pack Vendor :STMicroelectronics X-CUBE-IPS 3.1.0
2026-05-01 10:40:45,564 [INFO] ThirdParty:1030 - CMSIS Pack Vendor :STMicroelectronics X-CUBE-ALS 1.0.2
2026-05-01 10:40:45,564 [INFO] ThirdParty:1030 - CMSIS Pack Vendor :STMicroelectronics X-CUBE-TOUCHGFX 4.20.0
2026-05-01 10:40:45,564 [INFO] ThirdParty:1030 - CMSIS Pack Vendor :STMicroelectronics X-CUBE-MEMS1 10.0.0
2026-05-01 10:40:45,564 [INFO] ThirdParty:1030 - CMSIS Pack Vendor :STMicroelectronics X-CUBE-FREERTOS 1.1.0
2026-05-01 10:40:45,564 [INFO] ThirdParty:1030 - CMSIS Pack Vendor :STMicroelectronics X-CUBE-AZRTOS-WL 1.0.0
2026-05-01 10:40:45,564 [INFO] ThirdParty:1030 - CMSIS Pack Vendor :STMicroelectronics X-CUBE-STSE01 1.0.0
2026-05-01 10:40:45,564 [INFO] ThirdParty:1030 - CMSIS Pack Vendor :portGmbH I-Cube-SoM-uGOAL 1.1.0
2026-05-01 10:40:45,564 [INFO] ThirdParty:1030 - CMSIS Pack Vendor :STMicroelectronics X-CUBE-ALS 1.0.1
2026-05-01 10:40:45,564 [INFO] ThirdParty:1030 - CMSIS Pack Vendor :STMicroelectronics X-CUBE-NFC6 3.2.0
2026-05-01 10:40:45,564 [INFO] ThirdParty:1030 - CMSIS Pack Vendor :STMicroelectronics X-CUBE-MEMS1 9.5.0
2026-05-01 10:40:45,564 [INFO] ThirdParty:1030 - CMSIS Pack Vendor :STMicroelectronics X-CUBE-ST67W61 1.0.0
2026-05-01 10:40:45,564 [INFO] ThirdParty:1030 - CMSIS Pack Vendor :STMicroelectronics X-CUBE-AI 10.2.0
2026-05-01 10:40:45,564 [INFO] ThirdParty:1030 - CMSIS Pack Vendor :STMicroelectronics ThreadX 1.0.0
2026-05-01 10:40:45,565 [INFO] ThirdParty:1030 - CMSIS Pack Vendor :STMicroelectronics X-CUBE-MEMS1 12.1.0
2026-05-01 10:40:45,565 [INFO] ThirdParty:1030 - CMSIS Pack Vendor :STMicroelectronics X-CUBE-AZRTOS-WB 1.1.0
2026-05-01 10:40:45,565 [INFO] ThirdParty:1030 - CMSIS Pack Vendor :SEGGER I-CUBE-embOS 1.3.1
2026-05-01 10:40:45,565 [INFO] ThirdParty:1030 - CMSIS Pack Vendor :STMicroelectronics X-CUBE-ALGOBUILD 1.4.0
2026-05-01 10:40:45,565 [INFO] ThirdParty:1030 - CMSIS Pack Vendor :STMicroelectronics X-CUBE-MEMS1 11.3.0
2026-05-01 10:40:45,565 [INFO] ThirdParty:1030 - CMSIS Pack Vendor :STMicroelectronics X-CUBE-AZRTOS-L5 1.0.0
2026-05-01 10:40:45,565 [INFO] ThirdParty:1030 - CMSIS Pack Vendor :STMicroelectronics X-CUBE-EEPRMA1 3.1.1
2026-05-01 10:40:45,565 [INFO] ThirdParty:1030 - CMSIS Pack Vendor :STMicroelectronics FP-ATR-ASTRA1 2.0.0
2026-05-01 10:40:45,565 [INFO] ThirdParty:1030 - CMSIS Pack Vendor :STMicroelectronics X-CUBE-TOF1 3.4.3
2026-05-01 10:40:45,565 [INFO] ThirdParty:1030 - CMSIS Pack Vendor :STMicroelectronics X-CUBE-TOF1 3.4.0
2026-05-01 10:40:45,565 [INFO] ThirdParty:1030 - CMSIS Pack Vendor :STMicroelectronics X-CUBE-AZRTOS-H7 3.2.0
2026-05-01 10:40:45,566 [INFO] ThirdParty:841 - exiting critical section [change project]
2026-05-01 10:40:45,812 [INFO] PinOutPanel:1589 - setPackage(No Configuration,No Configuration)
2026-05-01 10:40:45,813 [INFO] PinOutPanel:1589 - setPackage(STM32F030C8Tx,LQFP48)
2026-05-01 10:40:46,308 [INFO] UtilMem:75 - Before build in PCC Used Memory: 866444800 Bytes (1073741824)
2026-05-01 10:40:46,907 [INFO] UtilMem:75 - After build in PCC Used Memory: 936328312 Bytes (1073741824)
2026-05-01 10:40:46,931 [INFO] IPUIPlugin:80 - create IPUIPlugin
2026-05-01 10:40:46,931 [INFO] IPUIPlugin:80 - create IPUIPlugin
2026-05-01 10:40:46,931 [INFO] IPUIPlugin:80 - create IPUIPlugin
2026-05-01 10:40:46,931 [INFO] IPUIPlugin:80 - create IPUIPlugin
2026-05-01 10:40:46,932 [INFO] IPUIPlugin:80 - create IPUIPlugin
2026-05-01 10:40:46,932 [INFO] IPUIPlugin:80 - create IPUIPlugin
2026-05-01 10:40:46,932 [INFO] IPUIPlugin:80 - create IPUIPlugin
2026-05-01 10:40:46,932 [INFO] IPUIPlugin:80 - create IPUIPlugin
2026-05-01 10:40:46,932 [INFO] IPUIPlugin:80 - create IPUIPlugin
2026-05-01 10:40:46,932 [INFO] IPUIPlugin:80 - create IPUIPlugin
2026-05-01 10:40:46,932 [INFO] IPUIPlugin:80 - create IPUIPlugin
2026-05-01 10:40:46,932 [INFO] IPUIPlugin:80 - create IPUIPlugin
2026-05-01 10:40:46,932 [INFO] IPUIPlugin:80 - create IPUIPlugin
2026-05-01 10:40:46,933 [INFO] IPUIPlugin:80 - create IPUIPlugin
2026-05-01 10:40:46,933 [INFO] IPUIPlugin:80 - create IPUIPlugin
2026-05-01 10:40:46,933 [INFO] IPUIPlugin:80 - create IPUIPlugin
2026-05-01 10:40:46,933 [INFO] IPUIPlugin:80 - create IPUIPlugin
2026-05-01 10:40:46,933 [INFO] IPUIPlugin:80 - create IPUIPlugin
2026-05-01 10:40:46,933 [INFO] IPUIPlugin:80 - create IPUIPlugin
2026-05-01 10:40:46,933 [INFO] IPUIPlugin:80 - create IPUIPlugin
2026-05-01 10:40:46,934 [INFO] IPUIPlugin:80 - create IPUIPlugin
2026-05-01 10:40:46,934 [INFO] IPUIPlugin:80 - create IPUIPlugin
2026-05-01 10:40:46,934 [INFO] IPUIPlugin:80 - create IPUIPlugin
2026-05-01 10:40:46,934 [INFO] IPUIPlugin:80 - create IPUIPlugin
2026-05-01 10:40:46,934 [INFO] IPUIPlugin:80 - create IPUIPlugin
2026-05-01 10:40:46,935 [INFO] IPUIPlugin:80 - create IPUIPlugin
2026-05-01 10:40:47,123 [INFO] CADModel:165 - CPN selected for project levelSTM32F030C8T6
2026-05-01 10:40:47,123 [INFO] CADModel:114 - Register for checkConnection events
2026-05-01 10:40:47,180 [INFO] OpenFileManager:386 - Restore cursor
2026-05-01 10:41:15,701 [INFO] NvicIntPanel:101 - NVIC parent = com.st.microxplorer.plugins.ip.nvic.MultiNvicIntPanel[,0,0,0x0,invalid,layout=javax.swing.BoxLayout,alignmentX=0.0,alignmentY=0.0,border=,flags=9,maximumSize=,minimumSize=,preferredSize=]
2026-05-01 10:41:19,724 [INFO] NvicIntPanel:101 - NVIC parent = com.st.microxplorer.plugins.ip.nvic.MultiNvicIntPanel[,0,0,0x0,invalid,layout=javax.swing.BoxLayout,alignmentX=0.0,alignmentY=0.0,border=,flags=9,maximumSize=,minimumSize=,preferredSize=]
2026-05-01 10:41:57,752 [INFO] NvicIntPanel:101 - NVIC parent = com.st.microxplorer.plugins.ip.nvic.MultiNvicIntPanel[,0,0,0x0,invalid,layout=javax.swing.BoxLayout,alignmentX=0.0,alignmentY=0.0,border=,flags=9,maximumSize=,minimumSize=,preferredSize=]
2026-05-01 10:42:33,690 [INFO] NvicIntPanel:101 - NVIC parent = com.st.microxplorer.plugins.ip.nvic.MultiNvicIntPanel[,0,0,0x0,invalid,layout=javax.swing.BoxLayout,alignmentX=0.0,alignmentY=0.0,border=,flags=9,maximumSize=,minimumSize=,preferredSize=]
2026-05-01 10:42:39,523 [INFO] UtilMem:75 - End SaveConfig() Used Memory: 719734656 Bytes (1073741824)
2026-05-01 10:42:40,489 [INFO] UtilMem:75 - End SaveConfig() Used Memory: 732687912 Bytes (1073741824)
2026-05-01 10:42:42,553 [INFO] UtilMem:75 - End SaveConfig() Used Memory: 763871008 Bytes (1073741824)
2026-05-01 10:42:42,977 [INFO] BlockDiagram:2775 - set Specific Code input for plugin: SPI
2026-05-01 10:42:42,977 [INFO] BlockDiagram:2775 - set Specific Code input for plugin: NVIC
2026-05-01 10:42:42,977 [INFO] BlockDiagram:2775 - set Specific Code input for plugin: SYS
2026-05-01 10:42:42,977 [INFO] BlockDiagram:2775 - set Specific Code input for plugin: GPIO
2026-05-01 10:42:42,977 [INFO] BlockDiagram:2775 - set Specific Code input for plugin: RCC
2026-05-01 10:42:42,979 [INFO] CodeGenerator:892 - code generatio: config db path: C:\ST\STM32CubeIDE_1.13.0\STM32CubeIDE\plugins\com.st.stm32cube.common.mx_6.15.0.202507011659\\db\
2026-05-01 10:42:43,091 [INFO] CodeEngine:265 - oldGeneratedFile, C:\STM32\SausageMixer\Keyboard\MXTmpFiles\license.tmp_save
2026-05-01 10:42:43,377 [INFO] CodeEngine:289 - Generated code: C:\STM32\SausageMixer\Keyboard\MXTmpFiles\license.tmp
2026-05-01 10:42:43,576 [INFO] CodeEngine:265 - oldGeneratedFile, C:\STM32\SausageMixer\Keyboard\MXTmpFiles\gpio.tmp_save
2026-05-01 10:42:43,763 [INFO] CodeEngine:289 - Generated code: C:\STM32\SausageMixer\Keyboard\MXTmpFiles\gpio.tmp
2026-05-01 10:42:44,019 [INFO] CodeEngine:265 - oldGeneratedFile, C:\STM32\SausageMixer\Keyboard\Core\Src\stm32f0xx_it.c_save
2026-05-01 10:42:44,116 [INFO] CodeEngine:289 - Generated code: C:\STM32\SausageMixer\Keyboard\Core\Src\stm32f0xx_it.c
2026-05-01 10:42:44,124 [INFO] CodeEngine:265 - oldGeneratedFile, C:\STM32\SausageMixer\Keyboard\Core\Inc\stm32f0xx_it.h_save
2026-05-01 10:42:44,189 [INFO] CodeEngine:289 - Generated code: C:\STM32\SausageMixer\Keyboard\Core\Inc\stm32f0xx_it.h
2026-05-01 10:42:44,205 [INFO] CodeEngine:265 - oldGeneratedFile, C:\STM32\SausageMixer\Keyboard\Core\Src\stm32f0xx_hal_msp.c_save
2026-05-01 10:42:44,318 [INFO] CodeEngine:289 - Generated code: C:\STM32\SausageMixer\Keyboard\Core\Src\stm32f0xx_hal_msp.c
2026-05-01 10:42:44,324 [INFO] CodeEngine:265 - oldGeneratedFile, C:\STM32\SausageMixer\Keyboard\MXTmpFiles\system.tmp_save
2026-05-01 10:42:44,383 [INFO] CodeEngine:289 - Generated code: C:\STM32\SausageMixer\Keyboard\MXTmpFiles\system.tmp
2026-05-01 10:42:44,397 [INFO] CodeEngine:321 - oldGeneratedFile, C:\STM32\SausageMixer\Keyboard\Core\Inc\stm32f0xx_hal_conf.h_save
2026-05-01 10:42:44,465 [INFO] CodeEngine:345 - Generated code: C:\STM32\SausageMixer\Keyboard\Core\Inc\stm32f0xx_hal_conf.h
2026-05-01 10:42:44,501 [INFO] ApiDbMcu:532 - Load IP Config File for SPI1
2026-05-01 10:42:44,506 [INFO] ApiDbMcu:532 - Load IP Config File for RCC
2026-05-01 10:42:44,519 [INFO] CodeEngine:265 - oldGeneratedFile, C:\STM32\SausageMixer\Keyboard\Core\Inc\main.h_save
2026-05-01 10:42:44,595 [INFO] CodeEngine:289 - Generated code: C:\STM32\SausageMixer\Keyboard\Core\Inc\main.h
2026-05-01 10:42:44,602 [INFO] CodeEngine:265 - oldGeneratedFile, C:\STM32\SausageMixer\Keyboard\Core\Src\main.c_save
2026-05-01 10:42:44,726 [INFO] CodeEngine:289 - Generated code: C:\STM32\SausageMixer\Keyboard\Core\Src\main.c
2026-05-01 10:42:45,222 [INFO] ProjectBuilder:3606 - Time for Copy HAL[1] : 214mS.
2026-05-01 10:42:45,228 [INFO] ProjectBuilder:5216 - Project Generator version: 4.7.0-B52
2026-05-01 10:42:45,311 [INFO] ConfigFileManager:1595 - The Die is : DIE440
2026-05-01 10:42:45,319 [INFO] ApiDbMcu:532 - Load IP Config File for FATFS
2026-05-01 10:42:45,337 [INFO] ApiDbMcu:532 - Load IP Config File for FREERTOS
2026-05-01 10:42:45,624 [INFO] LogOutputStream:77 - [STDOUT_REDIRECT] 
2026-05-01 10:42:46,401 [INFO] ProjectBuilder:5496 - Time for Generating toolchain IDE Files: 1173mS.
2026-05-01 10:42:46,402 [INFO] ProjectBuilder:3463 - Time for Copy CMSIS : 1mS.
2026-05-01 10:42:46,405 [INFO] ProjectBuilder:3463 - Time for Copy CMSIS : 0mS.
2026-05-01 10:44:59,694 [INFO] MainUpdater:2872 - connection check result : 10
2026-05-01 10:44:59,694 [INFO] MainUpdater:2872 - connection check result : 10
2026-05-01 10:44:59,702 [INFO] MicroXplorer:468 - Change Database Path : 
2026-05-01 10:44:59,702 [INFO] MicroXplorer:498 - Change Database Version : DB.6.0.150
2026-05-01 10:44:59,711 [ERROR] ProjectManagerView:395 - 
java.lang.NullPointerException: Cannot invoke "javax.swing.JTextField.getText()" because the return value of "java.util.List.get(int)" is null
	at com.st.microxplorer.plugins.projectmanager.gui.ProjectChoiceTab$9.caretUpdate(ProjectChoiceTab.java:2706) ~[filemanager.jar:?]
	at javax.swing.text.JTextComponent.fireCaretUpdate(JTextComponent.java:408) ~[?:?]
	at javax.swing.text.JTextComponent$MutableCaretEvent.fire(JTextComponent.java:4484) ~[?:?]
	at javax.swing.text.JTextComponent$MutableCaretEvent.stateChanged(JTextComponent.java:4506) ~[?:?]
	at javax.swing.text.DefaultCaret.fireStateChanged(DefaultCaret.java:857) ~[?:?]
	at javax.swing.text.DefaultCaret.changeCaretPosition(DefaultCaret.java:1343) ~[?:?]
	at javax.swing.text.DefaultCaret.handleSetDot(DefaultCaret.java:1242) ~[?:?]
	at javax.swing.text.DefaultCaret.setDot(DefaultCaret.java:1223) ~[?:?]
	at javax.swing.text.DefaultCaret$Handler.insertUpdate(DefaultCaret.java:1819) ~[?:?]
	at javax.swing.text.AbstractDocument.fireInsertUpdate(AbstractDocument.java:227) ~[?:?]
	at javax.swing.text.AbstractDocument.handleInsertString(AbstractDocument.java:781) ~[?:?]
	at javax.swing.text.AbstractDocument.insertString(AbstractDocument.java:740) ~[?:?]
	at javax.swing.text.PlainDocument.insertString(PlainDocument.java:131) ~[?:?]
	at javax.swing.text.AbstractDocument.replace(AbstractDocument.java:699) ~[?:?]
	at javax.swing.text.JTextComponent.setText(JTextComponent.java:1725) ~[?:?]
	at com.st.microxplorer.plugins.projectmanager.gui.ProjectChoiceTab.createHeapStackFields(ProjectChoiceTab.java:993) ~[filemanager.jar:?]
	at com.st.microxplorer.plugins.projectmanager.gui.ProjectChoiceTab.buildLinkSettingsPanel(ProjectChoiceTab.java:3813) ~[filemanager.jar:?]
	at com.st.microxplorer.plugins.projectmanager.gui.ProjectChoiceTab.defineWindowsFields(ProjectChoiceTab.java:1987) ~[filemanager.jar:?]
	at com.st.microxplorer.plugins.projectmanager.gui.ProjectChoiceTab.updateSettings(ProjectChoiceTab.java:558) ~[filemanager.jar:?]
	at com.st.microxplorer.plugins.projectmanager.gui.ProjectSettingsPanel.UpdateDialog(ProjectSettingsPanel.java:247) ~[filemanager.jar:?]
	at com.st.microxplorer.plugins.projectmanager.ProjectManagerView.propertyChange(ProjectManagerView.java:392) ~[filemanager.jar:?]
	at java.beans.PropertyChangeSupport.fire(PropertyChangeSupport.java:343) ~[?:?]
	at java.beans.PropertyChangeSupport.firePropertyChange(PropertyChangeSupport.java:335) ~[?:?]
	at java.beans.PropertyChangeSupport.firePropertyChange(PropertyChangeSupport.java:268) ~[?:?]
	at com.st.microxplorer.util.MXPropertyChangeSupport.firePropertyChange(MXPropertyChangeSupport.java:54) ~[STM32CubeMX.jar:?]
	at com.st.microxplorer.mxsystem.MxSystem.closeConfig(MxSystem.java:899) ~[STM32CubeMX.jar:?]
	at com.st.microxplorer.maingui.MainPanel.closeConfig(MainPanel.java:792) ~[STM32CubeMX.jar:?]
	at com.st.microxplorer.plugins.filemanager.engine.OpenFileManager.loadConfigurationFile(OpenFileManager.java:288) ~[filemanager.jar:?]
	at com.st.microxplorer.plugins.filemanager.engine.MainFileManager.userLoadConfig(MainFileManager.java:364) ~[filemanager.jar:?]
	at com.st.microxplorer.plugins.filemanager.engine.MainFileManager.userLoadConfig(MainFileManager.java:342) ~[filemanager.jar:?]
	at com.st.microxplorer.plugins.filemanager.FileManagerView.getSpecificTask(FileManagerView.java:264) ~[filemanager.jar:?]
	at com.st.stm32cube.common.mx.editor.CubeMxEditor.getMxTabbedPaneInstance(CubeMxEditor.java:1198) ~[com.st.stm32cube.common.mx_6.15.0.202507011659/:?]
	at com.st.stm32cube.common.mx.editor.CubeMxEditor$12$1.createSwingComponent(CubeMxEditor.java:1068) ~[com.st.stm32cube.common.mx_6.15.0.202507011659/:?]
	at com.st.stm32cube.common.mx.oss.core.awtswtbridge.EmbeddedSwingComposite.doComponentCreation(EmbeddedSwingComposite.java:492) ~[com.st.stm32cube.common.mx.oss_6.15.0.202507011659/:?]
	at com.st.stm32cube.common.mx.oss.core.awtswtbridge.EmbeddedSwingComposite$4.run(EmbeddedSwingComposite.java:291) ~[com.st.stm32cube.common.mx.oss_6.15.0.202507011659/:?]
	at com.st.stm32cube.common.mx.oss.core.awtswtbridge.AwtEnvironment$2.run(AwtEnvironment.java:166) ~[com.st.stm32cube.common.mx.oss_6.15.0.202507011659/:?]
	at java.awt.event.InvocationEvent.dispatch(InvocationEvent.java:318) ~[?:?]
	at java.awt.EventQueue.dispatchEventImpl(EventQueue.java:773) ~[?:?]
	at java.awt.EventQueue$4.run(EventQueue.java:720) ~[?:?]
	at java.awt.EventQueue$4.run(EventQueue.java:714) ~[?:?]
	at java.security.AccessController.doPrivileged(AccessController.java:400) ~[?:?]
	at java.security.ProtectionDomain$JavaSecurityAccessImpl.doIntersectionPrivilege(ProtectionDomain.java:87) ~[?:?]
	at java.awt.EventQueue.dispatchEvent(EventQueue.java:742) ~[?:?]
	at java.awt.EventDispatchThread.pumpOneEventForFilters(EventDispatchThread.java:203) ~[?:?]
	at java.awt.EventDispatchThread.pumpEventsForFilter(EventDispatchThread.java:124) ~[?:?]
	at java.awt.EventDispatchThread.pumpEventsForHierarchy(EventDispatchThread.java:113) ~[?:?]
	at java.awt.EventDispatchThread.pumpEvents(EventDispatchThread.java:109) ~[?:?]
	at java.awt.EventDispatchThread.pumpEvents(EventDispatchThread.java:101) ~[?:?]
	at java.awt.EventDispatchThread.run(EventDispatchThread.java:90) ~[?:?]
2026-05-01 10:44:59,718 [WARN] ThirdParty:871 - waiting for thirdparty lock release [close project]
2026-05-01 10:44:59,718 [INFO] ThirdParty:873 - entering critical section [close project]
2026-05-01 10:44:59,718 [INFO] ThirdParty:883 - exiting critical section [close project]
2026-05-01 10:44:59,719 [INFO] PinOutPanel:1589 - setPackage(No Configuration,No Configuration)
2026-05-01 10:44:59,726 [INFO] UtilMem:75 - Begin LoadConfig() Used Memory: 1011259904 Bytes (1073741824)
2026-05-01 10:44:59,728 [INFO] MicroXplorer:468 - Change Database Path : 
2026-05-01 10:44:59,728 [INFO] MicroXplorer:498 - Change Database Version : DB.6.0.150
2026-05-01 10:44:59,728 [INFO] OpenFileManager:355 - Change cursor
2026-05-01 10:44:59,750 [INFO] RulesReader:64 - Compatibility file has been processed (317 Rules)
2026-05-01 10:44:59,756 [INFO] Mcu:2029 - Initializing MCU STM32F103C(8-B)Tx STM32F103C8Tx STM32F103C8T6
2026-05-01 10:45:00,291 [INFO] Context:786 - Trying to add GPIOservice into a context  which must be forbidden
2026-05-01 10:45:00,475 [INFO] ImportTextPane:234 - (OptionalMessage_ERROR) Pin34 (VP_RIF_VS_RIF1) cannot be retrieved for this MCU
2026-05-01 10:45:00,592 [INFO] RtosManager:558 - Registered RTOS mode: class=CMSIS, group=RTOS, mode=CMSIS_V1, owner=FREERTOS
2026-05-01 10:45:00,592 [INFO] RtosManager:558 - Registered RTOS mode: class=CMSIS, group=RTOS2, mode=CMSIS_V2, owner=FREERTOS
2026-05-01 10:45:00,592 [INFO] RtosManager:558 - Registered RTOS mode: class=RTOS, group=Core, mode=CMSIS_V1, owner=FREERTOS
2026-05-01 10:45:00,592 [INFO] RtosManager:558 - Registered RTOS mode: class=RTOS, group=Core, mode=CMSIS_V2, owner=FREERTOS
2026-05-01 10:45:00,592 [WARN] ModelIntegratedComponent:184 - Missing modes for component STMicroelectronics:FreeRTOS:0.0.1:STMicroelectronics:RTOS:FreeRTOS:Core:::10.2.0:
2026-05-01 10:45:00,596 [WARN] ModelIntegratedComponent:63 - No mode defined for component null
2026-05-01 10:45:00,597 [WARN] ModelIntegratedComponent:63 - No mode defined for component null
2026-05-01 10:45:00,597 [WARN] ModelIntegratedComponent:63 - No mode defined for component null
2026-05-01 10:45:00,597 [WARN] ModelIntegratedComponent:63 - No mode defined for component null
2026-05-01 10:45:00,597 [WARN] ModelIntegratedComponent:63 - No mode defined for component null
2026-05-01 10:45:00,597 [WARN] ModelIntegratedComponent:63 - No mode defined for component null
2026-05-01 10:45:00,597 [WARN] ModelIntegratedComponent:63 - No mode defined for component null
2026-05-01 10:45:00,597 [WARN] ModelIntegratedComponent:63 - No mode defined for component null
2026-05-01 10:45:00,597 [WARN] ModelIntegratedComponent:63 - No mode defined for component null
2026-05-01 10:45:00,597 [WARN] ModelIntegratedComponent:63 - No mode defined for component null
2026-05-01 10:45:00,597 [WARN] ModelIntegratedComponent:63 - No mode defined for component null
2026-05-01 10:45:00,597 [WARN] ModelIntegratedComponent:63 - No mode defined for component null
2026-05-01 10:45:00,597 [WARN] ModelIntegratedComponent:63 - No mode defined for component null
2026-05-01 10:45:00,597 [WARN] ModelIntegratedComponent:63 - No mode defined for component null
2026-05-01 10:45:00,597 [WARN] ModelIntegratedComponent:63 - No mode defined for component null
2026-05-01 10:45:00,597 [WARN] ModelIntegratedComponent:63 - No mode defined for component null
2026-05-01 10:45:00,597 [WARN] ModelIntegratedComponent:63 - No mode defined for component null
2026-05-01 10:45:00,597 [WARN] ModelIntegratedComponent:63 - No mode defined for component null
2026-05-01 10:45:00,597 [WARN] ModelIntegratedComponent:63 - No mode defined for component null
2026-05-01 10:45:00,597 [WARN] ModelIntegratedComponent:63 - No mode defined for component null
2026-05-01 10:45:00,597 [WARN] ModelIntegratedComponent:63 - No mode defined for component null
2026-05-01 10:45:00,597 [WARN] ModelIntegratedComponent:63 - No mode defined for component null
2026-05-01 10:45:00,597 [WARN] ModelIntegratedComponent:63 - No mode defined for component null
2026-05-01 10:45:00,597 [WARN] ModelIntegratedComponent:63 - No mode defined for component null
2026-05-01 10:45:00,597 [WARN] ModelIntegratedComponent:63 - No mode defined for component null
2026-05-01 10:45:00,597 [WARN] ModelIntegratedComponent:63 - No mode defined for component null
2026-05-01 10:45:00,597 [WARN] ModelIntegratedComponent:63 - No mode defined for component null
2026-05-01 10:45:00,597 [WARN] ModelIntegratedComponent:63 - No mode defined for component null
2026-05-01 10:45:00,597 [WARN] ModelIntegratedComponent:63 - No mode defined for component null
2026-05-01 10:45:00,597 [WARN] ModelIntegratedComponent:63 - No mode defined for component null
2026-05-01 10:45:00,597 [WARN] ModelIntegratedComponent:63 - No mode defined for component null
2026-05-01 10:45:00,597 [WARN] ModelIntegratedComponent:63 - No mode defined for component null
2026-05-01 10:45:00,597 [WARN] ModelIntegratedComponent:63 - No mode defined for component null
2026-05-01 10:45:00,597 [WARN] ModelIntegratedComponent:63 - No mode defined for component null
2026-05-01 10:45:00,597 [WARN] ModelIntegratedComponent:63 - No mode defined for component null
2026-05-01 10:45:00,597 [WARN] ModelPack:524 - Component already loaded: STMicroelectronics:HAL Drivers:0.0.0:STMicroelectronics:Device:STMicro_Driver:XSPI:HAL::0.0.1:HAL_XSPI
2026-05-01 10:45:00,984 [INFO] ThirdPartyModel:298 - Start build external matchings
2026-05-01 10:45:05,672 [INFO] ThirdPartyModel:316 - End build external matchings
2026-05-01 10:45:05,877 [INFO] ImportTextPane:234 - (OptionalMessage_ERROR) IP (RCC) : Parameter (ADCFreqValue) has invalid value (24000000)
2026-05-01 10:45:05,878 [INFO] ImportTextPane:234 - (OptionalMessage_ERROR) IP (RCC) : Invalid parameter (FamilyName)
2026-05-01 10:45:05,993 [INFO] UtilMem:75 - End LoadConfig() Used Memory: 888399840 Bytes (1073741824)
2026-05-01 10:45:06,094 [WARN] ThirdParty:833 - waiting for thirdparty lock release [change project]
2026-05-01 10:45:06,094 [INFO] ThirdParty:835 - entering critical section [change project]
2026-05-01 10:45:06,094 [INFO] ThirdParty:1030 - CMSIS Pack Vendor :STMicroelectronics X-CUBE-AZRTOS-H7 3.5.0
2026-05-01 10:45:06,094 [INFO] ThirdParty:1030 - CMSIS Pack Vendor :STMicroelectronics X-CUBE-PM33A1 1.0.0
2026-05-01 10:45:06,094 [INFO] ThirdParty:1030 - CMSIS Pack Vendor :STMicroelectronics USBPD 4.1
2026-05-01 10:45:06,094 [INFO] ThirdParty:1030 - CMSIS Pack Vendor :STMicroelectronics X-CUBE-GNSS1 6.0.0
2026-05-01 10:45:06,094 [INFO] ThirdParty:1030 - CMSIS Pack Vendor :STMicroelectronics USB_HOST 2.0.0
2026-05-01 10:45:06,094 [INFO] ThirdParty:1030 - CMSIS Pack Vendor :STMicroelectronics FP-SNS-MOTENVWB1 1.4.0
2026-05-01 10:45:06,094 [INFO] ThirdParty:1030 - CMSIS Pack Vendor :STMicroelectronics X-CUBE-AZRTOS-F4 1.1.0
2026-05-01 10:45:06,094 [INFO] ThirdParty:1030 - CMSIS Pack Vendor :STMicroelectronics LIBJPEG 8.0.0
2026-05-01 10:45:06,094 [INFO] ThirdParty:1030 - CMSIS Pack Vendor :STMicroelectronics FP-ATR-ASTRA1 2.0.2
2026-05-01 10:45:06,094 [INFO] ThirdParty:1030 - CMSIS Pack Vendor :Avnet-IotConnect X-CUBE-IoTC-DA16k-PMOD 1.0.0
2026-05-01 10:45:06,094 [INFO] ThirdParty:1030 - CMSIS Pack Vendor :STMicroelectronics X-CUBE-SMBUS 2.1.0
2026-05-01 10:45:06,094 [INFO] ThirdParty:1030 - CMSIS Pack Vendor :STMicroelectronics X-CUBE-ISPU 2.1.0
2026-05-01 10:45:06,094 [INFO] ThirdParty:1030 - CMSIS Pack Vendor :STMicroelectronics X-CUBE-IPS 3.2.0
2026-05-01 10:45:06,094 [INFO] ThirdParty:1030 - CMSIS Pack Vendor :STMicroelectronics eDS-WB_DPC_TT-BIDIR 2.1.1
2026-05-01 10:45:06,094 [INFO] ThirdParty:1030 - CMSIS Pack Vendor :STMicroelectronics X-CUBE-ST60 1.0.0
2026-05-01 10:45:06,094 [INFO] ThirdParty:1030 - CMSIS Pack Vendor :STMicroelectronics X-CUBE-TOUCHGFX 4.23.0
2026-05-01 10:45:06,095 [INFO] ThirdParty:1030 - CMSIS Pack Vendor :STMicroelectronics X-CUBE-NFC12 1.0.0
2026-05-01 10:45:06,095 [INFO] ThirdParty:1030 - CMSIS Pack Vendor :STMicroelectronics X-CUBE-BLEMGR 1.2.0
2026-05-01 10:45:06,095 [INFO] ThirdParty:1030 - CMSIS Pack Vendor :STMicroelectronics X-CUBE-AZRTOS-F7 1.1.0
2026-05-01 10:45:06,095 [INFO] ThirdParty:1030 - CMSIS Pack Vendor :STMicroelectronics X-CUBE-AZRTOS-L5 2.0.0
2026-05-01 10:45:06,095 [INFO] ThirdParty:1030 - CMSIS Pack Vendor :STMicroelectronics USB_DEVICE 2.0.0
2026-05-01 10:45:06,095 [INFO] ThirdParty:1030 - CMSIS Pack Vendor :STMicroelectronics X-CUBE-MEMS1 9.6.0
2026-05-01 10:45:06,095 [INFO] ThirdParty:1030 - CMSIS Pack Vendor :STMicroelectronics X-CUBE-EEPRMA1 4.2.0
2026-05-01 10:45:06,095 [INFO] ThirdParty:1030 - CMSIS Pack Vendor :STMicroelectronics X-CUBE-NFC6 3.1.0
2026-05-01 10:45:06,095 [INFO] ThirdParty:1030 - CMSIS Pack Vendor :ITTIA_DB I-CUBE-ITTIADB 8.8.0
2026-05-01 10:45:06,095 [INFO] ThirdParty:1030 - CMSIS Pack Vendor :STMicroelectronics FP-SNS-MOTENV1 4.3.2
2026-05-01 10:45:06,095 [INFO] ThirdParty:1030 - CMSIS Pack Vendor :STMicroelectronics FP-SNS-MOTENV1 4.3.1
2026-05-01 10:45:06,095 [INFO] ThirdParty:1030 - CMSIS Pack Vendor :STMicroelectronics FP-SNS-FLIGHT1 5.0.1
2026-05-01 10:45:06,095 [INFO] ThirdParty:1030 - CMSIS Pack Vendor :STMicroelectronics X-CUBE-BLE1 6.2.3
2026-05-01 10:45:06,095 [INFO] ThirdParty:1030 - CMSIS Pack Vendor :STMicroelectronics X-CUBE-BLE1 6.2.4
2026-05-01 10:45:06,095 [INFO] ThirdParty:1030 - CMSIS Pack Vendor :STMicroelectronics FP-SNS-MOTENV1 5.1.0
2026-05-01 10:45:06,095 [INFO] ThirdParty:1030 - CMSIS Pack Vendor :STMicroelectronics FreeRTOS 0.0.1
2026-05-01 10:45:06,095 [INFO] ThirdParty:1030 - CMSIS Pack Vendor :emotas I-CUBE-CANOPEN 1.1.3
2026-05-01 10:45:06,095 [INFO] ThirdParty:1030 - CMSIS Pack Vendor :STMicroelectronics X-CUBE-BLEMGR 2.0.0
2026-05-01 10:45:06,095 [INFO] ThirdParty:1030 - CMSIS Pack Vendor :STMicroelectronics eDS-WB_DPC_VIENNA 1.2.0
2026-05-01 10:45:06,095 [INFO] ThirdParty:1030 - CMSIS Pack Vendor :STMicroelectronics FP-SNS-FLIGHT1 5.0.2
2026-05-01 10:45:06,095 [INFO] ThirdParty:1030 - CMSIS Pack Vendor :STMicroelectronics X-CUBE-NFC4 2.0.5
2026-05-01 10:45:06,095 [INFO] ThirdParty:1030 - CMSIS Pack Vendor :STMicroelectronics eDS-WB_DPC_3PH2L-BIDIR 1.1.1
2026-05-01 10:45:06,095 [INFO] ThirdParty:1030 - CMSIS Pack Vendor :STMicroelectronics X-CUBE-NFC4 2.0.4
2026-05-01 10:45:06,095 [INFO] ThirdParty:1030 - CMSIS Pack Vendor :STMicroelectronics X-CUBE-AZRTOS-H7 3.1.0
2026-05-01 10:45:06,095 [INFO] ThirdParty:1030 - CMSIS Pack Vendor :STMicroelectronics PDM2PCM 3.3.0
2026-05-01 10:45:06,095 [INFO] ThirdParty:1030 - CMSIS Pack Vendor :STMicroelectronics X-CUBE-AZRTOS-H7 3.4.0
2026-05-01 10:45:06,095 [INFO] ThirdParty:1030 - CMSIS Pack Vendor :STMicroelectronics X-CUBE-DISPLAY 3.0.0
2026-05-01 10:45:06,095 [INFO] ThirdParty:1030 - CMSIS Pack Vendor :STMicroelectronics X-CUBE-GNSS1 7.1.1
2026-05-01 10:45:06,095 [INFO] ThirdParty:1030 - CMSIS Pack Vendor :STMicroelectronics FP-SNS-MOTENVWB1 1.5.0
2026-05-01 10:45:06,095 [INFO] ThirdParty:1030 - CMSIS Pack Vendor :wolfSSL I-CUBE-wolfSSL 5.5.3
2026-05-01 10:45:06,095 [INFO] ThirdParty:1030 - CMSIS Pack Vendor :STMicroelectronics X-CUBE-BLE1 7.0.0
2026-05-01 10:45:06,095 [INFO] ThirdParty:1030 - CMSIS Pack Vendor :STMicroelectronics X-CUBE-NFC10 1.0.0
2026-05-01 10:45:06,095 [INFO] ThirdParty:1030 - CMSIS Pack Vendor :STMicroelectronics X-CUBE-BLEMGR 4.0.0
2026-05-01 10:45:06,095 [INFO] ThirdParty:1030 - CMSIS Pack Vendor :STMicroelectronics X-CUBE-FREERTOS 1.3.1
2026-05-01 10:45:06,095 [INFO] ThirdParty:1030 - CMSIS Pack Vendor :STMicroelectronics HAL Drivers 0.0.0
2026-05-01 10:45:06,095 [INFO] ThirdParty:1030 - CMSIS Pack Vendor :STMicroelectronics X-CUBE-ST60 1.1.0
2026-05-01 10:45:06,095 [INFO] ThirdParty:1030 - CMSIS Pack Vendor :STMicroelectronics X-CUBE-TOUCHGFX 4.22.0
2026-05-01 10:45:06,095 [INFO] ThirdParty:1030 - CMSIS Pack Vendor :STMicroelectronics X-CUBE-NFC7 1.0.1
2026-05-01 10:45:06,095 [INFO] ThirdParty:1030 - CMSIS Pack Vendor :STMicroelectronics MBEDTLS 2.14.1
2026-05-01 10:45:06,096 [INFO] ThirdParty:1030 - CMSIS Pack Vendor :STMicroelectronics X-CUBE-GNSS1 7.1.0
2026-05-01 10:45:06,096 [INFO] ThirdParty:1030 - CMSIS Pack Vendor :STMicroelectronics X-CUBE-NFC7 1.0.0
2026-05-01 10:45:06,096 [INFO] ThirdParty:1030 - CMSIS Pack Vendor :STMicroelectronics X-CUBE-TOUCHGFX 4.22.1
2026-05-01 10:45:06,096 [INFO] ThirdParty:1030 - CMSIS Pack Vendor :STMicroelectronics X-CUBE-TOUCHGFX 4.26.0
2026-05-01 10:45:06,096 [INFO] ThirdParty:1030 - CMSIS Pack Vendor :STMicroelectronics X-CUBE-NFC6 3.0.0
2026-05-01 10:45:06,096 [INFO] ThirdParty:1030 - CMSIS Pack Vendor :STMicroelectronics X-CUBE-MEMS1 9.3.0
2026-05-01 10:45:06,096 [INFO] ThirdParty:1030 - CMSIS Pack Vendor :STMicroelectronics X-CUBE-TOUCHGFX 4.26.1
2026-05-01 10:45:06,096 [INFO] ThirdParty:1030 - CMSIS Pack Vendor :STMicroelectronics X-CUBE-EEPRMA1 4.1.0
2026-05-01 10:45:06,096 [INFO] ThirdParty:1030 - CMSIS Pack Vendor :quantropi X-CUBE-qispace-sdk-base 2.0.0
2026-05-01 10:45:06,096 [INFO] ThirdParty:1030 - CMSIS Pack Vendor :STMicroelectronics X-CUBE-AI 10.0.0
2026-05-01 10:45:06,096 [INFO] ThirdParty:1030 - CMSIS Pack Vendor :STMicroelectronics FP-SNS-STBOX1 2.1.0
2026-05-01 10:45:06,096 [INFO] ThirdParty:1030 - CMSIS Pack Vendor :STMicroelectronics FP-SNS-STAIOTCFT 1.0.0
2026-05-01 10:45:06,096 [INFO] ThirdParty:1030 - CMSIS Pack Vendor :STMicroelectronics FP-SNS-SMARTAG2 1.2.0
2026-05-01 10:45:06,096 [INFO] ThirdParty:1030 - CMSIS Pack Vendor :STMicroelectronics FP-SNS-FLIGHT1 5.1.0
2026-05-01 10:45:06,096 [INFO] ThirdParty:1030 - CMSIS Pack Vendor :STMicroelectronics X-CUBE-AZRTOS-WL 2.0.0
2026-05-01 10:45:06,096 [INFO] ThirdParty:1030 - CMSIS Pack Vendor :STMicroelectronics X-CUBE-DPower 1.3.0
2026-05-01 10:45:06,096 [INFO] ThirdParty:1030 - CMSIS Pack Vendor :STMicroelectronics FP-SNS-MOTENV1 5.0.0
2026-05-01 10:45:06,096 [INFO] ThirdParty:1030 - CMSIS Pack Vendor :STMicroelectronics USB_DEVICE 1.0.0
2026-05-01 10:45:06,096 [INFO] ThirdParty:1030 - CMSIS Pack Vendor :STMicroelectronics X-CUBE-AZRTOS-H7RS 1.2.0
2026-05-01 10:45:06,096 [INFO] ThirdParty:1030 - CMSIS Pack Vendor :STMicroelectronics X-CUBE-AI 8.1.0
2026-05-01 10:45:06,096 [INFO] ThirdParty:1030 - CMSIS Pack Vendor :STMicroelectronics X-CUBE-AZRTOS-L4 2.0.0
2026-05-01 10:45:06,096 [INFO] ThirdParty:1030 - CMSIS Pack Vendor :STMicroelectronics ThreadX 0.0.2
2026-05-01 10:45:06,096 [INFO] ThirdParty:1030 - CMSIS Pack Vendor :WES I-CUBE-Cesium 1.3.0
2026-05-01 10:45:06,096 [INFO] ThirdParty:1030 - CMSIS Pack Vendor :STMicroelectronics lwIP 2.1.2
2026-05-01 10:45:06,096 [INFO] ThirdParty:1030 - CMSIS Pack Vendor :STMicroelectronics X-CUBE-SFXS2LP1 4.0.0
2026-05-01 10:45:06,096 [INFO] ThirdParty:1030 - CMSIS Pack Vendor :STMicroelectronics X-CUBE-BLE2 3.3.0
2026-05-01 10:45:06,096 [INFO] ThirdParty:1030 - CMSIS Pack Vendor :Avnet-IOTCONNECT X-CUBE-iotc-st67-sdk 1.0.0
2026-05-01 10:45:06,096 [INFO] ThirdParty:1030 - CMSIS Pack Vendor :STMicroelectronics X-CUBE-DISPLAY 2.2.0
2026-05-01 10:45:06,096 [INFO] ThirdParty:1030 - CMSIS Pack Vendor :STMicroelectronics X-CUBE-TOF1 3.2.0
2026-05-01 10:45:06,096 [INFO] ThirdParty:1030 - CMSIS Pack Vendor :STMicroelectronics PDM2PCM 3.2.0
2026-05-01 10:45:06,096 [INFO] ThirdParty:1030 - CMSIS Pack Vendor :STMicroelectronics X-CUBE-AZRTOS-H7 3.0.0
2026-05-01 10:45:06,097 [INFO] ThirdParty:1030 - CMSIS Pack Vendor :STMicroelectronics X-CUBE-WB05N 2.1.0
2026-05-01 10:45:06,097 [INFO] ThirdParty:1030 - CMSIS Pack Vendor :STMicroelectronics X-CUBE-ST67W61 1.2.0
2026-05-01 10:45:06,097 [INFO] ThirdParty:1030 - CMSIS Pack Vendor :STMicroelectronics X-CUBE-ISPU 1.1.0
2026-05-01 10:45:06,097 [INFO] ThirdParty:1030 - CMSIS Pack Vendor :STMicroelectronics X-CUBE-AZRTOS-H7 3.3.0
2026-05-01 10:45:06,097 [INFO] ThirdParty:1030 - CMSIS Pack Vendor :RoweBots I-CUBE-UNISONRTOS 5.5.0-4
2026-05-01 10:45:06,097 [INFO] ThirdParty:1030 - CMSIS Pack Vendor :STMicroelectronics X-CUBE-NFC9 1.0.0
2026-05-01 10:45:06,097 [INFO] ThirdParty:1030 - CMSIS Pack Vendor :STMicroelectronics X-CUBE-AZRTOS-H7 2.1.0
2026-05-01 10:45:06,097 [INFO] ThirdParty:1030 - CMSIS Pack Vendor :STMicroelectronics X-CUBE-BLE1 7.1.0
2026-05-01 10:45:06,097 [INFO] ThirdParty:1030 - CMSIS Pack Vendor :wolfSSL I-CUBE-wolfMQTT 1.19.2
2026-05-01 10:45:06,097 [INFO] ThirdParty:1030 - CMSIS Pack Vendor :STMicroelectronics USB_DEVICE 3.0.0
2026-05-01 10:45:06,097 [INFO] ThirdParty:1030 - CMSIS Pack Vendor :STMicroelectronics X-CUBE-FREERTOS 1.4.0
2026-05-01 10:45:06,097 [INFO] ThirdParty:1030 - CMSIS Pack Vendor :STMicroelectronics X-CUBE-EEPRMA1 5.2.0
2026-05-01 10:45:06,097 [INFO] ThirdParty:1030 - CMSIS Pack Vendor :STMicroelectronics X-CUBE-BLEMGR 4.1.0
2026-05-01 10:45:06,097 [INFO] ThirdParty:1030 - CMSIS Pack Vendor :STMicroelectronics X-CUBE-AI 8.0.0
2026-05-01 10:45:06,097 [INFO] ThirdParty:1030 - CMSIS Pack Vendor :STMicroelectronics X-CUBE-AZRTOS-WB 2.0.0
2026-05-01 10:45:06,097 [INFO] ThirdParty:1030 - CMSIS Pack Vendor :STMicroelectronics X-CUBE-FREERTOS 1.0.1
2026-05-01 10:45:06,097 [INFO] ThirdParty:1030 - CMSIS Pack Vendor :STMicroelectronics X-CUBE-TOUCHGFX 4.21.0
2026-05-01 10:45:06,097 [INFO] ThirdParty:1030 - CMSIS Pack Vendor :STMicroelectronics X-CUBE-GNSS1 7.0.1
2026-05-01 10:45:06,097 [INFO] ThirdParty:1030 - CMSIS Pack Vendor :STMicroelectronics X-CUBE-TOUCHGFX 4.21.3
2026-05-01 10:45:06,097 [INFO] ThirdParty:1030 - CMSIS Pack Vendor :STMicroelectronics X-CUBE-TOUCHGFX 4.21.4
2026-05-01 10:45:06,097 [INFO] ThirdParty:1030 - CMSIS Pack Vendor :STMicroelectronics X-CUBE-TOUCHGFX 4.25.0
2026-05-01 10:45:06,097 [INFO] ThirdParty:1030 - CMSIS Pack Vendor :STMicroelectronics X-CUBE-MEMS1 9.4.0
2026-05-01 10:45:06,097 [INFO] ThirdParty:1030 - CMSIS Pack Vendor :STMicroelectronics X-CUBE-AI 7.3.0
2026-05-01 10:45:06,097 [INFO] ThirdParty:1030 - CMSIS Pack Vendor :STMicroelectronics X-CUBE-ST67W61 1.1.0
2026-05-01 10:45:06,097 [INFO] ThirdParty:1030 - CMSIS Pack Vendor :STMicroelectronics X-CUBE-AI 10.1.0
2026-05-01 10:45:06,097 [INFO] ThirdParty:1030 - CMSIS Pack Vendor :STMicroelectronics FP-SNS-STBOX1 2.0.0
2026-05-01 10:45:06,097 [INFO] ThirdParty:1030 - CMSIS Pack Vendor :STMicroelectronics FP-SNS-STAIOTCFT 1.1.0
2026-05-01 10:45:06,097 [INFO] ThirdParty:1030 - CMSIS Pack Vendor :STMicroelectronics X-CUBE-MEMS1 12.0.0
2026-05-01 10:45:06,097 [INFO] ThirdParty:1030 - CMSIS Pack Vendor :STMicroelectronics X-CUBE-ALGOBUILD 1.3.0
2026-05-01 10:45:06,097 [INFO] ThirdParty:1030 - CMSIS Pack Vendor :STMicroelectronics X-CUBE-STSE01 2.0.0
2026-05-01 10:45:06,097 [INFO] ThirdParty:1030 - CMSIS Pack Vendor :STMicroelectronics X-CUBE-AZRTOS-L5 1.1.0
2026-05-01 10:45:06,097 [INFO] ThirdParty:1030 - CMSIS Pack Vendor :STMicroelectronics X-CUBE-MEMS1 11.2.0
2026-05-01 10:45:06,097 [INFO] ThirdParty:1030 - CMSIS Pack Vendor :STMicroelectronics X-CUBE-AZRTOS-G0 1.1.0
2026-05-01 10:45:06,097 [INFO] ThirdParty:1030 - CMSIS Pack Vendor :STMicroelectronics X-CUBE-AI 8.0.1
2026-05-01 10:45:06,097 [INFO] ThirdParty:1030 - CMSIS Pack Vendor :STMicroelectronics X-CUBE-SAFEA1 1.2.2
2026-05-01 10:45:06,097 [INFO] ThirdParty:1030 - CMSIS Pack Vendor :STMicroelectronics X-CUBE-NFC4 3.0.0
2026-05-01 10:45:06,097 [INFO] ThirdParty:1030 - CMSIS Pack Vendor :STMicroelectronics X-CUBE-SUBG2 5.0.0
2026-05-01 10:45:06,097 [INFO] ThirdParty:1030 - CMSIS Pack Vendor :STMicroelectronics X-CUBE-AZRTOS-H7RS 1.1.0
2026-05-01 10:45:06,097 [INFO] ThirdParty:1030 - CMSIS Pack Vendor :STMicroelectronics STM32_WPAN 1.0.0
2026-05-01 10:45:06,097 [INFO] ThirdParty:1030 - CMSIS Pack Vendor :SEGGER I-CUBE-embOS 1.2.1
2026-05-01 10:45:06,097 [INFO] ThirdParty:1030 - CMSIS Pack Vendor :EmbeddedOffice I-CUBE-FS-RTOS 1.0.1
2026-05-01 10:45:06,097 [INFO] ThirdParty:1030 - CMSIS Pack Vendor :STMicroelectronics lwIP 2.0.3
2026-05-01 10:45:06,097 [INFO] ThirdParty:1030 - CMSIS Pack Vendor :Cesanta I-CUBE-Mongoose 7.13.0
2026-05-01 10:45:06,097 [INFO] ThirdParty:1030 - CMSIS Pack Vendor :STMicroelectronics USB_HOST 1.0.0
2026-05-01 10:45:06,097 [INFO] ThirdParty:1030 - CMSIS Pack Vendor :STMicroelectronics X-CUBE-TOF1 3.3.1
2026-05-01 10:45:06,097 [INFO] ThirdParty:1030 - CMSIS Pack Vendor :STMicroelectronics X-CUBE-AZRTOS-G4 2.0.0
2026-05-01 10:45:06,097 [INFO] ThirdParty:1030 - CMSIS Pack Vendor :STMicroelectronics X-CUBE-WB05N 2.0.0
2026-05-01 10:45:06,097 [INFO] ThirdParty:1030 - CMSIS Pack Vendor :STMicroelectronics PDM2PCM 3.1.0
2026-05-01 10:45:06,098 [INFO] ThirdParty:1030 - CMSIS Pack Vendor :STMicroelectronics X-CUBE-TOF1 3.3.0
2026-05-01 10:45:06,098 [INFO] ThirdParty:1030 - CMSIS Pack Vendor :STMicroelectronics FP-ATR-ASTRA1 1.1.1
2026-05-01 10:45:06,098 [INFO] ThirdParty:1030 - CMSIS Pack Vendor :Infineon AIROC-Wi-Fi-Bluetooth-STM32 1.5.1
2026-05-01 10:45:06,098 [INFO] ThirdParty:1030 - CMSIS Pack Vendor :STMicroelectronics X-CUBE-BLEMGR 3.0.0
2026-05-01 10:45:06,098 [INFO] ThirdParty:1030 - CMSIS Pack Vendor :wolfSSL I-CUBE-wolfTPM 3.8.0
2026-05-01 10:45:06,098 [INFO] ThirdParty:1030 - CMSIS Pack Vendor :STMicroelectronics X-CUBE-BLEMGR 1.3.0
2026-05-01 10:45:06,098 [INFO] ThirdParty:1030 - CMSIS Pack Vendor :wolfSSL I-CUBE-wolfSSH 1.4.20
2026-05-01 10:45:06,098 [INFO] ThirdParty:1030 - CMSIS Pack Vendor :STMicroelectronics FP-SNS-MOTENVWB1 1.3.0
2026-05-01 10:45:06,098 [INFO] ThirdParty:1030 - CMSIS Pack Vendor :STMicroelectronics X-CUBE-NFC7 2.0.0
2026-05-01 10:45:06,098 [INFO] ThirdParty:1030 - CMSIS Pack Vendor :STMicroelectronics X-CUBE-TCPP 4.2.0
2026-05-01 10:45:06,098 [INFO] ThirdParty:1030 - CMSIS Pack Vendor :RealThread X-CUBE-RT-Thread_Nano 4.1.1
2026-05-01 10:45:06,098 [INFO] ThirdParty:1030 - CMSIS Pack Vendor :STMicroelectronics FP-SNS-MOTENVWB1 1.3.1
2026-05-01 10:45:06,098 [INFO] ThirdParty:1030 - CMSIS Pack Vendor :STMicroelectronics FP-ATR-SIGFOX1 3.2.0
2026-05-01 10:45:06,098 [INFO] ThirdParty:1030 - CMSIS Pack Vendor :STMicroelectronics X-CUBE-AZRTOS-G4 1.0.0
2026-05-01 10:45:06,098 [INFO] ThirdParty:1030 - CMSIS Pack Vendor :STMicroelectronics X-CUBE-AZRTOS-L4 1.0.0
2026-05-01 10:45:06,098 [INFO] ThirdParty:1030 - CMSIS Pack Vendor :STMicroelectronics X-CUBE-ISPU 2.0.0
2026-05-01 10:45:06,098 [INFO] ThirdParty:1030 - CMSIS Pack Vendor :STMicroelectronics X-CUBE-EEPRMA1 5.1.0
2026-05-01 10:45:06,098 [INFO] ThirdParty:1030 - CMSIS Pack Vendor :STMicroelectronics X-CUBE-FREERTOS 1.5.0
2026-05-01 10:45:06,098 [INFO] ThirdParty:1030 - CMSIS Pack Vendor :STMicroelectronics MBEDTLS 2.16.2
2026-05-01 10:45:06,098 [INFO] ThirdParty:1030 - CMSIS Pack Vendor :STMicroelectronics X-CUBE-IPS 3.1.0
2026-05-01 10:45:06,098 [INFO] ThirdParty:1030 - CMSIS Pack Vendor :STMicroelectronics X-CUBE-ALS 1.0.2
2026-05-01 10:45:06,098 [INFO] ThirdParty:1030 - CMSIS Pack Vendor :STMicroelectronics X-CUBE-TOUCHGFX 4.20.0
2026-05-01 10:45:06,098 [INFO] ThirdParty:1030 - CMSIS Pack Vendor :STMicroelectronics X-CUBE-MEMS1 10.0.0
2026-05-01 10:45:06,098 [INFO] ThirdParty:1030 - CMSIS Pack Vendor :STMicroelectronics X-CUBE-FREERTOS 1.1.0
2026-05-01 10:45:06,098 [INFO] ThirdParty:1030 - CMSIS Pack Vendor :STMicroelectronics X-CUBE-AZRTOS-WL 1.0.0
2026-05-01 10:45:06,098 [INFO] ThirdParty:1030 - CMSIS Pack Vendor :STMicroelectronics X-CUBE-STSE01 1.0.0
2026-05-01 10:45:06,098 [INFO] ThirdParty:1030 - CMSIS Pack Vendor :portGmbH I-Cube-SoM-uGOAL 1.1.0
2026-05-01 10:45:06,098 [INFO] ThirdParty:1030 - CMSIS Pack Vendor :STMicroelectronics X-CUBE-ALS 1.0.1
2026-05-01 10:45:06,098 [INFO] ThirdParty:1030 - CMSIS Pack Vendor :STMicroelectronics X-CUBE-NFC6 3.2.0
2026-05-01 10:45:06,098 [INFO] ThirdParty:1030 - CMSIS Pack Vendor :STMicroelectronics X-CUBE-MEMS1 9.5.0
2026-05-01 10:45:06,098 [INFO] ThirdParty:1030 - CMSIS Pack Vendor :STMicroelectronics X-CUBE-ST67W61 1.0.0
2026-05-01 10:45:06,098 [INFO] ThirdParty:1030 - CMSIS Pack Vendor :STMicroelectronics X-CUBE-AI 10.2.0
2026-05-01 10:45:06,098 [INFO] ThirdParty:1030 - CMSIS Pack Vendor :STMicroelectronics ThreadX 1.0.0
2026-05-01 10:45:06,098 [INFO] ThirdParty:1030 - CMSIS Pack Vendor :STMicroelectronics X-CUBE-MEMS1 12.1.0
2026-05-01 10:45:06,098 [INFO] ThirdParty:1030 - CMSIS Pack Vendor :STMicroelectronics X-CUBE-AZRTOS-WB 1.1.0
2026-05-01 10:45:06,098 [INFO] ThirdParty:1030 - CMSIS Pack Vendor :SEGGER I-CUBE-embOS 1.3.1
2026-05-01 10:45:06,098 [INFO] ThirdParty:1030 - CMSIS Pack Vendor :STMicroelectronics X-CUBE-ALGOBUILD 1.4.0
2026-05-01 10:45:06,098 [INFO] ThirdParty:1030 - CMSIS Pack Vendor :STMicroelectronics X-CUBE-MEMS1 11.3.0
2026-05-01 10:45:06,098 [INFO] ThirdParty:1030 - CMSIS Pack Vendor :STMicroelectronics X-CUBE-AZRTOS-L5 1.0.0
2026-05-01 10:45:06,098 [INFO] ThirdParty:1030 - CMSIS Pack Vendor :STMicroelectronics X-CUBE-EEPRMA1 3.1.1
2026-05-01 10:45:06,098 [INFO] ThirdParty:1030 - CMSIS Pack Vendor :STMicroelectronics FP-ATR-ASTRA1 2.0.0
2026-05-01 10:45:06,098 [INFO] ThirdParty:1030 - CMSIS Pack Vendor :STMicroelectronics X-CUBE-TOF1 3.4.3
2026-05-01 10:45:06,098 [INFO] ThirdParty:1030 - CMSIS Pack Vendor :STMicroelectronics X-CUBE-TOF1 3.4.0
2026-05-01 10:45:06,098 [INFO] ThirdParty:1030 - CMSIS Pack Vendor :STMicroelectronics X-CUBE-AZRTOS-H7 3.2.0
2026-05-01 10:45:06,098 [INFO] ThirdParty:841 - exiting critical section [change project]
2026-05-01 10:45:06,175 [INFO] PinOutPanel:1589 - setPackage(No Configuration,No Configuration)
2026-05-01 10:45:06,176 [INFO] PinOutPanel:1589 - setPackage(STM32F103C8Tx,LQFP48)
2026-05-01 10:45:06,278 [INFO] UtilMem:75 - Before build in PCC Used Memory: 955032064 Bytes (1073741824)
2026-05-01 10:45:06,482 [INFO] UtilMem:75 - After build in PCC Used Memory: 835717120 Bytes (1073741824)
2026-05-01 10:45:06,500 [INFO] ApiDbMcu:532 - Load IP Config File for USB_DEVICE
2026-05-01 10:45:06,513 [INFO] IPUIPlugin:80 - create IPUIPlugin
2026-05-01 10:45:06,513 [INFO] IPUIPlugin:80 - create IPUIPlugin
2026-05-01 10:45:06,513 [INFO] IPUIPlugin:80 - create IPUIPlugin
2026-05-01 10:45:06,514 [INFO] IPUIPlugin:80 - create IPUIPlugin
2026-05-01 10:45:06,514 [INFO] IPUIPlugin:80 - create IPUIPlugin
2026-05-01 10:45:06,514 [INFO] IPUIPlugin:80 - create IPUIPlugin
2026-05-01 10:45:06,514 [INFO] IPUIPlugin:80 - create IPUIPlugin
2026-05-01 10:45:06,514 [INFO] IPUIPlugin:80 - create IPUIPlugin
2026-05-01 10:45:06,514 [INFO] IPUIPlugin:80 - create IPUIPlugin
2026-05-01 10:45:06,514 [INFO] IPUIPlugin:80 - create IPUIPlugin
2026-05-01 10:45:06,514 [INFO] IPUIPlugin:80 - create IPUIPlugin
2026-05-01 10:45:06,514 [INFO] IPUIPlugin:80 - create IPUIPlugin
2026-05-01 10:45:06,515 [INFO] IPUIPlugin:80 - create IPUIPlugin
2026-05-01 10:45:06,515 [INFO] IPUIPlugin:80 - create IPUIPlugin
2026-05-01 10:45:06,515 [INFO] IPUIPlugin:80 - create IPUIPlugin
2026-05-01 10:45:06,515 [INFO] IPUIPlugin:80 - create IPUIPlugin
2026-05-01 10:45:06,515 [INFO] IPUIPlugin:80 - create IPUIPlugin
2026-05-01 10:45:06,515 [INFO] IPUIPlugin:80 - create IPUIPlugin
2026-05-01 10:45:06,515 [INFO] IPUIPlugin:80 - create IPUIPlugin
2026-05-01 10:45:06,515 [INFO] IPUIPlugin:80 - create IPUIPlugin
2026-05-01 10:45:06,515 [INFO] IPUIPlugin:80 - create IPUIPlugin
2026-05-01 10:45:06,515 [INFO] IPUIPlugin:80 - create IPUIPlugin
2026-05-01 10:45:06,515 [INFO] IPUIPlugin:80 - create IPUIPlugin
2026-05-01 10:45:06,516 [INFO] IPUIPlugin:80 - create IPUIPlugin
2026-05-01 10:45:06,516 [INFO] IPUIPlugin:80 - create IPUIPlugin
2026-05-01 10:45:06,516 [INFO] IPUIPlugin:80 - create IPUIPlugin
2026-05-01 10:45:06,516 [INFO] IPUIPlugin:80 - create IPUIPlugin
2026-05-01 10:45:06,519 [WARN] IP:2250 - I2C_Coeff_DF not found: check if there is a RefParameter without a condition.
2026-05-01 10:45:06,519 [WARN] IP:2250 - Analog_Filter not found: check if there is a RefParameter without a condition.
2026-05-01 10:45:06,573 [INFO] CADModel:165 - CPN selected for project levelSTM32F103C8T6
2026-05-01 10:45:06,574 [INFO] CADModel:114 - Register for checkConnection events
2026-05-01 10:45:06,630 [INFO] OpenFileManager:386 - Restore cursor
2026-05-01 10:45:06,769 [WARN] IP:2250 - I2C_Coeff_DF not found: check if there is a RefParameter without a condition.
2026-05-01 10:45:06,770 [WARN] IP:2250 - Analog_Filter not found: check if there is a RefParameter without a condition.
2026-05-01 10:45:06,770 [WARN] IP:2250 - I2C_Coeff_DF not found: check if there is a RefParameter without a condition.
2026-05-01 10:45:06,770 [WARN] IP:2250 - Analog_Filter not found: check if there is a RefParameter without a condition.
2026-05-01 10:45:45,672 [INFO] UtilMem:75 - End SaveConfig() Used Memory: 897487384 Bytes (1073741824)
2026-05-01 10:45:46,793 [INFO] UtilMem:75 - End SaveConfig() Used Memory: 910931320 Bytes (1073741824)
2026-05-01 10:45:48,481 [INFO] UtilMem:75 - End SaveConfig() Used Memory: 946836224 Bytes (1073741824)
2026-05-01 10:45:48,613 [INFO] BlockDiagram:2775 - set Specific Code input for plugin: RTC
2026-05-01 10:45:48,613 [INFO] BlockDiagram:2775 - set Specific Code input for plugin: SPI
2026-05-01 10:45:48,613 [INFO] BlockDiagram:2775 - set Specific Code input for plugin: SPI
2026-05-01 10:45:48,613 [INFO] BlockDiagram:2775 - set Specific Code input for plugin: NVIC
2026-05-01 10:45:48,613 [INFO] BlockDiagram:2775 - set Specific Code input for plugin: USB_DEVICE
2026-05-01 10:45:48,613 [INFO] BlockDiagram:2775 - set Specific Code input for plugin: USB
2026-05-01 10:45:48,613 [INFO] BlockDiagram:2775 - set Specific Code input for plugin: SYS
2026-05-01 10:45:48,614 [INFO] BlockDiagram:2775 - set Specific Code input for plugin: GPIO
2026-05-01 10:45:48,614 [INFO] BlockDiagram:2775 - set Specific Code input for plugin: RCC
2026-05-01 10:45:48,614 [INFO] BlockDiagram:2775 - set Specific Code input for plugin: I2C
2026-05-01 10:45:48,616 [INFO] CodeGenerator:892 - code generatio: config db path: C:\ST\STM32CubeIDE_1.13.0\STM32CubeIDE\plugins\com.st.stm32cube.common.mx_6.15.0.202507011659\\db\
2026-05-01 10:45:48,618 [WARN] IP:2250 - I2C_Coeff_DF not found: check if there is a RefParameter without a condition.
2026-05-01 10:45:48,618 [WARN] IP:2250 - Analog_Filter not found: check if there is a RefParameter without a condition.
2026-05-01 10:45:48,740 [INFO] CodeEngine:265 - oldGeneratedFile, C:\STM32\SausageMixer\Motherboard\MXTmpFiles\license.tmp_save
2026-05-01 10:45:48,823 [INFO] CodeEngine:289 - Generated code: C:\STM32\SausageMixer\Motherboard\MXTmpFiles\license.tmp
2026-05-01 10:45:48,887 [INFO] CodeEngine:265 - oldGeneratedFile, C:\STM32\SausageMixer\Motherboard\MXTmpFiles\gpio.tmp_save
2026-05-01 10:45:48,969 [INFO] CodeEngine:289 - Generated code: C:\STM32\SausageMixer\Motherboard\MXTmpFiles\gpio.tmp
2026-05-01 10:45:49,068 [INFO] CodeEngine:265 - oldGeneratedFile, C:\STM32\SausageMixer\Motherboard\MXTmpFiles\usb_vars.tmp_save
2026-05-01 10:45:49,151 [INFO] CodeEngine:289 - Generated code: C:\STM32\SausageMixer\Motherboard\MXTmpFiles\usb_vars.tmp
2026-05-01 10:45:49,158 [INFO] CodeEngine:265 - oldGeneratedFile, C:\STM32\SausageMixer\Motherboard\MXTmpFiles\usb_inc.tmp_save
2026-05-01 10:45:49,229 [INFO] CodeEngine:289 - Generated code: C:\STM32\SausageMixer\Motherboard\MXTmpFiles\usb_inc.tmp
2026-05-01 10:45:49,234 [INFO] CodeEngine:265 - oldGeneratedFile, C:\STM32\SausageMixer\Motherboard\MXTmpFiles\usb_HalInit.tmp_save
2026-05-01 10:45:49,305 [INFO] CodeEngine:289 - Generated code: C:\STM32\SausageMixer\Motherboard\MXTmpFiles\usb_HalInit.tmp
2026-05-01 10:45:49,310 [INFO] CodeEngine:265 - oldGeneratedFile, C:\STM32\SausageMixer\Motherboard\MXTmpFiles\usb_Msp.tmp_save
2026-05-01 10:45:49,384 [INFO] CodeEngine:289 - Generated code: C:\STM32\SausageMixer\Motherboard\MXTmpFiles\usb_Msp.tmp
2026-05-01 10:45:49,566 [INFO] Middleware:1452 - No code input for Bsp Dependency
2026-05-01 10:45:49,577 [INFO] Middleware:1452 - No code input for Bsp Dependency
2026-05-01 10:45:49,587 [INFO] CodeEngine:265 - oldGeneratedFile, C:\STM32\SausageMixer\Motherboard\USB_DEVICE\App\usb_device.c_save
2026-05-01 10:45:49,657 [INFO] CodeEngine:289 - Generated code: C:\STM32\SausageMixer\Motherboard\USB_DEVICE\App\usb_device.c
2026-05-01 10:45:49,666 [INFO] CodeEngine:265 - oldGeneratedFile, C:\STM32\SausageMixer\Motherboard\USB_DEVICE\App\usb_device.h_save
2026-05-01 10:45:49,724 [INFO] CodeEngine:289 - Generated code: C:\STM32\SausageMixer\Motherboard\USB_DEVICE\App\usb_device.h
2026-05-01 10:45:49,731 [INFO] CodeEngine:265 - oldGeneratedFile, C:\STM32\SausageMixer\Motherboard\USB_DEVICE\Target\usbd_conf.h_save
2026-05-01 10:45:49,784 [INFO] CodeEngine:289 - Generated code: C:\STM32\SausageMixer\Motherboard\USB_DEVICE\Target\usbd_conf.h
2026-05-01 10:45:49,792 [INFO] CodeEngine:265 - oldGeneratedFile, C:\STM32\SausageMixer\Motherboard\USB_DEVICE\Target\usbd_conf.c_save
2026-05-01 10:45:49,851 [INFO] CodeEngine:289 - Generated code: C:\STM32\SausageMixer\Motherboard\USB_DEVICE\Target\usbd_conf.c
2026-05-01 10:45:49,858 [INFO] CodeEngine:265 - oldGeneratedFile, C:\STM32\SausageMixer\Motherboard\USB_DEVICE\App\usbd_desc.h_save
2026-05-01 10:45:49,909 [INFO] CodeEngine:289 - Generated code: C:\STM32\SausageMixer\Motherboard\USB_DEVICE\App\usbd_desc.h
2026-05-01 10:45:49,915 [INFO] CodeEngine:265 - oldGeneratedFile, C:\STM32\SausageMixer\Motherboard\USB_DEVICE\App\usbd_desc.c_save
2026-05-01 10:45:49,970 [INFO] CodeEngine:289 - Generated code: C:\STM32\SausageMixer\Motherboard\USB_DEVICE\App\usbd_desc.c
2026-05-01 10:45:49,977 [INFO] CodeEngine:265 - oldGeneratedFile, C:\STM32\SausageMixer\Motherboard\USB_DEVICE\App\usbd_cdc_if.h_save
2026-05-01 10:45:50,026 [INFO] CodeEngine:289 - Generated code: C:\STM32\SausageMixer\Motherboard\USB_DEVICE\App\usbd_cdc_if.h
2026-05-01 10:45:50,033 [INFO] CodeEngine:265 - oldGeneratedFile, C:\STM32\SausageMixer\Motherboard\USB_DEVICE\App\usbd_cdc_if.c_save
2026-05-01 10:45:50,088 [INFO] CodeEngine:289 - Generated code: C:\STM32\SausageMixer\Motherboard\USB_DEVICE\App\usbd_cdc_if.c
2026-05-01 10:45:50,101 [INFO] CodeEngine:265 - oldGeneratedFile, C:\STM32\SausageMixer\Motherboard\Core\Src\stm32f1xx_it.c_save
2026-05-01 10:45:50,251 [INFO] CodeEngine:289 - Generated code: C:\STM32\SausageMixer\Motherboard\Core\Src\stm32f1xx_it.c
2026-05-01 10:45:50,259 [INFO] CodeEngine:265 - oldGeneratedFile, C:\STM32\SausageMixer\Motherboard\Core\Inc\stm32f1xx_it.h_save
2026-05-01 10:45:50,320 [INFO] CodeEngine:289 - Generated code: C:\STM32\SausageMixer\Motherboard\Core\Inc\stm32f1xx_it.h
2026-05-01 10:45:50,337 [INFO] CodeEngine:265 - oldGeneratedFile, C:\STM32\SausageMixer\Motherboard\Core\Src\stm32f1xx_hal_msp.c_save
2026-05-01 10:45:50,434 [INFO] CodeEngine:289 - Generated code: C:\STM32\SausageMixer\Motherboard\Core\Src\stm32f1xx_hal_msp.c
2026-05-01 10:45:50,442 [INFO] CodeEngine:265 - oldGeneratedFile, C:\STM32\SausageMixer\Motherboard\MXTmpFiles\system.tmp_save
2026-05-01 10:45:50,491 [INFO] CodeEngine:289 - Generated code: C:\STM32\SausageMixer\Motherboard\MXTmpFiles\system.tmp
2026-05-01 10:45:50,504 [INFO] CodeEngine:321 - oldGeneratedFile, C:\STM32\SausageMixer\Motherboard\Core\Inc\stm32f1xx_hal_conf.h_save
2026-05-01 10:45:50,564 [INFO] CodeEngine:345 - Generated code: C:\STM32\SausageMixer\Motherboard\Core\Inc\stm32f1xx_hal_conf.h
2026-05-01 10:45:50,584 [INFO] ApiDbMcu:532 - Load IP Config File for I2C1
2026-05-01 10:45:50,594 [INFO] ApiDbMcu:532 - Load IP Config File for RTC
2026-05-01 10:45:50,601 [INFO] ApiDbMcu:532 - Load IP Config File for SPI1
2026-05-01 10:45:50,606 [INFO] ApiDbMcu:532 - Load IP Config File for SPI2
2026-05-01 10:45:50,609 [INFO] ApiDbMcu:532 - Load IP Config File for RCC
2026-05-01 10:45:50,618 [INFO] CodeEngine:265 - oldGeneratedFile, C:\STM32\SausageMixer\Motherboard\Core\Inc\main.h_save
2026-05-01 10:45:50,684 [INFO] CodeEngine:289 - Generated code: C:\STM32\SausageMixer\Motherboard\Core\Inc\main.h
2026-05-01 10:45:50,691 [INFO] CodeEngine:265 - oldGeneratedFile, C:\STM32\SausageMixer\Motherboard\Core\Src\main.c_save
2026-05-01 10:45:50,800 [INFO] CodeEngine:289 - Generated code: C:\STM32\SausageMixer\Motherboard\Core\Src\main.c
2026-05-01 10:45:51,246 [INFO] ProjectBuilder:3606 - Time for Copy HAL[1] : 261mS.
2026-05-01 10:45:51,253 [INFO] ProjectBuilder:5216 - Project Generator version: 4.7.0-B52
2026-05-01 10:45:51,343 [INFO] ConfigFileManager:1595 - The Die is : DIE410
2026-05-01 10:45:51,350 [INFO] ApiDbMcu:532 - Load IP Config File for FATFS
2026-05-01 10:45:51,370 [INFO] ApiDbMcu:532 - Load IP Config File for FREERTOS
2026-05-01 10:45:52,413 [INFO] ProjectBuilder:5496 - Time for Generating toolchain IDE Files: 1158mS.
2026-05-01 10:45:52,414 [INFO] ProjectBuilder:3463 - Time for Copy CMSIS : 1mS.
2026-05-01 10:45:52,423 [INFO] ProjectBuilder:3463 - Time for Copy CMSIS : 0mS.
2026-05-01 13:02:19,441 [INFO] WebApp:194 - Connection lost
2026-05-01 13:02:19,729 [INFO] WebApp:191 - Connection restablished
2026-05-01 13:02:20,078 [INFO] WebApp:194 - Connection lost
2026-05-01 13:02:20,261 [INFO] WebApp:191 - Connection restablished
2026-05-01 13:02:21,687 [INFO] WebApp:194 - Connection lost
2026-05-01 13:02:21,777 [INFO] WebApp:191 - Connection restablished
2026-05-01 13:02:24,138 [INFO] WebApp:194 - Connection lost
2026-05-01 13:02:24,249 [INFO] WebApp:191 - Connection restablished
2026-05-01 13:02:27,289 [INFO] WebApp:194 - Connection lost
2026-05-01 13:02:27,662 [INFO] WebApp:191 - Connection restablished
2026-05-01 13:02:30,632 [INFO] WebApp:194 - Connection lost
2026-05-01 13:02:30,904 [INFO] WebApp:191 - Connection restablished
2026-05-01 13:03:01,589 [INFO] WebApp:194 - Connection lost
2026-05-01 13:03:01,731 [INFO] WebApp:191 - Connection restablished
2026-05-01 13:04:05,843 [INFO] WebApp:194 - Connection lost
2026-05-01 13:04:05,955 [INFO] WebApp:191 - Connection restablished
2026-05-01 13:16:38,433 [INFO] WebApp:194 - Connection lost
2026-05-01 13:16:38,767 [INFO] WebApp:191 - Connection restablished
2026-05-01 13:16:41,638 [INFO] WebApp:194 - Connection lost
2026-05-01 13:16:41,776 [INFO] WebApp:191 - Connection restablished
2026-05-01 14:21:05,513 [INFO] WebApp:194 - Connection lost
2026-05-01 14:21:16,682 [INFO] WebApp:191 - Connection restablished
2026-05-01 14:21:19,696 [INFO] WebApp:194 - Connection lost
2026-05-01 14:21:19,827 [INFO] WebApp:191 - Connection restablished
2026-05-01 14:21:21,557 [INFO] WebApp:194 - Connection lost
2026-05-01 14:21:21,904 [INFO] WebApp:191 - Connection restablished
2026-05-01 14:21:24,770 [INFO] WebApp:194 - Connection lost
2026-05-01 14:21:25,111 [INFO] WebApp:191 - Connection restablished
2026-05-01 14:23:00,964 [INFO] WebApp:194 - Connection lost
2026-05-01 14:23:01,340 [INFO] WebApp:191 - Connection restablished
2026-05-01 14:35:06,245 [INFO] MainUpdater:2872 - connection check result : 10
2026-05-01 14:35:06,245 [INFO] MainUpdater:2872 - connection check result : 10
2026-05-01 14:35:06,263 [INFO] MicroXplorer:468 - Change Database Path : 
2026-05-01 14:35:06,263 [INFO] MicroXplorer:498 - Change Database Version : DB.6.0.150
2026-05-01 14:35:06,295 [ERROR] ProjectManagerView:395 - 
java.lang.NullPointerException: Cannot invoke "javax.swing.JTextField.getText()" because the return value of "java.util.List.get(int)" is null
	at com.st.microxplorer.plugins.projectmanager.gui.ProjectChoiceTab$9.caretUpdate(ProjectChoiceTab.java:2706) ~[filemanager.jar:?]
	at javax.swing.text.JTextComponent.fireCaretUpdate(JTextComponent.java:408) ~[?:?]
	at javax.swing.text.JTextComponent$MutableCaretEvent.fire(JTextComponent.java:4484) ~[?:?]
	at javax.swing.text.JTextComponent$MutableCaretEvent.stateChanged(JTextComponent.java:4506) ~[?:?]
	at javax.swing.text.DefaultCaret.fireStateChanged(DefaultCaret.java:857) ~[?:?]
	at javax.swing.text.DefaultCaret.changeCaretPosition(DefaultCaret.java:1343) ~[?:?]
	at javax.swing.text.DefaultCaret.handleSetDot(DefaultCaret.java:1242) ~[?:?]
	at javax.swing.text.DefaultCaret.setDot(DefaultCaret.java:1223) ~[?:?]
	at javax.swing.text.DefaultCaret$Handler.insertUpdate(DefaultCaret.java:1819) ~[?:?]
	at javax.swing.text.AbstractDocument.fireInsertUpdate(AbstractDocument.java:227) ~[?:?]
	at javax.swing.text.AbstractDocument.handleInsertString(AbstractDocument.java:781) ~[?:?]
	at javax.swing.text.AbstractDocument.insertString(AbstractDocument.java:740) ~[?:?]
	at javax.swing.text.PlainDocument.insertString(PlainDocument.java:131) ~[?:?]
	at javax.swing.text.AbstractDocument.replace(AbstractDocument.java:699) ~[?:?]
	at javax.swing.text.JTextComponent.setText(JTextComponent.java:1725) ~[?:?]
	at com.st.microxplorer.plugins.projectmanager.gui.ProjectChoiceTab.createHeapStackFields(ProjectChoiceTab.java:993) ~[filemanager.jar:?]
	at com.st.microxplorer.plugins.projectmanager.gui.ProjectChoiceTab.buildLinkSettingsPanel(ProjectChoiceTab.java:3813) ~[filemanager.jar:?]
	at com.st.microxplorer.plugins.projectmanager.gui.ProjectChoiceTab.defineWindowsFields(ProjectChoiceTab.java:1987) ~[filemanager.jar:?]
	at com.st.microxplorer.plugins.projectmanager.gui.ProjectChoiceTab.updateSettings(ProjectChoiceTab.java:558) ~[filemanager.jar:?]
	at com.st.microxplorer.plugins.projectmanager.gui.ProjectSettingsPanel.UpdateDialog(ProjectSettingsPanel.java:247) ~[filemanager.jar:?]
	at com.st.microxplorer.plugins.projectmanager.ProjectManagerView.propertyChange(ProjectManagerView.java:392) ~[filemanager.jar:?]
	at java.beans.PropertyChangeSupport.fire(PropertyChangeSupport.java:343) ~[?:?]
	at java.beans.PropertyChangeSupport.firePropertyChange(PropertyChangeSupport.java:335) ~[?:?]
	at java.beans.PropertyChangeSupport.firePropertyChange(PropertyChangeSupport.java:268) ~[?:?]
	at com.st.microxplorer.util.MXPropertyChangeSupport.firePropertyChange(MXPropertyChangeSupport.java:54) ~[STM32CubeMX.jar:?]
	at com.st.microxplorer.mxsystem.MxSystem.closeConfig(MxSystem.java:899) ~[STM32CubeMX.jar:?]
	at com.st.microxplorer.maingui.MainPanel.closeConfig(MainPanel.java:792) ~[STM32CubeMX.jar:?]
	at com.st.microxplorer.plugins.filemanager.engine.OpenFileManager.loadConfigurationFile(OpenFileManager.java:288) ~[filemanager.jar:?]
	at com.st.microxplorer.plugins.filemanager.engine.MainFileManager.userLoadConfig(MainFileManager.java:364) ~[filemanager.jar:?]
	at com.st.microxplorer.plugins.filemanager.engine.MainFileManager.userLoadConfig(MainFileManager.java:342) ~[filemanager.jar:?]
	at com.st.microxplorer.plugins.filemanager.FileManagerView.getSpecificTask(FileManagerView.java:264) ~[filemanager.jar:?]
	at com.st.stm32cube.common.mx.editor.CubeMxEditor.getMxTabbedPaneInstance(CubeMxEditor.java:1198) ~[com.st.stm32cube.common.mx_6.15.0.202507011659/:?]
	at com.st.stm32cube.common.mx.editor.CubeMxEditor$12$1.createSwingComponent(CubeMxEditor.java:1068) ~[com.st.stm32cube.common.mx_6.15.0.202507011659/:?]
	at com.st.stm32cube.common.mx.oss.core.awtswtbridge.EmbeddedSwingComposite.doComponentCreation(EmbeddedSwingComposite.java:492) ~[com.st.stm32cube.common.mx.oss_6.15.0.202507011659/:?]
	at com.st.stm32cube.common.mx.oss.core.awtswtbridge.EmbeddedSwingComposite$4.run(EmbeddedSwingComposite.java:291) ~[com.st.stm32cube.common.mx.oss_6.15.0.202507011659/:?]
	at com.st.stm32cube.common.mx.oss.core.awtswtbridge.AwtEnvironment$2.run(AwtEnvironment.java:166) ~[com.st.stm32cube.common.mx.oss_6.15.0.202507011659/:?]
	at java.awt.event.InvocationEvent.dispatch(InvocationEvent.java:318) ~[?:?]
	at java.awt.EventQueue.dispatchEventImpl(EventQueue.java:773) ~[?:?]
	at java.awt.EventQueue$4.run(EventQueue.java:720) ~[?:?]
	at java.awt.EventQueue$4.run(EventQueue.java:714) ~[?:?]
	at java.security.AccessController.doPrivileged(AccessController.java:400) ~[?:?]
	at java.security.ProtectionDomain$JavaSecurityAccessImpl.doIntersectionPrivilege(ProtectionDomain.java:87) ~[?:?]
	at java.awt.EventQueue.dispatchEvent(EventQueue.java:742) ~[?:?]
	at java.awt.EventDispatchThread.pumpOneEventForFilters(EventDispatchThread.java:203) ~[?:?]
	at java.awt.EventDispatchThread.pumpEventsForFilter(EventDispatchThread.java:124) ~[?:?]
	at java.awt.EventDispatchThread.pumpEventsForHierarchy(EventDispatchThread.java:113) ~[?:?]
	at java.awt.EventDispatchThread.pumpEvents(EventDispatchThread.java:109) ~[?:?]
	at java.awt.EventDispatchThread.pumpEvents(EventDispatchThread.java:101) ~[?:?]
	at java.awt.EventDispatchThread.run(EventDispatchThread.java:90) ~[?:?]
2026-05-01 14:35:06,297 [WARN] ThirdParty:871 - waiting for thirdparty lock release [close project]
2026-05-01 14:35:06,297 [INFO] ThirdParty:873 - entering critical section [close project]
2026-05-01 14:35:06,297 [INFO] ThirdParty:883 - exiting critical section [close project]
2026-05-01 14:35:06,299 [INFO] PinOutPanel:1589 - setPackage(No Configuration,No Configuration)
2026-05-01 14:35:06,303 [INFO] UtilMem:75 - Begin LoadConfig() Used Memory: 736123272 Bytes (1073741824)
2026-05-01 14:35:06,304 [INFO] MicroXplorer:468 - Change Database Path : 
2026-05-01 14:35:06,304 [INFO] MicroXplorer:498 - Change Database Version : DB.6.0.150
2026-05-01 14:35:06,304 [INFO] OpenFileManager:355 - Change cursor
2026-05-01 14:35:06,341 [INFO] RulesReader:64 - Compatibility file has been processed (317 Rules)
2026-05-01 14:35:06,348 [INFO] Mcu:2029 - Initializing MCU STM32F030C8Tx STM32F030C8Tx STM32F030C8T6
2026-05-01 14:35:07,045 [INFO] Context:786 - Trying to add GPIOservice into a context  which must be forbidden
2026-05-01 14:35:07,297 [INFO] ImportTextPane:234 - (OptionalMessage_ERROR) Pin28 (VP_RIF_VS_RIF1) cannot be retrieved for this MCU
2026-05-01 14:35:07,455 [INFO] RtosManager:558 - Registered RTOS mode: class=CMSIS, group=RTOS, mode=CMSIS_V1, owner=FREERTOS
2026-05-01 14:35:07,455 [INFO] RtosManager:558 - Registered RTOS mode: class=CMSIS, group=RTOS2, mode=CMSIS_V2, owner=FREERTOS
2026-05-01 14:35:07,455 [INFO] RtosManager:558 - Registered RTOS mode: class=RTOS, group=Core, mode=CMSIS_V1, owner=FREERTOS
2026-05-01 14:35:07,455 [INFO] RtosManager:558 - Registered RTOS mode: class=RTOS, group=Core, mode=CMSIS_V2, owner=FREERTOS
2026-05-01 14:35:07,455 [WARN] ModelIntegratedComponent:184 - Missing modes for component STMicroelectronics:FreeRTOS:0.0.1:STMicroelectronics:RTOS:FreeRTOS:Core:::10.2.0:
2026-05-01 14:35:07,461 [WARN] ModelIntegratedComponent:63 - No mode defined for component null
2026-05-01 14:35:07,461 [WARN] ModelIntegratedComponent:63 - No mode defined for component null
2026-05-01 14:35:07,461 [WARN] ModelIntegratedComponent:63 - No mode defined for component null
2026-05-01 14:35:07,461 [WARN] ModelIntegratedComponent:63 - No mode defined for component null
2026-05-01 14:35:07,461 [WARN] ModelIntegratedComponent:63 - No mode defined for component null
2026-05-01 14:35:07,461 [WARN] ModelIntegratedComponent:63 - No mode defined for component null
2026-05-01 14:35:07,461 [WARN] ModelIntegratedComponent:63 - No mode defined for component null
2026-05-01 14:35:07,461 [WARN] ModelIntegratedComponent:63 - No mode defined for component null
2026-05-01 14:35:07,461 [WARN] ModelIntegratedComponent:63 - No mode defined for component null
2026-05-01 14:35:07,461 [WARN] ModelIntegratedComponent:63 - No mode defined for component null
2026-05-01 14:35:07,461 [WARN] ModelIntegratedComponent:63 - No mode defined for component null
2026-05-01 14:35:07,461 [WARN] ModelIntegratedComponent:63 - No mode defined for component null
2026-05-01 14:35:07,461 [WARN] ModelIntegratedComponent:63 - No mode defined for component null
2026-05-01 14:35:07,461 [WARN] ModelIntegratedComponent:63 - No mode defined for component null
2026-05-01 14:35:07,461 [WARN] ModelIntegratedComponent:63 - No mode defined for component null
2026-05-01 14:35:07,461 [WARN] ModelIntegratedComponent:63 - No mode defined for component null
2026-05-01 14:35:07,461 [WARN] ModelIntegratedComponent:63 - No mode defined for component null
2026-05-01 14:35:07,462 [WARN] ModelIntegratedComponent:63 - No mode defined for component null
2026-05-01 14:35:07,462 [WARN] ModelIntegratedComponent:63 - No mode defined for component null
2026-05-01 14:35:07,462 [WARN] ModelIntegratedComponent:63 - No mode defined for component null
2026-05-01 14:35:07,462 [WARN] ModelIntegratedComponent:63 - No mode defined for component null
2026-05-01 14:35:07,462 [WARN] ModelIntegratedComponent:63 - No mode defined for component null
2026-05-01 14:35:07,462 [WARN] ModelIntegratedComponent:63 - No mode defined for component null
2026-05-01 14:35:07,462 [WARN] ModelIntegratedComponent:63 - No mode defined for component null
2026-05-01 14:35:07,462 [WARN] ModelIntegratedComponent:63 - No mode defined for component null
2026-05-01 14:35:07,462 [WARN] ModelIntegratedComponent:63 - No mode defined for component null
2026-05-01 14:35:07,462 [WARN] ModelIntegratedComponent:63 - No mode defined for component null
2026-05-01 14:35:07,462 [WARN] ModelIntegratedComponent:63 - No mode defined for component null
2026-05-01 14:35:07,462 [WARN] ModelIntegratedComponent:63 - No mode defined for component null
2026-05-01 14:35:07,462 [WARN] ModelIntegratedComponent:63 - No mode defined for component null
2026-05-01 14:35:07,462 [WARN] ModelIntegratedComponent:63 - No mode defined for component null
2026-05-01 14:35:07,462 [WARN] ModelIntegratedComponent:63 - No mode defined for component null
2026-05-01 14:35:07,462 [WARN] ModelIntegratedComponent:63 - No mode defined for component null
2026-05-01 14:35:07,462 [WARN] ModelIntegratedComponent:63 - No mode defined for component null
2026-05-01 14:35:07,462 [WARN] ModelIntegratedComponent:63 - No mode defined for component null
2026-05-01 14:35:07,462 [WARN] ModelPack:524 - Component already loaded: STMicroelectronics:HAL Drivers:0.0.0:STMicroelectronics:Device:STMicro_Driver:XSPI:HAL::0.0.1:HAL_XSPI
2026-05-01 14:35:07,813 [INFO] ThirdPartyModel:298 - Start build external matchings
2026-05-01 14:35:12,678 [INFO] ThirdPartyModel:316 - End build external matchings
2026-05-01 14:35:12,894 [INFO] ImportTextPane:234 - (OptionalMessage_ERROR) IP (RCC) : Invalid parameter (FamilyName)
2026-05-01 14:35:12,996 [INFO] UtilMem:75 - End LoadConfig() Used Memory: 822568696 Bytes (1073741824)
2026-05-01 14:35:13,009 [WARN] ThirdParty:833 - waiting for thirdparty lock release [change project]
2026-05-01 14:35:13,009 [INFO] ThirdParty:835 - entering critical section [change project]
2026-05-01 14:35:13,009 [INFO] ThirdParty:1030 - CMSIS Pack Vendor :STMicroelectronics X-CUBE-AZRTOS-H7 3.5.0
2026-05-01 14:35:13,009 [INFO] ThirdParty:1030 - CMSIS Pack Vendor :STMicroelectronics X-CUBE-PM33A1 1.0.0
2026-05-01 14:35:13,009 [INFO] ThirdParty:1030 - CMSIS Pack Vendor :STMicroelectronics USBPD 4.1
2026-05-01 14:35:13,009 [INFO] ThirdParty:1030 - CMSIS Pack Vendor :STMicroelectronics X-CUBE-GNSS1 6.0.0
2026-05-01 14:35:13,009 [INFO] ThirdParty:1030 - CMSIS Pack Vendor :STMicroelectronics USB_HOST 2.0.0
2026-05-01 14:35:13,009 [INFO] ThirdParty:1030 - CMSIS Pack Vendor :STMicroelectronics FP-SNS-MOTENVWB1 1.4.0
2026-05-01 14:35:13,009 [INFO] ThirdParty:1030 - CMSIS Pack Vendor :STMicroelectronics X-CUBE-AZRTOS-F4 1.1.0
2026-05-01 14:35:13,009 [INFO] ThirdParty:1030 - CMSIS Pack Vendor :STMicroelectronics LIBJPEG 8.0.0
2026-05-01 14:35:13,010 [INFO] ThirdParty:1030 - CMSIS Pack Vendor :STMicroelectronics FP-ATR-ASTRA1 2.0.2
2026-05-01 14:35:13,010 [INFO] ThirdParty:1030 - CMSIS Pack Vendor :Avnet-IotConnect X-CUBE-IoTC-DA16k-PMOD 1.0.0
2026-05-01 14:35:13,010 [INFO] ThirdParty:1030 - CMSIS Pack Vendor :STMicroelectronics X-CUBE-SMBUS 2.1.0
2026-05-01 14:35:13,010 [INFO] ThirdParty:1030 - CMSIS Pack Vendor :STMicroelectronics X-CUBE-ISPU 2.1.0
2026-05-01 14:35:13,010 [INFO] ThirdParty:1030 - CMSIS Pack Vendor :STMicroelectronics X-CUBE-IPS 3.2.0
2026-05-01 14:35:13,010 [INFO] ThirdParty:1030 - CMSIS Pack Vendor :STMicroelectronics eDS-WB_DPC_TT-BIDIR 2.1.1
2026-05-01 14:35:13,010 [INFO] ThirdParty:1030 - CMSIS Pack Vendor :STMicroelectronics X-CUBE-ST60 1.0.0
2026-05-01 14:35:13,010 [INFO] ThirdParty:1030 - CMSIS Pack Vendor :STMicroelectronics X-CUBE-TOUCHGFX 4.23.0
2026-05-01 14:35:13,010 [INFO] ThirdParty:1030 - CMSIS Pack Vendor :STMicroelectronics X-CUBE-NFC12 1.0.0
2026-05-01 14:35:13,010 [INFO] ThirdParty:1030 - CMSIS Pack Vendor :STMicroelectronics X-CUBE-BLEMGR 1.2.0
2026-05-01 14:35:13,010 [INFO] ThirdParty:1030 - CMSIS Pack Vendor :STMicroelectronics X-CUBE-AZRTOS-F7 1.1.0
2026-05-01 14:35:13,010 [INFO] ThirdParty:1030 - CMSIS Pack Vendor :STMicroelectronics X-CUBE-AZRTOS-L5 2.0.0
2026-05-01 14:35:13,010 [INFO] ThirdParty:1030 - CMSIS Pack Vendor :STMicroelectronics USB_DEVICE 2.0.0
2026-05-01 14:35:13,010 [INFO] ThirdParty:1030 - CMSIS Pack Vendor :STMicroelectronics X-CUBE-MEMS1 9.6.0
2026-05-01 14:35:13,010 [INFO] ThirdParty:1030 - CMSIS Pack Vendor :STMicroelectronics X-CUBE-EEPRMA1 4.2.0
2026-05-01 14:35:13,010 [INFO] ThirdParty:1030 - CMSIS Pack Vendor :STMicroelectronics X-CUBE-NFC6 3.1.0
2026-05-01 14:35:13,010 [INFO] ThirdParty:1030 - CMSIS Pack Vendor :ITTIA_DB I-CUBE-ITTIADB 8.8.0
2026-05-01 14:35:13,010 [INFO] ThirdParty:1030 - CMSIS Pack Vendor :STMicroelectronics FP-SNS-MOTENV1 4.3.2
2026-05-01 14:35:13,010 [INFO] ThirdParty:1030 - CMSIS Pack Vendor :STMicroelectronics FP-SNS-MOTENV1 4.3.1
2026-05-01 14:35:13,010 [INFO] ThirdParty:1030 - CMSIS Pack Vendor :STMicroelectronics FP-SNS-FLIGHT1 5.0.1
2026-05-01 14:35:13,010 [INFO] ThirdParty:1030 - CMSIS Pack Vendor :STMicroelectronics X-CUBE-BLE1 6.2.3
2026-05-01 14:35:13,010 [INFO] ThirdParty:1030 - CMSIS Pack Vendor :STMicroelectronics X-CUBE-BLE1 6.2.4
2026-05-01 14:35:13,010 [INFO] ThirdParty:1030 - CMSIS Pack Vendor :STMicroelectronics FP-SNS-MOTENV1 5.1.0
2026-05-01 14:35:13,010 [INFO] ThirdParty:1030 - CMSIS Pack Vendor :STMicroelectronics FreeRTOS 0.0.1
2026-05-01 14:35:13,010 [INFO] ThirdParty:1030 - CMSIS Pack Vendor :emotas I-CUBE-CANOPEN 1.1.3
2026-05-01 14:35:13,011 [INFO] ThirdParty:1030 - CMSIS Pack Vendor :STMicroelectronics X-CUBE-BLEMGR 2.0.0
2026-05-01 14:35:13,011 [INFO] ThirdParty:1030 - CMSIS Pack Vendor :STMicroelectronics eDS-WB_DPC_VIENNA 1.2.0
2026-05-01 14:35:13,011 [INFO] ThirdParty:1030 - CMSIS Pack Vendor :STMicroelectronics FP-SNS-FLIGHT1 5.0.2
2026-05-01 14:35:13,011 [INFO] ThirdParty:1030 - CMSIS Pack Vendor :STMicroelectronics X-CUBE-NFC4 2.0.5
2026-05-01 14:35:13,011 [INFO] ThirdParty:1030 - CMSIS Pack Vendor :STMicroelectronics eDS-WB_DPC_3PH2L-BIDIR 1.1.1
2026-05-01 14:35:13,011 [INFO] ThirdParty:1030 - CMSIS Pack Vendor :STMicroelectronics X-CUBE-NFC4 2.0.4
2026-05-01 14:35:13,011 [INFO] ThirdParty:1030 - CMSIS Pack Vendor :STMicroelectronics X-CUBE-AZRTOS-H7 3.1.0
2026-05-01 14:35:13,011 [INFO] ThirdParty:1030 - CMSIS Pack Vendor :STMicroelectronics PDM2PCM 3.3.0
2026-05-01 14:35:13,011 [INFO] ThirdParty:1030 - CMSIS Pack Vendor :STMicroelectronics X-CUBE-AZRTOS-H7 3.4.0
2026-05-01 14:35:13,011 [INFO] ThirdParty:1030 - CMSIS Pack Vendor :STMicroelectronics X-CUBE-DISPLAY 3.0.0
2026-05-01 14:35:13,011 [INFO] ThirdParty:1030 - CMSIS Pack Vendor :STMicroelectronics X-CUBE-GNSS1 7.1.1
2026-05-01 14:35:13,011 [INFO] ThirdParty:1030 - CMSIS Pack Vendor :STMicroelectronics FP-SNS-MOTENVWB1 1.5.0
2026-05-01 14:35:13,011 [INFO] ThirdParty:1030 - CMSIS Pack Vendor :wolfSSL I-CUBE-wolfSSL 5.5.3
2026-05-01 14:35:13,011 [INFO] ThirdParty:1030 - CMSIS Pack Vendor :STMicroelectronics X-CUBE-BLE1 7.0.0
2026-05-01 14:35:13,011 [INFO] ThirdParty:1030 - CMSIS Pack Vendor :STMicroelectronics X-CUBE-NFC10 1.0.0
2026-05-01 14:35:13,011 [INFO] ThirdParty:1030 - CMSIS Pack Vendor :STMicroelectronics X-CUBE-BLEMGR 4.0.0
2026-05-01 14:35:13,011 [INFO] ThirdParty:1030 - CMSIS Pack Vendor :STMicroelectronics X-CUBE-FREERTOS 1.3.1
2026-05-01 14:35:13,011 [INFO] ThirdParty:1030 - CMSIS Pack Vendor :STMicroelectronics HAL Drivers 0.0.0
2026-05-01 14:35:13,011 [INFO] ThirdParty:1030 - CMSIS Pack Vendor :STMicroelectronics X-CUBE-ST60 1.1.0
2026-05-01 14:35:13,011 [INFO] ThirdParty:1030 - CMSIS Pack Vendor :STMicroelectronics X-CUBE-TOUCHGFX 4.22.0
2026-05-01 14:35:13,011 [INFO] ThirdParty:1030 - CMSIS Pack Vendor :STMicroelectronics X-CUBE-NFC7 1.0.1
2026-05-01 14:35:13,011 [INFO] ThirdParty:1030 - CMSIS Pack Vendor :STMicroelectronics MBEDTLS 2.14.1
2026-05-01 14:35:13,011 [INFO] ThirdParty:1030 - CMSIS Pack Vendor :STMicroelectronics X-CUBE-GNSS1 7.1.0
2026-05-01 14:35:13,011 [INFO] ThirdParty:1030 - CMSIS Pack Vendor :STMicroelectronics X-CUBE-NFC7 1.0.0
2026-05-01 14:35:13,011 [INFO] ThirdParty:1030 - CMSIS Pack Vendor :STMicroelectronics X-CUBE-TOUCHGFX 4.22.1
2026-05-01 14:35:13,011 [INFO] ThirdParty:1030 - CMSIS Pack Vendor :STMicroelectronics X-CUBE-TOUCHGFX 4.26.0
2026-05-01 14:35:13,011 [INFO] ThirdParty:1030 - CMSIS Pack Vendor :STMicroelectronics X-CUBE-NFC6 3.0.0
2026-05-01 14:35:13,013 [INFO] ThirdParty:1030 - CMSIS Pack Vendor :STMicroelectronics X-CUBE-MEMS1 9.3.0
2026-05-01 14:35:13,013 [INFO] ThirdParty:1030 - CMSIS Pack Vendor :STMicroelectronics X-CUBE-TOUCHGFX 4.26.1
2026-05-01 14:35:13,013 [INFO] ThirdParty:1030 - CMSIS Pack Vendor :STMicroelectronics X-CUBE-EEPRMA1 4.1.0
2026-05-01 14:35:13,013 [INFO] ThirdParty:1030 - CMSIS Pack Vendor :quantropi X-CUBE-qispace-sdk-base 2.0.0
2026-05-01 14:35:13,013 [INFO] ThirdParty:1030 - CMSIS Pack Vendor :STMicroelectronics X-CUBE-AI 10.0.0
2026-05-01 14:35:13,013 [INFO] ThirdParty:1030 - CMSIS Pack Vendor :STMicroelectronics FP-SNS-STBOX1 2.1.0
2026-05-01 14:35:13,013 [INFO] ThirdParty:1030 - CMSIS Pack Vendor :STMicroelectronics FP-SNS-STAIOTCFT 1.0.0
2026-05-01 14:35:13,013 [INFO] ThirdParty:1030 - CMSIS Pack Vendor :STMicroelectronics FP-SNS-SMARTAG2 1.2.0
2026-05-01 14:35:13,013 [INFO] ThirdParty:1030 - CMSIS Pack Vendor :STMicroelectronics FP-SNS-FLIGHT1 5.1.0
2026-05-01 14:35:13,013 [INFO] ThirdParty:1030 - CMSIS Pack Vendor :STMicroelectronics X-CUBE-AZRTOS-WL 2.0.0
2026-05-01 14:35:13,013 [INFO] ThirdParty:1030 - CMSIS Pack Vendor :STMicroelectronics X-CUBE-DPower 1.3.0
2026-05-01 14:35:13,013 [INFO] ThirdParty:1030 - CMSIS Pack Vendor :STMicroelectronics FP-SNS-MOTENV1 5.0.0
2026-05-01 14:35:13,013 [INFO] ThirdParty:1030 - CMSIS Pack Vendor :STMicroelectronics USB_DEVICE 1.0.0
2026-05-01 14:35:13,013 [INFO] ThirdParty:1030 - CMSIS Pack Vendor :STMicroelectronics X-CUBE-AZRTOS-H7RS 1.2.0
2026-05-01 14:35:13,013 [INFO] ThirdParty:1030 - CMSIS Pack Vendor :STMicroelectronics X-CUBE-AI 8.1.0
2026-05-01 14:35:13,013 [INFO] ThirdParty:1030 - CMSIS Pack Vendor :STMicroelectronics X-CUBE-AZRTOS-L4 2.0.0
2026-05-01 14:35:13,013 [INFO] ThirdParty:1030 - CMSIS Pack Vendor :STMicroelectronics ThreadX 0.0.2
2026-05-01 14:35:13,013 [INFO] ThirdParty:1030 - CMSIS Pack Vendor :WES I-CUBE-Cesium 1.3.0
2026-05-01 14:35:13,013 [INFO] ThirdParty:1030 - CMSIS Pack Vendor :STMicroelectronics lwIP 2.1.2
2026-05-01 14:35:13,013 [INFO] ThirdParty:1030 - CMSIS Pack Vendor :STMicroelectronics X-CUBE-SFXS2LP1 4.0.0
2026-05-01 14:35:13,013 [INFO] ThirdParty:1030 - CMSIS Pack Vendor :STMicroelectronics X-CUBE-BLE2 3.3.0
2026-05-01 14:35:13,013 [INFO] ThirdParty:1030 - CMSIS Pack Vendor :Avnet-IOTCONNECT X-CUBE-iotc-st67-sdk 1.0.0
2026-05-01 14:35:13,013 [INFO] ThirdParty:1030 - CMSIS Pack Vendor :STMicroelectronics X-CUBE-DISPLAY 2.2.0
2026-05-01 14:35:13,013 [INFO] ThirdParty:1030 - CMSIS Pack Vendor :STMicroelectronics X-CUBE-TOF1 3.2.0
2026-05-01 14:35:13,013 [INFO] ThirdParty:1030 - CMSIS Pack Vendor :STMicroelectronics PDM2PCM 3.2.0
2026-05-01 14:35:13,013 [INFO] ThirdParty:1030 - CMSIS Pack Vendor :STMicroelectronics X-CUBE-AZRTOS-H7 3.0.0
2026-05-01 14:35:13,013 [INFO] ThirdParty:1030 - CMSIS Pack Vendor :STMicroelectronics X-CUBE-WB05N 2.1.0
2026-05-01 14:35:13,013 [INFO] ThirdParty:1030 - CMSIS Pack Vendor :STMicroelectronics X-CUBE-ST67W61 1.2.0
2026-05-01 14:35:13,013 [INFO] ThirdParty:1030 - CMSIS Pack Vendor :STMicroelectronics X-CUBE-ISPU 1.1.0
2026-05-01 14:35:13,013 [INFO] ThirdParty:1030 - CMSIS Pack Vendor :STMicroelectronics X-CUBE-AZRTOS-H7 3.3.0
2026-05-01 14:35:13,014 [INFO] ThirdParty:1030 - CMSIS Pack Vendor :RoweBots I-CUBE-UNISONRTOS 5.5.0-4
2026-05-01 14:35:13,014 [INFO] ThirdParty:1030 - CMSIS Pack Vendor :STMicroelectronics X-CUBE-NFC9 1.0.0
2026-05-01 14:35:13,014 [INFO] ThirdParty:1030 - CMSIS Pack Vendor :STMicroelectronics X-CUBE-AZRTOS-H7 2.1.0
2026-05-01 14:35:13,014 [INFO] ThirdParty:1030 - CMSIS Pack Vendor :STMicroelectronics X-CUBE-BLE1 7.1.0
2026-05-01 14:35:13,014 [INFO] ThirdParty:1030 - CMSIS Pack Vendor :wolfSSL I-CUBE-wolfMQTT 1.19.2
2026-05-01 14:35:13,014 [INFO] ThirdParty:1030 - CMSIS Pack Vendor :STMicroelectronics USB_DEVICE 3.0.0
2026-05-01 14:35:13,014 [INFO] ThirdParty:1030 - CMSIS Pack Vendor :STMicroelectronics X-CUBE-FREERTOS 1.4.0
2026-05-01 14:35:13,014 [INFO] ThirdParty:1030 - CMSIS Pack Vendor :STMicroelectronics X-CUBE-EEPRMA1 5.2.0
2026-05-01 14:35:13,014 [INFO] ThirdParty:1030 - CMSIS Pack Vendor :STMicroelectronics X-CUBE-BLEMGR 4.1.0
2026-05-01 14:35:13,014 [INFO] ThirdParty:1030 - CMSIS Pack Vendor :STMicroelectronics X-CUBE-AI 8.0.0
2026-05-01 14:35:13,014 [INFO] ThirdParty:1030 - CMSIS Pack Vendor :STMicroelectronics X-CUBE-AZRTOS-WB 2.0.0
2026-05-01 14:35:13,014 [INFO] ThirdParty:1030 - CMSIS Pack Vendor :STMicroelectronics X-CUBE-FREERTOS 1.0.1
2026-05-01 14:35:13,014 [INFO] ThirdParty:1030 - CMSIS Pack Vendor :STMicroelectronics X-CUBE-TOUCHGFX 4.21.0
2026-05-01 14:35:13,014 [INFO] ThirdParty:1030 - CMSIS Pack Vendor :STMicroelectronics X-CUBE-GNSS1 7.0.1
2026-05-01 14:35:13,014 [INFO] ThirdParty:1030 - CMSIS Pack Vendor :STMicroelectronics X-CUBE-TOUCHGFX 4.21.3
2026-05-01 14:35:13,014 [INFO] ThirdParty:1030 - CMSIS Pack Vendor :STMicroelectronics X-CUBE-TOUCHGFX 4.21.4
2026-05-01 14:35:13,014 [INFO] ThirdParty:1030 - CMSIS Pack Vendor :STMicroelectronics X-CUBE-TOUCHGFX 4.25.0
2026-05-01 14:35:13,014 [INFO] ThirdParty:1030 - CMSIS Pack Vendor :STMicroelectronics X-CUBE-MEMS1 9.4.0
2026-05-01 14:35:13,014 [INFO] ThirdParty:1030 - CMSIS Pack Vendor :STMicroelectronics X-CUBE-AI 7.3.0
2026-05-01 14:35:13,014 [INFO] ThirdParty:1030 - CMSIS Pack Vendor :STMicroelectronics X-CUBE-ST67W61 1.1.0
2026-05-01 14:35:13,014 [INFO] ThirdParty:1030 - CMSIS Pack Vendor :STMicroelectronics X-CUBE-AI 10.1.0
2026-05-01 14:35:13,014 [INFO] ThirdParty:1030 - CMSIS Pack Vendor :STMicroelectronics FP-SNS-STBOX1 2.0.0
2026-05-01 14:35:13,014 [INFO] ThirdParty:1030 - CMSIS Pack Vendor :STMicroelectronics FP-SNS-STAIOTCFT 1.1.0
2026-05-01 14:35:13,014 [INFO] ThirdParty:1030 - CMSIS Pack Vendor :STMicroelectronics X-CUBE-MEMS1 12.0.0
2026-05-01 14:35:13,014 [INFO] ThirdParty:1030 - CMSIS Pack Vendor :STMicroelectronics X-CUBE-ALGOBUILD 1.3.0
2026-05-01 14:35:13,014 [INFO] ThirdParty:1030 - CMSIS Pack Vendor :STMicroelectronics X-CUBE-STSE01 2.0.0
2026-05-01 14:35:13,014 [INFO] ThirdParty:1030 - CMSIS Pack Vendor :STMicroelectronics X-CUBE-AZRTOS-L5 1.1.0
2026-05-01 14:35:13,014 [INFO] ThirdParty:1030 - CMSIS Pack Vendor :STMicroelectronics X-CUBE-MEMS1 11.2.0
2026-05-01 14:35:13,014 [INFO] ThirdParty:1030 - CMSIS Pack Vendor :STMicroelectronics X-CUBE-AZRTOS-G0 1.1.0
2026-05-01 14:35:13,014 [INFO] ThirdParty:1030 - CMSIS Pack Vendor :STMicroelectronics X-CUBE-AI 8.0.1
2026-05-01 14:35:13,014 [INFO] ThirdParty:1030 - CMSIS Pack Vendor :STMicroelectronics X-CUBE-SAFEA1 1.2.2
2026-05-01 14:35:13,014 [INFO] ThirdParty:1030 - CMSIS Pack Vendor :STMicroelectronics X-CUBE-NFC4 3.0.0
2026-05-01 14:35:13,014 [INFO] ThirdParty:1030 - CMSIS Pack Vendor :STMicroelectronics X-CUBE-SUBG2 5.0.0
2026-05-01 14:35:13,014 [INFO] ThirdParty:1030 - CMSIS Pack Vendor :STMicroelectronics X-CUBE-AZRTOS-H7RS 1.1.0
2026-05-01 14:35:13,014 [INFO] ThirdParty:1030 - CMSIS Pack Vendor :STMicroelectronics STM32_WPAN 1.0.0
2026-05-01 14:35:13,014 [INFO] ThirdParty:1030 - CMSIS Pack Vendor :SEGGER I-CUBE-embOS 1.2.1
2026-05-01 14:35:13,014 [INFO] ThirdParty:1030 - CMSIS Pack Vendor :EmbeddedOffice I-CUBE-FS-RTOS 1.0.1
2026-05-01 14:35:13,014 [INFO] ThirdParty:1030 - CMSIS Pack Vendor :STMicroelectronics lwIP 2.0.3
2026-05-01 14:35:13,014 [INFO] ThirdParty:1030 - CMSIS Pack Vendor :Cesanta I-CUBE-Mongoose 7.13.0
2026-05-01 14:35:13,014 [INFO] ThirdParty:1030 - CMSIS Pack Vendor :STMicroelectronics USB_HOST 1.0.0
2026-05-01 14:35:13,014 [INFO] ThirdParty:1030 - CMSIS Pack Vendor :STMicroelectronics X-CUBE-TOF1 3.3.1
2026-05-01 14:35:13,014 [INFO] ThirdParty:1030 - CMSIS Pack Vendor :STMicroelectronics X-CUBE-AZRTOS-G4 2.0.0
2026-05-01 14:35:13,014 [INFO] ThirdParty:1030 - CMSIS Pack Vendor :STMicroelectronics X-CUBE-WB05N 2.0.0
2026-05-01 14:35:13,014 [INFO] ThirdParty:1030 - CMSIS Pack Vendor :STMicroelectronics PDM2PCM 3.1.0
2026-05-01 14:35:13,014 [INFO] ThirdParty:1030 - CMSIS Pack Vendor :STMicroelectronics X-CUBE-TOF1 3.3.0
2026-05-01 14:35:13,014 [INFO] ThirdParty:1030 - CMSIS Pack Vendor :STMicroelectronics FP-ATR-ASTRA1 1.1.1
2026-05-01 14:35:13,014 [INFO] ThirdParty:1030 - CMSIS Pack Vendor :Infineon AIROC-Wi-Fi-Bluetooth-STM32 1.5.1
2026-05-01 14:35:13,014 [INFO] ThirdParty:1030 - CMSIS Pack Vendor :STMicroelectronics X-CUBE-BLEMGR 3.0.0
2026-05-01 14:35:13,014 [INFO] ThirdParty:1030 - CMSIS Pack Vendor :wolfSSL I-CUBE-wolfTPM 3.8.0
2026-05-01 14:35:13,014 [INFO] ThirdParty:1030 - CMSIS Pack Vendor :STMicroelectronics X-CUBE-BLEMGR 1.3.0
2026-05-01 14:35:13,014 [INFO] ThirdParty:1030 - CMSIS Pack Vendor :wolfSSL I-CUBE-wolfSSH 1.4.20
2026-05-01 14:35:13,014 [INFO] ThirdParty:1030 - CMSIS Pack Vendor :STMicroelectronics FP-SNS-MOTENVWB1 1.3.0
2026-05-01 14:35:13,014 [INFO] ThirdParty:1030 - CMSIS Pack Vendor :STMicroelectronics X-CUBE-NFC7 2.0.0
2026-05-01 14:35:13,014 [INFO] ThirdParty:1030 - CMSIS Pack Vendor :STMicroelectronics X-CUBE-TCPP 4.2.0
2026-05-01 14:35:13,014 [INFO] ThirdParty:1030 - CMSIS Pack Vendor :RealThread X-CUBE-RT-Thread_Nano 4.1.1
2026-05-01 14:35:13,014 [INFO] ThirdParty:1030 - CMSIS Pack Vendor :STMicroelectronics FP-SNS-MOTENVWB1 1.3.1
2026-05-01 14:35:13,014 [INFO] ThirdParty:1030 - CMSIS Pack Vendor :STMicroelectronics FP-ATR-SIGFOX1 3.2.0
2026-05-01 14:35:13,014 [INFO] ThirdParty:1030 - CMSIS Pack Vendor :STMicroelectronics X-CUBE-AZRTOS-G4 1.0.0
2026-05-01 14:35:13,014 [INFO] ThirdParty:1030 - CMSIS Pack Vendor :STMicroelectronics X-CUBE-AZRTOS-L4 1.0.0
2026-05-01 14:35:13,014 [INFO] ThirdParty:1030 - CMSIS Pack Vendor :STMicroelectronics X-CUBE-ISPU 2.0.0
2026-05-01 14:35:13,014 [INFO] ThirdParty:1030 - CMSIS Pack Vendor :STMicroelectronics X-CUBE-EEPRMA1 5.1.0
2026-05-01 14:35:13,014 [INFO] ThirdParty:1030 - CMSIS Pack Vendor :STMicroelectronics X-CUBE-FREERTOS 1.5.0
2026-05-01 14:35:13,014 [INFO] ThirdParty:1030 - CMSIS Pack Vendor :STMicroelectronics MBEDTLS 2.16.2
2026-05-01 14:35:13,014 [INFO] ThirdParty:1030 - CMSIS Pack Vendor :STMicroelectronics X-CUBE-IPS 3.1.0
2026-05-01 14:35:13,015 [INFO] ThirdParty:1030 - CMSIS Pack Vendor :STMicroelectronics X-CUBE-ALS 1.0.2
2026-05-01 14:35:13,015 [INFO] ThirdParty:1030 - CMSIS Pack Vendor :STMicroelectronics X-CUBE-TOUCHGFX 4.20.0
2026-05-01 14:35:13,015 [INFO] ThirdParty:1030 - CMSIS Pack Vendor :STMicroelectronics X-CUBE-MEMS1 10.0.0
2026-05-01 14:35:13,015 [INFO] ThirdParty:1030 - CMSIS Pack Vendor :STMicroelectronics X-CUBE-FREERTOS 1.1.0
2026-05-01 14:35:13,015 [INFO] ThirdParty:1030 - CMSIS Pack Vendor :STMicroelectronics X-CUBE-AZRTOS-WL 1.0.0
2026-05-01 14:35:13,015 [INFO] ThirdParty:1030 - CMSIS Pack Vendor :STMicroelectronics X-CUBE-STSE01 1.0.0
2026-05-01 14:35:13,015 [INFO] ThirdParty:1030 - CMSIS Pack Vendor :portGmbH I-Cube-SoM-uGOAL 1.1.0
2026-05-01 14:35:13,015 [INFO] ThirdParty:1030 - CMSIS Pack Vendor :STMicroelectronics X-CUBE-ALS 1.0.1
2026-05-01 14:35:13,015 [INFO] ThirdParty:1030 - CMSIS Pack Vendor :STMicroelectronics X-CUBE-NFC6 3.2.0
2026-05-01 14:35:13,015 [INFO] ThirdParty:1030 - CMSIS Pack Vendor :STMicroelectronics X-CUBE-MEMS1 9.5.0
2026-05-01 14:35:13,015 [INFO] ThirdParty:1030 - CMSIS Pack Vendor :STMicroelectronics X-CUBE-ST67W61 1.0.0
2026-05-01 14:35:13,015 [INFO] ThirdParty:1030 - CMSIS Pack Vendor :STMicroelectronics X-CUBE-AI 10.2.0
2026-05-01 14:35:13,015 [INFO] ThirdParty:1030 - CMSIS Pack Vendor :STMicroelectronics ThreadX 1.0.0
2026-05-01 14:35:13,015 [INFO] ThirdParty:1030 - CMSIS Pack Vendor :STMicroelectronics X-CUBE-MEMS1 12.1.0
2026-05-01 14:35:13,015 [INFO] ThirdParty:1030 - CMSIS Pack Vendor :STMicroelectronics X-CUBE-AZRTOS-WB 1.1.0
2026-05-01 14:35:13,015 [INFO] ThirdParty:1030 - CMSIS Pack Vendor :SEGGER I-CUBE-embOS 1.3.1
2026-05-01 14:35:13,015 [INFO] ThirdParty:1030 - CMSIS Pack Vendor :STMicroelectronics X-CUBE-ALGOBUILD 1.4.0
2026-05-01 14:35:13,015 [INFO] ThirdParty:1030 - CMSIS Pack Vendor :STMicroelectronics X-CUBE-MEMS1 11.3.0
2026-05-01 14:35:13,015 [INFO] ThirdParty:1030 - CMSIS Pack Vendor :STMicroelectronics X-CUBE-AZRTOS-L5 1.0.0
2026-05-01 14:35:13,015 [INFO] ThirdParty:1030 - CMSIS Pack Vendor :STMicroelectronics X-CUBE-EEPRMA1 3.1.1
2026-05-01 14:35:13,015 [INFO] ThirdParty:1030 - CMSIS Pack Vendor :STMicroelectronics FP-ATR-ASTRA1 2.0.0
2026-05-01 14:35:13,015 [INFO] ThirdParty:1030 - CMSIS Pack Vendor :STMicroelectronics X-CUBE-TOF1 3.4.3
2026-05-01 14:35:13,015 [INFO] ThirdParty:1030 - CMSIS Pack Vendor :STMicroelectronics X-CUBE-TOF1 3.4.0
2026-05-01 14:35:13,015 [INFO] ThirdParty:1030 - CMSIS Pack Vendor :STMicroelectronics X-CUBE-AZRTOS-H7 3.2.0
2026-05-01 14:35:13,015 [INFO] ThirdParty:841 - exiting critical section [change project]
2026-05-01 14:35:13,133 [INFO] PinOutPanel:1589 - setPackage(No Configuration,No Configuration)
2026-05-01 14:35:13,134 [INFO] PinOutPanel:1589 - setPackage(STM32F030C8Tx,LQFP48)
2026-05-01 14:35:13,651 [INFO] UtilMem:75 - Before build in PCC Used Memory: 825229512 Bytes (1073741824)
2026-05-01 14:35:13,974 [INFO] UtilMem:75 - After build in PCC Used Memory: 868221128 Bytes (1073741824)
2026-05-01 14:35:13,989 [INFO] IPUIPlugin:80 - create IPUIPlugin
2026-05-01 14:35:13,989 [INFO] IPUIPlugin:80 - create IPUIPlugin
2026-05-01 14:35:13,989 [INFO] IPUIPlugin:80 - create IPUIPlugin
2026-05-01 14:35:13,989 [INFO] IPUIPlugin:80 - create IPUIPlugin
2026-05-01 14:35:13,989 [INFO] IPUIPlugin:80 - create IPUIPlugin
2026-05-01 14:35:13,989 [INFO] IPUIPlugin:80 - create IPUIPlugin
2026-05-01 14:35:13,989 [INFO] IPUIPlugin:80 - create IPUIPlugin
2026-05-01 14:35:13,989 [INFO] IPUIPlugin:80 - create IPUIPlugin
2026-05-01 14:35:13,990 [INFO] IPUIPlugin:80 - create IPUIPlugin
2026-05-01 14:35:13,990 [INFO] IPUIPlugin:80 - create IPUIPlugin
2026-05-01 14:35:13,990 [INFO] IPUIPlugin:80 - create IPUIPlugin
2026-05-01 14:35:13,990 [INFO] IPUIPlugin:80 - create IPUIPlugin
2026-05-01 14:35:13,990 [INFO] IPUIPlugin:80 - create IPUIPlugin
2026-05-01 14:35:13,990 [INFO] IPUIPlugin:80 - create IPUIPlugin
2026-05-01 14:35:13,990 [INFO] IPUIPlugin:80 - create IPUIPlugin
2026-05-01 14:35:13,990 [INFO] IPUIPlugin:80 - create IPUIPlugin
2026-05-01 14:35:13,991 [INFO] IPUIPlugin:80 - create IPUIPlugin
2026-05-01 14:35:13,991 [INFO] IPUIPlugin:80 - create IPUIPlugin
2026-05-01 14:35:13,991 [INFO] IPUIPlugin:80 - create IPUIPlugin
2026-05-01 14:35:13,991 [INFO] IPUIPlugin:80 - create IPUIPlugin
2026-05-01 14:35:13,991 [INFO] IPUIPlugin:80 - create IPUIPlugin
2026-05-01 14:35:13,991 [INFO] IPUIPlugin:80 - create IPUIPlugin
2026-05-01 14:35:13,991 [INFO] IPUIPlugin:80 - create IPUIPlugin
2026-05-01 14:35:13,991 [INFO] IPUIPlugin:80 - create IPUIPlugin
2026-05-01 14:35:13,991 [INFO] IPUIPlugin:80 - create IPUIPlugin
2026-05-01 14:35:13,993 [INFO] IPUIPlugin:80 - create IPUIPlugin
2026-05-01 14:35:14,042 [INFO] CADModel:165 - CPN selected for project levelSTM32F030C8T6
2026-05-01 14:35:14,042 [INFO] CADModel:114 - Register for checkConnection events
2026-05-01 14:35:14,091 [INFO] OpenFileManager:386 - Restore cursor
2026-05-01 15:06:02,288 [INFO] WebApp:194 - Connection lost
2026-05-01 15:06:14,210 [INFO] WebApp:191 - Connection restablished
2026-05-01 15:06:18,408 [INFO] WebApp:194 - Connection lost
2026-05-01 15:06:18,749 [INFO] WebApp:191 - Connection restablished
2026-05-01 15:06:21,627 [INFO] WebApp:194 - Connection lost
2026-05-01 15:06:21,957 [INFO] WebApp:191 - Connection restablished
2026-05-01 15:07:58,662 [INFO] WebApp:194 - Connection lost
2026-05-01 15:07:58,994 [INFO] WebApp:191 - Connection restablished
2026-05-01 15:33:00,809 [INFO] WebApp:194 - Connection lost
2026-05-01 15:33:00,924 [INFO] WebApp:191 - Connection restablished
2026-05-01 17:11:42,688 [INFO] WebApp:194 - Connection lost
2026-05-01 17:11:44,923 [INFO] WebApp:191 - Connection restablished
2026-05-01 17:11:46,125 [INFO] WebApp:194 - Connection lost
2026-05-01 17:11:46,263 [INFO] WebApp:191 - Connection restablished
2026-05-01 20:23:28,554 [INFO] WebApp:194 - Connection lost
2026-05-01 20:23:28,838 [INFO] WebApp:191 - Connection restablished
2026-05-01 20:23:30,050 [INFO] WebApp:194 - Connection lost
2026-05-01 20:23:30,154 [INFO] WebApp:191 - Connection restablished
2026-05-01 20:23:31,153 [INFO] WebApp:194 - Connection lost
2026-05-01 20:23:31,255 [INFO] WebApp:191 - Connection restablished
2026-05-01 20:23:33,192 [INFO] WebApp:194 - Connection lost
2026-05-01 20:23:33,294 [INFO] WebApp:191 - Connection restablished
2026-05-01 20:23:36,269 [INFO] WebApp:194 - Connection lost
2026-05-01 20:23:36,649 [INFO] WebApp:191 - Connection restablished
2026-05-01 20:23:39,635 [INFO] WebApp:194 - Connection lost
2026-05-01 20:23:39,927 [INFO] WebApp:191 - Connection restablished
2026-05-01 20:25:14,937 [INFO] WebApp:194 - Connection lost
2026-05-01 20:25:15,298 [INFO] WebApp:191 - Connection restablished
2026-05-01 20:27:55,081 [ERROR] LogOutputStream:75 - [STDERR_REDIRECT] 
2026-05-01 20:46:58,415 [INFO] Activator:176 - 


2026-05-01 20:46:58,416 [INFO] Activator:177 - !SESSION log4j initialized
2026-05-01 20:47:02,294 [INFO] LogOutputStream:77 - [STDOUT_REDIRECT] 
2026-05-01 20:47:08,344 [INFO] ApplicationProperties:184 - Using Application install path: C:\ST\STM32CubeIDE_1.13.0\STM32CubeIDE\plugins\com.st.stm32cube.common.mx_6.15.0.202507011659
2026-05-01 20:47:08,361 [INFO] DbMcusXml:78 - Set database path to: C:\ST\STM32CubeIDE_1.13.0\STM32CubeIDE\plugins\com.st.stm32cube.common.mx_6.15.0.202507011659\\db\/mcu/
2026-05-01 20:47:08,361 [INFO] ApiDb:274 - Set plugin database path to: C:\ST\STM32CubeIDE_1.13.0\STM32CubeIDE\plugins\com.st.stm32cube.common.mx_6.15.0.202507011659\\db\/plugins/boardmanager/
2026-05-01 20:47:08,361 [WARN] ApiDb:259 - Overriding images path with different value:  => C:\ST\STM32CubeIDE_1.13.0\STM32CubeIDE\plugins\com.st.stm32cube.common.mx_6.15.0.202507011659\\db\/plugins/mcufinder/images/
2026-05-01 20:47:08,368 [INFO] ApiDb:250 - Set database path to: C:\Users\Евгений\.stmcufinder\plugins\mcufinder//mcu/
2026-05-01 20:47:08,369 [INFO] DbMcusAds:125 - Set database path to: C:\Users\Евгений\.stmcufinder\plugins\mcufinder//mcu/
2026-05-01 20:47:08,370 [INFO] CrossReferenceDbSqlite:203 - Set database path to: C:\Users\Евгений\.stmcufinder\plugins\mcufinder//mcu/cs/
2026-05-01 20:47:08,458 [INFO] RulesReader:64 - Compatibility file has been processed (317 Rules)
2026-05-01 20:47:08,530 [INFO] DbMcusXml:78 - Set database path to: C:\ST\STM32CubeIDE_1.13.0\STM32CubeIDE\plugins\com.st.stm32cube.common.mx_6.15.0.202507011659\\db\/mcu/
2026-05-01 20:47:08,530 [INFO] ApiDb:274 - Set plugin database path to: C:\ST\STM32CubeIDE_1.13.0\STM32CubeIDE\plugins\com.st.stm32cube.common.mx_6.15.0.202507011659\\db\/plugins/boardmanager/
2026-05-01 20:47:08,531 [INFO] ApiDb:261 - Set plugin images path to: C:\ST\STM32CubeIDE_1.13.0\STM32CubeIDE\plugins\com.st.stm32cube.common.mx_6.15.0.202507011659\\db\/plugins/mcufinder/images/
2026-05-01 20:47:08,531 [WARN] DbFile:41 - Overriding database path with different value: C:\Users\Евгений\.stmcufinder\plugins\mcufinder/ => C:\Users\Евгений\.stmcufinder\plugins\mcufinder
2026-05-01 20:47:08,531 [INFO] ApiDb:250 - Set database path to: C:\Users\Евгений\.stmcufinder\plugins\mcufinder//mcu/
2026-05-01 20:47:08,531 [WARN] DbFile:41 - Overriding database path with different value: C:\Users\Евгений\.stmcufinder\plugins\mcufinder/ => C:\Users\Евгений\.stmcufinder\plugins\mcufinder
2026-05-01 20:47:08,531 [INFO] DbMcusAds:125 - Set database path to: C:\Users\Евгений\.stmcufinder\plugins\mcufinder//mcu/
2026-05-01 20:47:08,531 [WARN] DbFile:41 - Overriding database path with different value: C:\Users\Евгений\.stmcufinder\plugins\mcufinder/ => C:\Users\Евгений\.stmcufinder\plugins\mcufinder
2026-05-01 20:47:08,531 [WARN] DbFile:41 - Overriding database path with different value: C:\Users\Евгений\.stmcufinder\plugins\mcufinder/ => C:\Users\Евгений\.stmcufinder\plugins\mcufinder
2026-05-01 20:47:08,531 [INFO] CrossReferenceDbSqlite:203 - Set database path to: C:\Users\Евгений\.stmcufinder\plugins\mcufinder//mcu/cs/
2026-05-01 20:47:08,614 [INFO] MainPanel:274 - HeapMemory: 268435456
2026-05-01 20:47:08,712 [INFO] DbMcusXml:78 - Set database path to: C:\ST\STM32CubeIDE_1.13.0\STM32CubeIDE\plugins\com.st.stm32cube.common.mx_6.15.0.202507011659\\db\/mcu/
2026-05-01 20:47:08,712 [INFO] ApiDb:274 - Set plugin database path to: C:\ST\STM32CubeIDE_1.13.0\STM32CubeIDE\plugins\com.st.stm32cube.common.mx_6.15.0.202507011659\\db\/plugins/boardmanager/
2026-05-01 20:47:08,712 [INFO] ApiDb:261 - Set plugin images path to: C:\ST\STM32CubeIDE_1.13.0\STM32CubeIDE\plugins\com.st.stm32cube.common.mx_6.15.0.202507011659\\db\/plugins/mcufinder/images/
2026-05-01 20:47:08,713 [WARN] DbFile:41 - Overriding database path with different value: C:\Users\Евгений\.stmcufinder\plugins\mcufinder/ => C:\Users\Евгений\.stmcufinder\plugins\mcufinder
2026-05-01 20:47:08,713 [INFO] ApiDb:250 - Set database path to: C:\Users\Евгений\.stmcufinder\plugins\mcufinder//mcu/
2026-05-01 20:47:08,713 [WARN] DbFile:41 - Overriding database path with different value: C:\Users\Евгений\.stmcufinder\plugins\mcufinder/ => C:\Users\Евгений\.stmcufinder\plugins\mcufinder
2026-05-01 20:47:08,713 [INFO] DbMcusAds:125 - Set database path to: C:\Users\Евгений\.stmcufinder\plugins\mcufinder//mcu/
2026-05-01 20:47:08,713 [WARN] DbFile:41 - Overriding database path with different value: C:\Users\Евгений\.stmcufinder\plugins\mcufinder/ => C:\Users\Евгений\.stmcufinder\plugins\mcufinder
2026-05-01 20:47:08,713 [WARN] DbFile:41 - Overriding database path with different value: C:\Users\Евгений\.stmcufinder\plugins\mcufinder/ => C:\Users\Евгений\.stmcufinder\plugins\mcufinder
2026-05-01 20:47:08,713 [INFO] CrossReferenceDbSqlite:203 - Set database path to: C:\Users\Евгений\.stmcufinder\plugins\mcufinder//mcu/cs/
2026-05-01 20:47:08,727 [INFO] ApplicationProperties:184 - Using Application install path: C:\ST\STM32CubeIDE_1.13.0\STM32CubeIDE\plugins\com.st.stm32cube.common.mx_6.15.0.202507011659
2026-05-01 20:47:08,728 [INFO] PluginManage:196 - Search for loadable plugins [exclusion list=, ]
2026-05-01 20:47:08,730 [INFO] PluginManage:310 - Check plugin analytics
2026-05-01 20:47:13,818 [INFO] AnalyticsPlugin:253 - Accepted Software Licenses: STM32CubeMX.6.9.0,STM32CubeMX.6.6.1,STM32CubeMX.6.10.0
2026-05-01 20:47:13,818 [INFO] AnalyticsPlugin:255 - Accepted CMSIS Pack Licenses: 
2026-05-01 20:47:13,818 [INFO] AnalyticsPlugin:257 - Accepted Firmware Licenses: FW.F4.1.28.0
2026-05-01 20:47:13,820 [INFO] PluginManage:359 - Loaded plugin analytics (category:tool,tabindex:-1)
2026-05-01 20:47:13,820 [INFO] PluginManage:310 - Check plugin cadmodel
2026-05-01 20:47:13,823 [INFO] CADModel:105 - Init CAD model plugin
2026-05-01 20:47:13,824 [INFO] PluginManage:359 - Loaded plugin cadmodel (category:power,tabindex:5)
2026-05-01 20:47:13,824 [INFO] PluginManage:310 - Check plugin clock
2026-05-01 20:47:13,830 [INFO] PluginManage:359 - Loaded plugin clock (category:base,tabindex:2)
2026-05-01 20:47:13,830 [INFO] PluginManage:310 - Check plugin ddr
2026-05-01 20:47:13,832 [INFO] PluginManage:359 - Loaded plugin ddr (category:tool,tabindex:6)
2026-05-01 20:47:13,832 [INFO] PluginManage:310 - Check plugin filemanager
2026-05-01 20:47:13,953 [INFO] PluginManage:359 - Loaded plugin filemanager (category:base,tabindex:10)
2026-05-01 20:47:13,953 [INFO] PluginManage:310 - Check plugin ipmanager
2026-05-01 20:47:13,960 [INFO] PluginManage:359 - Loaded plugin ipmanager (category:base,tabindex:5)
2026-05-01 20:47:13,960 [INFO] PluginManage:310 - Check plugin lpbam
2026-05-01 20:47:13,966 [INFO] PluginManage:359 - Loaded plugin lpbam (category:base,tabindex:0)
2026-05-01 20:47:13,966 [INFO] PluginManage:310 - Check plugin memorymap
2026-05-01 20:47:13,976 [INFO] PluginManage:359 - Loaded plugin memorymap (category:base,tabindex:4)
2026-05-01 20:47:13,976 [INFO] PluginManage:310 - Check plugin pinoutandconfiguration
2026-05-01 20:47:13,981 [INFO] PluginManage:359 - Loaded plugin pinoutandconfiguration (category:base,tabindex:1)
2026-05-01 20:47:13,983 [INFO] PluginManage:310 - Check plugin pinoutconfig
2026-05-01 20:47:14,053 [WARN] SupportedApi:132 - Cannot load RTOS API schema: s4s-elt-must-match.1: The content of 'definitions' must match (annotation?, (simpleType | complexType)?, (unique | key | keyref)*)). A problem was found starting at: attribute.
2026-05-01 20:47:14,157 [INFO] PluginManage:359 - Loaded plugin pinoutconfig (category:base,tabindex:0)
2026-05-01 20:47:14,157 [INFO] PluginManage:310 - Check plugin power
2026-05-01 20:47:14,163 [INFO] PluginManage:359 - Loaded plugin power (category:power,tabindex:4)
2026-05-01 20:47:14,163 [INFO] PluginManage:310 - Check plugin projectmanager
2026-05-01 20:47:14,175 [INFO] PluginManage:359 - Loaded plugin projectmanager (category:projectmanager,tabindex:4)
2026-05-01 20:47:14,175 [INFO] PluginManage:310 - Check plugin rif
2026-05-01 20:47:14,183 [INFO] PluginManage:359 - Loaded plugin rif (category:base,tabindex:3)
2026-05-01 20:47:14,183 [INFO] PluginManage:310 - Check plugin thirdparty
2026-05-01 20:47:14,281 [INFO] PluginManage:359 - Loaded plugin thirdparty (category:base,tabindex:-1)
2026-05-01 20:47:14,281 [INFO] PluginManage:310 - Check plugin tools
2026-05-01 20:47:14,281 [WARN] IntegrityCheckThread:84 - waiting for thirdparty lock release [integrity check]
2026-05-01 20:47:14,281 [INFO] IntegrityCheckThread:86 - entering critical section [integrity check]
2026-05-01 20:47:14,281 [INFO] ThirdPartyUpdaterWithRetryManager:70 - Updater plugin not ready yet. [1/15]
2026-05-01 20:47:14,283 [INFO] PluginManage:359 - Loaded plugin tools (category:base,tabindex:7)
2026-05-01 20:47:14,283 [INFO] PluginManage:310 - Check plugin tutovideos
2026-05-01 20:47:14,447 [INFO] PluginManage:359 - Loaded plugin tutovideos (category:base,tabindex:-1)
2026-05-01 20:47:14,448 [INFO] PluginManage:310 - Check plugin updater
2026-05-01 20:47:14,465 [INFO] PluginManage:359 - Loaded plugin updater (category:base,tabindex:12)
2026-05-01 20:47:14,465 [INFO] PluginManage:310 - Check plugin userauth
2026-05-01 20:47:14,469 [INFO] UserAuth:118 - Init User Auth plugin
2026-05-01 20:47:14,469 [INFO] PluginManage:359 - Loaded plugin userauth (category:base,tabindex:14)
2026-05-01 20:47:14,470 [INFO] PluginManage:283 - PluginManage : Loaded plugins [18]
2026-05-01 20:47:14,646 [INFO] PinOutPanel:1589 - setPackage(No Configuration,No Configuration)
2026-05-01 20:47:14,721 [INFO] CADModel:165 - CPN selected for project level
2026-05-01 20:47:14,722 [INFO] CADModel:114 - Register for checkConnection events
2026-05-01 20:47:14,739 [INFO] IPUIPlugin:80 - create IPUIPlugin
2026-05-01 20:47:14,739 [INFO] PluginManager:220 - loadIPPluginJar : add adc
2026-05-01 20:47:14,741 [INFO] IPUIPlugin:80 - create IPUIPlugin
2026-05-01 20:47:14,741 [INFO] PluginManager:220 - loadIPPluginJar : add aes
2026-05-01 20:47:14,743 [INFO] IPUIPlugin:80 - create IPUIPlugin
2026-05-01 20:47:14,743 [INFO] PluginManager:220 - loadIPPluginJar : add can
2026-05-01 20:47:14,745 [INFO] IPUIPlugin:80 - create IPUIPlugin
2026-05-01 20:47:14,746 [INFO] PluginManager:220 - loadIPPluginJar : add comp
2026-05-01 20:47:14,747 [INFO] IPUIPlugin:80 - create IPUIPlugin
2026-05-01 20:47:14,747 [INFO] PluginManager:220 - loadIPPluginJar : add cryp
2026-05-01 20:47:14,751 [INFO] IPUIPlugin:80 - create IPUIPlugin
2026-05-01 20:47:14,752 [INFO] PluginManager:220 - loadIPPluginJar : add ddr_ctrl_phy
2026-05-01 20:47:14,754 [INFO] IPUIPlugin:80 - create IPUIPlugin
2026-05-01 20:47:14,754 [INFO] PluginManager:220 - loadIPPluginJar : add dfsdm
2026-05-01 20:47:14,758 [INFO] IPUIPlugin:80 - create IPUIPlugin
2026-05-01 20:47:14,759 [INFO] PluginManager:220 - loadIPPluginJar : add dma
2026-05-01 20:47:14,761 [INFO] IPUIPlugin:80 - create IPUIPlugin
2026-05-01 20:47:14,761 [INFO] PluginManager:220 - loadIPPluginJar : add dma3
2026-05-01 20:47:14,763 [INFO] IPUIPlugin:80 - create IPUIPlugin
2026-05-01 20:47:14,764 [INFO] PluginManager:220 - loadIPPluginJar : add extmemmanager
2026-05-01 20:47:14,765 [INFO] IPUIPlugin:80 - create IPUIPlugin
2026-05-01 20:47:14,765 [INFO] PluginManager:220 - loadIPPluginJar : add fatfs
2026-05-01 20:47:14,768 [INFO] IPUIPlugin:80 - create IPUIPlugin
2026-05-01 20:47:14,768 [INFO] PluginManager:220 - loadIPPluginJar : add fmc
2026-05-01 20:47:14,774 [INFO] IPUIPlugin:80 - create IPUIPlugin
2026-05-01 20:47:14,774 [INFO] PluginManager:220 - loadIPPluginJar : add freertos
2026-05-01 20:47:14,776 [INFO] IPUIPlugin:80 - create IPUIPlugin
2026-05-01 20:47:14,776 [INFO] PluginManager:220 - loadIPPluginJar : add genericplugin
2026-05-01 20:47:14,778 [INFO] IPUIPlugin:80 - create IPUIPlugin
2026-05-01 20:47:14,778 [INFO] PluginManager:220 - loadIPPluginJar : add gfxmmu
2026-05-01 20:47:14,781 [INFO] IPUIPlugin:80 - create IPUIPlugin
2026-05-01 20:47:14,781 [INFO] PluginManager:220 - loadIPPluginJar : add gic
2026-05-01 20:47:14,785 [INFO] IPUIPlugin:80 - create IPUIPlugin
2026-05-01 20:47:14,785 [INFO] PluginManager:220 - loadIPPluginJar : add gpio
2026-05-01 20:47:14,789 [INFO] IPUIPlugin:80 - create IPUIPlugin
2026-05-01 20:47:14,789 [INFO] PluginManager:220 - loadIPPluginJar : add gtzc
2026-05-01 20:47:14,791 [INFO] IPUIPlugin:80 - create IPUIPlugin
2026-05-01 20:47:14,791 [INFO] PluginManager:220 - loadIPPluginJar : add hash
2026-05-01 20:47:14,793 [INFO] IPUIPlugin:80 - create IPUIPlugin
2026-05-01 20:47:14,794 [INFO] PluginManager:220 - loadIPPluginJar : add i2c
2026-05-01 20:47:14,795 [INFO] IPUIPlugin:80 - create IPUIPlugin
2026-05-01 20:47:14,795 [INFO] PluginManager:220 - loadIPPluginJar : add i2s
2026-05-01 20:47:14,797 [INFO] IPUIPlugin:80 - create IPUIPlugin
2026-05-01 20:47:14,797 [INFO] PluginManager:220 - loadIPPluginJar : add i3c
2026-05-01 20:47:14,800 [INFO] IPUIPlugin:80 - create IPUIPlugin
2026-05-01 20:47:14,801 [INFO] PluginManager:220 - loadIPPluginJar : add ipddr
2026-05-01 20:47:14,806 [INFO] IPUIPlugin:80 - create IPUIPlugin
2026-05-01 20:47:14,806 [INFO] PluginManager:220 - loadIPPluginJar : add linkedlist
2026-05-01 20:47:14,809 [INFO] IPUIPlugin:80 - create IPUIPlugin
2026-05-01 20:47:14,809 [INFO] PluginManager:220 - loadIPPluginJar : add lorawan
2026-05-01 20:47:14,811 [INFO] IPUIPlugin:80 - create IPUIPlugin
2026-05-01 20:47:14,811 [INFO] PluginManager:220 - loadIPPluginJar : add ltdc
2026-05-01 20:47:14,815 [INFO] IPUIPlugin:80 - create IPUIPlugin
2026-05-01 20:47:14,815 [INFO] PluginManager:220 - loadIPPluginJar : add mdma
2026-05-01 20:47:14,818 [INFO] IPUIPlugin:80 - create IPUIPlugin
2026-05-01 20:47:14,818 [INFO] PluginManager:220 - loadIPPluginJar : add nvic
2026-05-01 20:47:14,821 [INFO] IPUIPlugin:80 - create IPUIPlugin
2026-05-01 20:47:14,821 [INFO] PluginManager:220 - loadIPPluginJar : add opamp
2026-05-01 20:47:14,823 [INFO] IPUIPlugin:80 - create IPUIPlugin
2026-05-01 20:47:14,823 [INFO] PluginManager:220 - loadIPPluginJar : add openamp
2026-05-01 20:47:14,826 [INFO] IPUIPlugin:80 - create IPUIPlugin
2026-05-01 20:47:14,826 [INFO] PluginManager:220 - loadIPPluginJar : add pdm2pcm
2026-05-01 20:47:14,831 [INFO] IPUIPlugin:80 - create IPUIPlugin
2026-05-01 20:47:14,834 [INFO] PluginManager:220 - loadIPPluginJar : add plateformsettings
2026-05-01 20:47:14,835 [INFO] IPUIPlugin:80 - create IPUIPlugin
2026-05-01 20:47:14,835 [INFO] PluginManager:220 - loadIPPluginJar : add quadspi
2026-05-01 20:47:14,836 [INFO] IPUIPlugin:80 - create IPUIPlugin
2026-05-01 20:47:14,837 [INFO] PluginManager:220 - loadIPPluginJar : add radio
2026-05-01 20:47:14,840 [INFO] IPUIPlugin:80 - create IPUIPlugin
2026-05-01 20:47:14,840 [INFO] PluginManager:220 - loadIPPluginJar : add resmgrutility
2026-05-01 20:47:14,843 [INFO] IPUIPlugin:80 - create IPUIPlugin
2026-05-01 20:47:14,843 [INFO] PluginManager:220 - loadIPPluginJar : add sai
2026-05-01 20:47:14,844 [INFO] IPUIPlugin:80 - create IPUIPlugin
2026-05-01 20:47:14,844 [INFO] PluginManager:220 - loadIPPluginJar : add spi
2026-05-01 20:47:14,850 [INFO] IPUIPlugin:80 - create IPUIPlugin
2026-05-01 20:47:14,850 [INFO] PluginManager:220 - loadIPPluginJar : add stm32_wpan
2026-05-01 20:47:14,852 [INFO] IPUIPlugin:80 - create IPUIPlugin
2026-05-01 20:47:14,852 [INFO] PluginManager:220 - loadIPPluginJar : add tim
2026-05-01 20:47:14,855 [INFO] IPUIPlugin:80 - create IPUIPlugin
2026-05-01 20:47:14,855 [INFO] PluginManager:220 - loadIPPluginJar : add touchsensing
2026-05-01 20:47:14,856 [INFO] IPUIPlugin:80 - create IPUIPlugin
2026-05-01 20:47:14,857 [INFO] PluginManager:220 - loadIPPluginJar : add tracer_emb
2026-05-01 20:47:14,858 [INFO] IPUIPlugin:80 - create IPUIPlugin
2026-05-01 20:47:14,858 [INFO] PluginManager:220 - loadIPPluginJar : add ts
2026-05-01 20:47:14,859 [INFO] IPUIPlugin:80 - create IPUIPlugin
2026-05-01 20:47:14,859 [INFO] PluginManager:220 - loadIPPluginJar : add tsc
2026-05-01 20:47:14,860 [INFO] IPUIPlugin:80 - create IPUIPlugin
2026-05-01 20:47:14,860 [INFO] PluginManager:220 - loadIPPluginJar : add ucpd
2026-05-01 20:47:14,862 [INFO] IPUIPlugin:80 - create IPUIPlugin
2026-05-01 20:47:14,862 [INFO] PluginManager:220 - loadIPPluginJar : add usart
2026-05-01 20:47:14,864 [INFO] IPUIPlugin:80 - create IPUIPlugin
2026-05-01 20:47:14,864 [INFO] PluginManager:220 - loadIPPluginJar : add usbx
2026-05-01 20:47:14,985 [FATAL] Updater:351 - Updater called before beeing initialized
2026-05-01 20:47:15,012 [INFO] RulesReader:64 - Compatibility file has been processed (317 Rules)
2026-05-01 20:47:15,023 [INFO] RulesReader:64 - Compatibility file has been processed (317 Rules)
2026-05-01 20:47:15,028 [INFO] CADModel:165 - CPN selected for project level
2026-05-01 20:47:15,028 [INFO] CADModel:114 - Register for checkConnection events
2026-05-01 20:47:15,028 [FATAL] Updater:351 - Updater called before beeing initialized
2026-05-01 20:47:15,029 [ERROR] CADModel:125 - Updater not yet initialized, retry later 
2026-05-01 20:47:15,168 [FATAL] Updater:351 - Updater called before beeing initialized
2026-05-01 20:47:15,169 [INFO] CADModel:165 - CPN selected for project level
2026-05-01 20:47:15,169 [INFO] CADModel:114 - Register for checkConnection events
2026-05-01 20:47:15,170 [FATAL] Updater:351 - Updater called before beeing initialized
2026-05-01 20:47:15,170 [ERROR] CADModel:125 - Updater not yet initialized, retry later 
2026-05-01 20:47:15,173 [FATAL] Updater:351 - Updater called before beeing initialized
2026-05-01 20:47:15,284 [FATAL] Updater:351 - Updater called before beeing initialized
2026-05-01 20:47:15,287 [INFO] DbMcusAds:53 - JSON generation date=Mon Apr 27 11:14:29 MSK 2026 (1777277669683)
2026-05-01 20:47:15,288 [FATAL] Updater:351 - Updater called before beeing initialized
2026-05-01 20:47:15,324 [WARN] DetailPanel:346 - Failed to get advertising image, set to default
2026-05-01 20:47:15,395 [FATAL] Updater:351 - Updater called before beeing initialized
2026-05-01 20:47:15,397 [FATAL] Updater:351 - Updater called before beeing initialized
2026-05-01 20:47:15,397 [FATAL] Updater:351 - Updater called before beeing initialized
2026-05-01 20:47:15,397 [WARN] DetailPanel:346 - Failed to get advertising image, set to default
2026-05-01 20:47:15,397 [FATAL] Updater:351 - Updater called before beeing initialized
2026-05-01 20:47:15,441 [ERROR] Updater:1198 - MainUpdater not yet initialized. External WinMGr cannot be set.
2026-05-01 20:47:15,442 [INFO] Updater:1134 - Updater Version found : 6.15.0
2026-05-01 20:47:15,459 [INFO] ApplicationProperties:184 - Using Application install path: C:\ST\STM32CubeIDE_1.13.0\STM32CubeIDE\plugins\com.st.stm32cube.common.mx_6.15.0.202507011659
2026-05-01 20:47:15,811 [ERROR] CheckConnectionManager:249 - Problem, Http access forbiden
2026-05-01 20:47:15,815 [INFO] MainUpdater:2872 - connection check result : 22
2026-05-01 20:47:15,816 [INFO] MainUpdater:289 - Updater Check For Update Now.
2026-05-01 20:47:15,816 [INFO] MicroXplorer:498 - Change Database Version : DB.6.0.150
2026-05-01 20:47:15,820 [INFO] McuFinderGlobals:63 - Set McuFinder mode to 2 (CubeIDE integrated)
2026-05-01 20:47:15,821 [INFO] UserAuth:487 - Internet connection configuration mode: 2
2026-05-01 20:47:15,824 [INFO] UserAuth:487 - Internet connection configuration mode: 2
2026-05-01 20:47:16,135 [INFO] CheckServerUpdateThread:120 - End of CheckServer Thread
2026-05-01 20:47:17,581 [WARN] PackLoader:240 - Cannot read IP mode file for STMicroelectronics.X-CUBE-AZRTOS-H7.3.5.0
2026-05-01 20:47:17,590 [WARN] PackLoader:240 - Cannot read IP mode file for STMicroelectronics.FP-SNS-MOTENVWB1.1.4.0
2026-05-01 20:47:17,595 [WARN] PackLoader:240 - Cannot read IP mode file for STMicroelectronics.FP-ATR-ASTRA1.2.0.2
2026-05-01 20:47:17,601 [WARN] PackLoader:240 - Cannot read IP mode file for STMicroelectronics.X-CUBE-SMBUS.2.1.0
2026-05-01 20:47:17,606 [WARN] PackLoader:240 - Cannot read IP mode file for STMicroelectronics.X-CUBE-ST60.1.0.0
2026-05-01 20:47:17,610 [WARN] PackLoader:240 - Cannot read IP mode file for STMicroelectronics.X-CUBE-TOUCHGFX.4.23.0
2026-05-01 20:47:17,625 [WARN] PackLoader:240 - Cannot read IP mode file for STMicroelectronics.X-CUBE-AZRTOS-F7.1.1.0
2026-05-01 20:47:17,632 [WARN] PackLoader:240 - Cannot read IP mode file for STMicroelectronics.FP-SNS-MOTENV1.4.3.2
2026-05-01 20:47:17,636 [ERROR] RealEvaluatedCondition:428 - Found unsupported composite condition: GROUP='STM32_MetaDataManager' CLASS='Data Exchange'
2026-05-01 20:47:17,636 [ERROR] RealEvaluatedCondition:428 - Found unsupported composite condition: CLASS='Data Exchange' GROUP='STM32_MetaDataManager'
2026-05-01 20:47:17,638 [WARN] PackLoader:240 - Cannot read IP mode file for STMicroelectronics.FP-SNS-MOTENV1.4.3.1
2026-05-01 20:47:17,641 [WARN] PackLoader:240 - Cannot read IP mode file for STMicroelectronics.FP-SNS-FLIGHT1.5.0.1
2026-05-01 20:47:17,648 [WARN] PackLoader:240 - Cannot read IP mode file for STMicroelectronics.X-CUBE-BLE1.6.2.3
2026-05-01 20:47:17,652 [WARN] PackLoader:240 - Cannot read IP mode file for STMicroelectronics.X-CUBE-BLE1.6.2.4
2026-05-01 20:47:17,654 [WARN] PackLoader:240 - Cannot read IP mode file for STMicroelectronics.FP-SNS-MOTENV1.5.1.0
2026-05-01 20:47:17,658 [WARN] PackLoader:240 - Cannot read IP mode file for STMicroelectronics.FP-SNS-FLIGHT1.5.0.2
2026-05-01 20:47:17,671 [WARN] PackLoader:240 - Cannot read IP mode file for STMicroelectronics.X-CUBE-AZRTOS-H7.3.4.0
2026-05-01 20:47:17,677 [WARN] PackLoader:240 - Cannot read IP mode file for STMicroelectronics.X-CUBE-DISPLAY.3.0.0
2026-05-01 20:47:17,685 [WARN] PackLoader:240 - Cannot read IP mode file for STMicroelectronics.X-CUBE-GNSS1.7.1.1
2026-05-01 20:47:17,689 [WARN] PackLoader:240 - Cannot read IP mode file for STMicroelectronics.FP-SNS-MOTENVWB1.1.5.0
2026-05-01 20:47:17,693 [WARN] PackLoader:240 - Cannot read IP mode file for STMicroelectronics.X-CUBE-BLE1.7.0.0
2026-05-01 20:47:17,697 [WARN] PackLoader:240 - Cannot read IP mode file for STMicroelectronics.X-CUBE-NFC10.1.0.0
2026-05-01 20:47:17,705 [WARN] PackLoader:240 - Cannot read IP mode file for STMicroelectronics.X-CUBE-BLEMGR.4.0.0
2026-05-01 20:47:17,710 [WARN] PackLoader:240 - Cannot read IP mode file for STMicroelectronics.X-CUBE-ST60.1.1.0
2026-05-01 20:47:17,714 [WARN] PackLoader:240 - Cannot read IP mode file for STMicroelectronics.X-CUBE-TOUCHGFX.4.22.0
2026-05-01 20:47:17,717 [WARN] PackLoader:240 - Cannot read IP mode file for STMicroelectronics.X-CUBE-GNSS1.7.1.0
2026-05-01 20:47:17,720 [WARN] PackLoader:240 - Cannot read IP mode file for STMicroelectronics.X-CUBE-TOUCHGFX.4.22.1
2026-05-01 20:47:17,751 [WARN] PackLoader:240 - Cannot read IP mode file for STMicroelectronics.X-CUBE-MEMS1.9.3.0
2026-05-01 20:47:17,849 [WARN] ConditionMgr:438 - getConditionDescription Invalid condition id : Cortex-A Device cause : null
2026-05-01 20:47:17,862 [INFO] LogOutputStream:77 - [STDOUT_REDIRECT] [ThirdParty] unknown protocol: c
2026-05-01 20:47:17,862 [WARN] PackLoader:240 - Cannot read IP mode file for quantropi.X-CUBE-qispace-sdk-base.2.0.0
2026-05-01 20:47:17,863 [WARN] ConditionMgr:1044 - genDependencies : Invalid condition id : Cortex-A Device cause : null
2026-05-01 20:47:17,863 [WARN] ConditionMgr:1044 - genDependencies : Invalid condition id : Cortex-A Device cause : null
2026-05-01 20:47:17,863 [WARN] ConditionMgr:1044 - genDependencies : Invalid condition id : Cortex-A Device cause : null
2026-05-01 20:47:17,866 [WARN] PackLoader:240 - Cannot read IP mode file for STMicroelectronics.X-CUBE-AI.10.0.0
2026-05-01 20:47:17,871 [WARN] PackLoader:240 - Cannot read IP mode file for STMicroelectronics.FP-SNS-STBOX1.2.1.0
2026-05-01 20:47:17,876 [WARN] PackLoader:240 - Cannot read IP mode file for STMicroelectronics.FP-SNS-SMARTAG2.1.2.0
2026-05-01 20:47:17,879 [WARN] PackLoader:240 - Cannot read IP mode file for STMicroelectronics.FP-SNS-FLIGHT1.5.1.0
2026-05-01 20:47:17,885 [INFO] LogOutputStream:77 - [STDOUT_REDIRECT] 1 : Invalid condition id : UX_CORESTACK_Condition cause : null
2026-05-01 20:47:17,886 [INFO] LogOutputStream:77 - [STDOUT_REDIRECT] 1 : Invalid condition id : UX_CORESTACK_Condition cause : null
2026-05-01 20:47:17,887 [INFO] LogOutputStream:77 - [STDOUT_REDIRECT] 1 : Invalid condition id : UX_CORESTACK_Condition cause : null
2026-05-01 20:47:17,888 [INFO] LogOutputStream:77 - [STDOUT_REDIRECT] 1 : Invalid condition id : UX_CORESTACK_Condition cause : null
2026-05-01 20:47:17,888 [INFO] LogOutputStream:77 - [STDOUT_REDIRECT] 1 : Invalid condition id : UX_CORESTACK_Condition cause : null
2026-05-01 20:47:17,890 [WARN] PackLoader:240 - Cannot read IP mode file for STMicroelectronics.X-CUBE-AZRTOS-WL.2.0.0
2026-05-01 20:47:17,893 [WARN] PackLoader:240 - Cannot read IP mode file for STMicroelectronics.FP-SNS-MOTENV1.5.0.0
2026-05-01 20:47:17,909 [WARN] PackLoader:240 - Cannot read IP mode file for STMicroelectronics.X-CUBE-AZRTOS-H7RS.1.2.0
2026-05-01 20:47:17,916 [WARN] PackLoader:240 - Cannot read IP mode file for WES.I-CUBE-Cesium.1.3.0
2026-05-01 20:47:17,920 [WARN] PackLoader:240 - Cannot read IP mode file for STMicroelectronics.X-CUBE-BLE2.3.3.0
2026-05-01 20:47:17,928 [INFO] LogOutputStream:77 - [STDOUT_REDIRECT] [ThirdParty] unknown protocol: c
2026-05-01 20:47:17,928 [WARN] PackLoader:240 - Cannot read IP mode file for Avnet-IOTCONNECT.X-CUBE-iotc-st67-sdk.1.0.0
2026-05-01 20:47:17,933 [WARN] PackLoader:240 - Cannot read IP mode file for STMicroelectronics.X-CUBE-DISPLAY.2.2.0
2026-05-01 20:47:17,940 [WARN] PackLoader:240 - Cannot read IP mode file for STMicroelectronics.X-CUBE-TOF1.3.2.0
2026-05-01 20:47:17,946 [WARN] PackLoader:240 - Cannot read IP mode file for STMicroelectronics.X-CUBE-NFC9.1.0.0
2026-05-01 20:47:17,960 [WARN] PackLoader:240 - Cannot read IP mode file for STMicroelectronics.X-CUBE-AZRTOS-H7.2.1.0
2026-05-01 20:47:17,965 [WARN] PackLoader:240 - Cannot read IP mode file for STMicroelectronics.X-CUBE-BLE1.7.1.0
2026-05-01 20:47:17,968 [WARN] PackLoader:240 - Cannot read IP mode file for wolfSSL.I-CUBE-wolfMQTT.1.19.2
2026-05-01 20:47:17,972 [WARN] PackLoader:240 - Cannot read IP mode file for STMicroelectronics.X-CUBE-FREERTOS.1.4.0
2026-05-01 20:47:17,977 [WARN] PackLoader:240 - Cannot read IP mode file for STMicroelectronics.X-CUBE-EEPRMA1.5.2.0
2026-05-01 20:47:17,981 [WARN] PackLoader:240 - Cannot read IP mode file for STMicroelectronics.X-CUBE-TOUCHGFX.4.21.0
2026-05-01 20:47:17,983 [WARN] PackLoader:240 - Cannot read IP mode file for STMicroelectronics.X-CUBE-TOUCHGFX.4.21.3
2026-05-01 20:47:17,985 [WARN] PackLoader:240 - Cannot read IP mode file for STMicroelectronics.X-CUBE-TOUCHGFX.4.21.4
2026-05-01 20:47:18,003 [WARN] PackLoader:240 - Cannot read IP mode file for STMicroelectronics.X-CUBE-MEMS1.9.4.0
2026-05-01 20:47:18,058 [WARN] PackLoader:240 - Cannot read IP mode file for STMicroelectronics.X-CUBE-AI.7.3.0
2026-05-01 20:47:18,062 [WARN] PackLoader:240 - Cannot read IP mode file for STMicroelectronics.X-CUBE-ST67W61.1.1.0
2026-05-01 20:47:18,065 [WARN] PackLoader:240 - Cannot read IP mode file for STMicroelectronics.X-CUBE-AI.10.1.0
2026-05-01 20:47:18,070 [WARN] PackLoader:240 - Cannot read IP mode file for STMicroelectronics.FP-SNS-STAIOTCFT.1.1.0
2026-05-01 20:47:18,098 [WARN] PackLoader:240 - Cannot read IP mode file for STMicroelectronics.X-CUBE-MEMS1.12.0.0
2026-05-01 20:47:18,145 [WARN] PackLoader:240 - Cannot read IP mode file for STMicroelectronics.X-CUBE-ALGOBUILD.1.3.0
2026-05-01 20:47:18,166 [WARN] PackLoader:240 - Cannot read IP mode file for STMicroelectronics.X-CUBE-MEMS1.11.2.0
2026-05-01 20:47:18,249 [WARN] PackLoader:240 - Cannot read IP mode file for STMicroelectronics.X-CUBE-AZRTOS-G0.1.1.0
2026-05-01 20:47:18,256 [WARN] PackLoader:240 - Cannot read IP mode file for STMicroelectronics.X-CUBE-SAFEA1.1.2.2
2026-05-01 20:47:18,260 [WARN] PackLoader:240 - Cannot read IP mode file for STMicroelectronics.X-CUBE-NFC4.3.0.0
2026-05-01 20:47:18,281 [WARN] PackLoader:240 - Cannot read IP mode file for SEGGER.I-CUBE-embOS.1.2.1
2026-05-01 20:47:18,309 [WARN] PackLoader:240 - Cannot read IP mode file for EmbeddedOffice.I-CUBE-FS-RTOS.1.0.1
2026-05-01 20:47:18,314 [WARN] PackLoader:240 - Cannot read IP mode file for STMicroelectronics.X-CUBE-WB05N.2.0.0
2026-05-01 20:47:18,319 [WARN] PackLoader:240 - Cannot read IP mode file for STMicroelectronics.X-CUBE-BLEMGR.3.0.0
2026-05-01 20:47:18,323 [WARN] PackLoader:240 - Cannot read IP mode file for wolfSSL.I-CUBE-wolfTPM.3.8.0
2026-05-01 20:47:18,327 [WARN] PackLoader:240 - Cannot read IP mode file for STMicroelectronics.X-CUBE-BLEMGR.1.3.0
2026-05-01 20:47:18,332 [WARN] PackLoader:240 - Cannot read IP mode file for STMicroelectronics.X-CUBE-TCPP.4.2.0
2026-05-01 20:47:18,337 [WARN] PackLoader:240 - Cannot read IP mode file for RealThread.X-CUBE-RT-Thread_Nano.4.1.1
2026-05-01 20:47:18,340 [WARN] PackLoader:240 - Cannot read IP mode file for STMicroelectronics.FP-ATR-SIGFOX1.3.2.0
2026-05-01 20:47:18,344 [WARN] PackLoader:240 - Cannot read IP mode file for STMicroelectronics.X-CUBE-EEPRMA1.5.1.0
2026-05-01 20:47:18,347 [WARN] PackLoader:240 - Cannot read IP mode file for STMicroelectronics.X-CUBE-FREERTOS.1.5.0
2026-05-01 20:47:18,350 [WARN] PackLoader:240 - Cannot read IP mode file for STMicroelectronics.X-CUBE-TOUCHGFX.4.20.0
2026-05-01 20:47:18,355 [WARN] PackLoader:240 - Cannot read IP mode file for STMicroelectronics.X-CUBE-NFC6.3.2.0
2026-05-01 20:47:18,371 [WARN] PackLoader:240 - Cannot read IP mode file for STMicroelectronics.X-CUBE-MEMS1.9.5.0
2026-05-01 20:47:18,421 [WARN] PackLoader:240 - Cannot read IP mode file for STMicroelectronics.X-CUBE-ST67W61.1.0.0
2026-05-01 20:47:18,423 [WARN] PackLoader:240 - Cannot read IP mode file for STMicroelectronics.X-CUBE-AI.10.2.0
2026-05-01 20:47:18,442 [WARN] PackLoader:240 - Cannot read IP mode file for STMicroelectronics.X-CUBE-MEMS1.12.1.0
2026-05-01 20:47:18,489 [WARN] PackLoader:240 - Cannot read IP mode file for SEGGER.I-CUBE-embOS.1.3.1
2026-05-01 20:47:18,504 [WARN] PackLoader:240 - Cannot read IP mode file for STMicroelectronics.X-CUBE-ALGOBUILD.1.4.0
2026-05-01 20:47:18,523 [WARN] PackLoader:240 - Cannot read IP mode file for STMicroelectronics.X-CUBE-MEMS1.11.3.0
2026-05-01 20:47:18,585 [WARN] PackLoader:240 - Cannot read IP mode file for STMicroelectronics.X-CUBE-PM33A1.1.0.0
2026-05-01 20:47:18,590 [WARN] PackLoader:240 - Cannot read IP mode file for STMicroelectronics.X-CUBE-GNSS1.6.0.0
2026-05-01 20:47:18,600 [WARN] PackLoader:240 - Cannot read IP mode file for STMicroelectronics.X-CUBE-AZRTOS-F4.1.1.0
2026-05-01 20:47:18,604 [WARN] PackLoader:240 - Cannot read IP mode file for Avnet-IotConnect.X-CUBE-IoTC-DA16k-PMOD.1.0.0
2026-05-01 20:47:18,608 [WARN] PackLoader:240 - Cannot read IP mode file for STMicroelectronics.X-CUBE-ISPU.2.1.0
2026-05-01 20:47:18,621 [WARN] PackLoader:240 - Cannot read IP mode file for STMicroelectronics.X-CUBE-IPS.3.2.0
2026-05-01 20:47:18,628 [WARN] PackLoader:240 - Cannot read IP mode file for STMicroelectronics.eDS-WB_DPC_TT-BIDIR.2.1.1
2026-05-01 20:47:18,633 [WARN] PackLoader:240 - Cannot read IP mode file for STMicroelectronics.X-CUBE-NFC12.1.0.0
2026-05-01 20:47:18,638 [WARN] PackLoader:240 - Cannot read IP mode file for STMicroelectronics.X-CUBE-BLEMGR.1.2.0
2026-05-01 20:47:18,647 [WARN] PackLoader:240 - Cannot read IP mode file for STMicroelectronics.X-CUBE-AZRTOS-L5.2.0.0
2026-05-01 20:47:18,663 [WARN] PackLoader:240 - Cannot read IP mode file for STMicroelectronics.X-CUBE-MEMS1.9.6.0
2026-05-01 20:47:18,719 [WARN] PackLoader:240 - Cannot read IP mode file for STMicroelectronics.X-CUBE-EEPRMA1.4.2.0
2026-05-01 20:47:18,723 [WARN] PackLoader:240 - Cannot read IP mode file for STMicroelectronics.X-CUBE-NFC6.3.1.0
2026-05-01 20:47:18,727 [WARN] PackLoader:240 - Cannot read IP mode file for ITTIA_DB.I-CUBE-ITTIADB.8.8.0
2026-05-01 20:47:18,731 [WARN] PackLoader:240 - Cannot read IP mode file for emotas.I-CUBE-CANOPEN.1.1.3
2026-05-01 20:47:18,735 [WARN] PackLoader:240 - Cannot read IP mode file for STMicroelectronics.X-CUBE-BLEMGR.2.0.0
2026-05-01 20:47:18,738 [WARN] PackLoader:240 - Cannot read IP mode file for STMicroelectronics.eDS-WB_DPC_VIENNA.1.2.0
2026-05-01 20:47:18,741 [WARN] PackLoader:240 - Cannot read IP mode file for STMicroelectronics.X-CUBE-NFC4.2.0.5
2026-05-01 20:47:18,743 [WARN] PackLoader:240 - Cannot read IP mode file for STMicroelectronics.eDS-WB_DPC_3PH2L-BIDIR.1.1.1
2026-05-01 20:47:18,746 [WARN] PackLoader:240 - Cannot read IP mode file for STMicroelectronics.X-CUBE-NFC4.2.0.4
2026-05-01 20:47:18,754 [WARN] ConditionMgr:438 - getConditionDescription Invalid condition id : UX DEVICE CLASS RTOS Condition cause : null
2026-05-01 20:47:18,754 [WARN] ConditionMgr:438 - getConditionDescription Invalid condition id : UX DEVICE CLASS RTOS Condition cause : null
2026-05-01 20:47:18,755 [WARN] PackLoader:240 - Cannot read IP mode file for STMicroelectronics.X-CUBE-AZRTOS-H7.3.1.0
2026-05-01 20:47:18,755 [WARN] ConditionMgr:1044 - genDependencies : Invalid condition id : UX DEVICE CLASS RTOS Condition cause : null
2026-05-01 20:47:18,756 [WARN] ConditionMgr:1044 - genDependencies : Invalid condition id : UX DEVICE CLASS RTOS Condition cause : null
2026-05-01 20:47:18,756 [WARN] ConditionMgr:1044 - genDependencies : Invalid condition id : UX DEVICE CLASS RTOS Condition cause : null
2026-05-01 20:47:18,756 [WARN] ConditionMgr:1044 - genDependencies : Invalid condition id : UX DEVICE CLASS RTOS Condition cause : null
2026-05-01 20:47:18,756 [WARN] ConditionMgr:1044 - genDependencies : Invalid condition id : UX DEVICE CLASS RTOS Condition cause : null
2026-05-01 20:47:18,759 [ERROR] Engine:466 - C:\Users\Евгений\.stm32cubemx\thirdparties\pdsc\STMicroelectronics.X-CUBE-ST67W61.1.3.0.pdsc: PDSC version is not supported
2026-05-01 20:47:18,763 [WARN] PackLoader:240 - Cannot read IP mode file for wolfSSL.I-CUBE-wolfSSL.5.5.3
2026-05-01 20:47:18,766 [WARN] PackLoader:240 - Cannot read IP mode file for STMicroelectronics.X-CUBE-FREERTOS.1.3.1
2026-05-01 20:47:18,770 [WARN] PackLoader:240 - Cannot read IP mode file for STMicroelectronics.X-CUBE-NFC7.1.0.1
2026-05-01 20:47:18,772 [WARN] PackLoader:240 - Cannot read IP mode file for STMicroelectronics.X-CUBE-NFC7.1.0.0
2026-05-01 20:47:18,774 [WARN] PackLoader:240 - Cannot read IP mode file for STMicroelectronics.X-CUBE-TOUCHGFX.4.26.0
2026-05-01 20:47:18,778 [WARN] PackLoader:240 - Cannot read IP mode file for STMicroelectronics.X-CUBE-NFC6.3.0.0
2026-05-01 20:47:18,781 [WARN] PackLoader:240 - Cannot read IP mode file for STMicroelectronics.X-CUBE-TOUCHGFX.4.26.1
2026-05-01 20:47:18,783 [WARN] PackLoader:240 - Cannot read IP mode file for STMicroelectronics.X-CUBE-EEPRMA1.4.1.0
2026-05-01 20:47:18,787 [WARN] PackLoader:240 - Cannot read IP mode file for STMicroelectronics.FP-SNS-STAIOTCFT.1.0.0
2026-05-01 20:47:18,791 [WARN] PackLoader:240 - Cannot read IP mode file for STMicroelectronics.X-CUBE-DPower.1.3.0
2026-05-01 20:47:18,793 [WARN] PackLoader:240 - Cannot read IP mode file for STMicroelectronics.X-CUBE-AI.8.1.0
2026-05-01 20:47:18,802 [WARN] ConditionMgr:438 - getConditionDescription Invalid condition id : LAN8742 Phy interface Condition cause : null
2026-05-01 20:47:18,802 [WARN] PackLoader:240 - Cannot read IP mode file for STMicroelectronics.X-CUBE-AZRTOS-L4.2.0.0
2026-05-01 20:47:18,803 [WARN] ConditionMgr:1044 - genDependencies : Invalid condition id : LAN8742 Phy interface Condition cause : null
2026-05-01 20:47:18,803 [WARN] ConditionMgr:1044 - genDependencies : Invalid condition id : LAN8742 Phy interface Condition cause : null
2026-05-01 20:47:18,804 [WARN] ConditionMgr:1044 - genDependencies : Invalid condition id : LAN8742 Phy interface Condition cause : null
2026-05-01 20:47:18,809 [WARN] PackLoader:240 - Cannot read IP mode file for STMicroelectronics.X-CUBE-SFXS2LP1.4.0.0
2026-05-01 20:47:18,817 [WARN] PackLoader:240 - Cannot read IP mode file for STMicroelectronics.X-CUBE-AZRTOS-H7.3.0.0
2026-05-01 20:47:18,821 [WARN] PackLoader:240 - Cannot read IP mode file for STMicroelectronics.X-CUBE-WB05N.2.1.0
2026-05-01 20:47:18,825 [WARN] PackLoader:240 - Cannot read IP mode file for STMicroelectronics.X-CUBE-ST67W61.1.2.0
2026-05-01 20:47:18,827 [WARN] PackLoader:240 - Cannot read IP mode file for STMicroelectronics.X-CUBE-ISPU.1.1.0
2026-05-01 20:47:18,836 [WARN] PackLoader:240 - Cannot read IP mode file for STMicroelectronics.X-CUBE-AZRTOS-H7.3.3.0
2026-05-01 20:47:18,840 [WARN] PackLoader:240 - Cannot read IP mode file for RoweBots.I-CUBE-UNISONRTOS.5.5.0-4
2026-05-01 20:47:18,845 [WARN] PackLoader:240 - Cannot read IP mode file for STMicroelectronics.X-CUBE-BLEMGR.4.1.0
2026-05-01 20:47:18,850 [WARN] PackLoader:240 - Cannot read IP mode file for STMicroelectronics.X-CUBE-AI.8.0.0
2026-05-01 20:47:18,855 [WARN] ConditionMgr:438 - getConditionDescription Invalid condition id : UX DEVICE CLASS RTOS Condition cause : null
2026-05-01 20:47:18,855 [WARN] ConditionMgr:438 - getConditionDescription Invalid condition id : UX DEVICE CLASS RTOS Condition cause : null
2026-05-01 20:47:18,856 [WARN] PackLoader:240 - Cannot read IP mode file for STMicroelectronics.X-CUBE-AZRTOS-WB.2.0.0
2026-05-01 20:47:18,857 [WARN] ConditionMgr:1044 - genDependencies : Invalid condition id : UX DEVICE CLASS RTOS Condition cause : null
2026-05-01 20:47:18,857 [WARN] ConditionMgr:1044 - genDependencies : Invalid condition id : UX DEVICE CLASS RTOS Condition cause : null
2026-05-01 20:47:18,857 [WARN] ConditionMgr:1044 - genDependencies : Invalid condition id : UX DEVICE CLASS RTOS Condition cause : null
2026-05-01 20:47:18,857 [WARN] ConditionMgr:1044 - genDependencies : Invalid condition id : UX DEVICE CLASS RTOS Condition cause : null
2026-05-01 20:47:18,857 [WARN] ConditionMgr:1044 - genDependencies : Invalid condition id : UX DEVICE CLASS RTOS Condition cause : null
2026-05-01 20:47:18,860 [WARN] PackLoader:240 - Cannot read IP mode file for STMicroelectronics.X-CUBE-FREERTOS.1.0.1
2026-05-01 20:47:18,863 [WARN] PackLoader:240 - Cannot read IP mode file for STMicroelectronics.X-CUBE-GNSS1.7.0.1
2026-05-01 20:47:18,865 [WARN] PackLoader:240 - Cannot read IP mode file for STMicroelectronics.X-CUBE-TOUCHGFX.4.25.0
2026-05-01 20:47:18,868 [WARN] PackLoader:240 - Cannot read IP mode file for STMicroelectronics.FP-SNS-STBOX1.2.0.0
2026-05-01 20:47:18,873 [WARN] PackLoader:240 - Cannot read IP mode file for STMicroelectronics.X-CUBE-STSE01.2.0.0
2026-05-01 20:47:18,880 [WARN] PackLoader:240 - Cannot read IP mode file for STMicroelectronics.X-CUBE-AZRTOS-L5.1.1.0
2026-05-01 20:47:18,888 [WARN] PackLoader:240 - Cannot read IP mode file for STMicroelectronics.X-CUBE-AI.8.0.1
2026-05-01 20:47:18,893 [WARN] PackLoader:240 - Cannot read IP mode file for STMicroelectronics.X-CUBE-SUBG2.5.0.0
2026-05-01 20:47:18,903 [WARN] PackLoader:240 - Cannot read IP mode file for STMicroelectronics.X-CUBE-AZRTOS-H7RS.1.1.0
2026-05-01 20:47:18,908 [WARN] PackLoader:240 - Cannot read IP mode file for Cesanta.I-CUBE-Mongoose.7.13.0
2026-05-01 20:47:18,913 [WARN] PackLoader:240 - Cannot read IP mode file for STMicroelectronics.X-CUBE-TOF1.3.3.1
2026-05-01 20:47:18,923 [WARN] PackLoader:240 - Cannot read IP mode file for STMicroelectronics.X-CUBE-AZRTOS-G4.2.0.0
2026-05-01 20:47:18,929 [WARN] PackLoader:240 - Cannot read IP mode file for STMicroelectronics.X-CUBE-TOF1.3.3.0
2026-05-01 20:47:18,935 [WARN] PackLoader:240 - Cannot read IP mode file for STMicroelectronics.FP-ATR-ASTRA1.1.1.1
2026-05-01 20:47:18,943 [WARN] PackLoader:240 - Cannot read IP mode file for Infineon.AIROC-Wi-Fi-Bluetooth-STM32.1.5.1
2026-05-01 20:47:18,948 [WARN] PackLoader:240 - Cannot read IP mode file for wolfSSL.I-CUBE-wolfSSH.1.4.20
2026-05-01 20:47:18,951 [WARN] PackLoader:240 - Cannot read IP mode file for STMicroelectronics.FP-SNS-MOTENVWB1.1.3.0
2026-05-01 20:47:18,953 [WARN] PackLoader:240 - Cannot read IP mode file for STMicroelectronics.X-CUBE-NFC7.2.0.0
2026-05-01 20:47:18,956 [WARN] PackLoader:240 - Cannot read IP mode file for STMicroelectronics.FP-SNS-MOTENVWB1.1.3.1
2026-05-01 20:47:18,963 [WARN] PackLoader:240 - Cannot read IP mode file for STMicroelectronics.X-CUBE-AZRTOS-G4.1.0.0
2026-05-01 20:47:18,972 [WARN] PackLoader:240 - Cannot read IP mode file for STMicroelectronics.X-CUBE-AZRTOS-L4.1.0.0
2026-05-01 20:47:18,977 [WARN] PackLoader:240 - Cannot read IP mode file for STMicroelectronics.X-CUBE-ISPU.2.0.0
2026-05-01 20:47:18,982 [WARN] PackLoader:240 - Cannot read IP mode file for STMicroelectronics.X-CUBE-IPS.3.1.0
2026-05-01 20:47:18,986 [WARN] PackLoader:240 - Cannot read IP mode file for STMicroelectronics.X-CUBE-ALS.1.0.2
2026-05-01 20:47:19,002 [WARN] PackLoader:240 - Cannot read IP mode file for STMicroelectronics.X-CUBE-MEMS1.10.0.0
2026-05-01 20:47:19,047 [WARN] PackLoader:240 - Cannot read IP mode file for STMicroelectronics.X-CUBE-FREERTOS.1.1.0
2026-05-01 20:47:19,055 [WARN] PackLoader:240 - Cannot read IP mode file for STMicroelectronics.X-CUBE-AZRTOS-WL.1.0.0
2026-05-01 20:47:19,061 [WARN] PackLoader:240 - Cannot read IP mode file for STMicroelectronics.X-CUBE-STSE01.1.0.0
2026-05-01 20:47:19,066 [WARN] PackLoader:240 - Cannot read IP mode file for portGmbH.I-Cube-SoM-uGOAL.1.1.0
2026-05-01 20:47:19,068 [WARN] PackLoader:240 - Cannot read IP mode file for STMicroelectronics.X-CUBE-ALS.1.0.1
2026-05-01 20:47:19,075 [WARN] PackLoader:240 - Cannot read IP mode file for STMicroelectronics.X-CUBE-AZRTOS-WB.1.1.0
2026-05-01 20:47:19,085 [WARN] PackLoader:240 - Cannot read IP mode file for STMicroelectronics.X-CUBE-AZRTOS-L5.1.0.0
2026-05-01 20:47:19,092 [WARN] PackLoader:240 - Cannot read IP mode file for STMicroelectronics.X-CUBE-EEPRMA1.3.1.1
2026-05-01 20:47:19,094 [WARN] PackLoader:240 - Cannot read IP mode file for STMicroelectronics.FP-ATR-ASTRA1.2.0.0
2026-05-01 20:47:19,105 [WARN] PackLoader:240 - Cannot read IP mode file for STMicroelectronics.X-CUBE-TOF1.3.4.3
2026-05-01 20:47:19,120 [WARN] PackLoader:240 - Cannot read IP mode file for STMicroelectronics.X-CUBE-TOF1.3.4.0
2026-05-01 20:47:19,133 [WARN] PackLoader:240 - Cannot read IP mode file for STMicroelectronics.X-CUBE-AZRTOS-H7.3.2.0
2026-05-01 20:47:19,135 [INFO] ThirdParty:978 - Integrity check success = true
2026-05-01 20:47:19,135 [INFO] IntegrityCheckThread:100 - exiting critical section [integrity check]
2026-05-01 20:47:19,135 [INFO] IntegrityCheckThread:103 - End integrity checks thread
2026-05-01 21:39:41,774 [INFO] McuFinderGlobals:63 - Set McuFinder mode to 2 (CubeIDE integrated)
2026-05-01 21:39:42,100 [INFO] MainUpdater:2872 - connection check result : 10
2026-05-01 21:39:42,101 [INFO] MainUpdater:2872 - connection check result : 10
2026-05-01 21:39:42,136 [INFO] MicroXplorer:468 - Change Database Path : 
2026-05-01 21:39:42,136 [INFO] MicroXplorer:498 - Change Database Version : DB.6.0.150
2026-05-01 21:39:42,142 [WARN] ThirdParty:871 - waiting for thirdparty lock release [close project]
2026-05-01 21:39:42,142 [INFO] ThirdParty:873 - entering critical section [close project]
2026-05-01 21:39:42,143 [INFO] ThirdParty:883 - exiting critical section [close project]
2026-05-01 21:39:42,146 [INFO] PinOutPanel:1589 - setPackage(No Configuration,No Configuration)
2026-05-01 21:39:42,149 [INFO] UtilMem:75 - Begin LoadConfig() Used Memory: 351109920 Bytes (395313152)
2026-05-01 21:39:42,150 [INFO] MicroXplorer:468 - Change Database Path : 
2026-05-01 21:39:42,150 [INFO] MicroXplorer:498 - Change Database Version : DB.6.0.150
2026-05-01 21:39:42,150 [INFO] OpenFileManager:355 - Change cursor
2026-05-01 21:39:42,193 [INFO] Mcu:2029 - Initializing MCU STM32F103C(8-B)Tx STM32F103C8Tx STM32F103C8T6
2026-05-01 21:39:42,848 [INFO] Context:786 - Trying to add GPIOservice into a context  which must be forbidden
2026-05-01 21:39:43,032 [INFO] ImportTextPane:234 - (OptionalMessage_ERROR) Pin34 (VP_RIF_VS_RIF1) cannot be retrieved for this MCU
2026-05-01 21:39:43,216 [INFO] RtosManager:558 - Registered RTOS mode: class=CMSIS, group=RTOS, mode=CMSIS_V1, owner=FREERTOS
2026-05-01 21:39:43,216 [INFO] RtosManager:558 - Registered RTOS mode: class=CMSIS, group=RTOS2, mode=CMSIS_V2, owner=FREERTOS
2026-05-01 21:39:43,216 [INFO] RtosManager:558 - Registered RTOS mode: class=RTOS, group=Core, mode=CMSIS_V1, owner=FREERTOS
2026-05-01 21:39:43,216 [INFO] RtosManager:558 - Registered RTOS mode: class=RTOS, group=Core, mode=CMSIS_V2, owner=FREERTOS
2026-05-01 21:39:43,216 [WARN] ModelIntegratedComponent:184 - Missing modes for component STMicroelectronics:FreeRTOS:0.0.1:STMicroelectronics:RTOS:FreeRTOS:Core:::10.2.0:
2026-05-01 21:39:43,222 [WARN] ModelIntegratedComponent:63 - No mode defined for component null
2026-05-01 21:39:43,222 [WARN] ModelIntegratedComponent:63 - No mode defined for component null
2026-05-01 21:39:43,223 [WARN] ModelIntegratedComponent:63 - No mode defined for component null
2026-05-01 21:39:43,223 [WARN] ModelIntegratedComponent:63 - No mode defined for component null
2026-05-01 21:39:43,223 [WARN] ModelIntegratedComponent:63 - No mode defined for component null
2026-05-01 21:39:43,223 [WARN] ModelIntegratedComponent:63 - No mode defined for component null
2026-05-01 21:39:43,223 [WARN] ModelIntegratedComponent:63 - No mode defined for component null
2026-05-01 21:39:43,223 [WARN] ModelIntegratedComponent:63 - No mode defined for component null
2026-05-01 21:39:43,223 [WARN] ModelIntegratedComponent:63 - No mode defined for component null
2026-05-01 21:39:43,223 [WARN] ModelIntegratedComponent:63 - No mode defined for component null
2026-05-01 21:39:43,223 [WARN] ModelIntegratedComponent:63 - No mode defined for component null
2026-05-01 21:39:43,223 [WARN] ModelIntegratedComponent:63 - No mode defined for component null
2026-05-01 21:39:43,223 [WARN] ModelIntegratedComponent:63 - No mode defined for component null
2026-05-01 21:39:43,223 [WARN] ModelIntegratedComponent:63 - No mode defined for component null
2026-05-01 21:39:43,223 [WARN] ModelIntegratedComponent:63 - No mode defined for component null
2026-05-01 21:39:43,223 [WARN] ModelIntegratedComponent:63 - No mode defined for component null
2026-05-01 21:39:43,223 [WARN] ModelIntegratedComponent:63 - No mode defined for component null
2026-05-01 21:39:43,223 [WARN] ModelIntegratedComponent:63 - No mode defined for component null
2026-05-01 21:39:43,223 [WARN] ModelIntegratedComponent:63 - No mode defined for component null
2026-05-01 21:39:43,223 [WARN] ModelIntegratedComponent:63 - No mode defined for component null
2026-05-01 21:39:43,223 [WARN] ModelIntegratedComponent:63 - No mode defined for component null
2026-05-01 21:39:43,223 [WARN] ModelIntegratedComponent:63 - No mode defined for component null
2026-05-01 21:39:43,223 [WARN] ModelIntegratedComponent:63 - No mode defined for component null
2026-05-01 21:39:43,223 [WARN] ModelIntegratedComponent:63 - No mode defined for component null
2026-05-01 21:39:43,224 [WARN] ModelIntegratedComponent:63 - No mode defined for component null
2026-05-01 21:39:43,224 [WARN] ModelIntegratedComponent:63 - No mode defined for component null
2026-05-01 21:39:43,224 [WARN] ModelIntegratedComponent:63 - No mode defined for component null
2026-05-01 21:39:43,224 [WARN] ModelIntegratedComponent:63 - No mode defined for component null
2026-05-01 21:39:43,224 [WARN] ModelIntegratedComponent:63 - No mode defined for component null
2026-05-01 21:39:43,224 [WARN] ModelIntegratedComponent:63 - No mode defined for component null
2026-05-01 21:39:43,224 [WARN] ModelIntegratedComponent:63 - No mode defined for component null
2026-05-01 21:39:43,224 [WARN] ModelIntegratedComponent:63 - No mode defined for component null
2026-05-01 21:39:43,224 [WARN] ModelIntegratedComponent:63 - No mode defined for component null
2026-05-01 21:39:43,224 [WARN] ModelIntegratedComponent:63 - No mode defined for component null
2026-05-01 21:39:43,224 [WARN] ModelIntegratedComponent:63 - No mode defined for component null
2026-05-01 21:39:43,224 [WARN] ModelPack:524 - Component already loaded: STMicroelectronics:HAL Drivers:0.0.0:STMicroelectronics:Device:STMicro_Driver:XSPI:HAL::0.0.1:HAL_XSPI
2026-05-01 21:39:43,548 [INFO] ThirdPartyModel:298 - Start build external matchings
2026-05-01 21:39:47,733 [INFO] ThirdPartyModel:316 - End build external matchings
2026-05-01 21:39:47,842 [INFO] ImportTextPane:234 - (OptionalMessage_ERROR) IP (RCC) : Parameter (ADCFreqValue) has invalid value (24000000)
2026-05-01 21:39:47,842 [INFO] ImportTextPane:234 - (OptionalMessage_ERROR) IP (RCC) : Invalid parameter (FamilyName)
2026-05-01 21:39:48,036 [INFO] ApiDb:581 - Connected to CubeFinder SQLite database (C:\Users\Евгений\.stmcufinder\plugins\mcufinder\mcu\cube-finder-db.db)
2026-05-01 21:39:48,133 [INFO] ApiDb:668 - CubeFinder database Data Model version=2.1
2026-05-01 21:39:48,134 [INFO] ApiDb:669 - CubeFinder database Configuration version=3.0.42
2026-05-01 21:39:48,134 [INFO] ApiDb:670 - CubeFinder database generation date=2026-03-11 (1773229989)
2026-05-01 21:39:48,134 [INFO] ApiDb:671 - CubeFinder database FW Pack versions=[FP-ATR-ASTRA1_V2.0.0, FP-SNS-FLIGHT1_V5.1.0, FP-SNS-MOTENV1_V5.1.0, FP-SNS-MOTENVWB1_V1.5.0, FP-SNS-SMARTAG2_V1.2.0, FP-SNS-STBOX1_V2.1.0, STM32Cube_FW_C0_V1.4.0, STM32Cube_FW_F4_V1.28.3, STM32Cube_FW_F7_V1.17.4, STM32Cube_FW_G0_V1.6.3, STM32Cube_FW_G4_V1.6.2, STM32Cube_FW_H5_V1.6.0, STM32Cube_FW_H7RS_V1.3.0, STM32Cube_FW_H7_V1.13.0, STM32Cube_FW_L0_V1.12.2, STM32Cube_FW_L4_V1.18.2, STM32Cube_FW_L5_V1.6.0, STM32Cube_FW_N6_V1.3.0, STM32Cube_FW_U0_V1.3.0, STM32Cube_FW_U3_V1.3.0, STM32Cube_FW_U5_V1.8.0, STM32Cube_FW_WB0_V1.4.0, STM32Cube_FW_WBA_V1.9.0, STM32Cube_FW_WB_V1.24.0, STM32Cube_FW_WL3_V1.4.0, STM32Cube_FW_WL_V1.5.0, X-CUBE-ALGOBUILD_V1.4.0, X-CUBE-ALS_V1.0.2, X-CUBE-AZRTOS-F4_V1.1.0, X-CUBE-AZRTOS-F7_V1.1.0, X-CUBE-AZRTOS-G0_V1.1.0, X-CUBE-AZRTOS-G4_V2.0.0, X-CUBE-AZRTOS-H7RS_V1.1.0, X-CUBE-AZRTOS-H7_V3.4.0, X-CUBE-AZRTOS-L4_V2.0.0, X-CUBE-AZRTOS-L5_V2.0.0, X-CUBE-AZRTOS-WB_V2.0.0, X-CUBE-AZRTOS-WL_V2.0.0, X-CUBE-BLE1_V7.1.0, X-CUBE-BLE2_V3.3.0, X-CUBE-BLEMGR_V4.1.0, X-CUBE-EEPRMA1_V5.2.0, X-CUBE-FREERTOS_V1.5.0, X-CUBE-GNSS1_V6.0.0, X-CUBE-MEMS1_V12.0.0, X-CUBE-NFC4_V3.0.0, X-CUBE-NFC7_V2.0.0, X-CUBE-SFXS2LP1_V4.0.0, X-CUBE-ST67W61_V1.2.0, X-CUBE-SUBG2_V5.0.0, X-CUBE-TOF1_V3.4.3]
2026-05-01 21:39:48,244 [INFO] DbBoardsSqlite:226 - include board P-NUCLEO-WB55-NUCLEO as a kit item of type 'Nucleo-64'
2026-05-01 21:39:48,245 [INFO] DbBoardsSqlite:226 - include board P-NUCLEO-WB55-USBDONGLE as a kit item of type 'Nucleo USB Dongle'
2026-05-01 21:39:48,245 [INFO] DbBoardsSqlite:226 - include board STEVAL-IDP005V1 as a kit item of type 'Evaluation Board'
2026-05-01 21:39:48,247 [INFO] DbBoardsSqlite:226 - include board STEVAL-IDP005V2 as a kit item of type 'Evaluation Board'
2026-05-01 21:39:48,683 [INFO] ApiDb:240 - Found 880 in-development CPN: [B-G473E-ZEST1S, B-WB1M-WPAN1, B-WBA5M-WPAN, B-WL5M-SUBG1, NUCLEO-C031C6, NUCLEO-C051C8, NUCLEO-C071RB, NUCLEO-C092RC, NUCLEO-H503RB, NUCLEO-H533RE, NUCLEO-H563ZI, NUCLEO-H7S3L8, NUCLEO-N657X0-Q, NUCLEO-U031R8, NUCLEO-U083RC, NUCLEO-U385RG-Q, NUCLEO-U545RE-Q, NUCLEO-U5A5ZJ-Q, NUCLEO-WB05KZ, NUCLEO-WB07CC, NUCLEO-WB09KE, NUCLEO-WBA52CG, NUCLEO-WBA55CG, NUCLEO-WL33CC1, NUCLEO-WL33CC2, STEVAL-PROTEUS1, STEVAL-SMARTAG2, STEVAL-STWINBX1, STM320518-EVAL, STM32C0116-DK, STM32C011D6Y3TR, STM32C011D6Y6TR, STM32C011F4P3, STM32C011F4P6, STM32C011F4U3, STM32C011F4U6TR, STM32C011F6P3, STM32C011F6P6, STM32C011F6U3, STM32C011F6U6TR, STM32C011J4M3, STM32C011J4M6, STM32C011J6M3, STM32C011J6M6, STM32C0316-DK, STM32C031C4T3, STM32C031C4T6, STM32C031C4U3, STM32C031C4U6, STM32C031C6T3, STM32C031C6T6, STM32C031C6U3, STM32C031C6U6, STM32C031F4P3, STM32C031F4P6, STM32C031F6P3, STM32C031F6P6, STM32C031G4U3, STM32C031G4U6, STM32C031G6U3, STM32C031G6U6, STM32C031K4T3, STM32C031K4T6, STM32C031K4U3, STM32C031K4U6, STM32C031K6T3, STM32C031K6T6, STM32C031K6U3, STM32C031K6U6, STM32C051C6T6, STM32C051C6U6, STM32C051C8T6, STM32C051C8U6, STM32C051D8Y6TR, STM32C051F6P6, STM32C051F8P6, STM32C051G6U6, STM32C051G8U6, STM32C051K6T6, STM32C051K6U6, STM32C051K8T6, STM32C071C8T6, STM32C071C8T6N, STM32C071C8U6, STM32C071C8U6N, STM32C071CBT6, STM32C071CBT6N, STM32C071CBU6, STM32C071CBU6N, STM32C071F8P6, STM32C071F8P6N, STM32C071FBP6, STM32C071FBP6N, STM32C071FBY6TR, STM32C071G8U6, STM32C071G8U6N, STM32C071GBU6, STM32C071GBU6N, STM32C071K8T6, STM32C071K8T6N, STM32C071K8U6, STM32C071K8U6N, STM32C071KBT6, STM32C071KBT6N, STM32C071KBU6, STM32C071KBU6N, STM32C071R8T6, STM32C071R8T6N, STM32C071RBI6N, STM32C071RBT6, STM32C071RBT6N, STM32C091CBT6, STM32C091CBU6, STM32C091CCT6, STM32C091CCU6, STM32C091ECY6TR, STM32C091FBP6, STM32C091FCP6, STM32C091GBU6, STM32C091GCU6, STM32C091KBT6, STM32C091KBU6, STM32C091KCT6, STM32C091KCU6, STM32C091RBT6, STM32C091RCI6, STM32C091RCT6, STM32C092CBT6, STM32C092CBU6, STM32C092CCT6, STM32C092CCU6, STM32C092ECY6TR, STM32C092FBP6, STM32C092FCP6, STM32C092GBU6, STM32C092GCU6, STM32C092KBT6, STM32C092KBU6, STM32C092KCT6, STM32C092KCU6, STM32C092RBT6, STM32C092RCI6, STM32C092RCT6, STM32G071K8TXN, STM32G071K8UXN, STM32G081GBU6N, STM32G081KBT6N, STM32G081KBUXN, STM32G0B1CCT6N, STM32G0B1KCT6, STM32G0B1NEY6TR, STM32G0B1RCT6N, STM32G0C1CCT6, STM32G0C1CCT6N, STM32G0C1CCU6N, STM32G0C1CET6N, STM32G0C1CEU6N, STM32G0C1KCT6, STM32G0C1NEY6TR, STM32G0C1RCI6N, STM32G0C1RCT6N, STM32G0C1REI6N, STM32G0C1RET6N, STM32G0C1VCI6, STM32G0C1VEI6, STM32G411C6T3, STM32G411C6T6, STM32G411C6U3, STM32G411C6U6, STM32G411C8T3, STM32G411C8T6, STM32G411C8U3, STM32G411C8U6, STM32G411CBT3, STM32G411CBT6, STM32G411CBU3, STM32G411CBU6, STM32G411K6T3, STM32G411K6T6, STM32G411K6U3, STM32G411K6U6, STM32G411K8T3, STM32G411K8T6, STM32G411K8U3, STM32G411K8U6, STM32G411KBT3, STM32G411KBT6, STM32G411KBU3, STM32G411KBU6, STM32G411M6T3, STM32G411M6T6, STM32G411M8T3, STM32G411M8T6, STM32G411MBT3, STM32G411MBT6, STM32G411R6T3, STM32G411R6T6, STM32G411R8T3, STM32G411R8T6, STM32G411RBT3, STM32G411RBT6, STM32G414CBT3, STM32G414CBT6, STM32G414CBU3, STM32G414CBU6, STM32G414CCT3, STM32G414CCT6, STM32G414CCU3, STM32G414CCU6, STM32G414MBT3, STM32G414MBT6, STM32G414MCT3, STM32G414MCT6, STM32G414RBT3, STM32G414RBT6, STM32G414RCT3, STM32G414RCT6, STM32G414VBT3, STM32G414VBT6, STM32G414VCT3, STM32G414VCT6, STM32G431CBT3Z, STM32G431RBT3Z, STM32G471CCT6, STM32G471CCU6, STM32G471CET3, STM32G471CET6, STM32G471CEU3, STM32G471CEU6, STM32G471MCT6, STM32G471MET3, STM32G471MET6, STM32G471MEY6TR, STM32G471QCT6, STM32G471QET3, STM32G471RCT6, STM32G471RET3, STM32G471RET6, STM32G471VCH6, STM32G471VCI6, STM32G471VCT6, STM32G471VEH3, STM32G471VEH6, STM32G471VEI3, STM32G471VEI6, STM32G471VET3, STM32G471VET6, STM32G473QET3Z, STM32G473RET3Z, STM32G474CCT6, STM32G491RET3Z, STM32H503CBT6, STM32H503CBU6, STM32H503EBY6TR, STM32H503KBU6, STM32H503RBT6, STM32H523CCT6, STM32H523CCU6, STM32H523CET6, STM32H523CEU6, STM32H523HEY6TR, STM32H523RCT6, STM32H523RET6, STM32H523VCI6, STM32H523VCT6, STM32H523VEI6, STM32H523VET6, STM32H523ZCJ6, STM32H523ZCT6, STM32H523ZEJ6, STM32H523ZET6, STM32H533CET6, STM32H533CEU6, STM32H533HEY6TR, STM32H533RET6, STM32H533VEI6, STM32H533VET6, STM32H533ZEJ6, STM32H533ZET6, STM32H562AGI6, STM32H562AII6, STM32H562IGK6, STM32H562IGT6, STM32H562IIK6, STM32H562IIT6, STM32H562RGT6, STM32H562RGV6, STM32H562RIT6, STM32H562RIV6, STM32H562VGT6, STM32H562VIT6, STM32H562ZGT6, STM32H562ZIT6, STM32H563AGI6, STM32H563AII3Q, STM32H563AII6, STM32H563IGK6, STM32H563IGT6, STM32H563IIK3Q, STM32H563IIK6, STM32H563IIT3Q, STM32H563IIT6, STM32H563MIY3QTR, STM32H563RGT6, STM32H563RGV6, STM32H563RIT6, STM32H563RIV6, STM32H563VGT6, STM32H563VIT3Q, STM32H563VIT6, STM32H563ZGT6, STM32H563ZIT3Q, STM32H563ZIT6, STM32H573AII3Q, STM32H573AII6, STM32H573I-DK, STM32H573IIK3Q, STM32H573IIK6, STM32H573IIT3Q, STM32H573IIT6, STM32H573MIY3QTR, STM32H573RIT6, STM32H573RIV6, STM32H573VIT3Q, STM32H573VIT6, STM32H573ZIT3Q, STM32H573ZIT6, STM32H7R3A8I6, STM32H7R3I8K6, STM32H7R3I8T6, STM32H7R3L8H6, STM32H7R3L8H6H, STM32H7R3R8V6, STM32H7R3V8H6, STM32H7R3V8T6, STM32H7R3V8Y6TR, STM32H7R3Z8J6, STM32H7R3Z8T6, STM32H7R7A8I6, STM32H7R7I8K6, STM32H7R7I8T6, STM32H7R7L8H6, STM32H7R7L8H6H, STM32H7R7Z8J6, STM32H7S3A8I6, STM32H7S3I8K6, STM32H7S3I8T6, STM32H7S3L8H6, STM32H7S3L8H6H, STM32H7S3R8V6, STM32H7S3V8H6, STM32H7S3V8T6, STM32H7S3V8Y6TR, STM32H7S3Z8J6, STM32H7S3Z8T6, STM32H7S78-DK, STM32H7S7A8I6, STM32H7S7I8K6, STM32H7S7I8T6, STM32H7S7L8H6, STM32H7S7L8H6H, STM32H7S7Z8J6, STM32L4R5QGI6STR, STM32MP131AAE3, STM32MP131AAF3, STM32MP131AAG3, STM32MP131CAE3, STM32MP131CAF3, STM32MP131CAG3, STM32MP131DAE7, STM32MP131DAF7, STM32MP131DAG7, STM32MP131FAE7, STM32MP131FAF7, STM32MP131FAG7, STM32MP133AAE3, STM32MP133AAF3, STM32MP133AAG3, STM32MP133CAE3, STM32MP133CAF3, STM32MP133CAG3, STM32MP133DAE7, STM32MP133DAF7, STM32MP133DAG7, STM32MP133FAE7, STM32MP133FAF7, STM32MP133FAG7, STM32MP135AAE3, STM32MP135AAF3, STM32MP135AAG3, STM32MP135CAE3, STM32MP135CAF3, STM32MP135CAG3, STM32MP135DAE7, STM32MP135DAF7, STM32MP135DAG7, STM32MP135F-DK, STM32MP135FAE7, STM32MP135FAF7, STM32MP135FAF7T, STM32MP135FAF7U, STM32MP135FAG7, STM32MP211AAL3, STM32MP211AAM3, STM32MP211AAN3, STM32MP211AAO3, STM32MP211CAL3, STM32MP211CAM3, STM32MP211CAN3, STM32MP211CAO3, STM32MP211DAL3, STM32MP211DAM3, STM32MP211DAN3, STM32MP211DAO3, STM32MP211FAL3, STM32MP211FAM3, STM32MP211FAN3, STM32MP211FAO3, STM32MP213AAL3, STM32MP213AAM3, STM32MP213AAN3, STM32MP213AAO3, STM32MP213CAL3, STM32MP213CAM3, STM32MP213CAN3, STM32MP213CAO3, STM32MP213DAL3, STM32MP213DAM3, STM32MP213DAN3, STM32MP213DAO3, STM32MP213FAL3, STM32MP213FAM3, STM32MP213FAN3, STM32MP213FAO3, STM32MP215AAL3, STM32MP215AAM3, STM32MP215AAN3, STM32MP215AAO3, STM32MP215CAL3, STM32MP215CAM3, STM32MP215CAN3, STM32MP215CAO3, STM32MP215DAL3, STM32MP215DAM3, STM32MP215DAN3, STM32MP215DAO3, STM32MP215F-DK, STM32MP215FAL3, STM32MP215FAM3, STM32MP215FAN3, STM32MP215FAO3, STM32MP231AAJ3, STM32MP231AAK3, STM32MP231AAL3, STM32MP231CAJ3, STM32MP231CAK3, STM32MP231CAL3, STM32MP231DAJ3, STM32MP231DAK3, STM32MP231DAL3, STM32MP231FAJ3, STM32MP231FAK3, STM32MP231FAL3, STM32MP233AAJ3, STM32MP233AAK3, STM32MP233AAL3, STM32MP233CAJ3, STM32MP233CAK3, STM32MP233CAL3, STM32MP233DAJ3, STM32MP233DAK3, STM32MP233DAL3, STM32MP233FAJ3, STM32MP233FAK3, STM32MP233FAL3, STM32MP235AAJ3, STM32MP235AAK3, STM32MP235AAL3, STM32MP235CAJ3, STM32MP235CAK3, STM32MP235CAL3, STM32MP235DAJ3, STM32MP235DAK3, STM32MP235DAL3, STM32MP235FAJ3, STM32MP235FAK3, STM32MP235FAL3, STM32MP251AAI3, STM32MP251AAK3, STM32MP251AAL3, STM32MP251CAI3, STM32MP251CAK3, STM32MP251CAL3, STM32MP251DAI3, STM32MP251DAK3, STM32MP251DAL3, STM32MP251FAI3, STM32MP251FAK3, STM32MP251FAL3, STM32MP253AAI3, STM32MP253AAK3, STM32MP253AAL3, STM32MP253CAI3, STM32MP253CAK3, STM32MP253CAL3, STM32MP253DAI3, STM32MP253DAK3, STM32MP253DAL3, STM32MP253FAI3, STM32MP253FAK3, STM32MP253FAL3, STM32MP255AAI3, STM32MP255AAK3, STM32MP255AAL3, STM32MP255CAI3, STM32MP255CAK3, STM32MP255CAL3, STM32MP255DAI3, STM32MP255DAK3, STM32MP255DAL3, STM32MP255FAI3, STM32MP255FAK3, STM32MP255FAL3, STM32MP257AAI3, STM32MP257AAK3, STM32MP257AAL3, STM32MP257CAI3, STM32MP257CAK3, STM32MP257CAL3, STM32MP257DAI3, STM32MP257DAK3, STM32MP257DAL3, STM32MP257F-DK, STM32MP257F-EV1, STM32MP257FAI3, STM32MP257FAK3, STM32MP257FAL3, STM32N645A0H3Q, STM32N645B0H3Q, STM32N645I0H3Q, STM32N645L0H3Q, STM32N645X0H3Q, STM32N645Z0H3Q, STM32N647A0H3Q, STM32N647B0H3Q, STM32N647I0H3Q, STM32N647L0H3Q, STM32N647X0H3Q, STM32N647Z0H3Q, STM32N655A0H3Q, STM32N655B0H3Q, STM32N655I0H3Q, STM32N655L0H3Q, STM32N655X0H3Q, STM32N655Z0H3Q, STM32N6570-DK, STM32N657A0H3Q, STM32N657B0H3Q, STM32N657I0H3Q, STM32N657L0H3Q, STM32N657X0H3Q, STM32N657Z0H3Q, STM32U031C6T6, STM32U031C6U6, STM32U031C8T6, STM32U031C8U6, STM32U031F4P6, STM32U031F6P6, STM32U031F8P6, STM32U031G6Y6TR, STM32U031G8Y6TR, STM32U031K4U6, STM32U031K6U6, STM32U031K8U6, STM32U031R6I6, STM32U031R6T6, STM32U031R8I6, STM32U031R8T6, STM32U073C8T6, STM32U073C8U6, STM32U073CBT6, STM32U073CBU6, STM32U073CCT6, STM32U073CCU6, STM32U073H8Y6TR, STM32U073HBY6TR, STM32U073HCY6TR, STM32U073K8U6, STM32U073KBU6, STM32U073KCU6, STM32U073M8I6, STM32U073M8T6, STM32U073MBI6, STM32U073MBT6, STM32U073MCI6, STM32U073MCT6, STM32U073R8I6, STM32U073R8T6, STM32U073RBI6, STM32U073RBT6, STM32U073RCI6, STM32U073RCT6, STM32U083C-DK, STM32U083CCT6, STM32U083CCU6, STM32U083HCY6TR, STM32U083KCU6, STM32U083MCI6, STM32U083MCT6, STM32U083RCI6, STM32U083RCT6, STM32U375CET6, STM32U375CET6Q, STM32U375CEU6, STM32U375CEU6Q, STM32U375CEY6QTR, STM32U375CGT6, STM32U375CGT6Q, STM32U375CGU6, STM32U375CGU6Q, STM32U375CGY6QTR, STM32U375KEU6, STM32U375KGU6, STM32U375REI6, STM32U375REI6Q, STM32U375RET6, STM32U375RET6Q, STM32U375REY6GTR, STM32U375REY6QTR, STM32U375RGI6, STM32U375RGI6Q, STM32U375RGT6, STM32U375RGT6Q, STM32U375RGY6GTR, STM32U375RGY6QTR, STM32U375VEI6, STM32U375VEI6Q, STM32U375VET6, STM32U375VET6Q, STM32U375VGI6, STM32U375VGI6Q, STM32U375VGT6, STM32U375VGT6Q, STM32U385CGT6, STM32U385CGT6Q, STM32U385CGU6, STM32U385CGU6Q, STM32U385CGY6QTR, STM32U385KGU6, STM32U385RGI6, STM32U385RGI6Q, STM32U385RGT6, STM32U385RGT6Q, STM32U385RGY6GTR, STM32U385RGY6QTR, STM32U385VGI6, STM32U385VGI6Q, STM32U385VGT6, STM32U385VGT6Q, STM32U535CBT6, STM32U535CBT6Q, STM32U535CBU6, STM32U535CBU6Q, STM32U535CCT6, STM32U535CCT6Q, STM32U535CCU6, STM32U535CCU6Q, STM32U535CET6, STM32U535CET6Q, STM32U535CEU6, STM32U535CEU6Q, STM32U535JEY6QTR, STM32U535NCY6QTR, STM32U535NEY6QTR, STM32U535RBI6, STM32U535RBI6Q, STM32U535RBT6, STM32U535RBT6Q, STM32U535RCI6, STM32U535RCI6Q, STM32U535RCT6, STM32U535RCT6Q, STM32U535REI6, STM32U535REI6Q, STM32U535RET6, STM32U535RET6Q, STM32U535VCI6, STM32U535VCI6Q, STM32U535VCT6, STM32U535VCT6Q, STM32U535VEI6, STM32U535VEI6Q, STM32U535VET6, STM32U535VET6Q, STM32U545CET6, STM32U545CET6Q, STM32U545CEU6, STM32U545CEU6Q, STM32U545JEY6QTR, STM32U545NEY6QTR, STM32U545REI6, STM32U545REI6Q, STM32U545RET6, STM32U545RET6Q, STM32U545VEI6, STM32U545VEI6Q, STM32U545VET6, STM32U545VET6Q, STM32U595AIH6, STM32U595AIH6Q, STM32U595AJH6, STM32U595AJH6Q, STM32U595QII6, STM32U595QII6Q, STM32U595QJI6, STM32U595QJI6Q, STM32U595RIT6, STM32U595RIT6Q, STM32U595RJT6, STM32U595RJT6Q, STM32U595VIT6, STM32U595VIT6Q, STM32U595VJT6, STM32U595VJT6Q, STM32U595ZIT6, STM32U595ZIT6Q, STM32U595ZIY6QTR, STM32U595ZJT6, STM32U595ZJT6Q, STM32U595ZJY6QTR, STM32U599BJY6QTR, STM32U599NIH6Q, STM32U599NJH6Q, STM32U599VIT6Q, STM32U599VJT6, STM32U599VJT6Q, STM32U599ZIT6Q, STM32U599ZIY6QTR, STM32U599ZJT6Q, STM32U599ZJY6QTR, STM32U5A5AJH6, STM32U5A5AJH6Q, STM32U5A5QII3Q , STM32U5A5QJI6, STM32U5A5QJI6Q, STM32U5A5RJT6, STM32U5A5RJT6Q, STM32U5A5VJT6, STM32U5A5VJT6Q, STM32U5A5ZJT6, STM32U5A5ZJT6Q, STM32U5A5ZJY6QTR, STM32U5A9BJY6QTR, STM32U5A9J-DK, STM32U5A9NJH6Q, STM32U5A9VJT6Q, STM32U5A9ZJT6Q, STM32U5A9ZJY6QTR, STM32U5F7VIT6, STM32U5F7VIT6Q, STM32U5F7VJT6, STM32U5F7VJT6Q, STM32U5F9BJY6QTR, STM32U5F9NJH6Q, STM32U5F9VIT6Q, STM32U5F9VJT6Q, STM32U5F9ZIJ6QTR, STM32U5F9ZIT6Q, STM32U5F9ZJJ6QTR, STM32U5F9ZJT6Q, STM32U5G7VJT6, STM32U5G7VJT6Q, STM32U5G9BJY6QTR, STM32U5G9J-DK1, STM32U5G9J-DK2, STM32U5G9NJH6Q, STM32U5G9VJT6Q, STM32U5G9ZJJ6QTR, STM32U5G9ZJT6Q, STM32WB05KZV6TR, STM32WB05KZV7TR, STM32WB05TZF6TR, STM32WB05TZF7TR, STM32WB06CCF6TR, STM32WB06CCF7TR, STM32WB06CCV6TR, STM32WB06CCV7TR, STM32WB06KCV6TR, STM32WB06KCV7TR, STM32WB07CCF6TR, STM32WB07CCF7TR, STM32WB07CCV6TR, STM32WB07CCV7TR, STM32WB07KCV6TR, STM32WB07KCV7TR, STM32WB09KEV6TR, STM32WB09KEV7TR, STM32WB09TEF6TR, STM32WB09TEF7TR, STM32WB1MMCH6, STM32WBA50KGU6, STM32WBA50KGU6TR, STM32WBA52CEU6, STM32WBA52CEU6TR, STM32WBA52CEU7, STM32WBA52CEU7TR, STM32WBA52CGU6, STM32WBA52CGU6TR, STM32WBA52CGU6U, STM32WBA52CGU7, STM32WBA52CGU7TR, STM32WBA52KEU6, STM32WBA52KEU6TR, STM32WBA52KGU6, STM32WBA52KGU6TR, STM32WBA54CEU6, STM32WBA54CEU6TR, STM32WBA54CEU7, STM32WBA54CEU7TR, STM32WBA54CGU6, STM32WBA54CGU6TR, STM32WBA54CGU7, STM32WBA54CGU7TR, STM32WBA54KEU6, STM32WBA54KEU6TR, STM32WBA54KEU7, STM32WBA54KEU7TR, STM32WBA54KGU6, STM32WBA54KGU6TR, STM32WBA54KGU7, STM32WBA54KGU7TR, STM32WBA55CEU6, STM32WBA55CEU6TR, STM32WBA55CEU7, STM32WBA55CEU7TR, STM32WBA55CGU6, STM32WBA55CGU6TR, STM32WBA55CGU6U, STM32WBA55CGU7, STM32WBA55CGU7TR, STM32WBA55G-DK1, STM32WBA55HEF6, STM32WBA55HEF7, STM32WBA55HGF6, STM32WBA55HGF7, STM32WBA55UEI6, STM32WBA55UEI6TR, STM32WBA55UEI7, STM32WBA55UEI7TR, STM32WBA55UGI6, STM32WBA55UGI6TR, STM32WBA55UGI7, STM32WBA55UGI7TR, STM32WBA5MMGH6TR, STM32WBA62MGF6, STM32WBA62MIF6, STM32WBA65MGF7, STM32WBA65MIF6, STM32WBA65MIF7, STM32WL30K8V6, STM32WL30KBV6, STM32WL31C8V6, STM32WL31CBV6, STM32WL31K8V6, STM32WL31KBV6, STM32WL33C8V6, STM32WL33C8V6X, STM32WL33CBV6, STM32WL33CBV6X, STM32WL33CCV6, STM32WL33CCV6A, STM32WL33CCV6X, STM32WL33K8V7, STM32WL33K8V7X, STM32WL33KBV7 , STM32WL33KBV7X, STM32WL33KCV7, STM32WL33KCV7X, STM32WL5MOCH6, STM32WL5MOCH6TR]
2026-05-01 21:39:48,687 [INFO] ApiDb:668 - CubeFinder database Data Model version=2.1
2026-05-01 21:39:48,687 [INFO] ApiDb:669 - CubeFinder database Configuration version=3.0.42
2026-05-01 21:39:48,687 [INFO] ApiDb:670 - CubeFinder database generation date=2026-03-11 (1773229989)
2026-05-01 21:39:48,687 [INFO] ApiDb:671 - CubeFinder database FW Pack versions=[FP-ATR-ASTRA1_V2.0.0, FP-SNS-FLIGHT1_V5.1.0, FP-SNS-MOTENV1_V5.1.0, FP-SNS-MOTENVWB1_V1.5.0, FP-SNS-SMARTAG2_V1.2.0, FP-SNS-STBOX1_V2.1.0, STM32Cube_FW_C0_V1.4.0, STM32Cube_FW_F4_V1.28.3, STM32Cube_FW_F7_V1.17.4, STM32Cube_FW_G0_V1.6.3, STM32Cube_FW_G4_V1.6.2, STM32Cube_FW_H5_V1.6.0, STM32Cube_FW_H7RS_V1.3.0, STM32Cube_FW_H7_V1.13.0, STM32Cube_FW_L0_V1.12.2, STM32Cube_FW_L4_V1.18.2, STM32Cube_FW_L5_V1.6.0, STM32Cube_FW_N6_V1.3.0, STM32Cube_FW_U0_V1.3.0, STM32Cube_FW_U3_V1.3.0, STM32Cube_FW_U5_V1.8.0, STM32Cube_FW_WB0_V1.4.0, STM32Cube_FW_WBA_V1.9.0, STM32Cube_FW_WB_V1.24.0, STM32Cube_FW_WL3_V1.4.0, STM32Cube_FW_WL_V1.5.0, X-CUBE-ALGOBUILD_V1.4.0, X-CUBE-ALS_V1.0.2, X-CUBE-AZRTOS-F4_V1.1.0, X-CUBE-AZRTOS-F7_V1.1.0, X-CUBE-AZRTOS-G0_V1.1.0, X-CUBE-AZRTOS-G4_V2.0.0, X-CUBE-AZRTOS-H7RS_V1.1.0, X-CUBE-AZRTOS-H7_V3.4.0, X-CUBE-AZRTOS-L4_V2.0.0, X-CUBE-AZRTOS-L5_V2.0.0, X-CUBE-AZRTOS-WB_V2.0.0, X-CUBE-AZRTOS-WL_V2.0.0, X-CUBE-BLE1_V7.1.0, X-CUBE-BLE2_V3.3.0, X-CUBE-BLEMGR_V4.1.0, X-CUBE-EEPRMA1_V5.2.0, X-CUBE-FREERTOS_V1.5.0, X-CUBE-GNSS1_V6.0.0, X-CUBE-MEMS1_V12.0.0, X-CUBE-NFC4_V3.0.0, X-CUBE-NFC7_V2.0.0, X-CUBE-SFXS2LP1_V4.0.0, X-CUBE-ST67W61_V1.2.0, X-CUBE-SUBG2_V5.0.0, X-CUBE-TOF1_V3.4.3]
2026-05-01 21:39:50,591 [INFO] ApiDb:240 - Found 880 in-development CPN: [B-G473E-ZEST1S, B-WB1M-WPAN1, B-WBA5M-WPAN, B-WL5M-SUBG1, NUCLEO-C031C6, NUCLEO-C051C8, NUCLEO-C071RB, NUCLEO-C092RC, NUCLEO-H503RB, NUCLEO-H533RE, NUCLEO-H563ZI, NUCLEO-H7S3L8, NUCLEO-N657X0-Q, NUCLEO-U031R8, NUCLEO-U083RC, NUCLEO-U385RG-Q, NUCLEO-U545RE-Q, NUCLEO-U5A5ZJ-Q, NUCLEO-WB05KZ, NUCLEO-WB07CC, NUCLEO-WB09KE, NUCLEO-WBA52CG, NUCLEO-WBA55CG, NUCLEO-WL33CC1, NUCLEO-WL33CC2, STEVAL-PROTEUS1, STEVAL-SMARTAG2, STEVAL-STWINBX1, STM320518-EVAL, STM32C0116-DK, STM32C011D6Y3TR, STM32C011D6Y6TR, STM32C011F4P3, STM32C011F4P6, STM32C011F4U3, STM32C011F4U6TR, STM32C011F6P3, STM32C011F6P6, STM32C011F6U3, STM32C011F6U6TR, STM32C011J4M3, STM32C011J4M6, STM32C011J6M3, STM32C011J6M6, STM32C0316-DK, STM32C031C4T3, STM32C031C4T6, STM32C031C4U3, STM32C031C4U6, STM32C031C6T3, STM32C031C6T6, STM32C031C6U3, STM32C031C6U6, STM32C031F4P3, STM32C031F4P6, STM32C031F6P3, STM32C031F6P6, STM32C031G4U3, STM32C031G4U6, STM32C031G6U3, STM32C031G6U6, STM32C031K4T3, STM32C031K4T6, STM32C031K4U3, STM32C031K4U6, STM32C031K6T3, STM32C031K6T6, STM32C031K6U3, STM32C031K6U6, STM32C051C6T6, STM32C051C6U6, STM32C051C8T6, STM32C051C8U6, STM32C051D8Y6TR, STM32C051F6P6, STM32C051F8P6, STM32C051G6U6, STM32C051G8U6, STM32C051K6T6, STM32C051K6U6, STM32C051K8T6, STM32C071C8T6, STM32C071C8T6N, STM32C071C8U6, STM32C071C8U6N, STM32C071CBT6, STM32C071CBT6N, STM32C071CBU6, STM32C071CBU6N, STM32C071F8P6, STM32C071F8P6N, STM32C071FBP6, STM32C071FBP6N, STM32C071FBY6TR, STM32C071G8U6, STM32C071G8U6N, STM32C071GBU6, STM32C071GBU6N, STM32C071K8T6, STM32C071K8T6N, STM32C071K8U6, STM32C071K8U6N, STM32C071KBT6, STM32C071KBT6N, STM32C071KBU6, STM32C071KBU6N, STM32C071R8T6, STM32C071R8T6N, STM32C071RBI6N, STM32C071RBT6, STM32C071RBT6N, STM32C091CBT6, STM32C091CBU6, STM32C091CCT6, STM32C091CCU6, STM32C091ECY6TR, STM32C091FBP6, STM32C091FCP6, STM32C091GBU6, STM32C091GCU6, STM32C091KBT6, STM32C091KBU6, STM32C091KCT6, STM32C091KCU6, STM32C091RBT6, STM32C091RCI6, STM32C091RCT6, STM32C092CBT6, STM32C092CBU6, STM32C092CCT6, STM32C092CCU6, STM32C092ECY6TR, STM32C092FBP6, STM32C092FCP6, STM32C092GBU6, STM32C092GCU6, STM32C092KBT6, STM32C092KBU6, STM32C092KCT6, STM32C092KCU6, STM32C092RBT6, STM32C092RCI6, STM32C092RCT6, STM32G071K8TXN, STM32G071K8UXN, STM32G081GBU6N, STM32G081KBT6N, STM32G081KBUXN, STM32G0B1CCT6N, STM32G0B1KCT6, STM32G0B1NEY6TR, STM32G0B1RCT6N, STM32G0C1CCT6, STM32G0C1CCT6N, STM32G0C1CCU6N, STM32G0C1CET6N, STM32G0C1CEU6N, STM32G0C1KCT6, STM32G0C1NEY6TR, STM32G0C1RCI6N, STM32G0C1RCT6N, STM32G0C1REI6N, STM32G0C1RET6N, STM32G0C1VCI6, STM32G0C1VEI6, STM32G411C6T3, STM32G411C6T6, STM32G411C6U3, STM32G411C6U6, STM32G411C8T3, STM32G411C8T6, STM32G411C8U3, STM32G411C8U6, STM32G411CBT3, STM32G411CBT6, STM32G411CBU3, STM32G411CBU6, STM32G411K6T3, STM32G411K6T6, STM32G411K6U3, STM32G411K6U6, STM32G411K8T3, STM32G411K8T6, STM32G411K8U3, STM32G411K8U6, STM32G411KBT3, STM32G411KBT6, STM32G411KBU3, STM32G411KBU6, STM32G411M6T3, STM32G411M6T6, STM32G411M8T3, STM32G411M8T6, STM32G411MBT3, STM32G411MBT6, STM32G411R6T3, STM32G411R6T6, STM32G411R8T3, STM32G411R8T6, STM32G411RBT3, STM32G411RBT6, STM32G414CBT3, STM32G414CBT6, STM32G414CBU3, STM32G414CBU6, STM32G414CCT3, STM32G414CCT6, STM32G414CCU3, STM32G414CCU6, STM32G414MBT3, STM32G414MBT6, STM32G414MCT3, STM32G414MCT6, STM32G414RBT3, STM32G414RBT6, STM32G414RCT3, STM32G414RCT6, STM32G414VBT3, STM32G414VBT6, STM32G414VCT3, STM32G414VCT6, STM32G431CBT3Z, STM32G431RBT3Z, STM32G471CCT6, STM32G471CCU6, STM32G471CET3, STM32G471CET6, STM32G471CEU3, STM32G471CEU6, STM32G471MCT6, STM32G471MET3, STM32G471MET6, STM32G471MEY6TR, STM32G471QCT6, STM32G471QET3, STM32G471RCT6, STM32G471RET3, STM32G471RET6, STM32G471VCH6, STM32G471VCI6, STM32G471VCT6, STM32G471VEH3, STM32G471VEH6, STM32G471VEI3, STM32G471VEI6, STM32G471VET3, STM32G471VET6, STM32G473QET3Z, STM32G473RET3Z, STM32G474CCT6, STM32G491RET3Z, STM32H503CBT6, STM32H503CBU6, STM32H503EBY6TR, STM32H503KBU6, STM32H503RBT6, STM32H523CCT6, STM32H523CCU6, STM32H523CET6, STM32H523CEU6, STM32H523HEY6TR, STM32H523RCT6, STM32H523RET6, STM32H523VCI6, STM32H523VCT6, STM32H523VEI6, STM32H523VET6, STM32H523ZCJ6, STM32H523ZCT6, STM32H523ZEJ6, STM32H523ZET6, STM32H533CET6, STM32H533CEU6, STM32H533HEY6TR, STM32H533RET6, STM32H533VEI6, STM32H533VET6, STM32H533ZEJ6, STM32H533ZET6, STM32H562AGI6, STM32H562AII6, STM32H562IGK6, STM32H562IGT6, STM32H562IIK6, STM32H562IIT6, STM32H562RGT6, STM32H562RGV6, STM32H562RIT6, STM32H562RIV6, STM32H562VGT6, STM32H562VIT6, STM32H562ZGT6, STM32H562ZIT6, STM32H563AGI6, STM32H563AII3Q, STM32H563AII6, STM32H563IGK6, STM32H563IGT6, STM32H563IIK3Q, STM32H563IIK6, STM32H563IIT3Q, STM32H563IIT6, STM32H563MIY3QTR, STM32H563RGT6, STM32H563RGV6, STM32H563RIT6, STM32H563RIV6, STM32H563VGT6, STM32H563VIT3Q, STM32H563VIT6, STM32H563ZGT6, STM32H563ZIT3Q, STM32H563ZIT6, STM32H573AII3Q, STM32H573AII6, STM32H573I-DK, STM32H573IIK3Q, STM32H573IIK6, STM32H573IIT3Q, STM32H573IIT6, STM32H573MIY3QTR, STM32H573RIT6, STM32H573RIV6, STM32H573VIT3Q, STM32H573VIT6, STM32H573ZIT3Q, STM32H573ZIT6, STM32H7R3A8I6, STM32H7R3I8K6, STM32H7R3I8T6, STM32H7R3L8H6, STM32H7R3L8H6H, STM32H7R3R8V6, STM32H7R3V8H6, STM32H7R3V8T6, STM32H7R3V8Y6TR, STM32H7R3Z8J6, STM32H7R3Z8T6, STM32H7R7A8I6, STM32H7R7I8K6, STM32H7R7I8T6, STM32H7R7L8H6, STM32H7R7L8H6H, STM32H7R7Z8J6, STM32H7S3A8I6, STM32H7S3I8K6, STM32H7S3I8T6, STM32H7S3L8H6, STM32H7S3L8H6H, STM32H7S3R8V6, STM32H7S3V8H6, STM32H7S3V8T6, STM32H7S3V8Y6TR, STM32H7S3Z8J6, STM32H7S3Z8T6, STM32H7S78-DK, STM32H7S7A8I6, STM32H7S7I8K6, STM32H7S7I8T6, STM32H7S7L8H6, STM32H7S7L8H6H, STM32H7S7Z8J6, STM32L4R5QGI6STR, STM32MP131AAE3, STM32MP131AAF3, STM32MP131AAG3, STM32MP131CAE3, STM32MP131CAF3, STM32MP131CAG3, STM32MP131DAE7, STM32MP131DAF7, STM32MP131DAG7, STM32MP131FAE7, STM32MP131FAF7, STM32MP131FAG7, STM32MP133AAE3, STM32MP133AAF3, STM32MP133AAG3, STM32MP133CAE3, STM32MP133CAF3, STM32MP133CAG3, STM32MP133DAE7, STM32MP133DAF7, STM32MP133DAG7, STM32MP133FAE7, STM32MP133FAF7, STM32MP133FAG7, STM32MP135AAE3, STM32MP135AAF3, STM32MP135AAG3, STM32MP135CAE3, STM32MP135CAF3, STM32MP135CAG3, STM32MP135DAE7, STM32MP135DAF7, STM32MP135DAG7, STM32MP135F-DK, STM32MP135FAE7, STM32MP135FAF7, STM32MP135FAF7T, STM32MP135FAF7U, STM32MP135FAG7, STM32MP211AAL3, STM32MP211AAM3, STM32MP211AAN3, STM32MP211AAO3, STM32MP211CAL3, STM32MP211CAM3, STM32MP211CAN3, STM32MP211CAO3, STM32MP211DAL3, STM32MP211DAM3, STM32MP211DAN3, STM32MP211DAO3, STM32MP211FAL3, STM32MP211FAM3, STM32MP211FAN3, STM32MP211FAO3, STM32MP213AAL3, STM32MP213AAM3, STM32MP213AAN3, STM32MP213AAO3, STM32MP213CAL3, STM32MP213CAM3, STM32MP213CAN3, STM32MP213CAO3, STM32MP213DAL3, STM32MP213DAM3, STM32MP213DAN3, STM32MP213DAO3, STM32MP213FAL3, STM32MP213FAM3, STM32MP213FAN3, STM32MP213FAO3, STM32MP215AAL3, STM32MP215AAM3, STM32MP215AAN3, STM32MP215AAO3, STM32MP215CAL3, STM32MP215CAM3, STM32MP215CAN3, STM32MP215CAO3, STM32MP215DAL3, STM32MP215DAM3, STM32MP215DAN3, STM32MP215DAO3, STM32MP215F-DK, STM32MP215FAL3, STM32MP215FAM3, STM32MP215FAN3, STM32MP215FAO3, STM32MP231AAJ3, STM32MP231AAK3, STM32MP231AAL3, STM32MP231CAJ3, STM32MP231CAK3, STM32MP231CAL3, STM32MP231DAJ3, STM32MP231DAK3, STM32MP231DAL3, STM32MP231FAJ3, STM32MP231FAK3, STM32MP231FAL3, STM32MP233AAJ3, STM32MP233AAK3, STM32MP233AAL3, STM32MP233CAJ3, STM32MP233CAK3, STM32MP233CAL3, STM32MP233DAJ3, STM32MP233DAK3, STM32MP233DAL3, STM32MP233FAJ3, STM32MP233FAK3, STM32MP233FAL3, STM32MP235AAJ3, STM32MP235AAK3, STM32MP235AAL3, STM32MP235CAJ3, STM32MP235CAK3, STM32MP235CAL3, STM32MP235DAJ3, STM32MP235DAK3, STM32MP235DAL3, STM32MP235FAJ3, STM32MP235FAK3, STM32MP235FAL3, STM32MP251AAI3, STM32MP251AAK3, STM32MP251AAL3, STM32MP251CAI3, STM32MP251CAK3, STM32MP251CAL3, STM32MP251DAI3, STM32MP251DAK3, STM32MP251DAL3, STM32MP251FAI3, STM32MP251FAK3, STM32MP251FAL3, STM32MP253AAI3, STM32MP253AAK3, STM32MP253AAL3, STM32MP253CAI3, STM32MP253CAK3, STM32MP253CAL3, STM32MP253DAI3, STM32MP253DAK3, STM32MP253DAL3, STM32MP253FAI3, STM32MP253FAK3, STM32MP253FAL3, STM32MP255AAI3, STM32MP255AAK3, STM32MP255AAL3, STM32MP255CAI3, STM32MP255CAK3, STM32MP255CAL3, STM32MP255DAI3, STM32MP255DAK3, STM32MP255DAL3, STM32MP255FAI3, STM32MP255FAK3, STM32MP255FAL3, STM32MP257AAI3, STM32MP257AAK3, STM32MP257AAL3, STM32MP257CAI3, STM32MP257CAK3, STM32MP257CAL3, STM32MP257DAI3, STM32MP257DAK3, STM32MP257DAL3, STM32MP257F-DK, STM32MP257F-EV1, STM32MP257FAI3, STM32MP257FAK3, STM32MP257FAL3, STM32N645A0H3Q, STM32N645B0H3Q, STM32N645I0H3Q, STM32N645L0H3Q, STM32N645X0H3Q, STM32N645Z0H3Q, STM32N647A0H3Q, STM32N647B0H3Q, STM32N647I0H3Q, STM32N647L0H3Q, STM32N647X0H3Q, STM32N647Z0H3Q, STM32N655A0H3Q, STM32N655B0H3Q, STM32N655I0H3Q, STM32N655L0H3Q, STM32N655X0H3Q, STM32N655Z0H3Q, STM32N6570-DK, STM32N657A0H3Q, STM32N657B0H3Q, STM32N657I0H3Q, STM32N657L0H3Q, STM32N657X0H3Q, STM32N657Z0H3Q, STM32U031C6T6, STM32U031C6U6, STM32U031C8T6, STM32U031C8U6, STM32U031F4P6, STM32U031F6P6, STM32U031F8P6, STM32U031G6Y6TR, STM32U031G8Y6TR, STM32U031K4U6, STM32U031K6U6, STM32U031K8U6, STM32U031R6I6, STM32U031R6T6, STM32U031R8I6, STM32U031R8T6, STM32U073C8T6, STM32U073C8U6, STM32U073CBT6, STM32U073CBU6, STM32U073CCT6, STM32U073CCU6, STM32U073H8Y6TR, STM32U073HBY6TR, STM32U073HCY6TR, STM32U073K8U6, STM32U073KBU6, STM32U073KCU6, STM32U073M8I6, STM32U073M8T6, STM32U073MBI6, STM32U073MBT6, STM32U073MCI6, STM32U073MCT6, STM32U073R8I6, STM32U073R8T6, STM32U073RBI6, STM32U073RBT6, STM32U073RCI6, STM32U073RCT6, STM32U083C-DK, STM32U083CCT6, STM32U083CCU6, STM32U083HCY6TR, STM32U083KCU6, STM32U083MCI6, STM32U083MCT6, STM32U083RCI6, STM32U083RCT6, STM32U375CET6, STM32U375CET6Q, STM32U375CEU6, STM32U375CEU6Q, STM32U375CEY6QTR, STM32U375CGT6, STM32U375CGT6Q, STM32U375CGU6, STM32U375CGU6Q, STM32U375CGY6QTR, STM32U375KEU6, STM32U375KGU6, STM32U375REI6, STM32U375REI6Q, STM32U375RET6, STM32U375RET6Q, STM32U375REY6GTR, STM32U375REY6QTR, STM32U375RGI6, STM32U375RGI6Q, STM32U375RGT6, STM32U375RGT6Q, STM32U375RGY6GTR, STM32U375RGY6QTR, STM32U375VEI6, STM32U375VEI6Q, STM32U375VET6, STM32U375VET6Q, STM32U375VGI6, STM32U375VGI6Q, STM32U375VGT6, STM32U375VGT6Q, STM32U385CGT6, STM32U385CGT6Q, STM32U385CGU6, STM32U385CGU6Q, STM32U385CGY6QTR, STM32U385KGU6, STM32U385RGI6, STM32U385RGI6Q, STM32U385RGT6, STM32U385RGT6Q, STM32U385RGY6GTR, STM32U385RGY6QTR, STM32U385VGI6, STM32U385VGI6Q, STM32U385VGT6, STM32U385VGT6Q, STM32U535CBT6, STM32U535CBT6Q, STM32U535CBU6, STM32U535CBU6Q, STM32U535CCT6, STM32U535CCT6Q, STM32U535CCU6, STM32U535CCU6Q, STM32U535CET6, STM32U535CET6Q, STM32U535CEU6, STM32U535CEU6Q, STM32U535JEY6QTR, STM32U535NCY6QTR, STM32U535NEY6QTR, STM32U535RBI6, STM32U535RBI6Q, STM32U535RBT6, STM32U535RBT6Q, STM32U535RCI6, STM32U535RCI6Q, STM32U535RCT6, STM32U535RCT6Q, STM32U535REI6, STM32U535REI6Q, STM32U535RET6, STM32U535RET6Q, STM32U535VCI6, STM32U535VCI6Q, STM32U535VCT6, STM32U535VCT6Q, STM32U535VEI6, STM32U535VEI6Q, STM32U535VET6, STM32U535VET6Q, STM32U545CET6, STM32U545CET6Q, STM32U545CEU6, STM32U545CEU6Q, STM32U545JEY6QTR, STM32U545NEY6QTR, STM32U545REI6, STM32U545REI6Q, STM32U545RET6, STM32U545RET6Q, STM32U545VEI6, STM32U545VEI6Q, STM32U545VET6, STM32U545VET6Q, STM32U595AIH6, STM32U595AIH6Q, STM32U595AJH6, STM32U595AJH6Q, STM32U595QII6, STM32U595QII6Q, STM32U595QJI6, STM32U595QJI6Q, STM32U595RIT6, STM32U595RIT6Q, STM32U595RJT6, STM32U595RJT6Q, STM32U595VIT6, STM32U595VIT6Q, STM32U595VJT6, STM32U595VJT6Q, STM32U595ZIT6, STM32U595ZIT6Q, STM32U595ZIY6QTR, STM32U595ZJT6, STM32U595ZJT6Q, STM32U595ZJY6QTR, STM32U599BJY6QTR, STM32U599NIH6Q, STM32U599NJH6Q, STM32U599VIT6Q, STM32U599VJT6, STM32U599VJT6Q, STM32U599ZIT6Q, STM32U599ZIY6QTR, STM32U599ZJT6Q, STM32U599ZJY6QTR, STM32U5A5AJH6, STM32U5A5AJH6Q, STM32U5A5QII3Q , STM32U5A5QJI6, STM32U5A5QJI6Q, STM32U5A5RJT6, STM32U5A5RJT6Q, STM32U5A5VJT6, STM32U5A5VJT6Q, STM32U5A5ZJT6, STM32U5A5ZJT6Q, STM32U5A5ZJY6QTR, STM32U5A9BJY6QTR, STM32U5A9J-DK, STM32U5A9NJH6Q, STM32U5A9VJT6Q, STM32U5A9ZJT6Q, STM32U5A9ZJY6QTR, STM32U5F7VIT6, STM32U5F7VIT6Q, STM32U5F7VJT6, STM32U5F7VJT6Q, STM32U5F9BJY6QTR, STM32U5F9NJH6Q, STM32U5F9VIT6Q, STM32U5F9VJT6Q, STM32U5F9ZIJ6QTR, STM32U5F9ZIT6Q, STM32U5F9ZJJ6QTR, STM32U5F9ZJT6Q, STM32U5G7VJT6, STM32U5G7VJT6Q, STM32U5G9BJY6QTR, STM32U5G9J-DK1, STM32U5G9J-DK2, STM32U5G9NJH6Q, STM32U5G9VJT6Q, STM32U5G9ZJJ6QTR, STM32U5G9ZJT6Q, STM32WB05KZV6TR, STM32WB05KZV7TR, STM32WB05TZF6TR, STM32WB05TZF7TR, STM32WB06CCF6TR, STM32WB06CCF7TR, STM32WB06CCV6TR, STM32WB06CCV7TR, STM32WB06KCV6TR, STM32WB06KCV7TR, STM32WB07CCF6TR, STM32WB07CCF7TR, STM32WB07CCV6TR, STM32WB07CCV7TR, STM32WB07KCV6TR, STM32WB07KCV7TR, STM32WB09KEV6TR, STM32WB09KEV7TR, STM32WB09TEF6TR, STM32WB09TEF7TR, STM32WB1MMCH6, STM32WBA50KGU6, STM32WBA50KGU6TR, STM32WBA52CEU6, STM32WBA52CEU6TR, STM32WBA52CEU7, STM32WBA52CEU7TR, STM32WBA52CGU6, STM32WBA52CGU6TR, STM32WBA52CGU6U, STM32WBA52CGU7, STM32WBA52CGU7TR, STM32WBA52KEU6, STM32WBA52KEU6TR, STM32WBA52KGU6, STM32WBA52KGU6TR, STM32WBA54CEU6, STM32WBA54CEU6TR, STM32WBA54CEU7, STM32WBA54CEU7TR, STM32WBA54CGU6, STM32WBA54CGU6TR, STM32WBA54CGU7, STM32WBA54CGU7TR, STM32WBA54KEU6, STM32WBA54KEU6TR, STM32WBA54KEU7, STM32WBA54KEU7TR, STM32WBA54KGU6, STM32WBA54KGU6TR, STM32WBA54KGU7, STM32WBA54KGU7TR, STM32WBA55CEU6, STM32WBA55CEU6TR, STM32WBA55CEU7, STM32WBA55CEU7TR, STM32WBA55CGU6, STM32WBA55CGU6TR, STM32WBA55CGU6U, STM32WBA55CGU7, STM32WBA55CGU7TR, STM32WBA55G-DK1, STM32WBA55HEF6, STM32WBA55HEF7, STM32WBA55HGF6, STM32WBA55HGF7, STM32WBA55UEI6, STM32WBA55UEI6TR, STM32WBA55UEI7, STM32WBA55UEI7TR, STM32WBA55UGI6, STM32WBA55UGI6TR, STM32WBA55UGI7, STM32WBA55UGI7TR, STM32WBA5MMGH6TR, STM32WBA62MGF6, STM32WBA62MIF6, STM32WBA65MGF7, STM32WBA65MIF6, STM32WBA65MIF7, STM32WL30K8V6, STM32WL30KBV6, STM32WL31C8V6, STM32WL31CBV6, STM32WL31K8V6, STM32WL31KBV6, STM32WL33C8V6, STM32WL33C8V6X, STM32WL33CBV6, STM32WL33CBV6X, STM32WL33CCV6, STM32WL33CCV6A, STM32WL33CCV6X, STM32WL33K8V7, STM32WL33K8V7X, STM32WL33KBV7 , STM32WL33KBV7X, STM32WL33KCV7, STM32WL33KCV7X, STM32WL5MOCH6, STM32WL5MOCH6TR]
2026-05-01 21:39:50,597 [INFO] DbMcus:218 - Found 5055 MCUs, 4968 are supported
2026-05-01 21:39:50,597 [INFO] ApiDb:423 - Load user favorites file C:\Users\Евгений/.stm32cubeide/favorites.mcus.txt: 0 item(s)
2026-05-01 21:39:50,598 [INFO] ApiDb:427 - User favorites MCUs=[]
2026-05-01 21:39:50,598 [INFO] DbMcus:224 - Set 0 / 0 favorites MCUs
2026-05-01 21:39:51,057 [INFO] BoardInfo:889 - No configuration file found for board NUCLEO-H5E5ZJ
2026-05-01 21:39:51,059 [INFO] DbBoards:161 - Board is not supported: NUCLEO-H5E5ZJ
2026-05-01 21:39:51,120 [INFO] BoardInfo:889 - No configuration file found for board NUCLEO-U3C5ZI-Q
2026-05-01 21:39:51,121 [INFO] DbBoards:161 - Board is not supported: NUCLEO-U3C5ZI-Q
2026-05-01 21:39:51,142 [INFO] BoardInfo:889 - No configuration file found for board NUCLEO-WBA25CE1
2026-05-01 21:39:51,143 [INFO] DbBoards:161 - Board is not supported: NUCLEO-WBA25CE1
2026-05-01 21:39:51,153 [INFO] BoardInfo:889 - No configuration file found for board NUCLEO-WL3RKB1
2026-05-01 21:39:51,155 [INFO] DbBoards:161 - Board is not supported: NUCLEO-WL3RKB1
2026-05-01 21:39:51,156 [INFO] BoardInfo:889 - No configuration file found for board NUCLEO-WL3RKB2
2026-05-01 21:39:51,156 [INFO] DbBoards:161 - Board is not supported: NUCLEO-WL3RKB2
2026-05-01 21:39:51,165 [INFO] BoardInfo:889 - No configuration file found for board P-NUCLEO-WB55
2026-05-01 21:39:51,166 [INFO] DbBoards:161 - Kit is not supported: P-NUCLEO-WB55
2026-05-01 21:39:51,173 [INFO] BoardInfo:889 - No configuration file found for board STEVAL-BFA001V1B
2026-05-01 21:39:51,174 [INFO] DbBoards:161 - Kit is not supported: STEVAL-BFA001V1B
2026-05-01 21:39:51,175 [INFO] BoardInfo:889 - No configuration file found for board STEVAL-BFA001V2B
2026-05-01 21:39:51,176 [INFO] DbBoards:161 - Kit is not supported: STEVAL-BFA001V2B
2026-05-01 21:39:51,286 [INFO] BoardInfo:889 - No configuration file found for board STM32H5F5J-DK
2026-05-01 21:39:51,287 [INFO] DbBoards:161 - Board is not supported: STM32H5F5J-DK
2026-05-01 21:39:51,371 [INFO] DbBoards:168 - Found 218 boards, 209 are supported
2026-05-01 21:39:51,371 [INFO] DbBoards:169 - Found 218 boards, 43 of them is supported for  Bsp
2026-05-01 21:39:51,376 [INFO] ApiDb:423 - Load user favorites file C:\Users\Евгений/.stm32cubeide/favorites.boards.txt: 0 item(s)
2026-05-01 21:39:51,376 [INFO] ApiDb:427 - User favorites Boards=[]
2026-05-01 21:39:51,376 [INFO] DbBoards:198 - Set 0 / 0 favorites Boards
2026-05-01 21:39:51,433 [INFO] UtilMem:75 - End LoadConfig() Used Memory: 393078104 Bytes (482344960)
2026-05-01 21:39:51,551 [WARN] ThirdParty:833 - waiting for thirdparty lock release [change project]
2026-05-01 21:39:51,551 [INFO] ThirdParty:835 - entering critical section [change project]
2026-05-01 21:39:51,551 [INFO] ThirdParty:1030 - CMSIS Pack Vendor :STMicroelectronics X-CUBE-AZRTOS-H7 3.5.0
2026-05-01 21:39:51,553 [INFO] ThirdParty:1030 - CMSIS Pack Vendor :STMicroelectronics X-CUBE-PM33A1 1.0.0
2026-05-01 21:39:51,553 [INFO] ThirdParty:1030 - CMSIS Pack Vendor :STMicroelectronics USBPD 4.1
2026-05-01 21:39:51,553 [INFO] ThirdParty:1030 - CMSIS Pack Vendor :STMicroelectronics X-CUBE-GNSS1 6.0.0
2026-05-01 21:39:51,553 [INFO] ThirdParty:1030 - CMSIS Pack Vendor :STMicroelectronics USB_HOST 2.0.0
2026-05-01 21:39:51,553 [INFO] ThirdParty:1030 - CMSIS Pack Vendor :STMicroelectronics FP-SNS-MOTENVWB1 1.4.0
2026-05-01 21:39:51,553 [INFO] ThirdParty:1030 - CMSIS Pack Vendor :STMicroelectronics X-CUBE-AZRTOS-F4 1.1.0
2026-05-01 21:39:51,553 [INFO] ThirdParty:1030 - CMSIS Pack Vendor :STMicroelectronics LIBJPEG 8.0.0
2026-05-01 21:39:51,553 [INFO] ThirdParty:1030 - CMSIS Pack Vendor :STMicroelectronics FP-ATR-ASTRA1 2.0.2
2026-05-01 21:39:51,553 [INFO] ThirdParty:1030 - CMSIS Pack Vendor :Avnet-IotConnect X-CUBE-IoTC-DA16k-PMOD 1.0.0
2026-05-01 21:39:51,553 [INFO] ThirdParty:1030 - CMSIS Pack Vendor :STMicroelectronics X-CUBE-SMBUS 2.1.0
2026-05-01 21:39:51,553 [INFO] ThirdParty:1030 - CMSIS Pack Vendor :STMicroelectronics X-CUBE-ISPU 2.1.0
2026-05-01 21:39:51,553 [INFO] ThirdParty:1030 - CMSIS Pack Vendor :STMicroelectronics X-CUBE-IPS 3.2.0
2026-05-01 21:39:51,553 [INFO] ThirdParty:1030 - CMSIS Pack Vendor :STMicroelectronics eDS-WB_DPC_TT-BIDIR 2.1.1
2026-05-01 21:39:51,553 [INFO] ThirdParty:1030 - CMSIS Pack Vendor :STMicroelectronics X-CUBE-ST60 1.0.0
2026-05-01 21:39:51,553 [INFO] ThirdParty:1030 - CMSIS Pack Vendor :STMicroelectronics X-CUBE-TOUCHGFX 4.23.0
2026-05-01 21:39:51,553 [INFO] ThirdParty:1030 - CMSIS Pack Vendor :STMicroelectronics X-CUBE-NFC12 1.0.0
2026-05-01 21:39:51,553 [INFO] ThirdParty:1030 - CMSIS Pack Vendor :STMicroelectronics X-CUBE-BLEMGR 1.2.0
2026-05-01 21:39:51,554 [INFO] ThirdParty:1030 - CMSIS Pack Vendor :STMicroelectronics X-CUBE-AZRTOS-F7 1.1.0
2026-05-01 21:39:51,554 [INFO] ThirdParty:1030 - CMSIS Pack Vendor :STMicroelectronics X-CUBE-AZRTOS-L5 2.0.0
2026-05-01 21:39:51,554 [INFO] ThirdParty:1030 - CMSIS Pack Vendor :STMicroelectronics USB_DEVICE 2.0.0
2026-05-01 21:39:51,554 [INFO] ThirdParty:1030 - CMSIS Pack Vendor :STMicroelectronics X-CUBE-MEMS1 9.6.0
2026-05-01 21:39:51,554 [INFO] ThirdParty:1030 - CMSIS Pack Vendor :STMicroelectronics X-CUBE-EEPRMA1 4.2.0
2026-05-01 21:39:51,554 [INFO] ThirdParty:1030 - CMSIS Pack Vendor :STMicroelectronics X-CUBE-NFC6 3.1.0
2026-05-01 21:39:51,554 [INFO] ThirdParty:1030 - CMSIS Pack Vendor :ITTIA_DB I-CUBE-ITTIADB 8.8.0
2026-05-01 21:39:51,554 [INFO] ThirdParty:1030 - CMSIS Pack Vendor :STMicroelectronics FP-SNS-MOTENV1 4.3.2
2026-05-01 21:39:51,554 [INFO] ThirdParty:1030 - CMSIS Pack Vendor :STMicroelectronics FP-SNS-MOTENV1 4.3.1
2026-05-01 21:39:51,554 [INFO] ThirdParty:1030 - CMSIS Pack Vendor :STMicroelectronics FP-SNS-FLIGHT1 5.0.1
2026-05-01 21:39:51,554 [INFO] ThirdParty:1030 - CMSIS Pack Vendor :STMicroelectronics X-CUBE-BLE1 6.2.3
2026-05-01 21:39:51,554 [INFO] ThirdParty:1030 - CMSIS Pack Vendor :STMicroelectronics X-CUBE-BLE1 6.2.4
2026-05-01 21:39:51,554 [INFO] ThirdParty:1030 - CMSIS Pack Vendor :STMicroelectronics FP-SNS-MOTENV1 5.1.0
2026-05-01 21:39:51,554 [INFO] ThirdParty:1030 - CMSIS Pack Vendor :STMicroelectronics FreeRTOS 0.0.1
2026-05-01 21:39:51,554 [INFO] ThirdParty:1030 - CMSIS Pack Vendor :emotas I-CUBE-CANOPEN 1.1.3
2026-05-01 21:39:51,554 [INFO] ThirdParty:1030 - CMSIS Pack Vendor :STMicroelectronics X-CUBE-BLEMGR 2.0.0
2026-05-01 21:39:51,554 [INFO] ThirdParty:1030 - CMSIS Pack Vendor :STMicroelectronics eDS-WB_DPC_VIENNA 1.2.0
2026-05-01 21:39:51,554 [INFO] ThirdParty:1030 - CMSIS Pack Vendor :STMicroelectronics FP-SNS-FLIGHT1 5.0.2
2026-05-01 21:39:51,554 [INFO] ThirdParty:1030 - CMSIS Pack Vendor :STMicroelectronics X-CUBE-NFC4 2.0.5
2026-05-01 21:39:51,554 [INFO] ThirdParty:1030 - CMSIS Pack Vendor :STMicroelectronics eDS-WB_DPC_3PH2L-BIDIR 1.1.1
2026-05-01 21:39:51,554 [INFO] ThirdParty:1030 - CMSIS Pack Vendor :STMicroelectronics X-CUBE-NFC4 2.0.4
2026-05-01 21:39:51,554 [INFO] ThirdParty:1030 - CMSIS Pack Vendor :STMicroelectronics X-CUBE-AZRTOS-H7 3.1.0
2026-05-01 21:39:51,554 [INFO] ThirdParty:1030 - CMSIS Pack Vendor :STMicroelectronics PDM2PCM 3.3.0
2026-05-01 21:39:51,554 [INFO] ThirdParty:1030 - CMSIS Pack Vendor :STMicroelectronics X-CUBE-AZRTOS-H7 3.4.0
2026-05-01 21:39:51,555 [INFO] ThirdParty:1030 - CMSIS Pack Vendor :STMicroelectronics X-CUBE-DISPLAY 3.0.0
2026-05-01 21:39:51,555 [INFO] ThirdParty:1030 - CMSIS Pack Vendor :STMicroelectronics X-CUBE-GNSS1 7.1.1
2026-05-01 21:39:51,555 [INFO] ThirdParty:1030 - CMSIS Pack Vendor :STMicroelectronics FP-SNS-MOTENVWB1 1.5.0
2026-05-01 21:39:51,555 [INFO] ThirdParty:1030 - CMSIS Pack Vendor :wolfSSL I-CUBE-wolfSSL 5.5.3
2026-05-01 21:39:51,555 [INFO] ThirdParty:1030 - CMSIS Pack Vendor :STMicroelectronics X-CUBE-BLE1 7.0.0
2026-05-01 21:39:51,555 [INFO] ThirdParty:1030 - CMSIS Pack Vendor :STMicroelectronics X-CUBE-NFC10 1.0.0
2026-05-01 21:39:51,555 [INFO] ThirdParty:1030 - CMSIS Pack Vendor :STMicroelectronics X-CUBE-BLEMGR 4.0.0
2026-05-01 21:39:51,555 [INFO] ThirdParty:1030 - CMSIS Pack Vendor :STMicroelectronics X-CUBE-FREERTOS 1.3.1
2026-05-01 21:39:51,555 [INFO] ThirdParty:1030 - CMSIS Pack Vendor :STMicroelectronics HAL Drivers 0.0.0
2026-05-01 21:39:51,555 [INFO] ThirdParty:1030 - CMSIS Pack Vendor :STMicroelectronics X-CUBE-ST60 1.1.0
2026-05-01 21:39:51,555 [INFO] ThirdParty:1030 - CMSIS Pack Vendor :STMicroelectronics X-CUBE-TOUCHGFX 4.22.0
2026-05-01 21:39:51,555 [INFO] ThirdParty:1030 - CMSIS Pack Vendor :STMicroelectronics X-CUBE-NFC7 1.0.1
2026-05-01 21:39:51,555 [INFO] ThirdParty:1030 - CMSIS Pack Vendor :STMicroelectronics MBEDTLS 2.14.1
2026-05-01 21:39:51,555 [INFO] ThirdParty:1030 - CMSIS Pack Vendor :STMicroelectronics X-CUBE-GNSS1 7.1.0
2026-05-01 21:39:51,555 [INFO] ThirdParty:1030 - CMSIS Pack Vendor :STMicroelectronics X-CUBE-NFC7 1.0.0
2026-05-01 21:39:51,555 [INFO] ThirdParty:1030 - CMSIS Pack Vendor :STMicroelectronics X-CUBE-TOUCHGFX 4.22.1
2026-05-01 21:39:51,555 [INFO] ThirdParty:1030 - CMSIS Pack Vendor :STMicroelectronics X-CUBE-TOUCHGFX 4.26.0
2026-05-01 21:39:51,555 [INFO] ThirdParty:1030 - CMSIS Pack Vendor :STMicroelectronics X-CUBE-NFC6 3.0.0
2026-05-01 21:39:51,555 [INFO] ThirdParty:1030 - CMSIS Pack Vendor :STMicroelectronics X-CUBE-MEMS1 9.3.0
2026-05-01 21:39:51,555 [INFO] ThirdParty:1030 - CMSIS Pack Vendor :STMicroelectronics X-CUBE-TOUCHGFX 4.26.1
2026-05-01 21:39:51,555 [INFO] ThirdParty:1030 - CMSIS Pack Vendor :STMicroelectronics X-CUBE-EEPRMA1 4.1.0
2026-05-01 21:39:51,555 [INFO] ThirdParty:1030 - CMSIS Pack Vendor :quantropi X-CUBE-qispace-sdk-base 2.0.0
2026-05-01 21:39:51,555 [INFO] ThirdParty:1030 - CMSIS Pack Vendor :STMicroelectronics X-CUBE-AI 10.0.0
2026-05-01 21:39:51,555 [INFO] ThirdParty:1030 - CMSIS Pack Vendor :STMicroelectronics FP-SNS-STBOX1 2.1.0
2026-05-01 21:39:51,555 [INFO] ThirdParty:1030 - CMSIS Pack Vendor :STMicroelectronics FP-SNS-STAIOTCFT 1.0.0
2026-05-01 21:39:51,555 [INFO] ThirdParty:1030 - CMSIS Pack Vendor :STMicroelectronics FP-SNS-SMARTAG2 1.2.0
2026-05-01 21:39:51,555 [INFO] ThirdParty:1030 - CMSIS Pack Vendor :STMicroelectronics FP-SNS-FLIGHT1 5.1.0
2026-05-01 21:39:51,555 [INFO] ThirdParty:1030 - CMSIS Pack Vendor :STMicroelectronics X-CUBE-AZRTOS-WL 2.0.0
2026-05-01 21:39:51,555 [INFO] ThirdParty:1030 - CMSIS Pack Vendor :STMicroelectronics X-CUBE-DPower 1.3.0
2026-05-01 21:39:51,555 [INFO] ThirdParty:1030 - CMSIS Pack Vendor :STMicroelectronics FP-SNS-MOTENV1 5.0.0
2026-05-01 21:39:51,555 [INFO] ThirdParty:1030 - CMSIS Pack Vendor :STMicroelectronics USB_DEVICE 1.0.0
2026-05-01 21:39:51,555 [INFO] ThirdParty:1030 - CMSIS Pack Vendor :STMicroelectronics X-CUBE-AZRTOS-H7RS 1.2.0
2026-05-01 21:39:51,555 [INFO] ThirdParty:1030 - CMSIS Pack Vendor :STMicroelectronics X-CUBE-AI 8.1.0
2026-05-01 21:39:51,555 [INFO] ThirdParty:1030 - CMSIS Pack Vendor :STMicroelectronics X-CUBE-AZRTOS-L4 2.0.0
2026-05-01 21:39:51,556 [INFO] ThirdParty:1030 - CMSIS Pack Vendor :STMicroelectronics ThreadX 0.0.2
2026-05-01 21:39:51,556 [INFO] ThirdParty:1030 - CMSIS Pack Vendor :WES I-CUBE-Cesium 1.3.0
2026-05-01 21:39:51,556 [INFO] ThirdParty:1030 - CMSIS Pack Vendor :STMicroelectronics lwIP 2.1.2
2026-05-01 21:39:51,556 [INFO] ThirdParty:1030 - CMSIS Pack Vendor :STMicroelectronics X-CUBE-SFXS2LP1 4.0.0
2026-05-01 21:39:51,556 [INFO] ThirdParty:1030 - CMSIS Pack Vendor :STMicroelectronics X-CUBE-BLE2 3.3.0
2026-05-01 21:39:51,556 [INFO] ThirdParty:1030 - CMSIS Pack Vendor :Avnet-IOTCONNECT X-CUBE-iotc-st67-sdk 1.0.0
2026-05-01 21:39:51,556 [INFO] ThirdParty:1030 - CMSIS Pack Vendor :STMicroelectronics X-CUBE-DISPLAY 2.2.0
2026-05-01 21:39:51,556 [INFO] ThirdParty:1030 - CMSIS Pack Vendor :STMicroelectronics X-CUBE-TOF1 3.2.0
2026-05-01 21:39:51,556 [INFO] ThirdParty:1030 - CMSIS Pack Vendor :STMicroelectronics PDM2PCM 3.2.0
2026-05-01 21:39:51,556 [INFO] ThirdParty:1030 - CMSIS Pack Vendor :STMicroelectronics X-CUBE-AZRTOS-H7 3.0.0
2026-05-01 21:39:51,556 [INFO] ThirdParty:1030 - CMSIS Pack Vendor :STMicroelectronics X-CUBE-WB05N 2.1.0
2026-05-01 21:39:51,556 [INFO] ThirdParty:1030 - CMSIS Pack Vendor :STMicroelectronics X-CUBE-ST67W61 1.2.0
2026-05-01 21:39:51,556 [INFO] ThirdParty:1030 - CMSIS Pack Vendor :STMicroelectronics X-CUBE-ISPU 1.1.0
2026-05-01 21:39:51,556 [INFO] ThirdParty:1030 - CMSIS Pack Vendor :STMicroelectronics X-CUBE-AZRTOS-H7 3.3.0
2026-05-01 21:39:51,556 [INFO] ThirdParty:1030 - CMSIS Pack Vendor :RoweBots I-CUBE-UNISONRTOS 5.5.0-4
2026-05-01 21:39:51,556 [INFO] ThirdParty:1030 - CMSIS Pack Vendor :STMicroelectronics X-CUBE-NFC9 1.0.0
2026-05-01 21:39:51,556 [INFO] ThirdParty:1030 - CMSIS Pack Vendor :STMicroelectronics X-CUBE-AZRTOS-H7 2.1.0
2026-05-01 21:39:51,556 [INFO] ThirdParty:1030 - CMSIS Pack Vendor :STMicroelectronics X-CUBE-BLE1 7.1.0
2026-05-01 21:39:51,556 [INFO] ThirdParty:1030 - CMSIS Pack Vendor :wolfSSL I-CUBE-wolfMQTT 1.19.2
2026-05-01 21:39:51,556 [INFO] ThirdParty:1030 - CMSIS Pack Vendor :STMicroelectronics USB_DEVICE 3.0.0
2026-05-01 21:39:51,556 [INFO] ThirdParty:1030 - CMSIS Pack Vendor :STMicroelectronics X-CUBE-FREERTOS 1.4.0
2026-05-01 21:39:51,556 [INFO] ThirdParty:1030 - CMSIS Pack Vendor :STMicroelectronics X-CUBE-EEPRMA1 5.2.0
2026-05-01 21:39:51,556 [INFO] ThirdParty:1030 - CMSIS Pack Vendor :STMicroelectronics X-CUBE-BLEMGR 4.1.0
2026-05-01 21:39:51,556 [INFO] ThirdParty:1030 - CMSIS Pack Vendor :STMicroelectronics X-CUBE-AI 8.0.0
2026-05-01 21:39:51,556 [INFO] ThirdParty:1030 - CMSIS Pack Vendor :STMicroelectronics X-CUBE-AZRTOS-WB 2.0.0
2026-05-01 21:39:51,556 [INFO] ThirdParty:1030 - CMSIS Pack Vendor :STMicroelectronics X-CUBE-FREERTOS 1.0.1
2026-05-01 21:39:51,556 [INFO] ThirdParty:1030 - CMSIS Pack Vendor :STMicroelectronics X-CUBE-TOUCHGFX 4.21.0
2026-05-01 21:39:51,556 [INFO] ThirdParty:1030 - CMSIS Pack Vendor :STMicroelectronics X-CUBE-GNSS1 7.0.1
2026-05-01 21:39:51,556 [INFO] ThirdParty:1030 - CMSIS Pack Vendor :STMicroelectronics X-CUBE-TOUCHGFX 4.21.3
2026-05-01 21:39:51,556 [INFO] ThirdParty:1030 - CMSIS Pack Vendor :STMicroelectronics X-CUBE-TOUCHGFX 4.21.4
2026-05-01 21:39:51,556 [INFO] ThirdParty:1030 - CMSIS Pack Vendor :STMicroelectronics X-CUBE-TOUCHGFX 4.25.0
2026-05-01 21:39:51,556 [INFO] ThirdParty:1030 - CMSIS Pack Vendor :STMicroelectronics X-CUBE-MEMS1 9.4.0
2026-05-01 21:39:51,556 [INFO] ThirdParty:1030 - CMSIS Pack Vendor :STMicroelectronics X-CUBE-AI 7.3.0
2026-05-01 21:39:51,556 [INFO] ThirdParty:1030 - CMSIS Pack Vendor :STMicroelectronics X-CUBE-ST67W61 1.1.0
2026-05-01 21:39:51,556 [INFO] ThirdParty:1030 - CMSIS Pack Vendor :STMicroelectronics X-CUBE-AI 10.1.0
2026-05-01 21:39:51,558 [INFO] ThirdParty:1030 - CMSIS Pack Vendor :STMicroelectronics FP-SNS-STBOX1 2.0.0
2026-05-01 21:39:51,558 [INFO] ThirdParty:1030 - CMSIS Pack Vendor :STMicroelectronics FP-SNS-STAIOTCFT 1.1.0
2026-05-01 21:39:51,558 [INFO] ThirdParty:1030 - CMSIS Pack Vendor :STMicroelectronics X-CUBE-MEMS1 12.0.0
2026-05-01 21:39:51,558 [INFO] ThirdParty:1030 - CMSIS Pack Vendor :STMicroelectronics X-CUBE-ALGOBUILD 1.3.0
2026-05-01 21:39:51,558 [INFO] ThirdParty:1030 - CMSIS Pack Vendor :STMicroelectronics X-CUBE-STSE01 2.0.0
2026-05-01 21:39:51,558 [INFO] ThirdParty:1030 - CMSIS Pack Vendor :STMicroelectronics X-CUBE-AZRTOS-L5 1.1.0
2026-05-01 21:39:51,558 [INFO] ThirdParty:1030 - CMSIS Pack Vendor :STMicroelectronics X-CUBE-MEMS1 11.2.0
2026-05-01 21:39:51,558 [INFO] ThirdParty:1030 - CMSIS Pack Vendor :STMicroelectronics X-CUBE-AZRTOS-G0 1.1.0
2026-05-01 21:39:51,558 [INFO] ThirdParty:1030 - CMSIS Pack Vendor :STMicroelectronics X-CUBE-AI 8.0.1
2026-05-01 21:39:51,558 [INFO] ThirdParty:1030 - CMSIS Pack Vendor :STMicroelectronics X-CUBE-SAFEA1 1.2.2
2026-05-01 21:39:51,558 [INFO] ThirdParty:1030 - CMSIS Pack Vendor :STMicroelectronics X-CUBE-NFC4 3.0.0
2026-05-01 21:39:51,558 [INFO] ThirdParty:1030 - CMSIS Pack Vendor :STMicroelectronics X-CUBE-SUBG2 5.0.0
2026-05-01 21:39:51,558 [INFO] ThirdParty:1030 - CMSIS Pack Vendor :STMicroelectronics X-CUBE-AZRTOS-H7RS 1.1.0
2026-05-01 21:39:51,558 [INFO] ThirdParty:1030 - CMSIS Pack Vendor :STMicroelectronics STM32_WPAN 1.0.0
2026-05-01 21:39:51,558 [INFO] ThirdParty:1030 - CMSIS Pack Vendor :SEGGER I-CUBE-embOS 1.2.1
2026-05-01 21:39:51,558 [INFO] ThirdParty:1030 - CMSIS Pack Vendor :EmbeddedOffice I-CUBE-FS-RTOS 1.0.1
2026-05-01 21:39:51,558 [INFO] ThirdParty:1030 - CMSIS Pack Vendor :STMicroelectronics lwIP 2.0.3
2026-05-01 21:39:51,558 [INFO] ThirdParty:1030 - CMSIS Pack Vendor :Cesanta I-CUBE-Mongoose 7.13.0
2026-05-01 21:39:51,558 [INFO] ThirdParty:1030 - CMSIS Pack Vendor :STMicroelectronics USB_HOST 1.0.0
2026-05-01 21:39:51,558 [INFO] ThirdParty:1030 - CMSIS Pack Vendor :STMicroelectronics X-CUBE-TOF1 3.3.1
2026-05-01 21:39:51,558 [INFO] ThirdParty:1030 - CMSIS Pack Vendor :STMicroelectronics X-CUBE-AZRTOS-G4 2.0.0
2026-05-01 21:39:51,558 [INFO] ThirdParty:1030 - CMSIS Pack Vendor :STMicroelectronics X-CUBE-WB05N 2.0.0
2026-05-01 21:39:51,558 [INFO] ThirdParty:1030 - CMSIS Pack Vendor :STMicroelectronics PDM2PCM 3.1.0
2026-05-01 21:39:51,558 [INFO] ThirdParty:1030 - CMSIS Pack Vendor :STMicroelectronics X-CUBE-TOF1 3.3.0
2026-05-01 21:39:51,558 [INFO] ThirdParty:1030 - CMSIS Pack Vendor :STMicroelectronics FP-ATR-ASTRA1 1.1.1
2026-05-01 21:39:51,558 [INFO] ThirdParty:1030 - CMSIS Pack Vendor :Infineon AIROC-Wi-Fi-Bluetooth-STM32 1.5.1
2026-05-01 21:39:51,558 [INFO] ThirdParty:1030 - CMSIS Pack Vendor :STMicroelectronics X-CUBE-BLEMGR 3.0.0
2026-05-01 21:39:51,559 [INFO] ThirdParty:1030 - CMSIS Pack Vendor :wolfSSL I-CUBE-wolfTPM 3.8.0
2026-05-01 21:39:51,559 [INFO] ThirdParty:1030 - CMSIS Pack Vendor :STMicroelectronics X-CUBE-BLEMGR 1.3.0
2026-05-01 21:39:51,559 [INFO] ThirdParty:1030 - CMSIS Pack Vendor :wolfSSL I-CUBE-wolfSSH 1.4.20
2026-05-01 21:39:51,559 [INFO] ThirdParty:1030 - CMSIS Pack Vendor :STMicroelectronics FP-SNS-MOTENVWB1 1.3.0
2026-05-01 21:39:51,559 [INFO] ThirdParty:1030 - CMSIS Pack Vendor :STMicroelectronics X-CUBE-NFC7 2.0.0
2026-05-01 21:39:51,559 [INFO] ThirdParty:1030 - CMSIS Pack Vendor :STMicroelectronics X-CUBE-TCPP 4.2.0
2026-05-01 21:39:51,559 [INFO] ThirdParty:1030 - CMSIS Pack Vendor :RealThread X-CUBE-RT-Thread_Nano 4.1.1
2026-05-01 21:39:51,559 [INFO] ThirdParty:1030 - CMSIS Pack Vendor :STMicroelectronics FP-SNS-MOTENVWB1 1.3.1
2026-05-01 21:39:51,559 [INFO] ThirdParty:1030 - CMSIS Pack Vendor :STMicroelectronics FP-ATR-SIGFOX1 3.2.0
2026-05-01 21:39:51,559 [INFO] ThirdParty:1030 - CMSIS Pack Vendor :STMicroelectronics X-CUBE-AZRTOS-G4 1.0.0
2026-05-01 21:39:51,559 [INFO] ThirdParty:1030 - CMSIS Pack Vendor :STMicroelectronics X-CUBE-AZRTOS-L4 1.0.0
2026-05-01 21:39:51,559 [INFO] ThirdParty:1030 - CMSIS Pack Vendor :STMicroelectronics X-CUBE-ISPU 2.0.0
2026-05-01 21:39:51,559 [INFO] ThirdParty:1030 - CMSIS Pack Vendor :STMicroelectronics X-CUBE-EEPRMA1 5.1.0
2026-05-01 21:39:51,559 [INFO] ThirdParty:1030 - CMSIS Pack Vendor :STMicroelectronics X-CUBE-FREERTOS 1.5.0
2026-05-01 21:39:51,559 [INFO] ThirdParty:1030 - CMSIS Pack Vendor :STMicroelectronics MBEDTLS 2.16.2
2026-05-01 21:39:51,559 [INFO] ThirdParty:1030 - CMSIS Pack Vendor :STMicroelectronics X-CUBE-IPS 3.1.0
2026-05-01 21:39:51,559 [INFO] ThirdParty:1030 - CMSIS Pack Vendor :STMicroelectronics X-CUBE-ALS 1.0.2
2026-05-01 21:39:51,559 [INFO] ThirdParty:1030 - CMSIS Pack Vendor :STMicroelectronics X-CUBE-TOUCHGFX 4.20.0
2026-05-01 21:39:51,559 [INFO] ThirdParty:1030 - CMSIS Pack Vendor :STMicroelectronics X-CUBE-MEMS1 10.0.0
2026-05-01 21:39:51,559 [INFO] ThirdParty:1030 - CMSIS Pack Vendor :STMicroelectronics X-CUBE-FREERTOS 1.1.0
2026-05-01 21:39:51,559 [INFO] ThirdParty:1030 - CMSIS Pack Vendor :STMicroelectronics X-CUBE-AZRTOS-WL 1.0.0
2026-05-01 21:39:51,559 [INFO] ThirdParty:1030 - CMSIS Pack Vendor :STMicroelectronics X-CUBE-STSE01 1.0.0
2026-05-01 21:39:51,559 [INFO] ThirdParty:1030 - CMSIS Pack Vendor :portGmbH I-Cube-SoM-uGOAL 1.1.0
2026-05-01 21:39:51,559 [INFO] ThirdParty:1030 - CMSIS Pack Vendor :STMicroelectronics X-CUBE-ALS 1.0.1
2026-05-01 21:39:51,560 [INFO] ThirdParty:1030 - CMSIS Pack Vendor :STMicroelectronics X-CUBE-NFC6 3.2.0
2026-05-01 21:39:51,560 [INFO] ThirdParty:1030 - CMSIS Pack Vendor :STMicroelectronics X-CUBE-MEMS1 9.5.0
2026-05-01 21:39:51,560 [INFO] ThirdParty:1030 - CMSIS Pack Vendor :STMicroelectronics X-CUBE-ST67W61 1.0.0
2026-05-01 21:39:51,560 [INFO] ThirdParty:1030 - CMSIS Pack Vendor :STMicroelectronics X-CUBE-AI 10.2.0
2026-05-01 21:39:51,560 [INFO] ThirdParty:1030 - CMSIS Pack Vendor :STMicroelectronics ThreadX 1.0.0
2026-05-01 21:39:51,560 [INFO] ThirdParty:1030 - CMSIS Pack Vendor :STMicroelectronics X-CUBE-MEMS1 12.1.0
2026-05-01 21:39:51,560 [INFO] ThirdParty:1030 - CMSIS Pack Vendor :STMicroelectronics X-CUBE-AZRTOS-WB 1.1.0
2026-05-01 21:39:51,560 [INFO] ThirdParty:1030 - CMSIS Pack Vendor :SEGGER I-CUBE-embOS 1.3.1
2026-05-01 21:39:51,560 [INFO] ThirdParty:1030 - CMSIS Pack Vendor :STMicroelectronics X-CUBE-ALGOBUILD 1.4.0
2026-05-01 21:39:51,560 [INFO] ThirdParty:1030 - CMSIS Pack Vendor :STMicroelectronics X-CUBE-MEMS1 11.3.0
2026-05-01 21:39:51,560 [INFO] ThirdParty:1030 - CMSIS Pack Vendor :STMicroelectronics X-CUBE-AZRTOS-L5 1.0.0
2026-05-01 21:39:51,560 [INFO] ThirdParty:1030 - CMSIS Pack Vendor :STMicroelectronics X-CUBE-EEPRMA1 3.1.1
2026-05-01 21:39:51,560 [INFO] ThirdParty:1030 - CMSIS Pack Vendor :STMicroelectronics FP-ATR-ASTRA1 2.0.0
2026-05-01 21:39:51,560 [INFO] ThirdParty:1030 - CMSIS Pack Vendor :STMicroelectronics X-CUBE-TOF1 3.4.3
2026-05-01 21:39:51,560 [INFO] ThirdParty:1030 - CMSIS Pack Vendor :STMicroelectronics X-CUBE-TOF1 3.4.0
2026-05-01 21:39:51,560 [INFO] ThirdParty:1030 - CMSIS Pack Vendor :STMicroelectronics X-CUBE-AZRTOS-H7 3.2.0
2026-05-01 21:39:51,560 [INFO] ThirdParty:841 - exiting critical section [change project]
2026-05-01 21:39:51,816 [INFO] PinOutPanel:1589 - setPackage(No Configuration,No Configuration)
2026-05-01 21:39:51,817 [INFO] PinOutPanel:1589 - setPackage(STM32F103C8Tx,LQFP48)
2026-05-01 21:39:52,140 [INFO] UtilMem:75 - Before build in PCC Used Memory: 271692000 Bytes (482344960)
2026-05-01 21:39:52,755 [INFO] UtilMem:75 - After build in PCC Used Memory: 346230832 Bytes (482344960)
2026-05-01 21:39:52,831 [INFO] ApiDbMcu:532 - Load IP Config File for USB_DEVICE
2026-05-01 21:39:52,858 [INFO] IPUIPlugin:80 - create IPUIPlugin
2026-05-01 21:39:52,858 [INFO] IPUIPlugin:80 - create IPUIPlugin
2026-05-01 21:39:52,858 [INFO] IPUIPlugin:80 - create IPUIPlugin
2026-05-01 21:39:52,859 [INFO] IPUIPlugin:80 - create IPUIPlugin
2026-05-01 21:39:52,859 [INFO] IPUIPlugin:80 - create IPUIPlugin
2026-05-01 21:39:52,859 [INFO] IPUIPlugin:80 - create IPUIPlugin
2026-05-01 21:39:52,859 [INFO] IPUIPlugin:80 - create IPUIPlugin
2026-05-01 21:39:52,859 [INFO] IPUIPlugin:80 - create IPUIPlugin
2026-05-01 21:39:52,859 [INFO] IPUIPlugin:80 - create IPUIPlugin
2026-05-01 21:39:52,859 [INFO] IPUIPlugin:80 - create IPUIPlugin
2026-05-01 21:39:52,859 [INFO] IPUIPlugin:80 - create IPUIPlugin
2026-05-01 21:39:52,859 [INFO] IPUIPlugin:80 - create IPUIPlugin
2026-05-01 21:39:52,860 [INFO] IPUIPlugin:80 - create IPUIPlugin
2026-05-01 21:39:52,860 [INFO] IPUIPlugin:80 - create IPUIPlugin
2026-05-01 21:39:52,860 [INFO] IPUIPlugin:80 - create IPUIPlugin
2026-05-01 21:39:52,861 [INFO] IPUIPlugin:80 - create IPUIPlugin
2026-05-01 21:39:52,861 [INFO] IPUIPlugin:80 - create IPUIPlugin
2026-05-01 21:39:52,861 [INFO] IPUIPlugin:80 - create IPUIPlugin
2026-05-01 21:39:52,861 [INFO] IPUIPlugin:80 - create IPUIPlugin
2026-05-01 21:39:52,861 [INFO] IPUIPlugin:80 - create IPUIPlugin
2026-05-01 21:39:52,861 [INFO] IPUIPlugin:80 - create IPUIPlugin
2026-05-01 21:39:52,861 [INFO] IPUIPlugin:80 - create IPUIPlugin
2026-05-01 21:39:52,862 [INFO] IPUIPlugin:80 - create IPUIPlugin
2026-05-01 21:39:52,862 [INFO] IPUIPlugin:80 - create IPUIPlugin
2026-05-01 21:39:52,862 [INFO] IPUIPlugin:80 - create IPUIPlugin
2026-05-01 21:39:52,863 [INFO] IPUIPlugin:80 - create IPUIPlugin
2026-05-01 21:39:52,863 [INFO] IPUIPlugin:80 - create IPUIPlugin
2026-05-01 21:39:52,870 [WARN] IP:2250 - I2C_Coeff_DF not found: check if there is a RefParameter without a condition.
2026-05-01 21:39:52,870 [WARN] IP:2250 - Analog_Filter not found: check if there is a RefParameter without a condition.
2026-05-01 21:39:53,047 [INFO] CADModel:165 - CPN selected for project levelSTM32F103C8T6
2026-05-01 21:39:53,047 [INFO] CADModel:114 - Register for checkConnection events
2026-05-01 21:39:53,104 [INFO] OpenFileManager:386 - Restore cursor
2026-05-01 21:39:53,259 [WARN] IP:2250 - I2C_Coeff_DF not found: check if there is a RefParameter without a condition.
2026-05-01 21:39:53,259 [WARN] IP:2250 - Analog_Filter not found: check if there is a RefParameter without a condition.
2026-05-01 21:39:53,261 [WARN] IP:2250 - I2C_Coeff_DF not found: check if there is a RefParameter without a condition.
2026-05-01 21:39:53,261 [WARN] IP:2250 - Analog_Filter not found: check if there is a RefParameter without a condition.
