19:43:13 **** Build of configuration Debug for project Motherboard ****
make -j12 all 
arm-none-eabi-gcc "../USB_DEVICE/Target/usbd_conf.c" -mcpu=cortex-m3 -std=gnu11 -g3 -DDEBUG -DUSE_HAL_DRIVER -DSTM32F103xB -c -I../Core/Inc -I../Drivers/STM32F1xx_HAL_Driver/Inc/Legacy -I../Drivers/STM32F1xx_HAL_Driver/Inc -I../Drivers/CMSIS/Device/ST/STM32F1xx/Include -I../Drivers/CMSIS/Include -I../USB_DEVICE/App -I../USB_DEVICE/Target -I../Middlewares/ST/STM32_USB_Device_Library/Core/Inc -I../Middlewares/ST/STM32_USB_Device_Library/Class/CDC/Inc -O0 -ffunction-sections -fdata-sections -Wall -fstack-usage -fcyclomatic-complexity -MMD -MP -MF"USB_DEVICE/Target/usbd_conf.d" -MT"USB_DEVICE/Target/usbd_conf.o" --specs=nano.specs -mfloat-abi=soft -mthumb -o "USB_DEVICE/Target/usbd_conf.o"
arm-none-eabi-gcc "../USB_DEVICE/App/usb_device.c" -mcpu=cortex-m3 -std=gnu11 -g3 -DDEBUG -DUSE_HAL_DRIVER -DSTM32F103xB -c -I../Core/Inc -I../Drivers/STM32F1xx_HAL_Driver/Inc/Legacy -I../Drivers/STM32F1xx_HAL_Driver/Inc -I../Drivers/CMSIS/Device/ST/STM32F1xx/Include -I../Drivers/CMSIS/Include -I../USB_DEVICE/App -I../USB_DEVICE/Target -I../Middlewares/ST/STM32_USB_Device_Library/Core/Inc -I../Middlewares/ST/STM32_USB_Device_Library/Class/CDC/Inc -O0 -ffunction-sections -fdata-sections -Wall -fstack-usage -fcyclomatic-complexity -MMD -MP -MF"USB_DEVICE/App/usb_device.d" -MT"USB_DEVICE/App/usb_device.o" --specs=nano.specs -mfloat-abi=soft -mthumb -o "USB_DEVICE/App/usb_device.o"
arm-none-eabi-gcc "../USB_DEVICE/App/usbd_cdc_if.c" -mcpu=cortex-m3 -std=gnu11 -g3 -DDEBUG -DUSE_HAL_DRIVER -DSTM32F103xB -c -I../Core/Inc -I../Drivers/STM32F1xx_HAL_Driver/Inc/Legacy -I../Drivers/STM32F1xx_HAL_Driver/Inc -I../Drivers/CMSIS/Device/ST/STM32F1xx/Include -I../Drivers/CMSIS/Include -I../USB_DEVICE/App -I../USB_DEVICE/Target -I../Middlewares/ST/STM32_USB_Device_Library/Core/Inc -I../Middlewares/ST/STM32_USB_Device_Library/Class/CDC/Inc -O0 -ffunction-sections -fdata-sections -Wall -fstack-usage -fcyclomatic-complexity -MMD -MP -MF"USB_DEVICE/App/usbd_cdc_if.d" -MT"USB_DEVICE/App/usbd_cdc_if.o" --specs=nano.specs -mfloat-abi=soft -mthumb -o "USB_DEVICE/App/usbd_cdc_if.o"
arm-none-eabi-gcc "../USB_DEVICE/App/usbd_desc.c" -mcpu=cortex-m3 -std=gnu11 -g3 -DDEBUG -DUSE_HAL_DRIVER -DSTM32F103xB -c -I../Core/Inc -I../Drivers/STM32F1xx_HAL_Driver/Inc/Legacy -I../Drivers/STM32F1xx_HAL_Driver/Inc -I../Drivers/CMSIS/Device/ST/STM32F1xx/Include -I../Drivers/CMSIS/Include -I../USB_DEVICE/App -I../USB_DEVICE/Target -I../Middlewares/ST/STM32_USB_Device_Library/Core/Inc -I../Middlewares/ST/STM32_USB_Device_Library/Class/CDC/Inc -O0 -ffunction-sections -fdata-sections -Wall -fstack-usage -fcyclomatic-complexity -MMD -MP -MF"USB_DEVICE/App/usbd_desc.d" -MT"USB_DEVICE/App/usbd_desc.o" --specs=nano.specs -mfloat-abi=soft -mthumb -o "USB_DEVICE/App/usbd_desc.o"
arm-none-eabi-gcc "../Middlewares/ST/STM32_USB_Device_Library/Core/Src/usbd_core.c" -mcpu=cortex-m3 -std=gnu11 -g3 -DDEBUG -DUSE_HAL_DRIVER -DSTM32F103xB -c -I../Core/Inc -I../Drivers/STM32F1xx_HAL_Driver/Inc/Legacy -I../Drivers/STM32F1xx_HAL_Driver/Inc -I../Drivers/CMSIS/Device/ST/STM32F1xx/Include -I../Drivers/CMSIS/Include -I../USB_DEVICE/App -I../USB_DEVICE/Target -I../Middlewares/ST/STM32_USB_Device_Library/Core/Inc -I../Middlewares/ST/STM32_USB_Device_Library/Class/CDC/Inc -O0 -ffunction-sections -fdata-sections -Wall -fstack-usage -fcyclomatic-complexity -MMD -MP -MF"Middlewares/ST/STM32_USB_Device_Library/Core/Src/usbd_core.d" -MT"Middlewares/ST/STM32_USB_Device_Library/Core/Src/usbd_core.o" --specs=nano.specs -mfloat-abi=soft -mthumb -o "Middlewares/ST/STM32_USB_Device_Library/Core/Src/usbd_core.o"
arm-none-eabi-gcc "../Middlewares/ST/STM32_USB_Device_Library/Core/Src/usbd_ctlreq.c" -mcpu=cortex-m3 -std=gnu11 -g3 -DDEBUG -DUSE_HAL_DRIVER -DSTM32F103xB -c -I../Core/Inc -I../Drivers/STM32F1xx_HAL_Driver/Inc/Legacy -I../Drivers/STM32F1xx_HAL_Driver/Inc -I../Drivers/CMSIS/Device/ST/STM32F1xx/Include -I../Drivers/CMSIS/Include -I../USB_DEVICE/App -I../USB_DEVICE/Target -I../Middlewares/ST/STM32_USB_Device_Library/Core/Inc -I../Middlewares/ST/STM32_USB_Device_Library/Class/CDC/Inc -O0 -ffunction-sections -fdata-sections -Wall -fstack-usage -fcyclomatic-complexity -MMD -MP -MF"Middlewares/ST/STM32_USB_Device_Library/Core/Src/usbd_ctlreq.d" -MT"Middlewares/ST/STM32_USB_Device_Library/Core/Src/usbd_ctlreq.o" --specs=nano.specs -mfloat-abi=soft -mthumb -o "Middlewares/ST/STM32_USB_Device_Library/Core/Src/usbd_ctlreq.o"
arm-none-eabi-gcc "../Middlewares/ST/STM32_USB_Device_Library/Core/Src/usbd_ioreq.c" -mcpu=cortex-m3 -std=gnu11 -g3 -DDEBUG -DUSE_HAL_DRIVER -DSTM32F103xB -c -I../Core/Inc -I../Drivers/STM32F1xx_HAL_Driver/Inc/Legacy -I../Drivers/STM32F1xx_HAL_Driver/Inc -I../Drivers/CMSIS/Device/ST/STM32F1xx/Include -I../Drivers/CMSIS/Include -I../USB_DEVICE/App -I../USB_DEVICE/Target -I../Middlewares/ST/STM32_USB_Device_Library/Core/Inc -I../Middlewares/ST/STM32_USB_Device_Library/Class/CDC/Inc -O0 -ffunction-sections -fdata-sections -Wall -fstack-usage -fcyclomatic-complexity -MMD -MP -MF"Middlewares/ST/STM32_USB_Device_Library/Core/Src/usbd_ioreq.d" -MT"Middlewares/ST/STM32_USB_Device_Library/Core/Src/usbd_ioreq.o" --specs=nano.specs -mfloat-abi=soft -mthumb -o "Middlewares/ST/STM32_USB_Device_Library/Core/Src/usbd_ioreq.o"
arm-none-eabi-gcc "../Middlewares/ST/STM32_USB_Device_Library/Class/CDC/Src/usbd_cdc.c" -mcpu=cortex-m3 -std=gnu11 -g3 -DDEBUG -DUSE_HAL_DRIVER -DSTM32F103xB -c -I../Core/Inc -I../Drivers/STM32F1xx_HAL_Driver/Inc/Legacy -I../Drivers/STM32F1xx_HAL_Driver/Inc -I../Drivers/CMSIS/Device/ST/STM32F1xx/Include -I../Drivers/CMSIS/Include -I../USB_DEVICE/App -I../USB_DEVICE/Target -I../Middlewares/ST/STM32_USB_Device_Library/Core/Inc -I../Middlewares/ST/STM32_USB_Device_Library/Class/CDC/Inc -O0 -ffunction-sections -fdata-sections -Wall -fstack-usage -fcyclomatic-complexity -MMD -MP -MF"Middlewares/ST/STM32_USB_Device_Library/Class/CDC/Src/usbd_cdc.d" -MT"Middlewares/ST/STM32_USB_Device_Library/Class/CDC/Src/usbd_cdc.o" --specs=nano.specs -mfloat-abi=soft -mthumb -o "Middlewares/ST/STM32_USB_Device_Library/Class/CDC/Src/usbd_cdc.o"
arm-none-eabi-gcc "../Drivers/STM32F1xx_HAL_Driver/Src/stm32f1xx_hal.c" -mcpu=cortex-m3 -std=gnu11 -g3 -DDEBUG -DUSE_HAL_DRIVER -DSTM32F103xB -c -I../Core/Inc -I../Drivers/STM32F1xx_HAL_Driver/Inc/Legacy -I../Drivers/STM32F1xx_HAL_Driver/Inc -I../Drivers/CMSIS/Device/ST/STM32F1xx/Include -I../Drivers/CMSIS/Include -I../USB_DEVICE/App -I../USB_DEVICE/Target -I../Middlewares/ST/STM32_USB_Device_Library/Core/Inc -I../Middlewares/ST/STM32_USB_Device_Library/Class/CDC/Inc -O0 -ffunction-sections -fdata-sections -Wall -fstack-usage -fcyclomatic-complexity -MMD -MP -MF"Drivers/STM32F1xx_HAL_Driver/Src/stm32f1xx_hal.d" -MT"Drivers/STM32F1xx_HAL_Driver/Src/stm32f1xx_hal.o" --specs=nano.specs -mfloat-abi=soft -mthumb -o "Drivers/STM32F1xx_HAL_Driver/Src/stm32f1xx_hal.o"
arm-none-eabi-gcc "../Drivers/STM32F1xx_HAL_Driver/Src/stm32f1xx_hal_cortex.c" -mcpu=cortex-m3 -std=gnu11 -g3 -DDEBUG -DUSE_HAL_DRIVER -DSTM32F103xB -c -I../Core/Inc -I../Drivers/STM32F1xx_HAL_Driver/Inc/Legacy -I../Drivers/STM32F1xx_HAL_Driver/Inc -I../Drivers/CMSIS/Device/ST/STM32F1xx/Include -I../Drivers/CMSIS/Include -I../USB_DEVICE/App -I../USB_DEVICE/Target -I../Middlewares/ST/STM32_USB_Device_Library/Core/Inc -I../Middlewares/ST/STM32_USB_Device_Library/Class/CDC/Inc -O0 -ffunction-sections -fdata-sections -Wall -fstack-usage -fcyclomatic-complexity -MMD -MP -MF"Drivers/STM32F1xx_HAL_Driver/Src/stm32f1xx_hal_cortex.d" -MT"Drivers/STM32F1xx_HAL_Driver/Src/stm32f1xx_hal_cortex.o" --specs=nano.specs -mfloat-abi=soft -mthumb -o "Drivers/STM32F1xx_HAL_Driver/Src/stm32f1xx_hal_cortex.o"
arm-none-eabi-gcc "../Drivers/STM32F1xx_HAL_Driver/Src/stm32f1xx_hal_dma.c" -mcpu=cortex-m3 -std=gnu11 -g3 -DDEBUG -DUSE_HAL_DRIVER -DSTM32F103xB -c -I../Core/Inc -I../Drivers/STM32F1xx_HAL_Driver/Inc/Legacy -I../Drivers/STM32F1xx_HAL_Driver/Inc -I../Drivers/CMSIS/Device/ST/STM32F1xx/Include -I../Drivers/CMSIS/Include -I../USB_DEVICE/App -I../USB_DEVICE/Target -I../Middlewares/ST/STM32_USB_Device_Library/Core/Inc -I../Middlewares/ST/STM32_USB_Device_Library/Class/CDC/Inc -O0 -ffunction-sections -fdata-sections -Wall -fstack-usage -fcyclomatic-complexity -MMD -MP -MF"Drivers/STM32F1xx_HAL_Driver/Src/stm32f1xx_hal_dma.d" -MT"Drivers/STM32F1xx_HAL_Driver/Src/stm32f1xx_hal_dma.o" --specs=nano.specs -mfloat-abi=soft -mthumb -o "Drivers/STM32F1xx_HAL_Driver/Src/stm32f1xx_hal_dma.o"
arm-none-eabi-gcc "../Drivers/STM32F1xx_HAL_Driver/Src/stm32f1xx_hal_exti.c" -mcpu=cortex-m3 -std=gnu11 -g3 -DDEBUG -DUSE_HAL_DRIVER -DSTM32F103xB -c -I../Core/Inc -I../Drivers/STM32F1xx_HAL_Driver/Inc/Legacy -I../Drivers/STM32F1xx_HAL_Driver/Inc -I../Drivers/CMSIS/Device/ST/STM32F1xx/Include -I../Drivers/CMSIS/Include -I../USB_DEVICE/App -I../USB_DEVICE/Target -I../Middlewares/ST/STM32_USB_Device_Library/Core/Inc -I../Middlewares/ST/STM32_USB_Device_Library/Class/CDC/Inc -O0 -ffunction-sections -fdata-sections -Wall -fstack-usage -fcyclomatic-complexity -MMD -MP -MF"Drivers/STM32F1xx_HAL_Driver/Src/stm32f1xx_hal_exti.d" -MT"Drivers/STM32F1xx_HAL_Driver/Src/stm32f1xx_hal_exti.o" --specs=nano.specs -mfloat-abi=soft -mthumb -o "Drivers/STM32F1xx_HAL_Driver/Src/stm32f1xx_hal_exti.o"
arm-none-eabi-gcc "../Drivers/STM32F1xx_HAL_Driver/Src/stm32f1xx_hal_flash.c" -mcpu=cortex-m3 -std=gnu11 -g3 -DDEBUG -DUSE_HAL_DRIVER -DSTM32F103xB -c -I../Core/Inc -I../Drivers/STM32F1xx_HAL_Driver/Inc/Legacy -I../Drivers/STM32F1xx_HAL_Driver/Inc -I../Drivers/CMSIS/Device/ST/STM32F1xx/Include -I../Drivers/CMSIS/Include -I../USB_DEVICE/App -I../USB_DEVICE/Target -I../Middlewares/ST/STM32_USB_Device_Library/Core/Inc -I../Middlewares/ST/STM32_USB_Device_Library/Class/CDC/Inc -O0 -ffunction-sections -fdata-sections -Wall -fstack-usage -fcyclomatic-complexity -MMD -MP -MF"Drivers/STM32F1xx_HAL_Driver/Src/stm32f1xx_hal_flash.d" -MT"Drivers/STM32F1xx_HAL_Driver/Src/stm32f1xx_hal_flash.o" --specs=nano.specs -mfloat-abi=soft -mthumb -o "Drivers/STM32F1xx_HAL_Driver/Src/stm32f1xx_hal_flash.o"
arm-none-eabi-gcc "../Drivers/STM32F1xx_HAL_Driver/Src/stm32f1xx_hal_flash_ex.c" -mcpu=cortex-m3 -std=gnu11 -g3 -DDEBUG -DUSE_HAL_DRIVER -DSTM32F103xB -c -I../Core/Inc -I../Drivers/STM32F1xx_HAL_Driver/Inc/Legacy -I../Drivers/STM32F1xx_HAL_Driver/Inc -I../Drivers/CMSIS/Device/ST/STM32F1xx/Include -I../Drivers/CMSIS/Include -I../USB_DEVICE/App -I../USB_DEVICE/Target -I../Middlewares/ST/STM32_USB_Device_Library/Core/Inc -I../Middlewares/ST/STM32_USB_Device_Library/Class/CDC/Inc -O0 -ffunction-sections -fdata-sections -Wall -fstack-usage -fcyclomatic-complexity -MMD -MP -MF"Drivers/STM32F1xx_HAL_Driver/Src/stm32f1xx_hal_flash_ex.d" -MT"Drivers/STM32F1xx_HAL_Driver/Src/stm32f1xx_hal_flash_ex.o" --specs=nano.specs -mfloat-abi=soft -mthumb -o "Drivers/STM32F1xx_HAL_Driver/Src/stm32f1xx_hal_flash_ex.o"
arm-none-eabi-gcc "../Drivers/STM32F1xx_HAL_Driver/Src/stm32f1xx_hal_gpio.c" -mcpu=cortex-m3 -std=gnu11 -g3 -DDEBUG -DUSE_HAL_DRIVER -DSTM32F103xB -c -I../Core/Inc -I../Drivers/STM32F1xx_HAL_Driver/Inc/Legacy -I../Drivers/STM32F1xx_HAL_Driver/Inc -I../Drivers/CMSIS/Device/ST/STM32F1xx/Include -I../Drivers/CMSIS/Include -I../USB_DEVICE/App -I../USB_DEVICE/Target -I../Middlewares/ST/STM32_USB_Device_Library/Core/Inc -I../Middlewares/ST/STM32_USB_Device_Library/Class/CDC/Inc -O0 -ffunction-sections -fdata-sections -Wall -fstack-usage -fcyclomatic-complexity -MMD -MP -MF"Drivers/STM32F1xx_HAL_Driver/Src/stm32f1xx_hal_gpio.d" -MT"Drivers/STM32F1xx_HAL_Driver/Src/stm32f1xx_hal_gpio.o" --specs=nano.specs -mfloat-abi=soft -mthumb -o "Drivers/STM32F1xx_HAL_Driver/Src/stm32f1xx_hal_gpio.o"
arm-none-eabi-gcc "../Drivers/STM32F1xx_HAL_Driver/Src/stm32f1xx_hal_gpio_ex.c" -mcpu=cortex-m3 -std=gnu11 -g3 -DDEBUG -DUSE_HAL_DRIVER -DSTM32F103xB -c -I../Core/Inc -I../Drivers/STM32F1xx_HAL_Driver/Inc/Legacy -I../Drivers/STM32F1xx_HAL_Driver/Inc -I../Drivers/CMSIS/Device/ST/STM32F1xx/Include -I../Drivers/CMSIS/Include -I../USB_DEVICE/App -I../USB_DEVICE/Target -I../Middlewares/ST/STM32_USB_Device_Library/Core/Inc -I../Middlewares/ST/STM32_USB_Device_Library/Class/CDC/Inc -O0 -ffunction-sections -fdata-sections -Wall -fstack-usage -fcyclomatic-complexity -MMD -MP -MF"Drivers/STM32F1xx_HAL_Driver/Src/stm32f1xx_hal_gpio_ex.d" -MT"Drivers/STM32F1xx_HAL_Driver/Src/stm32f1xx_hal_gpio_ex.o" --specs=nano.specs -mfloat-abi=soft -mthumb -o "Drivers/STM32F1xx_HAL_Driver/Src/stm32f1xx_hal_gpio_ex.o"
arm-none-eabi-gcc "../Drivers/STM32F1xx_HAL_Driver/Src/stm32f1xx_hal_i2c.c" -mcpu=cortex-m3 -std=gnu11 -g3 -DDEBUG -DUSE_HAL_DRIVER -DSTM32F103xB -c -I../Core/Inc -I../Drivers/STM32F1xx_HAL_Driver/Inc/Legacy -I../Drivers/STM32F1xx_HAL_Driver/Inc -I../Drivers/CMSIS/Device/ST/STM32F1xx/Include -I../Drivers/CMSIS/Include -I../USB_DEVICE/App -I../USB_DEVICE/Target -I../Middlewares/ST/STM32_USB_Device_Library/Core/Inc -I../Middlewares/ST/STM32_USB_Device_Library/Class/CDC/Inc -O0 -ffunction-sections -fdata-sections -Wall -fstack-usage -fcyclomatic-complexity -MMD -MP -MF"Drivers/STM32F1xx_HAL_Driver/Src/stm32f1xx_hal_i2c.d" -MT"Drivers/STM32F1xx_HAL_Driver/Src/stm32f1xx_hal_i2c.o" --specs=nano.specs -mfloat-abi=soft -mthumb -o "Drivers/STM32F1xx_HAL_Driver/Src/stm32f1xx_hal_i2c.o"
arm-none-eabi-gcc "../Drivers/STM32F1xx_HAL_Driver/Src/stm32f1xx_hal_pcd.c" -mcpu=cortex-m3 -std=gnu11 -g3 -DDEBUG -DUSE_HAL_DRIVER -DSTM32F103xB -c -I../Core/Inc -I../Drivers/STM32F1xx_HAL_Driver/Inc/Legacy -I../Drivers/STM32F1xx_HAL_Driver/Inc -I../Drivers/CMSIS/Device/ST/STM32F1xx/Include -I../Drivers/CMSIS/Include -I../USB_DEVICE/App -I../USB_DEVICE/Target -I../Middlewares/ST/STM32_USB_Device_Library/Core/Inc -I../Middlewares/ST/STM32_USB_Device_Library/Class/CDC/Inc -O0 -ffunction-sections -fdata-sections -Wall -fstack-usage -fcyclomatic-complexity -MMD -MP -MF"Drivers/STM32F1xx_HAL_Driver/Src/stm32f1xx_hal_pcd.d" -MT"Drivers/STM32F1xx_HAL_Driver/Src/stm32f1xx_hal_pcd.o" --specs=nano.specs -mfloat-abi=soft -mthumb -o "Drivers/STM32F1xx_HAL_Driver/Src/stm32f1xx_hal_pcd.o"
arm-none-eabi-gcc "../Drivers/STM32F1xx_HAL_Driver/Src/stm32f1xx_hal_pcd_ex.c" -mcpu=cortex-m3 -std=gnu11 -g3 -DDEBUG -DUSE_HAL_DRIVER -DSTM32F103xB -c -I../Core/Inc -I../Drivers/STM32F1xx_HAL_Driver/Inc/Legacy -I../Drivers/STM32F1xx_HAL_Driver/Inc -I../Drivers/CMSIS/Device/ST/STM32F1xx/Include -I../Drivers/CMSIS/Include -I../USB_DEVICE/App -I../USB_DEVICE/Target -I../Middlewares/ST/STM32_USB_Device_Library/Core/Inc -I../Middlewares/ST/STM32_USB_Device_Library/Class/CDC/Inc -O0 -ffunction-sections -fdata-sections -Wall -fstack-usage -fcyclomatic-complexity -MMD -MP -MF"Drivers/STM32F1xx_HAL_Driver/Src/stm32f1xx_hal_pcd_ex.d" -MT"Drivers/STM32F1xx_HAL_Driver/Src/stm32f1xx_hal_pcd_ex.o" --specs=nano.specs -mfloat-abi=soft -mthumb -o "Drivers/STM32F1xx_HAL_Driver/Src/stm32f1xx_hal_pcd_ex.o"
arm-none-eabi-gcc "../Drivers/STM32F1xx_HAL_Driver/Src/stm32f1xx_hal_pwr.c" -mcpu=cortex-m3 -std=gnu11 -g3 -DDEBUG -DUSE_HAL_DRIVER -DSTM32F103xB -c -I../Core/Inc -I../Drivers/STM32F1xx_HAL_Driver/Inc/Legacy -I../Drivers/STM32F1xx_HAL_Driver/Inc -I../Drivers/CMSIS/Device/ST/STM32F1xx/Include -I../Drivers/CMSIS/Include -I../USB_DEVICE/App -I../USB_DEVICE/Target -I../Middlewares/ST/STM32_USB_Device_Library/Core/Inc -I../Middlewares/ST/STM32_USB_Device_Library/Class/CDC/Inc -O0 -ffunction-sections -fdata-sections -Wall -fstack-usage -fcyclomatic-complexity -MMD -MP -MF"Drivers/STM32F1xx_HAL_Driver/Src/stm32f1xx_hal_pwr.d" -MT"Drivers/STM32F1xx_HAL_Driver/Src/stm32f1xx_hal_pwr.o" --specs=nano.specs -mfloat-abi=soft -mthumb -o "Drivers/STM32F1xx_HAL_Driver/Src/stm32f1xx_hal_pwr.o"
arm-none-eabi-gcc "../Drivers/STM32F1xx_HAL_Driver/Src/stm32f1xx_hal_rcc.c" -mcpu=cortex-m3 -std=gnu11 -g3 -DDEBUG -DUSE_HAL_DRIVER -DSTM32F103xB -c -I../Core/Inc -I../Drivers/STM32F1xx_HAL_Driver/Inc/Legacy -I../Drivers/STM32F1xx_HAL_Driver/Inc -I../Drivers/CMSIS/Device/ST/STM32F1xx/Include -I../Drivers/CMSIS/Include -I../USB_DEVICE/App -I../USB_DEVICE/Target -I../Middlewares/ST/STM32_USB_Device_Library/Core/Inc -I../Middlewares/ST/STM32_USB_Device_Library/Class/CDC/Inc -O0 -ffunction-sections -fdata-sections -Wall -fstack-usage -fcyclomatic-complexity -MMD -MP -MF"Drivers/STM32F1xx_HAL_Driver/Src/stm32f1xx_hal_rcc.d" -MT"Drivers/STM32F1xx_HAL_Driver/Src/stm32f1xx_hal_rcc.o" --specs=nano.specs -mfloat-abi=soft -mthumb -o "Drivers/STM32F1xx_HAL_Driver/Src/stm32f1xx_hal_rcc.o"
arm-none-eabi-gcc "../Drivers/STM32F1xx_HAL_Driver/Src/stm32f1xx_hal_rcc_ex.c" -mcpu=cortex-m3 -std=gnu11 -g3 -DDEBUG -DUSE_HAL_DRIVER -DSTM32F103xB -c -I../Core/Inc -I../Drivers/STM32F1xx_HAL_Driver/Inc/Legacy -I../Drivers/STM32F1xx_HAL_Driver/Inc -I../Drivers/CMSIS/Device/ST/STM32F1xx/Include -I../Drivers/CMSIS/Include -I../USB_DEVICE/App -I../USB_DEVICE/Target -I../Middlewares/ST/STM32_USB_Device_Library/Core/Inc -I../Middlewares/ST/STM32_USB_Device_Library/Class/CDC/Inc -O0 -ffunction-sections -fdata-sections -Wall -fstack-usage -fcyclomatic-complexity -MMD -MP -MF"Drivers/STM32F1xx_HAL_Driver/Src/stm32f1xx_hal_rcc_ex.d" -MT"Drivers/STM32F1xx_HAL_Driver/Src/stm32f1xx_hal_rcc_ex.o" --specs=nano.specs -mfloat-abi=soft -mthumb -o "Drivers/STM32F1xx_HAL_Driver/Src/stm32f1xx_hal_rcc_ex.o"
arm-none-eabi-gcc "../Drivers/STM32F1xx_HAL_Driver/Src/stm32f1xx_hal_rtc.c" -mcpu=cortex-m3 -std=gnu11 -g3 -DDEBUG -DUSE_HAL_DRIVER -DSTM32F103xB -c -I../Core/Inc -I../Drivers/STM32F1xx_HAL_Driver/Inc/Legacy -I../Drivers/STM32F1xx_HAL_Driver/Inc -I../Drivers/CMSIS/Device/ST/STM32F1xx/Include -I../Drivers/CMSIS/Include -I../USB_DEVICE/App -I../USB_DEVICE/Target -I../Middlewares/ST/STM32_USB_Device_Library/Core/Inc -I../Middlewares/ST/STM32_USB_Device_Library/Class/CDC/Inc -O0 -ffunction-sections -fdata-sections -Wall -fstack-usage -fcyclomatic-complexity -MMD -MP -MF"Drivers/STM32F1xx_HAL_Driver/Src/stm32f1xx_hal_rtc.d" -MT"Drivers/STM32F1xx_HAL_Driver/Src/stm32f1xx_hal_rtc.o" --specs=nano.specs -mfloat-abi=soft -mthumb -o "Drivers/STM32F1xx_HAL_Driver/Src/stm32f1xx_hal_rtc.o"
arm-none-eabi-gcc "../Drivers/STM32F1xx_HAL_Driver/Src/stm32f1xx_hal_rtc_ex.c" -mcpu=cortex-m3 -std=gnu11 -g3 -DDEBUG -DUSE_HAL_DRIVER -DSTM32F103xB -c -I../Core/Inc -I../Drivers/STM32F1xx_HAL_Driver/Inc/Legacy -I../Drivers/STM32F1xx_HAL_Driver/Inc -I../Drivers/CMSIS/Device/ST/STM32F1xx/Include -I../Drivers/CMSIS/Include -I../USB_DEVICE/App -I../USB_DEVICE/Target -I../Middlewares/ST/STM32_USB_Device_Library/Core/Inc -I../Middlewares/ST/STM32_USB_Device_Library/Class/CDC/Inc -O0 -ffunction-sections -fdata-sections -Wall -fstack-usage -fcyclomatic-complexity -MMD -MP -MF"Drivers/STM32F1xx_HAL_Driver/Src/stm32f1xx_hal_rtc_ex.d" -MT"Drivers/STM32F1xx_HAL_Driver/Src/stm32f1xx_hal_rtc_ex.o" --specs=nano.specs -mfloat-abi=soft -mthumb -o "Drivers/STM32F1xx_HAL_Driver/Src/stm32f1xx_hal_rtc_ex.o"
arm-none-eabi-gcc "../Drivers/STM32F1xx_HAL_Driver/Src/stm32f1xx_hal_spi.c" -mcpu=cortex-m3 -std=gnu11 -g3 -DDEBUG -DUSE_HAL_DRIVER -DSTM32F103xB -c -I../Core/Inc -I../Drivers/STM32F1xx_HAL_Driver/Inc/Legacy -I../Drivers/STM32F1xx_HAL_Driver/Inc -I../Drivers/CMSIS/Device/ST/STM32F1xx/Include -I../Drivers/CMSIS/Include -I../USB_DEVICE/App -I../USB_DEVICE/Target -I../Middlewares/ST/STM32_USB_Device_Library/Core/Inc -I../Middlewares/ST/STM32_USB_Device_Library/Class/CDC/Inc -O0 -ffunction-sections -fdata-sections -Wall -fstack-usage -fcyclomatic-complexity -MMD -MP -MF"Drivers/STM32F1xx_HAL_Driver/Src/stm32f1xx_hal_spi.d" -MT"Drivers/STM32F1xx_HAL_Driver/Src/stm32f1xx_hal_spi.o" --specs=nano.specs -mfloat-abi=soft -mthumb -o "Drivers/STM32F1xx_HAL_Driver/Src/stm32f1xx_hal_spi.o"
arm-none-eabi-gcc "../Drivers/STM32F1xx_HAL_Driver/Src/stm32f1xx_ll_usb.c" -mcpu=cortex-m3 -std=gnu11 -g3 -DDEBUG -DUSE_HAL_DRIVER -DSTM32F103xB -c -I../Core/Inc -I../Drivers/STM32F1xx_HAL_Driver/Inc/Legacy -I../Drivers/STM32F1xx_HAL_Driver/Inc -I../Drivers/CMSIS/Device/ST/STM32F1xx/Include -I../Drivers/CMSIS/Include -I../USB_DEVICE/App -I../USB_DEVICE/Target -I../Middlewares/ST/STM32_USB_Device_Library/Core/Inc -I../Middlewares/ST/STM32_USB_Device_Library/Class/CDC/Inc -O0 -ffunction-sections -fdata-sections -Wall -fstack-usage -fcyclomatic-complexity -MMD -MP -MF"Drivers/STM32F1xx_HAL_Driver/Src/stm32f1xx_ll_usb.d" -MT"Drivers/STM32F1xx_HAL_Driver/Src/stm32f1xx_ll_usb.o" --specs=nano.specs -mfloat-abi=soft -mthumb -o "Drivers/STM32F1xx_HAL_Driver/Src/stm32f1xx_ll_usb.o"
arm-none-eabi-gcc -mcpu=cortex-m3 -g3 -DDEBUG -c -x assembler-with-cpp -MMD -MP -MF"Core/Startup/startup_stm32f103c8tx.d" -MT"Core/Startup/startup_stm32f103c8tx.o" --specs=nano.specs -mfloat-abi=soft -mthumb -o "Core/Startup/startup_stm32f103c8tx.o" "../Core/Startup/startup_stm32f103c8tx.s"
arm-none-eabi-gcc "../Core/Src/ad5328.c" -mcpu=cortex-m3 -std=gnu11 -g3 -DDEBUG -DUSE_HAL_DRIVER -DSTM32F103xB -c -I../Core/Inc -I../Drivers/STM32F1xx_HAL_Driver/Inc/Legacy -I../Drivers/STM32F1xx_HAL_Driver/Inc -I../Drivers/CMSIS/Device/ST/STM32F1xx/Include -I../Drivers/CMSIS/Include -I../USB_DEVICE/App -I../USB_DEVICE/Target -I../Middlewares/ST/STM32_USB_Device_Library/Core/Inc -I../Middlewares/ST/STM32_USB_Device_Library/Class/CDC/Inc -O0 -ffunction-sections -fdata-sections -Wall -fstack-usage -fcyclomatic-complexity -MMD -MP -MF"Core/Src/ad5328.d" -MT"Core/Src/ad5328.o" --specs=nano.specs -mfloat-abi=soft -mthumb -o "Core/Src/ad5328.o"
arm-none-eabi-gcc "../Core/Src/main.c" -mcpu=cortex-m3 -std=gnu11 -g3 -DDEBUG -DUSE_HAL_DRIVER -DSTM32F103xB -c -I../Core/Inc -I../Drivers/STM32F1xx_HAL_Driver/Inc/Legacy -I../Drivers/STM32F1xx_HAL_Driver/Inc -I../Drivers/CMSIS/Device/ST/STM32F1xx/Include -I../Drivers/CMSIS/Include -I../USB_DEVICE/App -I../USB_DEVICE/Target -I../Middlewares/ST/STM32_USB_Device_Library/Core/Inc -I../Middlewares/ST/STM32_USB_Device_Library/Class/CDC/Inc -O0 -ffunction-sections -fdata-sections -Wall -fstack-usage -fcyclomatic-complexity -MMD -MP -MF"Core/Src/main.d" -MT"Core/Src/main.o" --specs=nano.specs -mfloat-abi=soft -mthumb -o "Core/Src/main.o"
arm-none-eabi-gcc "../Core/Src/stm32f1xx_hal_msp.c" -mcpu=cortex-m3 -std=gnu11 -g3 -DDEBUG -DUSE_HAL_DRIVER -DSTM32F103xB -c -I../Core/Inc -I../Drivers/STM32F1xx_HAL_Driver/Inc/Legacy -I../Drivers/STM32F1xx_HAL_Driver/Inc -I../Drivers/CMSIS/Device/ST/STM32F1xx/Include -I../Drivers/CMSIS/Include -I../USB_DEVICE/App -I../USB_DEVICE/Target -I../Middlewares/ST/STM32_USB_Device_Library/Core/Inc -I../Middlewares/ST/STM32_USB_Device_Library/Class/CDC/Inc -O0 -ffunction-sections -fdata-sections -Wall -fstack-usage -fcyclomatic-complexity -MMD -MP -MF"Core/Src/stm32f1xx_hal_msp.d" -MT"Core/Src/stm32f1xx_hal_msp.o" --specs=nano.specs -mfloat-abi=soft -mthumb -o "Core/Src/stm32f1xx_hal_msp.o"
arm-none-eabi-gcc "../Core/Src/stm32f1xx_it.c" -mcpu=cortex-m3 -std=gnu11 -g3 -DDEBUG -DUSE_HAL_DRIVER -DSTM32F103xB -c -I../Core/Inc -I../Drivers/STM32F1xx_HAL_Driver/Inc/Legacy -I../Drivers/STM32F1xx_HAL_Driver/Inc -I../Drivers/CMSIS/Device/ST/STM32F1xx/Include -I../Drivers/CMSIS/Include -I../USB_DEVICE/App -I../USB_DEVICE/Target -I../Middlewares/ST/STM32_USB_Device_Library/Core/Inc -I../Middlewares/ST/STM32_USB_Device_Library/Class/CDC/Inc -O0 -ffunction-sections -fdata-sections -Wall -fstack-usage -fcyclomatic-complexity -MMD -MP -MF"Core/Src/stm32f1xx_it.d" -MT"Core/Src/stm32f1xx_it.o" --specs=nano.specs -mfloat-abi=soft -mthumb -o "Core/Src/stm32f1xx_it.o"
arm-none-eabi-gcc "../Core/Src/syscalls.c" -mcpu=cortex-m3 -std=gnu11 -g3 -DDEBUG -DUSE_HAL_DRIVER -DSTM32F103xB -c -I../Core/Inc -I../Drivers/STM32F1xx_HAL_Driver/Inc/Legacy -I../Drivers/STM32F1xx_HAL_Driver/Inc -I../Drivers/CMSIS/Device/ST/STM32F1xx/Include -I../Drivers/CMSIS/Include -I../USB_DEVICE/App -I../USB_DEVICE/Target -I../Middlewares/ST/STM32_USB_Device_Library/Core/Inc -I../Middlewares/ST/STM32_USB_Device_Library/Class/CDC/Inc -O0 -ffunction-sections -fdata-sections -Wall -fstack-usage -fcyclomatic-complexity -MMD -MP -MF"Core/Src/syscalls.d" -MT"Core/Src/syscalls.o" --specs=nano.specs -mfloat-abi=soft -mthumb -o "Core/Src/syscalls.o"
arm-none-eabi-gcc "../Core/Src/sysmem.c" -mcpu=cortex-m3 -std=gnu11 -g3 -DDEBUG -DUSE_HAL_DRIVER -DSTM32F103xB -c -I../Core/Inc -I../Drivers/STM32F1xx_HAL_Driver/Inc/Legacy -I../Drivers/STM32F1xx_HAL_Driver/Inc -I../Drivers/CMSIS/Device/ST/STM32F1xx/Include -I../Drivers/CMSIS/Include -I../USB_DEVICE/App -I../USB_DEVICE/Target -I../Middlewares/ST/STM32_USB_Device_Library/Core/Inc -I../Middlewares/ST/STM32_USB_Device_Library/Class/CDC/Inc -O0 -ffunction-sections -fdata-sections -Wall -fstack-usage -fcyclomatic-complexity -MMD -MP -MF"Core/Src/sysmem.d" -MT"Core/Src/sysmem.o" --specs=nano.specs -mfloat-abi=soft -mthumb -o "Core/Src/sysmem.o"
arm-none-eabi-gcc "../Core/Src/system_stm32f1xx.c" -mcpu=cortex-m3 -std=gnu11 -g3 -DDEBUG -DUSE_HAL_DRIVER -DSTM32F103xB -c -I../Core/Inc -I../Drivers/STM32F1xx_HAL_Driver/Inc/Legacy -I../Drivers/STM32F1xx_HAL_Driver/Inc -I../Drivers/CMSIS/Device/ST/STM32F1xx/Include -I../Drivers/CMSIS/Include -I../USB_DEVICE/App -I../USB_DEVICE/Target -I../Middlewares/ST/STM32_USB_Device_Library/Core/Inc -I../Middlewares/ST/STM32_USB_Device_Library/Class/CDC/Inc -O0 -ffunction-sections -fdata-sections -Wall -fstack-usage -fcyclomatic-complexity -MMD -MP -MF"Core/Src/system_stm32f1xx.d" -MT"Core/Src/system_stm32f1xx.o" --specs=nano.specs -mfloat-abi=soft -mthumb -o "Core/Src/system_stm32f1xx.o"
arm-none-eabi-gcc -o "Motherboard.elf" @"objects.list"   -mcpu=cortex-m3 -T"C:\STM32\SausageMixer\Motherboard\STM32F103C8TX_FLASH.ld" --specs=nosys.specs -Wl,-Map="Motherboard.map" -Wl,--gc-sections -static --specs=nano.specs -mfloat-abi=soft -mthumb -Wl,--start-group -lc -lm -Wl,--end-group
Finished building target: Motherboard.elf
 
arm-none-eabi-size  Motherboard.elf 
arm-none-eabi-objdump -h -S Motherboard.elf  > "Motherboard.list"
   text	   data	    bss	    dec	    hex	filename
  34292	    380	   6396	  41068	   a06c	Motherboard.elf
Finished building: default.size.stdout
 
Finished building: Motherboard.list
 
19:43:49 **** Incremental Build of configuration Debug for project Motherboard ****
make -j12 all 
arm-none-eabi-gcc "../Core/Src/main.c" -mcpu=cortex-m3 -std=gnu11 -g3 -DDEBUG -DUSE_HAL_DRIVER -DSTM32F103xB -c -I../Core/Inc -I../Drivers/STM32F1xx_HAL_Driver/Inc/Legacy -I../Drivers/STM32F1xx_HAL_Driver/Inc -I../Drivers/CMSIS/Device/ST/STM32F1xx/Include -I../Drivers/CMSIS/Include -I../USB_DEVICE/App -I../USB_DEVICE/Target -I../Middlewares/ST/STM32_USB_Device_Library/Core/Inc -I../Middlewares/ST/STM32_USB_Device_Library/Class/CDC/Inc -O0 -ffunction-sections -fdata-sections -Wall -fstack-usage -fcyclomatic-complexity -MMD -MP -MF"Core/Src/main.d" -MT"Core/Src/main.o" --specs=nano.specs -mfloat-abi=soft -mthumb -o "Core/Src/main.o"
arm-none-eabi-gcc -o "Motherboard.elf" @"objects.list"   -mcpu=cortex-m3 -T"C:\STM32\SausageMixer\Motherboard\STM32F103C8TX_FLASH.ld" --specs=nosys.specs -Wl,-Map="Motherboard.map" -Wl,--gc-sections -static --specs=nano.specs -mfloat-abi=soft -mthumb -Wl,--start-group -lc -lm -Wl,--end-group
Finished building target: Motherboard.elf
 
arm-none-eabi-size  Motherboard.elf 
arm-none-eabi-objdump -h -S Motherboard.elf  > "Motherboard.list"
   text	   data	    bss	    dec	    hex	filename
  37524	    380	   6420	  44324	   ad24	Motherboard.elf
Finished building: default.size.stdout
 
Finished building: Motherboard.list
 
19:44:36 **** Incremental Build of configuration Debug for project Motherboard ****
make -j12 all 
arm-none-eabi-size  Motherboard.elf 
   text	   data	    bss	    dec	    hex	filename
  37524	    380	   6420	  44324	   ad24	Motherboard.elf
Finished building: default.size.stdout
 
19:45:21 **** Incremental Build of configuration Debug for project Motherboard ****
make -j12 all 
arm-none-eabi-size  Motherboard.elf 
   text	   data	    bss	    dec	    hex	filename
  37524	    380	   6420	  44324	   ad24	Motherboard.elf
Finished building: default.size.stdout
 
19:50:16 **** Incremental Build of configuration Debug for project Motherboard ****
make -j12 all 
arm-none-eabi-gcc "../Core/Src/main.c" -mcpu=cortex-m3 -std=gnu11 -g3 -DDEBUG -DUSE_HAL_DRIVER -DSTM32F103xB -c -I../Core/Inc -I../Drivers/STM32F1xx_HAL_Driver/Inc/Legacy -I../Drivers/STM32F1xx_HAL_Driver/Inc -I../Drivers/CMSIS/Device/ST/STM32F1xx/Include -I../Drivers/CMSIS/Include -I../USB_DEVICE/App -I../USB_DEVICE/Target -I../Middlewares/ST/STM32_USB_Device_Library/Core/Inc -I../Middlewares/ST/STM32_USB_Device_Library/Class/CDC/Inc -O0 -ffunction-sections -fdata-sections -Wall -fstack-usage -fcyclomatic-complexity -MMD -MP -MF"Core/Src/main.d" -MT"Core/Src/main.o" --specs=nano.specs -mfloat-abi=soft -mthumb -o "Core/Src/main.o"
arm-none-eabi-gcc -o "Motherboard.elf" @"objects.list"   -mcpu=cortex-m3 -T"C:\STM32\SausageMixer\Motherboard\STM32F103C8TX_FLASH.ld" --specs=nosys.specs -Wl,-Map="Motherboard.map" -Wl,--gc-sections -static --specs=nano.specs -mfloat-abi=soft -mthumb -Wl,--start-group -lc -lm -Wl,--end-group
Finished building target: Motherboard.elf
 
arm-none-eabi-size  Motherboard.elf 
arm-none-eabi-objdump -h -S Motherboard.elf  > "Motherboard.list"
   text	   data	    bss	    dec	    hex	filename
  37636	    380	   6420	  44436	   ad94	Motherboard.elf
Finished building: default.size.stdout
 
Finished building: Motherboard.list
 
19:50:51 **** Incremental Build of configuration Debug for project Motherboard ****
make -j12 all 
arm-none-eabi-size  Motherboard.elf 
   text	   data	    bss	    dec	    hex	filename
  37636	    380	   6420	  44436	   ad94	Motherboard.elf
Finished building: default.size.stdout
 
19:51:31 **** Incremental Build of configuration Debug for project Motherboard ****
make -j12 all 
arm-none-eabi-size  Motherboard.elf 
   text	   data	    bss	    dec	    hex	filename
  37636	    380	   6420	  44436	   ad94	Motherboard.elf
Finished building: default.size.stdout
 
19:59:33 **** Incremental Build of configuration Debug for project Motherboard ****
make -j12 all 
arm-none-eabi-gcc "../Core/Src/main.c" -mcpu=cortex-m3 -std=gnu11 -g3 -DDEBUG -DUSE_HAL_DRIVER -DSTM32F103xB -c -I../Core/Inc -I../Drivers/STM32F1xx_HAL_Driver/Inc/Legacy -I../Drivers/STM32F1xx_HAL_Driver/Inc -I../Drivers/CMSIS/Device/ST/STM32F1xx/Include -I../Drivers/CMSIS/Include -I../USB_DEVICE/App -I../USB_DEVICE/Target -I../Middlewares/ST/STM32_USB_Device_Library/Core/Inc -I../Middlewares/ST/STM32_USB_Device_Library/Class/CDC/Inc -O0 -ffunction-sections -fdata-sections -Wall -fstack-usage -fcyclomatic-complexity -MMD -MP -MF"Core/Src/main.d" -MT"Core/Src/main.o" --specs=nano.specs -mfloat-abi=soft -mthumb -o "Core/Src/main.o"
arm-none-eabi-gcc -o "Motherboard.elf" @"objects.list"   -mcpu=cortex-m3 -T"C:\STM32\SausageMixer\Motherboard\STM32F103C8TX_FLASH.ld" --specs=nosys.specs -Wl,-Map="Motherboard.map" -Wl,--gc-sections -static --specs=nano.specs -mfloat-abi=soft -mthumb -Wl,--start-group -lc -lm -Wl,--end-group
Finished building target: Motherboard.elf
 
arm-none-eabi-size  Motherboard.elf 
arm-none-eabi-objdump -h -S Motherboard.elf  > "Motherboard.list"
   text	   data	    bss	    dec	    hex	filename
  37640	    380	   6420	  44440	   ad98	Motherboard.elf
Finished building: default.size.stdout
 
Finished building: Motherboard.list
 
20:03:55 **** Incremental Build of configuration Debug for project Motherboard ****
make -j12 all 
arm-none-eabi-gcc "../Core/Src/main.c" -mcpu=cortex-m3 -std=gnu11 -g3 -DDEBUG -DUSE_HAL_DRIVER -DSTM32F103xB -c -I../Core/Inc -I../Drivers/STM32F1xx_HAL_Driver/Inc/Legacy -I../Drivers/STM32F1xx_HAL_Driver/Inc -I../Drivers/CMSIS/Device/ST/STM32F1xx/Include -I../Drivers/CMSIS/Include -I../USB_DEVICE/App -I../USB_DEVICE/Target -I../Middlewares/ST/STM32_USB_Device_Library/Core/Inc -I../Middlewares/ST/STM32_USB_Device_Library/Class/CDC/Inc -O0 -ffunction-sections -fdata-sections -Wall -fstack-usage -fcyclomatic-complexity -MMD -MP -MF"Core/Src/main.d" -MT"Core/Src/main.o" --specs=nano.specs -mfloat-abi=soft -mthumb -o "Core/Src/main.o"
arm-none-eabi-gcc -o "Motherboard.elf" @"objects.list"   -mcpu=cortex-m3 -T"C:\STM32\SausageMixer\Motherboard\STM32F103C8TX_FLASH.ld" --specs=nosys.specs -Wl,-Map="Motherboard.map" -Wl,--gc-sections -static --specs=nano.specs -mfloat-abi=soft -mthumb -Wl,--start-group -lc -lm -Wl,--end-group
Finished building target: Motherboard.elf
 
arm-none-eabi-size  Motherboard.elf 
arm-none-eabi-objdump -h -S Motherboard.elf  > "Motherboard.list"
   text	   data	    bss	    dec	    hex	filename
  37668	    380	   6420	  44468	   adb4	Motherboard.elf
Finished building: default.size.stdout
 
Finished building: Motherboard.list
 
20:09:52 **** Incremental Build of configuration Debug for project Motherboard ****
make -j12 all 
arm-none-eabi-gcc "../Core/Src/ad5328.c" -mcpu=cortex-m3 -std=gnu11 -g3 -DDEBUG -DUSE_HAL_DRIVER -DSTM32F103xB -c -I../Core/Inc -I../Drivers/STM32F1xx_HAL_Driver/Inc/Legacy -I../Drivers/STM32F1xx_HAL_Driver/Inc -I../Drivers/CMSIS/Device/ST/STM32F1xx/Include -I../Drivers/CMSIS/Include -I../USB_DEVICE/App -I../USB_DEVICE/Target -I../Middlewares/ST/STM32_USB_Device_Library/Core/Inc -I../Middlewares/ST/STM32_USB_Device_Library/Class/CDC/Inc -O0 -ffunction-sections -fdata-sections -Wall -fstack-usage -fcyclomatic-complexity -MMD -MP -MF"Core/Src/ad5328.d" -MT"Core/Src/ad5328.o" --specs=nano.specs -mfloat-abi=soft -mthumb -o "Core/Src/ad5328.o"
arm-none-eabi-gcc "../Core/Src/main.c" -mcpu=cortex-m3 -std=gnu11 -g3 -DDEBUG -DUSE_HAL_DRIVER -DSTM32F103xB -c -I../Core/Inc -I../Drivers/STM32F1xx_HAL_Driver/Inc/Legacy -I../Drivers/STM32F1xx_HAL_Driver/Inc -I../Drivers/CMSIS/Device/ST/STM32F1xx/Include -I../Drivers/CMSIS/Include -I../USB_DEVICE/App -I../USB_DEVICE/Target -I../Middlewares/ST/STM32_USB_Device_Library/Core/Inc -I../Middlewares/ST/STM32_USB_Device_Library/Class/CDC/Inc -O0 -ffunction-sections -fdata-sections -Wall -fstack-usage -fcyclomatic-complexity -MMD -MP -MF"Core/Src/main.d" -MT"Core/Src/main.o" --specs=nano.specs -mfloat-abi=soft -mthumb -o "Core/Src/main.o"
arm-none-eabi-gcc -o "Motherboard.elf" @"objects.list"   -mcpu=cortex-m3 -T"C:\STM32\SausageMixer\Motherboard\STM32F103C8TX_FLASH.ld" --specs=nosys.specs -Wl,-Map="Motherboard.map" -Wl,--gc-sections -static --specs=nano.specs -mfloat-abi=soft -mthumb -Wl,--start-group -lc -lm -Wl,--end-group
Finished building target: Motherboard.elf
 
arm-none-eabi-size  Motherboard.elf 
arm-none-eabi-objdump -h -S Motherboard.elf  > "Motherboard.list"
   text	   data	    bss	    dec	    hex	filename
  37728	    380	   6420	  44528	   adf0	Motherboard.elf
Finished building: default.size.stdout
 
Finished building: Motherboard.list
 
20:10:33 **** Incremental Build of configuration Debug for project Motherboard ****
make -j12 all 
arm-none-eabi-gcc "../Core/Src/main.c" -mcpu=cortex-m3 -std=gnu11 -g3 -DDEBUG -DUSE_HAL_DRIVER -DSTM32F103xB -c -I../Core/Inc -I../Drivers/STM32F1xx_HAL_Driver/Inc/Legacy -I../Drivers/STM32F1xx_HAL_Driver/Inc -I../Drivers/CMSIS/Device/ST/STM32F1xx/Include -I../Drivers/CMSIS/Include -I../USB_DEVICE/App -I../USB_DEVICE/Target -I../Middlewares/ST/STM32_USB_Device_Library/Core/Inc -I../Middlewares/ST/STM32_USB_Device_Library/Class/CDC/Inc -O0 -ffunction-sections -fdata-sections -Wall -fstack-usage -fcyclomatic-complexity -MMD -MP -MF"Core/Src/main.d" -MT"Core/Src/main.o" --specs=nano.specs -mfloat-abi=soft -mthumb -o "Core/Src/main.o"
arm-none-eabi-gcc -o "Motherboard.elf" @"objects.list"   -mcpu=cortex-m3 -T"C:\STM32\SausageMixer\Motherboard\STM32F103C8TX_FLASH.ld" --specs=nosys.specs -Wl,-Map="Motherboard.map" -Wl,--gc-sections -static --specs=nano.specs -mfloat-abi=soft -mthumb -Wl,--start-group -lc -lm -Wl,--end-group
Finished building target: Motherboard.elf
 
arm-none-eabi-size  Motherboard.elf 
arm-none-eabi-objdump -h -S Motherboard.elf  > "Motherboard.list"
   text	   data	    bss	    dec	    hex	filename
  37728	    380	   6420	  44528	   adf0	Motherboard.elf
Finished building: default.size.stdout
 
Finished building: Motherboard.list
 
20:22:48 **** Incremental Build of configuration Debug for project Motherboard ****
make -j12 all 
arm-none-eabi-gcc "../Core/Src/main.c" -mcpu=cortex-m3 -std=gnu11 -g3 -DDEBUG -DUSE_HAL_DRIVER -DSTM32F103xB -c -I../Core/Inc -I../Drivers/STM32F1xx_HAL_Driver/Inc/Legacy -I../Drivers/STM32F1xx_HAL_Driver/Inc -I../Drivers/CMSIS/Device/ST/STM32F1xx/Include -I../Drivers/CMSIS/Include -I../USB_DEVICE/App -I../USB_DEVICE/Target -I../Middlewares/ST/STM32_USB_Device_Library/Core/Inc -I../Middlewares/ST/STM32_USB_Device_Library/Class/CDC/Inc -O0 -ffunction-sections -fdata-sections -Wall -fstack-usage -fcyclomatic-complexity -MMD -MP -MF"Core/Src/main.d" -MT"Core/Src/main.o" --specs=nano.specs -mfloat-abi=soft -mthumb -o "Core/Src/main.o"
arm-none-eabi-gcc -o "Motherboard.elf" @"objects.list"   -mcpu=cortex-m3 -T"C:\STM32\SausageMixer\Motherboard\STM32F103C8TX_FLASH.ld" --specs=nosys.specs -Wl,-Map="Motherboard.map" -Wl,--gc-sections -static --specs=nano.specs -mfloat-abi=soft -mthumb -Wl,--start-group -lc -lm -Wl,--end-group
Finished building target: Motherboard.elf
 
arm-none-eabi-size  Motherboard.elf 
arm-none-eabi-objdump -h -S Motherboard.elf  > "Motherboard.list"
   text	   data	    bss	    dec	    hex	filename
  37732	    380	   6420	  44532	   adf4	Motherboard.elf
Finished building: default.size.stdout
 
Finished building: Motherboard.list
 
20:40:17 **** Incremental Build of configuration Debug for project Motherboard ****
make -j12 all 
arm-none-eabi-gcc "../Core/Src/ad5328.c" -mcpu=cortex-m3 -std=gnu11 -g3 -DDEBUG -DUSE_HAL_DRIVER -DSTM32F103xB -c -I../Core/Inc -I../Drivers/STM32F1xx_HAL_Driver/Inc/Legacy -I../Drivers/STM32F1xx_HAL_Driver/Inc -I../Drivers/CMSIS/Device/ST/STM32F1xx/Include -I../Drivers/CMSIS/Include -I../USB_DEVICE/App -I../USB_DEVICE/Target -I../Middlewares/ST/STM32_USB_Device_Library/Core/Inc -I../Middlewares/ST/STM32_USB_Device_Library/Class/CDC/Inc -O0 -ffunction-sections -fdata-sections -Wall -fstack-usage -fcyclomatic-complexity -MMD -MP -MF"Core/Src/ad5328.d" -MT"Core/Src/ad5328.o" --specs=nano.specs -mfloat-abi=soft -mthumb -o "Core/Src/ad5328.o"
arm-none-eabi-gcc "../Core/Src/ads1115.c" -mcpu=cortex-m3 -std=gnu11 -g3 -DDEBUG -DUSE_HAL_DRIVER -DSTM32F103xB -c -I../Core/Inc -I../Drivers/STM32F1xx_HAL_Driver/Inc/Legacy -I../Drivers/STM32F1xx_HAL_Driver/Inc -I../Drivers/CMSIS/Device/ST/STM32F1xx/Include -I../Drivers/CMSIS/Include -I../USB_DEVICE/App -I../USB_DEVICE/Target -I../Middlewares/ST/STM32_USB_Device_Library/Core/Inc -I../Middlewares/ST/STM32_USB_Device_Library/Class/CDC/Inc -O0 -ffunction-sections -fdata-sections -Wall -fstack-usage -fcyclomatic-complexity -MMD -MP -MF"Core/Src/ads1115.d" -MT"Core/Src/ads1115.o" --specs=nano.specs -mfloat-abi=soft -mthumb -o "Core/Src/ads1115.o"
arm-none-eabi-gcc "../Core/Src/main.c" -mcpu=cortex-m3 -std=gnu11 -g3 -DDEBUG -DUSE_HAL_DRIVER -DSTM32F103xB -c -I../Core/Inc -I../Drivers/STM32F1xx_HAL_Driver/Inc/Legacy -I../Drivers/STM32F1xx_HAL_Driver/Inc -I../Drivers/CMSIS/Device/ST/STM32F1xx/Include -I../Drivers/CMSIS/Include -I../USB_DEVICE/App -I../USB_DEVICE/Target -I../Middlewares/ST/STM32_USB_Device_Library/Core/Inc -I../Middlewares/ST/STM32_USB_Device_Library/Class/CDC/Inc -O0 -ffunction-sections -fdata-sections -Wall -fstack-usage -fcyclomatic-complexity -MMD -MP -MF"Core/Src/main.d" -MT"Core/Src/main.o" --specs=nano.specs -mfloat-abi=soft -mthumb -o "Core/Src/main.o"
arm-none-eabi-gcc "../Core/Src/stm32f1xx_hal_msp.c" -mcpu=cortex-m3 -std=gnu11 -g3 -DDEBUG -DUSE_HAL_DRIVER -DSTM32F103xB -c -I../Core/Inc -I../Drivers/STM32F1xx_HAL_Driver/Inc/Legacy -I../Drivers/STM32F1xx_HAL_Driver/Inc -I../Drivers/CMSIS/Device/ST/STM32F1xx/Include -I../Drivers/CMSIS/Include -I../USB_DEVICE/App -I../USB_DEVICE/Target -I../Middlewares/ST/STM32_USB_Device_Library/Core/Inc -I../Middlewares/ST/STM32_USB_Device_Library/Class/CDC/Inc -O0 -ffunction-sections -fdata-sections -Wall -fstack-usage -fcyclomatic-complexity -MMD -MP -MF"Core/Src/stm32f1xx_hal_msp.d" -MT"Core/Src/stm32f1xx_hal_msp.o" --specs=nano.specs -mfloat-abi=soft -mthumb -o "Core/Src/stm32f1xx_hal_msp.o"
arm-none-eabi-gcc "../Core/Src/stm32f1xx_it.c" -mcpu=cortex-m3 -std=gnu11 -g3 -DDEBUG -DUSE_HAL_DRIVER -DSTM32F103xB -c -I../Core/Inc -I../Drivers/STM32F1xx_HAL_Driver/Inc/Legacy -I../Drivers/STM32F1xx_HAL_Driver/Inc -I../Drivers/CMSIS/Device/ST/STM32F1xx/Include -I../Drivers/CMSIS/Include -I../USB_DEVICE/App -I../USB_DEVICE/Target -I../Middlewares/ST/STM32_USB_Device_Library/Core/Inc -I../Middlewares/ST/STM32_USB_Device_Library/Class/CDC/Inc -O0 -ffunction-sections -fdata-sections -Wall -fstack-usage -fcyclomatic-complexity -MMD -MP -MF"Core/Src/stm32f1xx_it.d" -MT"Core/Src/stm32f1xx_it.o" --specs=nano.specs -mfloat-abi=soft -mthumb -o "Core/Src/stm32f1xx_it.o"
arm-none-eabi-gcc "../Core/Src/syscalls.c" -mcpu=cortex-m3 -std=gnu11 -g3 -DDEBUG -DUSE_HAL_DRIVER -DSTM32F103xB -c -I../Core/Inc -I../Drivers/STM32F1xx_HAL_Driver/Inc/Legacy -I../Drivers/STM32F1xx_HAL_Driver/Inc -I../Drivers/CMSIS/Device/ST/STM32F1xx/Include -I../Drivers/CMSIS/Include -I../USB_DEVICE/App -I../USB_DEVICE/Target -I../Middlewares/ST/STM32_USB_Device_Library/Core/Inc -I../Middlewares/ST/STM32_USB_Device_Library/Class/CDC/Inc -O0 -ffunction-sections -fdata-sections -Wall -fstack-usage -fcyclomatic-complexity -MMD -MP -MF"Core/Src/syscalls.d" -MT"Core/Src/syscalls.o" --specs=nano.specs -mfloat-abi=soft -mthumb -o "Core/Src/syscalls.o"
arm-none-eabi-gcc "../Core/Src/sysmem.c" -mcpu=cortex-m3 -std=gnu11 -g3 -DDEBUG -DUSE_HAL_DRIVER -DSTM32F103xB -c -I../Core/Inc -I../Drivers/STM32F1xx_HAL_Driver/Inc/Legacy -I../Drivers/STM32F1xx_HAL_Driver/Inc -I../Drivers/CMSIS/Device/ST/STM32F1xx/Include -I../Drivers/CMSIS/Include -I../USB_DEVICE/App -I../USB_DEVICE/Target -I../Middlewares/ST/STM32_USB_Device_Library/Core/Inc -I../Middlewares/ST/STM32_USB_Device_Library/Class/CDC/Inc -O0 -ffunction-sections -fdata-sections -Wall -fstack-usage -fcyclomatic-complexity -MMD -MP -MF"Core/Src/sysmem.d" -MT"Core/Src/sysmem.o" --specs=nano.specs -mfloat-abi=soft -mthumb -o "Core/Src/sysmem.o"
arm-none-eabi-gcc "../Core/Src/system_stm32f1xx.c" -mcpu=cortex-m3 -std=gnu11 -g3 -DDEBUG -DUSE_HAL_DRIVER -DSTM32F103xB -c -I../Core/Inc -I../Drivers/STM32F1xx_HAL_Driver/Inc/Legacy -I../Drivers/STM32F1xx_HAL_Driver/Inc -I../Drivers/CMSIS/Device/ST/STM32F1xx/Include -I../Drivers/CMSIS/Include -I../USB_DEVICE/App -I../USB_DEVICE/Target -I../Middlewares/ST/STM32_USB_Device_Library/Core/Inc -I../Middlewares/ST/STM32_USB_Device_Library/Class/CDC/Inc -O0 -ffunction-sections -fdata-sections -Wall -fstack-usage -fcyclomatic-complexity -MMD -MP -MF"Core/Src/system_stm32f1xx.d" -MT"Core/Src/system_stm32f1xx.o" --specs=nano.specs -mfloat-abi=soft -mthumb -o "Core/Src/system_stm32f1xx.o"
../Core/Src/main.c: In function 'main':
../Core/Src/main.c:147:11: warning: implicit declaration of function 'AD5328_WriteABCD_OutputVoltage'; did you mean 'AD5328_WriteABCD_Voltage'? [-Wimplicit-function-declaration]
  147 |           AD5328_WriteABCD_OutputVoltage(&dac, 0.75f, 0.0f, 0.0f, 0.0f);
      |           ^~~~~~~~~~~~~~~~~~~~~~~~~~~~~~
      |           AD5328_WriteABCD_Voltage
arm-none-eabi-gcc -o "Motherboard.elf" @"objects.list"   -mcpu=cortex-m3 -T"C:\STM32\SausageMixer\Motherboard\STM32F103C8TX_FLASH.ld" --specs=nosys.specs -Wl,-Map="Motherboard.map" -Wl,--gc-sections -static --specs=nano.specs -mfloat-abi=soft -mthumb -Wl,--start-group -lc -lm -Wl,--end-group
C:/ST/STM32CubeIDE_1.13.0/STM32CubeIDE/plugins/com.st.stm32cube.ide.mcu.externaltools.gnu-tools-for-stm32.13.3.rel1.win32_1.0.0.202411081344/tools/bin/../lib/gcc/arm-none-eabi/13.3.1/../../../../arm-none-eabi/bin/ld.exe: ./Core/Src/main.o: in function `main':
C:/STM32/SausageMixer/Motherboard/Debug/../Core/Src/main.c:147:(.text.main+0xb2): undefined reference to `AD5328_WriteABCD_OutputVoltage'
collect2.exe: error: ld returned 1 exit status
make: *** [makefile:68: Motherboard.elf] Error 1
"make -j12 all" terminated with exit code 2. Build might be incomplete.
20:41:29 **** Incremental Build of configuration Debug for project Motherboard ****
make -j12 all 
arm-none-eabi-gcc "../Core/Src/main.c" -mcpu=cortex-m3 -std=gnu11 -g3 -DDEBUG -DUSE_HAL_DRIVER -DSTM32F103xB -c -I../Core/Inc -I../Drivers/STM32F1xx_HAL_Driver/Inc/Legacy -I../Drivers/STM32F1xx_HAL_Driver/Inc -I../Drivers/CMSIS/Device/ST/STM32F1xx/Include -I../Drivers/CMSIS/Include -I../USB_DEVICE/App -I../USB_DEVICE/Target -I../Middlewares/ST/STM32_USB_Device_Library/Core/Inc -I../Middlewares/ST/STM32_USB_Device_Library/Class/CDC/Inc -O0 -ffunction-sections -fdata-sections -Wall -fstack-usage -fcyclomatic-complexity -MMD -MP -MF"Core/Src/main.d" -MT"Core/Src/main.o" --specs=nano.specs -mfloat-abi=soft -mthumb -o "Core/Src/main.o"
arm-none-eabi-gcc -o "Motherboard.elf" @"objects.list"   -mcpu=cortex-m3 -T"C:\STM32\SausageMixer\Motherboard\STM32F103C8TX_FLASH.ld" --specs=nosys.specs -Wl,-Map="Motherboard.map" -Wl,--gc-sections -static --specs=nano.specs -mfloat-abi=soft -mthumb -Wl,--start-group -lc -lm -Wl,--end-group
Finished building target: Motherboard.elf
 
arm-none-eabi-size  Motherboard.elf 
arm-none-eabi-objdump -h -S Motherboard.elf  > "Motherboard.list"
   text	   data	    bss	    dec	    hex	filename
  42776	    380	   6428	  49584	   c1b0	Motherboard.elf
Finished building: default.size.stdout
 
Finished building: Motherboard.list
 
20:42:27 **** Incremental Build of configuration Debug for project Motherboard ****
make -j12 all 
arm-none-eabi-size  Motherboard.elf 
   text	   data	    bss	    dec	    hex	filename
  42776	    380	   6428	  49584	   c1b0	Motherboard.elf
Finished building: default.size.stdout
 
20:43:02 **** Incremental Build of configuration Debug for project Motherboard ****
make -j12 all 
arm-none-eabi-size  Motherboard.elf 
   text	   data	    bss	    dec	    hex	filename
  42776	    380	   6428	  49584	   c1b0	Motherboard.elf
Finished building: default.size.stdout
 
20:45:37 **** Incremental Build of configuration Debug for project Motherboard ****
make -j12 all 
arm-none-eabi-size  Motherboard.elf 
   text	   data	    bss	    dec	    hex	filename
  42776	    380	   6428	  49584	   c1b0	Motherboard.elf
Finished building: default.size.stdout
 
20:46:01 **** Incremental Build of configuration Debug for project Motherboard ****
make -j12 all 
arm-none-eabi-size  Motherboard.elf 
   text	   data	    bss	    dec	    hex	filename
  42776	    380	   6428	  49584	   c1b0	Motherboard.elf
Finished building: default.size.stdout
 
20:46:24 **** Incremental Build of configuration Debug for project Motherboard ****
make -j12 all 
arm-none-eabi-size  Motherboard.elf 
   text	   data	    bss	    dec	    hex	filename
  42776	    380	   6428	  49584	   c1b0	Motherboard.elf
Finished building: default.size.stdout
 
08:24:56 **** Incremental Build of configuration Debug for project Motherboard ****
make -j12 all 
arm-none-eabi-gcc "../Core/Src/main.c" -mcpu=cortex-m3 -std=gnu11 -g3 -DDEBUG -DUSE_HAL_DRIVER -DSTM32F103xB -c -I../Core/Inc -I../Drivers/STM32F1xx_HAL_Driver/Inc/Legacy -I../Drivers/STM32F1xx_HAL_Driver/Inc -I../Drivers/CMSIS/Device/ST/STM32F1xx/Include -I../Drivers/CMSIS/Include -I../USB_DEVICE/App -I../USB_DEVICE/Target -I../Middlewares/ST/STM32_USB_Device_Library/Core/Inc -I../Middlewares/ST/STM32_USB_Device_Library/Class/CDC/Inc -O0 -ffunction-sections -fdata-sections -Wall -fstack-usage -fcyclomatic-complexity -MMD -MP -MF"Core/Src/main.d" -MT"Core/Src/main.o" --specs=nano.specs -mfloat-abi=soft -mthumb -o "Core/Src/main.o"
arm-none-eabi-gcc -o "Motherboard.elf" @"objects.list"   -mcpu=cortex-m3 -T"C:\STM32\SausageMixer\Motherboard\STM32F103C8TX_FLASH.ld" --specs=nosys.specs -Wl,-Map="Motherboard.map" -Wl,--gc-sections -static --specs=nano.specs -mfloat-abi=soft -mthumb -Wl,--start-group -lc -lm -Wl,--end-group
Finished building target: Motherboard.elf
 
arm-none-eabi-size  Motherboard.elf 
arm-none-eabi-objdump -h -S Motherboard.elf  > "Motherboard.list"
   text	   data	    bss	    dec	    hex	filename
  42796	    380	   6428	  49604	   c1c4	Motherboard.elf
Finished building: default.size.stdout
 
Finished building: Motherboard.list
 
08:26:46 **** Incremental Build of configuration Debug for project Motherboard ****
make -j12 all 
arm-none-eabi-size  Motherboard.elf 
   text	   data	    bss	    dec	    hex	filename
  42796	    380	   6428	  49604	   c1c4	Motherboard.elf
Finished building: default.size.stdout
 
08:27:19 **** Incremental Build of configuration Debug for project Motherboard ****
make -j12 all 
arm-none-eabi-size  Motherboard.elf 
   text	   data	    bss	    dec	    hex	filename
  42796	    380	   6428	  49604	   c1c4	Motherboard.elf
Finished building: default.size.stdout
 
08:31:39 **** Incremental Build of configuration Debug for project Motherboard ****
make -j12 all 
arm-none-eabi-size  Motherboard.elf 
   text	   data	    bss	    dec	    hex	filename
  42796	    380	   6428	  49604	   c1c4	Motherboard.elf
Finished building: default.size.stdout
 
08:31:56 **** Incremental Build of configuration Debug for project Motherboard ****
make -j12 all 
arm-none-eabi-size  Motherboard.elf 
   text	   data	    bss	    dec	    hex	filename
  42796	    380	   6428	  49604	   c1c4	Motherboard.elf
Finished building: default.size.stdout
 
08:35:20 **** Incremental Build of configuration Debug for project Motherboard ****
make -j12 all 
arm-none-eabi-gcc "../Core/Src/main.c" -mcpu=cortex-m3 -std=gnu11 -g3 -DDEBUG -DUSE_HAL_DRIVER -DSTM32F103xB -c -I../Core/Inc -I../Drivers/STM32F1xx_HAL_Driver/Inc/Legacy -I../Drivers/STM32F1xx_HAL_Driver/Inc -I../Drivers/CMSIS/Device/ST/STM32F1xx/Include -I../Drivers/CMSIS/Include -I../USB_DEVICE/App -I../USB_DEVICE/Target -I../Middlewares/ST/STM32_USB_Device_Library/Core/Inc -I../Middlewares/ST/STM32_USB_Device_Library/Class/CDC/Inc -O0 -ffunction-sections -fdata-sections -Wall -fstack-usage -fcyclomatic-complexity -MMD -MP -MF"Core/Src/main.d" -MT"Core/Src/main.o" --specs=nano.specs -mfloat-abi=soft -mthumb -o "Core/Src/main.o"
arm-none-eabi-gcc -o "Motherboard.elf" @"objects.list"   -mcpu=cortex-m3 -T"C:\STM32\SausageMixer\Motherboard\STM32F103C8TX_FLASH.ld" --specs=nosys.specs -Wl,-Map="Motherboard.map" -Wl,--gc-sections -static --specs=nano.specs -mfloat-abi=soft -mthumb -Wl,--start-group -lc -lm -Wl,--end-group
Finished building target: Motherboard.elf
 
arm-none-eabi-size  Motherboard.elf 
arm-none-eabi-objdump -h -S Motherboard.elf  > "Motherboard.list"
   text	   data	    bss	    dec	    hex	filename
  42776	    380	   6428	  49584	   c1b0	Motherboard.elf
Finished building: default.size.stdout
 
Finished building: Motherboard.list
 
08:42:00 **** Incremental Build of configuration Debug for project Motherboard ****
make -j12 all 
arm-none-eabi-gcc "../Core/Src/main.c" -mcpu=cortex-m3 -std=gnu11 -g3 -DDEBUG -DUSE_HAL_DRIVER -DSTM32F103xB -c -I../Core/Inc -I../Drivers/STM32F1xx_HAL_Driver/Inc/Legacy -I../Drivers/STM32F1xx_HAL_Driver/Inc -I../Drivers/CMSIS/Device/ST/STM32F1xx/Include -I../Drivers/CMSIS/Include -I../USB_DEVICE/App -I../USB_DEVICE/Target -I../Middlewares/ST/STM32_USB_Device_Library/Core/Inc -I../Middlewares/ST/STM32_USB_Device_Library/Class/CDC/Inc -O0 -ffunction-sections -fdata-sections -Wall -fstack-usage -fcyclomatic-complexity -MMD -MP -MF"Core/Src/main.d" -MT"Core/Src/main.o" --specs=nano.specs -mfloat-abi=soft -mthumb -o "Core/Src/main.o"
../Core/Src/main.c: In function 'main':
../Core/Src/main.c:141:9: warning: unused variable 'voltage_ch2' [-Wunused-variable]
  141 |   float voltage_ch2 = 0.0f;
      |         ^~~~~~~~~~~
arm-none-eabi-gcc -o "Motherboard.elf" @"objects.list"   -mcpu=cortex-m3 -T"C:\STM32\SausageMixer\Motherboard\STM32F103C8TX_FLASH.ld" --specs=nosys.specs -Wl,-Map="Motherboard.map" -Wl,--gc-sections -static --specs=nano.specs -mfloat-abi=soft -mthumb -Wl,--start-group -lc -lm -Wl,--end-group
Finished building target: Motherboard.elf
 
arm-none-eabi-size  Motherboard.elf 
arm-none-eabi-objdump -h -S Motherboard.elf  > "Motherboard.list"
   text	   data	    bss	    dec	    hex	filename
  38548	    380	   6428	  45356	   b12c	Motherboard.elf
Finished building: default.size.stdout
 
Finished building: Motherboard.list
 
08:43:34 **** Incremental Build of configuration Debug for project Motherboard ****
make -j12 all 
arm-none-eabi-gcc "../Core/Src/main.c" -mcpu=cortex-m3 -std=gnu11 -g3 -DDEBUG -DUSE_HAL_DRIVER -DSTM32F103xB -c -I../Core/Inc -I../Drivers/STM32F1xx_HAL_Driver/Inc/Legacy -I../Drivers/STM32F1xx_HAL_Driver/Inc -I../Drivers/CMSIS/Device/ST/STM32F1xx/Include -I../Drivers/CMSIS/Include -I../USB_DEVICE/App -I../USB_DEVICE/Target -I../Middlewares/ST/STM32_USB_Device_Library/Core/Inc -I../Middlewares/ST/STM32_USB_Device_Library/Class/CDC/Inc -O0 -ffunction-sections -fdata-sections -Wall -fstack-usage -fcyclomatic-complexity -MMD -MP -MF"Core/Src/main.d" -MT"Core/Src/main.o" --specs=nano.specs -mfloat-abi=soft -mthumb -o "Core/Src/main.o"
../Core/Src/main.c: In function 'main':
../Core/Src/main.c:141:9: warning: unused variable 'voltage_ch2' [-Wunused-variable]
  141 |   float voltage_ch2 = 0.0f;
      |         ^~~~~~~~~~~
arm-none-eabi-gcc -o "Motherboard.elf" @"objects.list"   -mcpu=cortex-m3 -T"C:\STM32\SausageMixer\Motherboard\STM32F103C8TX_FLASH.ld" --specs=nosys.specs -Wl,-Map="Motherboard.map" -Wl,--gc-sections -static --specs=nano.specs -mfloat-abi=soft -mthumb -Wl,--start-group -lc -lm -Wl,--end-group
Finished building target: Motherboard.elf
 
arm-none-eabi-size  Motherboard.elf 
arm-none-eabi-objdump -h -S Motherboard.elf  > "Motherboard.list"
   text	   data	    bss	    dec	    hex	filename
  38544	    380	   6428	  45352	   b128	Motherboard.elf
Finished building: default.size.stdout
 
Finished building: Motherboard.list
 
08:46:09 **** Incremental Build of configuration Debug for project Motherboard ****
make -j12 all 
arm-none-eabi-gcc "../Core/Src/main.c" -mcpu=cortex-m3 -std=gnu11 -g3 -DDEBUG -DUSE_HAL_DRIVER -DSTM32F103xB -c -I../Core/Inc -I../Drivers/STM32F1xx_HAL_Driver/Inc/Legacy -I../Drivers/STM32F1xx_HAL_Driver/Inc -I../Drivers/CMSIS/Device/ST/STM32F1xx/Include -I../Drivers/CMSIS/Include -I../USB_DEVICE/App -I../USB_DEVICE/Target -I../Middlewares/ST/STM32_USB_Device_Library/Core/Inc -I../Middlewares/ST/STM32_USB_Device_Library/Class/CDC/Inc -O0 -ffunction-sections -fdata-sections -Wall -fstack-usage -fcyclomatic-complexity -MMD -MP -MF"Core/Src/main.d" -MT"Core/Src/main.o" --specs=nano.specs -mfloat-abi=soft -mthumb -o "Core/Src/main.o"
arm-none-eabi-gcc -o "Motherboard.elf" @"objects.list"   -mcpu=cortex-m3 -T"C:\STM32\SausageMixer\Motherboard\STM32F103C8TX_FLASH.ld" --specs=nosys.specs -Wl,-Map="Motherboard.map" -Wl,--gc-sections -static --specs=nano.specs -mfloat-abi=soft -mthumb -Wl,--start-group -lc -lm -Wl,--end-group
Finished building target: Motherboard.elf
 
arm-none-eabi-size  Motherboard.elf 
arm-none-eabi-objdump -h -S Motherboard.elf  > "Motherboard.list"
   text	   data	    bss	    dec	    hex	filename
  42780	    380	   6428	  49588	   c1b4	Motherboard.elf
Finished building: default.size.stdout
 
Finished building: Motherboard.list
 
08:47:58 **** Incremental Build of configuration Debug for project Motherboard ****
make -j12 all 
arm-none-eabi-gcc "../Core/Src/main.c" -mcpu=cortex-m3 -std=gnu11 -g3 -DDEBUG -DUSE_HAL_DRIVER -DSTM32F103xB -c -I../Core/Inc -I../Drivers/STM32F1xx_HAL_Driver/Inc/Legacy -I../Drivers/STM32F1xx_HAL_Driver/Inc -I../Drivers/CMSIS/Device/ST/STM32F1xx/Include -I../Drivers/CMSIS/Include -I../USB_DEVICE/App -I../USB_DEVICE/Target -I../Middlewares/ST/STM32_USB_Device_Library/Core/Inc -I../Middlewares/ST/STM32_USB_Device_Library/Class/CDC/Inc -O0 -ffunction-sections -fdata-sections -Wall -fstack-usage -fcyclomatic-complexity -MMD -MP -MF"Core/Src/main.d" -MT"Core/Src/main.o" --specs=nano.specs -mfloat-abi=soft -mthumb -o "Core/Src/main.o"
arm-none-eabi-gcc -o "Motherboard.elf" @"objects.list"   -mcpu=cortex-m3 -T"C:\STM32\SausageMixer\Motherboard\STM32F103C8TX_FLASH.ld" --specs=nosys.specs -Wl,-Map="Motherboard.map" -Wl,--gc-sections -static --specs=nano.specs -mfloat-abi=soft -mthumb -Wl,--start-group -lc -lm -Wl,--end-group
Finished building target: Motherboard.elf
 
arm-none-eabi-size  Motherboard.elf 
arm-none-eabi-objdump -h -S Motherboard.elf  > "Motherboard.list"
   text	   data	    bss	    dec	    hex	filename
  42772	    380	   6428	  49580	   c1ac	Motherboard.elf
Finished building: default.size.stdout
 
Finished building: Motherboard.list
 
08:49:43 **** Incremental Build of configuration Debug for project Motherboard ****
make -j12 all 
arm-none-eabi-gcc "../Core/Src/main.c" -mcpu=cortex-m3 -std=gnu11 -g3 -DDEBUG -DUSE_HAL_DRIVER -DSTM32F103xB -c -I../Core/Inc -I../Drivers/STM32F1xx_HAL_Driver/Inc/Legacy -I../Drivers/STM32F1xx_HAL_Driver/Inc -I../Drivers/CMSIS/Device/ST/STM32F1xx/Include -I../Drivers/CMSIS/Include -I../USB_DEVICE/App -I../USB_DEVICE/Target -I../Middlewares/ST/STM32_USB_Device_Library/Core/Inc -I../Middlewares/ST/STM32_USB_Device_Library/Class/CDC/Inc -O0 -ffunction-sections -fdata-sections -Wall -fstack-usage -fcyclomatic-complexity -MMD -MP -MF"Core/Src/main.d" -MT"Core/Src/main.o" --specs=nano.specs -mfloat-abi=soft -mthumb -o "Core/Src/main.o"
arm-none-eabi-gcc -o "Motherboard.elf" @"objects.list"   -mcpu=cortex-m3 -T"C:\STM32\SausageMixer\Motherboard\STM32F103C8TX_FLASH.ld" --specs=nosys.specs -Wl,-Map="Motherboard.map" -Wl,--gc-sections -static --specs=nano.specs -mfloat-abi=soft -mthumb -Wl,--start-group -lc -lm -Wl,--end-group
Finished building target: Motherboard.elf
 
arm-none-eabi-size  Motherboard.elf 
arm-none-eabi-objdump -h -S Motherboard.elf  > "Motherboard.list"
   text	   data	    bss	    dec	    hex	filename
  42772	    380	   6428	  49580	   c1ac	Motherboard.elf
Finished building: default.size.stdout
 
Finished building: Motherboard.list
 
19:57:31 **** Incremental Build of configuration Debug for project Motherboard ****
make -j12 all 
arm-none-eabi-gcc "../Core/Src/main.c" -mcpu=cortex-m3 -std=gnu11 -g3 -DDEBUG -DUSE_HAL_DRIVER -DSTM32F103xB -c -I../Core/Inc -I../Drivers/STM32F1xx_HAL_Driver/Inc/Legacy -I../Drivers/STM32F1xx_HAL_Driver/Inc -I../Drivers/CMSIS/Device/ST/STM32F1xx/Include -I../Drivers/CMSIS/Include -I../USB_DEVICE/App -I../USB_DEVICE/Target -I../Middlewares/ST/STM32_USB_Device_Library/Core/Inc -I../Middlewares/ST/STM32_USB_Device_Library/Class/CDC/Inc -O0 -ffunction-sections -fdata-sections -Wall -fstack-usage -fcyclomatic-complexity -MMD -MP -MF"Core/Src/main.d" -MT"Core/Src/main.o" --specs=nano.specs -mfloat-abi=soft -mthumb -o "Core/Src/main.o"
arm-none-eabi-gcc -o "Motherboard.elf" @"objects.list"   -mcpu=cortex-m3 -T"C:\STM32\SausageMixer\Motherboard\STM32F103C8TX_FLASH.ld" --specs=nosys.specs -Wl,-Map="Motherboard.map" -Wl,--gc-sections -static --specs=nano.specs -mfloat-abi=soft -mthumb -Wl,--start-group -lc -lm -Wl,--end-group
Finished building target: Motherboard.elf
 
arm-none-eabi-size  Motherboard.elf 
arm-none-eabi-objdump -h -S Motherboard.elf  > "Motherboard.list"
   text	   data	    bss	    dec	    hex	filename
  38536	    380	   6428	  45344	   b120	Motherboard.elf
Finished building: default.size.stdout
 
Finished building: Motherboard.list
 
20:23:23 **** Build of configuration Debug for project Keyboard ****
make -j12 all 
arm-none-eabi-gcc "../Drivers/STM32F0xx_HAL_Driver/Src/stm32f0xx_hal.c" -mcpu=cortex-m0 -std=gnu11 -g3 -DDEBUG -DUSE_HAL_DRIVER -DSTM32F030x8 -c -I../Core/Inc -I../Drivers/STM32F0xx_HAL_Driver/Inc -I../Drivers/STM32F0xx_HAL_Driver/Inc/Legacy -I../Drivers/CMSIS/Device/ST/STM32F0xx/Include -I../Drivers/CMSIS/Include -O0 -ffunction-sections -fdata-sections -Wall -fstack-usage -fcyclomatic-complexity -MMD -MP -MF"Drivers/STM32F0xx_HAL_Driver/Src/stm32f0xx_hal.d" -MT"Drivers/STM32F0xx_HAL_Driver/Src/stm32f0xx_hal.o" --specs=nano.specs -mfloat-abi=soft -mthumb -o "Drivers/STM32F0xx_HAL_Driver/Src/stm32f0xx_hal.o"
arm-none-eabi-gcc "../Drivers/STM32F0xx_HAL_Driver/Src/stm32f0xx_hal_cortex.c" -mcpu=cortex-m0 -std=gnu11 -g3 -DDEBUG -DUSE_HAL_DRIVER -DSTM32F030x8 -c -I../Core/Inc -I../Drivers/STM32F0xx_HAL_Driver/Inc -I../Drivers/STM32F0xx_HAL_Driver/Inc/Legacy -I../Drivers/CMSIS/Device/ST/STM32F0xx/Include -I../Drivers/CMSIS/Include -O0 -ffunction-sections -fdata-sections -Wall -fstack-usage -fcyclomatic-complexity -MMD -MP -MF"Drivers/STM32F0xx_HAL_Driver/Src/stm32f0xx_hal_cortex.d" -MT"Drivers/STM32F0xx_HAL_Driver/Src/stm32f0xx_hal_cortex.o" --specs=nano.specs -mfloat-abi=soft -mthumb -o "Drivers/STM32F0xx_HAL_Driver/Src/stm32f0xx_hal_cortex.o"
arm-none-eabi-gcc "../Drivers/STM32F0xx_HAL_Driver/Src/stm32f0xx_hal_dma.c" -mcpu=cortex-m0 -std=gnu11 -g3 -DDEBUG -DUSE_HAL_DRIVER -DSTM32F030x8 -c -I../Core/Inc -I../Drivers/STM32F0xx_HAL_Driver/Inc -I../Drivers/STM32F0xx_HAL_Driver/Inc/Legacy -I../Drivers/CMSIS/Device/ST/STM32F0xx/Include -I../Drivers/CMSIS/Include -O0 -ffunction-sections -fdata-sections -Wall -fstack-usage -fcyclomatic-complexity -MMD -MP -MF"Drivers/STM32F0xx_HAL_Driver/Src/stm32f0xx_hal_dma.d" -MT"Drivers/STM32F0xx_HAL_Driver/Src/stm32f0xx_hal_dma.o" --specs=nano.specs -mfloat-abi=soft -mthumb -o "Drivers/STM32F0xx_HAL_Driver/Src/stm32f0xx_hal_dma.o"
arm-none-eabi-gcc "../Drivers/STM32F0xx_HAL_Driver/Src/stm32f0xx_hal_exti.c" -mcpu=cortex-m0 -std=gnu11 -g3 -DDEBUG -DUSE_HAL_DRIVER -DSTM32F030x8 -c -I../Core/Inc -I../Drivers/STM32F0xx_HAL_Driver/Inc -I../Drivers/STM32F0xx_HAL_Driver/Inc/Legacy -I../Drivers/CMSIS/Device/ST/STM32F0xx/Include -I../Drivers/CMSIS/Include -O0 -ffunction-sections -fdata-sections -Wall -fstack-usage -fcyclomatic-complexity -MMD -MP -MF"Drivers/STM32F0xx_HAL_Driver/Src/stm32f0xx_hal_exti.d" -MT"Drivers/STM32F0xx_HAL_Driver/Src/stm32f0xx_hal_exti.o" --specs=nano.specs -mfloat-abi=soft -mthumb -o "Drivers/STM32F0xx_HAL_Driver/Src/stm32f0xx_hal_exti.o"
arm-none-eabi-gcc "../Drivers/STM32F0xx_HAL_Driver/Src/stm32f0xx_hal_flash.c" -mcpu=cortex-m0 -std=gnu11 -g3 -DDEBUG -DUSE_HAL_DRIVER -DSTM32F030x8 -c -I../Core/Inc -I../Drivers/STM32F0xx_HAL_Driver/Inc -I../Drivers/STM32F0xx_HAL_Driver/Inc/Legacy -I../Drivers/CMSIS/Device/ST/STM32F0xx/Include -I../Drivers/CMSIS/Include -O0 -ffunction-sections -fdata-sections -Wall -fstack-usage -fcyclomatic-complexity -MMD -MP -MF"Drivers/STM32F0xx_HAL_Driver/Src/stm32f0xx_hal_flash.d" -MT"Drivers/STM32F0xx_HAL_Driver/Src/stm32f0xx_hal_flash.o" --specs=nano.specs -mfloat-abi=soft -mthumb -o "Drivers/STM32F0xx_HAL_Driver/Src/stm32f0xx_hal_flash.o"
arm-none-eabi-gcc "../Drivers/STM32F0xx_HAL_Driver/Src/stm32f0xx_hal_flash_ex.c" -mcpu=cortex-m0 -std=gnu11 -g3 -DDEBUG -DUSE_HAL_DRIVER -DSTM32F030x8 -c -I../Core/Inc -I../Drivers/STM32F0xx_HAL_Driver/Inc -I../Drivers/STM32F0xx_HAL_Driver/Inc/Legacy -I../Drivers/CMSIS/Device/ST/STM32F0xx/Include -I../Drivers/CMSIS/Include -O0 -ffunction-sections -fdata-sections -Wall -fstack-usage -fcyclomatic-complexity -MMD -MP -MF"Drivers/STM32F0xx_HAL_Driver/Src/stm32f0xx_hal_flash_ex.d" -MT"Drivers/STM32F0xx_HAL_Driver/Src/stm32f0xx_hal_flash_ex.o" --specs=nano.specs -mfloat-abi=soft -mthumb -o "Drivers/STM32F0xx_HAL_Driver/Src/stm32f0xx_hal_flash_ex.o"
arm-none-eabi-gcc "../Drivers/STM32F0xx_HAL_Driver/Src/stm32f0xx_hal_gpio.c" -mcpu=cortex-m0 -std=gnu11 -g3 -DDEBUG -DUSE_HAL_DRIVER -DSTM32F030x8 -c -I../Core/Inc -I../Drivers/STM32F0xx_HAL_Driver/Inc -I../Drivers/STM32F0xx_HAL_Driver/Inc/Legacy -I../Drivers/CMSIS/Device/ST/STM32F0xx/Include -I../Drivers/CMSIS/Include -O0 -ffunction-sections -fdata-sections -Wall -fstack-usage -fcyclomatic-complexity -MMD -MP -MF"Drivers/STM32F0xx_HAL_Driver/Src/stm32f0xx_hal_gpio.d" -MT"Drivers/STM32F0xx_HAL_Driver/Src/stm32f0xx_hal_gpio.o" --specs=nano.specs -mfloat-abi=soft -mthumb -o "Drivers/STM32F0xx_HAL_Driver/Src/stm32f0xx_hal_gpio.o"
arm-none-eabi-gcc "../Drivers/STM32F0xx_HAL_Driver/Src/stm32f0xx_hal_i2c.c" -mcpu=cortex-m0 -std=gnu11 -g3 -DDEBUG -DUSE_HAL_DRIVER -DSTM32F030x8 -c -I../Core/Inc -I../Drivers/STM32F0xx_HAL_Driver/Inc -I../Drivers/STM32F0xx_HAL_Driver/Inc/Legacy -I../Drivers/CMSIS/Device/ST/STM32F0xx/Include -I../Drivers/CMSIS/Include -O0 -ffunction-sections -fdata-sections -Wall -fstack-usage -fcyclomatic-complexity -MMD -MP -MF"Drivers/STM32F0xx_HAL_Driver/Src/stm32f0xx_hal_i2c.d" -MT"Drivers/STM32F0xx_HAL_Driver/Src/stm32f0xx_hal_i2c.o" --specs=nano.specs -mfloat-abi=soft -mthumb -o "Drivers/STM32F0xx_HAL_Driver/Src/stm32f0xx_hal_i2c.o"
arm-none-eabi-gcc "../Drivers/STM32F0xx_HAL_Driver/Src/stm32f0xx_hal_i2c_ex.c" -mcpu=cortex-m0 -std=gnu11 -g3 -DDEBUG -DUSE_HAL_DRIVER -DSTM32F030x8 -c -I../Core/Inc -I../Drivers/STM32F0xx_HAL_Driver/Inc -I../Drivers/STM32F0xx_HAL_Driver/Inc/Legacy -I../Drivers/CMSIS/Device/ST/STM32F0xx/Include -I../Drivers/CMSIS/Include -O0 -ffunction-sections -fdata-sections -Wall -fstack-usage -fcyclomatic-complexity -MMD -MP -MF"Drivers/STM32F0xx_HAL_Driver/Src/stm32f0xx_hal_i2c_ex.d" -MT"Drivers/STM32F0xx_HAL_Driver/Src/stm32f0xx_hal_i2c_ex.o" --specs=nano.specs -mfloat-abi=soft -mthumb -o "Drivers/STM32F0xx_HAL_Driver/Src/stm32f0xx_hal_i2c_ex.o"
arm-none-eabi-gcc "../Drivers/STM32F0xx_HAL_Driver/Src/stm32f0xx_hal_pwr.c" -mcpu=cortex-m0 -std=gnu11 -g3 -DDEBUG -DUSE_HAL_DRIVER -DSTM32F030x8 -c -I../Core/Inc -I../Drivers/STM32F0xx_HAL_Driver/Inc -I../Drivers/STM32F0xx_HAL_Driver/Inc/Legacy -I../Drivers/CMSIS/Device/ST/STM32F0xx/Include -I../Drivers/CMSIS/Include -O0 -ffunction-sections -fdata-sections -Wall -fstack-usage -fcyclomatic-complexity -MMD -MP -MF"Drivers/STM32F0xx_HAL_Driver/Src/stm32f0xx_hal_pwr.d" -MT"Drivers/STM32F0xx_HAL_Driver/Src/stm32f0xx_hal_pwr.o" --specs=nano.specs -mfloat-abi=soft -mthumb -o "Drivers/STM32F0xx_HAL_Driver/Src/stm32f0xx_hal_pwr.o"
arm-none-eabi-gcc "../Drivers/STM32F0xx_HAL_Driver/Src/stm32f0xx_hal_pwr_ex.c" -mcpu=cortex-m0 -std=gnu11 -g3 -DDEBUG -DUSE_HAL_DRIVER -DSTM32F030x8 -c -I../Core/Inc -I../Drivers/STM32F0xx_HAL_Driver/Inc -I../Drivers/STM32F0xx_HAL_Driver/Inc/Legacy -I../Drivers/CMSIS/Device/ST/STM32F0xx/Include -I../Drivers/CMSIS/Include -O0 -ffunction-sections -fdata-sections -Wall -fstack-usage -fcyclomatic-complexity -MMD -MP -MF"Drivers/STM32F0xx_HAL_Driver/Src/stm32f0xx_hal_pwr_ex.d" -MT"Drivers/STM32F0xx_HAL_Driver/Src/stm32f0xx_hal_pwr_ex.o" --specs=nano.specs -mfloat-abi=soft -mthumb -o "Drivers/STM32F0xx_HAL_Driver/Src/stm32f0xx_hal_pwr_ex.o"
arm-none-eabi-gcc "../Drivers/STM32F0xx_HAL_Driver/Src/stm32f0xx_hal_rcc.c" -mcpu=cortex-m0 -std=gnu11 -g3 -DDEBUG -DUSE_HAL_DRIVER -DSTM32F030x8 -c -I../Core/Inc -I../Drivers/STM32F0xx_HAL_Driver/Inc -I../Drivers/STM32F0xx_HAL_Driver/Inc/Legacy -I../Drivers/CMSIS/Device/ST/STM32F0xx/Include -I../Drivers/CMSIS/Include -O0 -ffunction-sections -fdata-sections -Wall -fstack-usage -fcyclomatic-complexity -MMD -MP -MF"Drivers/STM32F0xx_HAL_Driver/Src/stm32f0xx_hal_rcc.d" -MT"Drivers/STM32F0xx_HAL_Driver/Src/stm32f0xx_hal_rcc.o" --specs=nano.specs -mfloat-abi=soft -mthumb -o "Drivers/STM32F0xx_HAL_Driver/Src/stm32f0xx_hal_rcc.o"
arm-none-eabi-gcc "../Drivers/STM32F0xx_HAL_Driver/Src/stm32f0xx_hal_rcc_ex.c" -mcpu=cortex-m0 -std=gnu11 -g3 -DDEBUG -DUSE_HAL_DRIVER -DSTM32F030x8 -c -I../Core/Inc -I../Drivers/STM32F0xx_HAL_Driver/Inc -I../Drivers/STM32F0xx_HAL_Driver/Inc/Legacy -I../Drivers/CMSIS/Device/ST/STM32F0xx/Include -I../Drivers/CMSIS/Include -O0 -ffunction-sections -fdata-sections -Wall -fstack-usage -fcyclomatic-complexity -MMD -MP -MF"Drivers/STM32F0xx_HAL_Driver/Src/stm32f0xx_hal_rcc_ex.d" -MT"Drivers/STM32F0xx_HAL_Driver/Src/stm32f0xx_hal_rcc_ex.o" --specs=nano.specs -mfloat-abi=soft -mthumb -o "Drivers/STM32F0xx_HAL_Driver/Src/stm32f0xx_hal_rcc_ex.o"
arm-none-eabi-gcc "../Drivers/STM32F0xx_HAL_Driver/Src/stm32f0xx_hal_spi.c" -mcpu=cortex-m0 -std=gnu11 -g3 -DDEBUG -DUSE_HAL_DRIVER -DSTM32F030x8 -c -I../Core/Inc -I../Drivers/STM32F0xx_HAL_Driver/Inc -I../Drivers/STM32F0xx_HAL_Driver/Inc/Legacy -I../Drivers/CMSIS/Device/ST/STM32F0xx/Include -I../Drivers/CMSIS/Include -O0 -ffunction-sections -fdata-sections -Wall -fstack-usage -fcyclomatic-complexity -MMD -MP -MF"Drivers/STM32F0xx_HAL_Driver/Src/stm32f0xx_hal_spi.d" -MT"Drivers/STM32F0xx_HAL_Driver/Src/stm32f0xx_hal_spi.o" --specs=nano.specs -mfloat-abi=soft -mthumb -o "Drivers/STM32F0xx_HAL_Driver/Src/stm32f0xx_hal_spi.o"
arm-none-eabi-gcc "../Drivers/STM32F0xx_HAL_Driver/Src/stm32f0xx_hal_spi_ex.c" -mcpu=cortex-m0 -std=gnu11 -g3 -DDEBUG -DUSE_HAL_DRIVER -DSTM32F030x8 -c -I../Core/Inc -I../Drivers/STM32F0xx_HAL_Driver/Inc -I../Drivers/STM32F0xx_HAL_Driver/Inc/Legacy -I../Drivers/CMSIS/Device/ST/STM32F0xx/Include -I../Drivers/CMSIS/Include -O0 -ffunction-sections -fdata-sections -Wall -fstack-usage -fcyclomatic-complexity -MMD -MP -MF"Drivers/STM32F0xx_HAL_Driver/Src/stm32f0xx_hal_spi_ex.d" -MT"Drivers/STM32F0xx_HAL_Driver/Src/stm32f0xx_hal_spi_ex.o" --specs=nano.specs -mfloat-abi=soft -mthumb -o "Drivers/STM32F0xx_HAL_Driver/Src/stm32f0xx_hal_spi_ex.o"
arm-none-eabi-gcc -mcpu=cortex-m0 -g3 -DDEBUG -c -x assembler-with-cpp -MMD -MP -MF"Core/Startup/startup_stm32f030c8tx.d" -MT"Core/Startup/startup_stm32f030c8tx.o" --specs=nano.specs -mfloat-abi=soft -mthumb -o "Core/Startup/startup_stm32f030c8tx.o" "../Core/Startup/startup_stm32f030c8tx.s"
arm-none-eabi-gcc "../Core/Src/main.c" -mcpu=cortex-m0 -std=gnu11 -g3 -DDEBUG -DUSE_HAL_DRIVER -DSTM32F030x8 -c -I../Core/Inc -I../Drivers/STM32F0xx_HAL_Driver/Inc -I../Drivers/STM32F0xx_HAL_Driver/Inc/Legacy -I../Drivers/CMSIS/Device/ST/STM32F0xx/Include -I../Drivers/CMSIS/Include -O0 -ffunction-sections -fdata-sections -Wall -fstack-usage -fcyclomatic-complexity -MMD -MP -MF"Core/Src/main.d" -MT"Core/Src/main.o" --specs=nano.specs -mfloat-abi=soft -mthumb -o "Core/Src/main.o"
arm-none-eabi-gcc "../Core/Src/stm32f0xx_hal_msp.c" -mcpu=cortex-m0 -std=gnu11 -g3 -DDEBUG -DUSE_HAL_DRIVER -DSTM32F030x8 -c -I../Core/Inc -I../Drivers/STM32F0xx_HAL_Driver/Inc -I../Drivers/STM32F0xx_HAL_Driver/Inc/Legacy -I../Drivers/CMSIS/Device/ST/STM32F0xx/Include -I../Drivers/CMSIS/Include -O0 -ffunction-sections -fdata-sections -Wall -fstack-usage -fcyclomatic-complexity -MMD -MP -MF"Core/Src/stm32f0xx_hal_msp.d" -MT"Core/Src/stm32f0xx_hal_msp.o" --specs=nano.specs -mfloat-abi=soft -mthumb -o "Core/Src/stm32f0xx_hal_msp.o"
arm-none-eabi-gcc "../Core/Src/stm32f0xx_it.c" -mcpu=cortex-m0 -std=gnu11 -g3 -DDEBUG -DUSE_HAL_DRIVER -DSTM32F030x8 -c -I../Core/Inc -I../Drivers/STM32F0xx_HAL_Driver/Inc -I../Drivers/STM32F0xx_HAL_Driver/Inc/Legacy -I../Drivers/CMSIS/Device/ST/STM32F0xx/Include -I../Drivers/CMSIS/Include -O0 -ffunction-sections -fdata-sections -Wall -fstack-usage -fcyclomatic-complexity -MMD -MP -MF"Core/Src/stm32f0xx_it.d" -MT"Core/Src/stm32f0xx_it.o" --specs=nano.specs -mfloat-abi=soft -mthumb -o "Core/Src/stm32f0xx_it.o"
arm-none-eabi-gcc "../Core/Src/syscalls.c" -mcpu=cortex-m0 -std=gnu11 -g3 -DDEBUG -DUSE_HAL_DRIVER -DSTM32F030x8 -c -I../Core/Inc -I../Drivers/STM32F0xx_HAL_Driver/Inc -I../Drivers/STM32F0xx_HAL_Driver/Inc/Legacy -I../Drivers/CMSIS/Device/ST/STM32F0xx/Include -I../Drivers/CMSIS/Include -O0 -ffunction-sections -fdata-sections -Wall -fstack-usage -fcyclomatic-complexity -MMD -MP -MF"Core/Src/syscalls.d" -MT"Core/Src/syscalls.o" --specs=nano.specs -mfloat-abi=soft -mthumb -o "Core/Src/syscalls.o"
arm-none-eabi-gcc "../Core/Src/sysmem.c" -mcpu=cortex-m0 -std=gnu11 -g3 -DDEBUG -DUSE_HAL_DRIVER -DSTM32F030x8 -c -I../Core/Inc -I../Drivers/STM32F0xx_HAL_Driver/Inc -I../Drivers/STM32F0xx_HAL_Driver/Inc/Legacy -I../Drivers/CMSIS/Device/ST/STM32F0xx/Include -I../Drivers/CMSIS/Include -O0 -ffunction-sections -fdata-sections -Wall -fstack-usage -fcyclomatic-complexity -MMD -MP -MF"Core/Src/sysmem.d" -MT"Core/Src/sysmem.o" --specs=nano.specs -mfloat-abi=soft -mthumb -o "Core/Src/sysmem.o"
arm-none-eabi-gcc "../Core/Src/system_stm32f0xx.c" -mcpu=cortex-m0 -std=gnu11 -g3 -DDEBUG -DUSE_HAL_DRIVER -DSTM32F030x8 -c -I../Core/Inc -I../Drivers/STM32F0xx_HAL_Driver/Inc -I../Drivers/STM32F0xx_HAL_Driver/Inc/Legacy -I../Drivers/CMSIS/Device/ST/STM32F0xx/Include -I../Drivers/CMSIS/Include -O0 -ffunction-sections -fdata-sections -Wall -fstack-usage -fcyclomatic-complexity -MMD -MP -MF"Core/Src/system_stm32f0xx.d" -MT"Core/Src/system_stm32f0xx.o" --specs=nano.specs -mfloat-abi=soft -mthumb -o "Core/Src/system_stm32f0xx.o"
../Core/Src/main.c: In function 'main':
../Core/Src/main.c:105:3: error: too many arguments to function 'WH0802D_WriteString'
  105 |   WH0802D_WriteString(&lcd, 0, 0, "HELLO");
      |   ^~~~~~~~~~~~~~~~~~~
In file included from ../Core/Src/main.c:22:
../Core/Inc/wh0802d.h:29:6: note: declared here
   29 | void WH0802D_WriteString(WH0802D_HandleTypeDef *lcd, const char *str);
      |      ^~~~~~~~~~~~~~~~~~~
../Core/Src/main.c:106:3: error: too many arguments to function 'WH0802D_WriteString'
  106 |   WH0802D_WriteString(&lcd, 0, 1, "PEACO");
      |   ^~~~~~~~~~~~~~~~~~~
../Core/Inc/wh0802d.h:29:6: note: declared here
   29 | void WH0802D_WriteString(WH0802D_HandleTypeDef *lcd, const char *str);
      |      ^~~~~~~~~~~~~~~~~~~
arm-none-eabi-gcc "../Core/Src/wh0802d.c" -mcpu=cortex-m0 -std=gnu11 -g3 -DDEBUG -DUSE_HAL_DRIVER -DSTM32F030x8 -c -I../Core/Inc -I../Drivers/STM32F0xx_HAL_Driver/Inc -I../Drivers/STM32F0xx_HAL_Driver/Inc/Legacy -I../Drivers/CMSIS/Device/ST/STM32F0xx/Include -I../Drivers/CMSIS/Include -O0 -ffunction-sections -fdata-sections -Wall -fstack-usage -fcyclomatic-complexity -MMD -MP -MF"Core/Src/wh0802d.d" -MT"Core/Src/wh0802d.o" --specs=nano.specs -mfloat-abi=soft -mthumb -o "Core/Src/wh0802d.o"
make: *** [Core/Src/subdir.mk:37: Core/Src/main.o] Error 1
make: *** Waiting for unfinished jobs....
"make -j12 all" terminated with exit code 2. Build might be incomplete.
20:23:27 **** Incremental Build of configuration Debug for project Motherboard ****
make -j12 all 
arm-none-eabi-gcc "../Core/Src/main.c" -mcpu=cortex-m3 -std=gnu11 -g3 -DDEBUG -DUSE_HAL_DRIVER -DSTM32F103xB -c -I../Core/Inc -I../Drivers/STM32F1xx_HAL_Driver/Inc/Legacy -I../Drivers/STM32F1xx_HAL_Driver/Inc -I../Drivers/CMSIS/Device/ST/STM32F1xx/Include -I../Drivers/CMSIS/Include -I../USB_DEVICE/App -I../USB_DEVICE/Target -I../Middlewares/ST/STM32_USB_Device_Library/Core/Inc -I../Middlewares/ST/STM32_USB_Device_Library/Class/CDC/Inc -O0 -ffunction-sections -fdata-sections -Wall -fstack-usage -fcyclomatic-complexity -MMD -MP -MF"Core/Src/main.d" -MT"Core/Src/main.o" --specs=nano.specs -mfloat-abi=soft -mthumb -o "Core/Src/main.o"
arm-none-eabi-gcc -o "Motherboard.elf" @"objects.list"   -mcpu=cortex-m3 -T"C:\STM32\SausageMixer\Motherboard\STM32F103C8TX_FLASH.ld" --specs=nosys.specs -Wl,-Map="Motherboard.map" -Wl,--gc-sections -static --specs=nano.specs -mfloat-abi=soft -mthumb -Wl,--start-group -lc -lm -Wl,--end-group
Finished building target: Motherboard.elf
 
arm-none-eabi-size  Motherboard.elf 
arm-none-eabi-objdump -h -S Motherboard.elf  > "Motherboard.list"
   text	   data	    bss	    dec	    hex	filename
  38540	    380	   6428	  45348	   b124	Motherboard.elf
Finished building: default.size.stdout
 
Finished building: Motherboard.list
 
20:23:38 **** Incremental Build of configuration Debug for project Keyboard ****
make -j12 all 
arm-none-eabi-gcc "../Core/Src/main.c" -mcpu=cortex-m0 -std=gnu11 -g3 -DDEBUG -DUSE_HAL_DRIVER -DSTM32F030x8 -c -I../Core/Inc -I../Drivers/STM32F0xx_HAL_Driver/Inc -I../Drivers/STM32F0xx_HAL_Driver/Inc/Legacy -I../Drivers/CMSIS/Device/ST/STM32F0xx/Include -I../Drivers/CMSIS/Include -O0 -ffunction-sections -fdata-sections -Wall -fstack-usage -fcyclomatic-complexity -MMD -MP -MF"Core/Src/main.d" -MT"Core/Src/main.o" --specs=nano.specs -mfloat-abi=soft -mthumb -o "Core/Src/main.o"
../Core/Src/main.c: In function 'main':
../Core/Src/main.c:105:3: error: too many arguments to function 'WH0802D_WriteString'
  105 |   WH0802D_WriteString(&lcd, 0, 0, "HELLO");
      |   ^~~~~~~~~~~~~~~~~~~
In file included from ../Core/Src/main.c:22:
../Core/Inc/wh0802d.h:29:6: note: declared here
   29 | void WH0802D_WriteString(WH0802D_HandleTypeDef *lcd, const char *str);
      |      ^~~~~~~~~~~~~~~~~~~
../Core/Src/main.c:106:3: error: too many arguments to function 'WH0802D_WriteString'
  106 |   WH0802D_WriteString(&lcd, 0, 1, "PEACO");
      |   ^~~~~~~~~~~~~~~~~~~
../Core/Inc/wh0802d.h:29:6: note: declared here
   29 | void WH0802D_WriteString(WH0802D_HandleTypeDef *lcd, const char *str);
      |      ^~~~~~~~~~~~~~~~~~~
make: *** [Core/Src/subdir.mk:37: Core/Src/main.o] Error 1
"make -j12 all" terminated with exit code 2. Build might be incomplete.
20:23:40 **** Incremental Build of configuration Debug for project Motherboard ****
make -j12 all 
arm-none-eabi-size  Motherboard.elf 
   text	   data	    bss	    dec	    hex	filename
  38540	    380	   6428	  45348	   b124	Motherboard.elf
Finished building: default.size.stdout
 
20:25:15 **** Incremental Build of configuration Debug for project Keyboard ****
make -j12 all 
arm-none-eabi-gcc "../Core/Src/main.c" -mcpu=cortex-m0 -std=gnu11 -g3 -DDEBUG -DUSE_HAL_DRIVER -DSTM32F030x8 -c -I../Core/Inc -I../Drivers/STM32F0xx_HAL_Driver/Inc -I../Drivers/STM32F0xx_HAL_Driver/Inc/Legacy -I../Drivers/CMSIS/Device/ST/STM32F0xx/Include -I../Drivers/CMSIS/Include -O0 -ffunction-sections -fdata-sections -Wall -fstack-usage -fcyclomatic-complexity -MMD -MP -MF"Core/Src/main.d" -MT"Core/Src/main.o" --specs=nano.specs -mfloat-abi=soft -mthumb -o "Core/Src/main.o"
arm-none-eabi-gcc -o "Keyboard.elf" @"objects.list"   -mcpu=cortex-m0 -T"C:\STM32\SausageMixer\Keyboard\STM32F030C8TX_FLASH.ld" --specs=nosys.specs -Wl,-Map="Keyboard.map" -Wl,--gc-sections -static --specs=nano.specs -mfloat-abi=soft -mthumb -Wl,--start-group -lc -lm -Wl,--end-group
Finished building target: Keyboard.elf
 
arm-none-eabi-size  Keyboard.elf 
arm-none-eabi-objdump -h -S Keyboard.elf  > "Keyboard.list"
   text	   data	    bss	    dec	    hex	filename
   6520	     12	   1684	   8216	   2018	Keyboard.elf
Finished building: default.size.stdout
 
Finished building: Keyboard.list
 
20:25:18 **** Incremental Build of configuration Debug for project Motherboard ****
make -j12 all 
arm-none-eabi-size  Motherboard.elf 
   text	   data	    bss	    dec	    hex	filename
  38540	    380	   6428	  45348	   b124	Motherboard.elf
Finished building: default.size.stdout
 
00:21:25 **** Incremental Build of configuration Debug for project Keyboard ****
make -j12 all 
arm-none-eabi-size  Keyboard.elf 
   text	   data	    bss	    dec	    hex	filename
   6520	     12	   1684	   8216	   2018	Keyboard.elf
Finished building: default.size.stdout
 
00:21:25 **** Incremental Build of configuration Debug for project Motherboard ****
make -j12 all 
arm-none-eabi-gcc "../Core/Src/main.c" -mcpu=cortex-m3 -std=gnu11 -g3 -DDEBUG -DUSE_HAL_DRIVER -DSTM32F103xB -c -I../Core/Inc -I../Drivers/STM32F1xx_HAL_Driver/Inc/Legacy -I../Drivers/STM32F1xx_HAL_Driver/Inc -I../Drivers/CMSIS/Device/ST/STM32F1xx/Include -I../Drivers/CMSIS/Include -I../USB_DEVICE/App -I../USB_DEVICE/Target -I../Middlewares/ST/STM32_USB_Device_Library/Core/Inc -I../Middlewares/ST/STM32_USB_Device_Library/Class/CDC/Inc -O0 -ffunction-sections -fdata-sections -Wall -fstack-usage -fcyclomatic-complexity -MMD -MP -MF"Core/Src/main.d" -MT"Core/Src/main.o" --specs=nano.specs -mfloat-abi=soft -mthumb -o "Core/Src/main.o"
../Core/Src/main.c: In function 'main':
../Core/Src/main.c:143:62: error: invalid suffix "f" on integer constant
  143 |           AD5328_WriteABCD_Voltage(&dac, 0.0f, 0.0f, 0.0f, 0,0f);
      |                                                              ^~
../Core/Src/main.c:143:11: error: too many arguments to function 'AD5328_WriteABCD_Voltage'
  143 |           AD5328_WriteABCD_Voltage(&dac, 0.0f, 0.0f, 0.0f, 0,0f);
      |           ^~~~~~~~~~~~~~~~~~~~~~~~
In file included from ../Core/Src/main.c:23:
../Core/Inc/ad5328.h:55:19: note: declared here
   55 | HAL_StatusTypeDef AD5328_WriteABCD_Voltage(
      |                   ^~~~~~~~~~~~~~~~~~~~~~~~
make: *** [Core/Src/subdir.mk:40: Core/Src/main.o] Error 1
"make -j12 all" terminated with exit code 2. Build might be incomplete.
00:21:52 **** Incremental Build of configuration Debug for project Keyboard ****
make -j12 all 
arm-none-eabi-size  Keyboard.elf 
   text	   data	    bss	    dec	    hex	filename
   6520	     12	   1684	   8216	   2018	Keyboard.elf
Finished building: default.size.stdout
 
00:21:53 **** Incremental Build of configuration Debug for project Motherboard ****
make -j12 all 
arm-none-eabi-gcc "../Core/Src/main.c" -mcpu=cortex-m3 -std=gnu11 -g3 -DDEBUG -DUSE_HAL_DRIVER -DSTM32F103xB -c -I../Core/Inc -I../Drivers/STM32F1xx_HAL_Driver/Inc/Legacy -I../Drivers/STM32F1xx_HAL_Driver/Inc -I../Drivers/CMSIS/Device/ST/STM32F1xx/Include -I../Drivers/CMSIS/Include -I../USB_DEVICE/App -I../USB_DEVICE/Target -I../Middlewares/ST/STM32_USB_Device_Library/Core/Inc -I../Middlewares/ST/STM32_USB_Device_Library/Class/CDC/Inc -O0 -ffunction-sections -fdata-sections -Wall -fstack-usage -fcyclomatic-complexity -MMD -MP -MF"Core/Src/main.d" -MT"Core/Src/main.o" --specs=nano.specs -mfloat-abi=soft -mthumb -o "Core/Src/main.o"
../Core/Src/main.c: In function 'main':
../Core/Src/main.c:143:62: error: invalid suffix "f" on integer constant
  143 |           AD5328_WriteABCD_Voltage(&dac, 0.0f, 0.0f, 0.0f, 0,0f);
      |                                                              ^~
../Core/Src/main.c:143:11: error: too many arguments to function 'AD5328_WriteABCD_Voltage'
  143 |           AD5328_WriteABCD_Voltage(&dac, 0.0f, 0.0f, 0.0f, 0,0f);
      |           ^~~~~~~~~~~~~~~~~~~~~~~~
In file included from ../Core/Src/main.c:23:
../Core/Inc/ad5328.h:55:19: note: declared here
   55 | HAL_StatusTypeDef AD5328_WriteABCD_Voltage(
      |                   ^~~~~~~~~~~~~~~~~~~~~~~~
make: *** [Core/Src/subdir.mk:40: Core/Src/main.o] Error 1
"make -j12 all" terminated with exit code 2. Build might be incomplete.
00:22:04 **** Incremental Build of configuration Debug for project Keyboard ****
make -j12 all 
arm-none-eabi-size  Keyboard.elf 
   text	   data	    bss	    dec	    hex	filename
   6520	     12	   1684	   8216	   2018	Keyboard.elf
Finished building: default.size.stdout
 
00:22:04 **** Incremental Build of configuration Debug for project Motherboard ****
make -j12 all 
arm-none-eabi-gcc "../Core/Src/main.c" -mcpu=cortex-m3 -std=gnu11 -g3 -DDEBUG -DUSE_HAL_DRIVER -DSTM32F103xB -c -I../Core/Inc -I../Drivers/STM32F1xx_HAL_Driver/Inc/Legacy -I../Drivers/STM32F1xx_HAL_Driver/Inc -I../Drivers/CMSIS/Device/ST/STM32F1xx/Include -I../Drivers/CMSIS/Include -I../USB_DEVICE/App -I../USB_DEVICE/Target -I../Middlewares/ST/STM32_USB_Device_Library/Core/Inc -I../Middlewares/ST/STM32_USB_Device_Library/Class/CDC/Inc -O0 -ffunction-sections -fdata-sections -Wall -fstack-usage -fcyclomatic-complexity -MMD -MP -MF"Core/Src/main.d" -MT"Core/Src/main.o" --specs=nano.specs -mfloat-abi=soft -mthumb -o "Core/Src/main.o"
arm-none-eabi-gcc -o "Motherboard.elf" @"objects.list"   -mcpu=cortex-m3 -T"C:\STM32\SausageMixer\Motherboard\STM32F103C8TX_FLASH.ld" --specs=nosys.specs -Wl,-Map="Motherboard.map" -Wl,--gc-sections -static --specs=nano.specs -mfloat-abi=soft -mthumb -Wl,--start-group -lc -lm -Wl,--end-group
Finished building target: Motherboard.elf
 
arm-none-eabi-size  Motherboard.elf 
arm-none-eabi-objdump -h -S Motherboard.elf  > "Motherboard.list"
   text	   data	    bss	    dec	    hex	filename
  38540	    380	   6428	  45348	   b124	Motherboard.elf
Finished building: default.size.stdout
 
Finished building: Motherboard.list
 
00:38:37 **** Incremental Build of configuration Debug for project Motherboard ****
make -j12 all 
arm-none-eabi-size  Motherboard.elf 
   text	   data	    bss	    dec	    hex	filename
  38540	    380	   6428	  45348	   b124	Motherboard.elf
Finished building: default.size.stdout
 
00:40:49 **** Incremental Build of configuration Debug for project Motherboard ****
make -j12 all 
arm-none-eabi-size  Motherboard.elf 
   text	   data	    bss	    dec	    hex	filename
  38540	    380	   6428	  45348	   b124	Motherboard.elf
Finished building: default.size.stdout
 
00:42:33 **** Incremental Build of configuration Debug for project Motherboard ****
make -j12 all 
arm-none-eabi-size  Motherboard.elf 
   text	   data	    bss	    dec	    hex	filename
  38540	    380	   6428	  45348	   b124	Motherboard.elf
Finished building: default.size.stdout
 
00:42:51 **** Incremental Build of configuration Debug for project Keyboard ****
make -j12 all 
arm-none-eabi-gcc "../Core/Src/main.c" -mcpu=cortex-m0 -std=gnu11 -g3 -DDEBUG -DUSE_HAL_DRIVER -DSTM32F030x8 -c -I../Core/Inc -I../Drivers/STM32F0xx_HAL_Driver/Inc -I../Drivers/STM32F0xx_HAL_Driver/Inc/Legacy -I../Drivers/CMSIS/Device/ST/STM32F0xx/Include -I../Drivers/CMSIS/Include -O0 -ffunction-sections -fdata-sections -Wall -fstack-usage -fcyclomatic-complexity -MMD -MP -MF"Core/Src/main.d" -MT"Core/Src/main.o" --specs=nano.specs -mfloat-abi=soft -mthumb -o "Core/Src/main.o"
arm-none-eabi-gcc -o "Keyboard.elf" @"objects.list"   -mcpu=cortex-m0 -T"C:\STM32\SausageMixer\Keyboard\STM32F030C8TX_FLASH.ld" --specs=nosys.specs -Wl,-Map="Keyboard.map" -Wl,--gc-sections -static --specs=nano.specs -mfloat-abi=soft -mthumb -Wl,--start-group -lc -lm -Wl,--end-group
Finished building target: Keyboard.elf
 
arm-none-eabi-size  Keyboard.elf 
arm-none-eabi-objdump -h -S Keyboard.elf  > "Keyboard.list"
   text	   data	    bss	    dec	    hex	filename
   6532	     12	   1684	   8228	   2024	Keyboard.elf
Finished building: default.size.stdout
 
Finished building: Keyboard.list
 
00:42:56 **** Incremental Build of configuration Debug for project Motherboard ****
make -j12 all 
arm-none-eabi-size  Motherboard.elf 
   text	   data	    bss	    dec	    hex	filename
  38540	    380	   6428	  45348	   b124	Motherboard.elf
Finished building: default.size.stdout
 
00:43:04 **** Incremental Build of configuration Debug for project Motherboard ****
make -j12 all 
arm-none-eabi-size  Motherboard.elf 
   text	   data	    bss	    dec	    hex	filename
  38540	    380	   6428	  45348	   b124	Motherboard.elf
Finished building: default.size.stdout
 
00:43:46 **** Incremental Build of configuration Debug for project Motherboard ****
make -j12 all 
arm-none-eabi-gcc "../Core/Src/main.c" -mcpu=cortex-m3 -std=gnu11 -g3 -DDEBUG -DUSE_HAL_DRIVER -DSTM32F103xB -c -I../Core/Inc -I../Drivers/STM32F1xx_HAL_Driver/Inc/Legacy -I../Drivers/STM32F1xx_HAL_Driver/Inc -I../Drivers/CMSIS/Device/ST/STM32F1xx/Include -I../Drivers/CMSIS/Include -I../USB_DEVICE/App -I../USB_DEVICE/Target -I../Middlewares/ST/STM32_USB_Device_Library/Core/Inc -I../Middlewares/ST/STM32_USB_Device_Library/Class/CDC/Inc -O0 -ffunction-sections -fdata-sections -Wall -fstack-usage -fcyclomatic-complexity -MMD -MP -MF"Core/Src/main.d" -MT"Core/Src/main.o" --specs=nano.specs -mfloat-abi=soft -mthumb -o "Core/Src/main.o"
arm-none-eabi-gcc -o "Motherboard.elf" @"objects.list"   -mcpu=cortex-m3 -T"C:\STM32\SausageMixer\Motherboard\STM32F103C8TX_FLASH.ld" --specs=nosys.specs -Wl,-Map="Motherboard.map" -Wl,--gc-sections -static --specs=nano.specs -mfloat-abi=soft -mthumb -Wl,--start-group -lc -lm -Wl,--end-group
Finished building target: Motherboard.elf
 
arm-none-eabi-size  Motherboard.elf 
arm-none-eabi-objdump -h -S Motherboard.elf  > "Motherboard.list"
   text	   data	    bss	    dec	    hex	filename
  38540	    380	   6428	  45348	   b124	Motherboard.elf
Finished building: default.size.stdout
 
Finished building: Motherboard.list
 
00:44:10 **** Incremental Build of configuration Debug for project Motherboard ****
make -j12 all 
arm-none-eabi-gcc "../Core/Src/main.c" -mcpu=cortex-m3 -std=gnu11 -g3 -DDEBUG -DUSE_HAL_DRIVER -DSTM32F103xB -c -I../Core/Inc -I../Drivers/STM32F1xx_HAL_Driver/Inc/Legacy -I../Drivers/STM32F1xx_HAL_Driver/Inc -I../Drivers/CMSIS/Device/ST/STM32F1xx/Include -I../Drivers/CMSIS/Include -I../USB_DEVICE/App -I../USB_DEVICE/Target -I../Middlewares/ST/STM32_USB_Device_Library/Core/Inc -I../Middlewares/ST/STM32_USB_Device_Library/Class/CDC/Inc -O0 -ffunction-sections -fdata-sections -Wall -fstack-usage -fcyclomatic-complexity -MMD -MP -MF"Core/Src/main.d" -MT"Core/Src/main.o" --specs=nano.specs -mfloat-abi=soft -mthumb -o "Core/Src/main.o"
arm-none-eabi-gcc -o "Motherboard.elf" @"objects.list"   -mcpu=cortex-m3 -T"C:\STM32\SausageMixer\Motherboard\STM32F103C8TX_FLASH.ld" --specs=nosys.specs -Wl,-Map="Motherboard.map" -Wl,--gc-sections -static --specs=nano.specs -mfloat-abi=soft -mthumb -Wl,--start-group -lc -lm -Wl,--end-group
Finished building target: Motherboard.elf
 
arm-none-eabi-size  Motherboard.elf 
arm-none-eabi-objdump -h -S Motherboard.elf  > "Motherboard.list"
   text	   data	    bss	    dec	    hex	filename
  38536	    380	   6428	  45344	   b120	Motherboard.elf
Finished building: default.size.stdout
 
Finished building: Motherboard.list
 
00:44:34 **** Incremental Build of configuration Debug for project Motherboard ****
make -j12 all 
arm-none-eabi-gcc "../Core/Src/main.c" -mcpu=cortex-m3 -std=gnu11 -g3 -DDEBUG -DUSE_HAL_DRIVER -DSTM32F103xB -c -I../Core/Inc -I../Drivers/STM32F1xx_HAL_Driver/Inc/Legacy -I../Drivers/STM32F1xx_HAL_Driver/Inc -I../Drivers/CMSIS/Device/ST/STM32F1xx/Include -I../Drivers/CMSIS/Include -I../USB_DEVICE/App -I../USB_DEVICE/Target -I../Middlewares/ST/STM32_USB_Device_Library/Core/Inc -I../Middlewares/ST/STM32_USB_Device_Library/Class/CDC/Inc -O0 -ffunction-sections -fdata-sections -Wall -fstack-usage -fcyclomatic-complexity -MMD -MP -MF"Core/Src/main.d" -MT"Core/Src/main.o" --specs=nano.specs -mfloat-abi=soft -mthumb -o "Core/Src/main.o"
arm-none-eabi-gcc -o "Motherboard.elf" @"objects.list"   -mcpu=cortex-m3 -T"C:\STM32\SausageMixer\Motherboard\STM32F103C8TX_FLASH.ld" --specs=nosys.specs -Wl,-Map="Motherboard.map" -Wl,--gc-sections -static --specs=nano.specs -mfloat-abi=soft -mthumb -Wl,--start-group -lc -lm -Wl,--end-group
Finished building target: Motherboard.elf
 
arm-none-eabi-size  Motherboard.elf 
arm-none-eabi-objdump -h -S Motherboard.elf  > "Motherboard.list"
   text	   data	    bss	    dec	    hex	filename
  38540	    380	   6428	  45348	   b124	Motherboard.elf
Finished building: default.size.stdout
 
Finished building: Motherboard.list
 
00:44:53 **** Incremental Build of configuration Debug for project Motherboard ****
make -j12 all 
arm-none-eabi-gcc "../Core/Src/main.c" -mcpu=cortex-m3 -std=gnu11 -g3 -DDEBUG -DUSE_HAL_DRIVER -DSTM32F103xB -c -I../Core/Inc -I../Drivers/STM32F1xx_HAL_Driver/Inc/Legacy -I../Drivers/STM32F1xx_HAL_Driver/Inc -I../Drivers/CMSIS/Device/ST/STM32F1xx/Include -I../Drivers/CMSIS/Include -I../USB_DEVICE/App -I../USB_DEVICE/Target -I../Middlewares/ST/STM32_USB_Device_Library/Core/Inc -I../Middlewares/ST/STM32_USB_Device_Library/Class/CDC/Inc -O0 -ffunction-sections -fdata-sections -Wall -fstack-usage -fcyclomatic-complexity -MMD -MP -MF"Core/Src/main.d" -MT"Core/Src/main.o" --specs=nano.specs -mfloat-abi=soft -mthumb -o "Core/Src/main.o"
arm-none-eabi-gcc -o "Motherboard.elf" @"objects.list"   -mcpu=cortex-m3 -T"C:\STM32\SausageMixer\Motherboard\STM32F103C8TX_FLASH.ld" --specs=nosys.specs -Wl,-Map="Motherboard.map" -Wl,--gc-sections -static --specs=nano.specs -mfloat-abi=soft -mthumb -Wl,--start-group -lc -lm -Wl,--end-group
Finished building target: Motherboard.elf
 
arm-none-eabi-size  Motherboard.elf 
arm-none-eabi-objdump -h -S Motherboard.elf  > "Motherboard.list"
   text	   data	    bss	    dec	    hex	filename
  38540	    380	   6428	  45348	   b124	Motherboard.elf
Finished building: default.size.stdout
 
Finished building: Motherboard.list
 
00:46:16 **** Incremental Build of configuration Debug for project Keyboard ****
make -j12 all 
arm-none-eabi-gcc "../Core/Src/main.c" -mcpu=cortex-m0 -std=gnu11 -g3 -DDEBUG -DUSE_HAL_DRIVER -DSTM32F030x8 -c -I../Core/Inc -I../Drivers/STM32F0xx_HAL_Driver/Inc -I../Drivers/STM32F0xx_HAL_Driver/Inc/Legacy -I../Drivers/CMSIS/Device/ST/STM32F0xx/Include -I../Drivers/CMSIS/Include -O0 -ffunction-sections -fdata-sections -Wall -fstack-usage -fcyclomatic-complexity -MMD -MP -MF"Core/Src/main.d" -MT"Core/Src/main.o" --specs=nano.specs -mfloat-abi=soft -mthumb -o "Core/Src/main.o"
arm-none-eabi-gcc -o "Keyboard.elf" @"objects.list"   -mcpu=cortex-m0 -T"C:\STM32\SausageMixer\Keyboard\STM32F030C8TX_FLASH.ld" --specs=nosys.specs -Wl,-Map="Keyboard.map" -Wl,--gc-sections -static --specs=nano.specs -mfloat-abi=soft -mthumb -Wl,--start-group -lc -lm -Wl,--end-group
Finished building target: Keyboard.elf
 
arm-none-eabi-size  Keyboard.elf 
arm-none-eabi-objdump -h -S Keyboard.elf  > "Keyboard.list"
   text	   data	    bss	    dec	    hex	filename
   6520	     12	   1684	   8216	   2018	Keyboard.elf
Finished building: default.size.stdout
 
Finished building: Keyboard.list
 
00:47:04 **** Incremental Build of configuration Debug for project Motherboard ****
make -j12 all 
arm-none-eabi-gcc "../Core/Src/main.c" -mcpu=cortex-m3 -std=gnu11 -g3 -DDEBUG -DUSE_HAL_DRIVER -DSTM32F103xB -c -I../Core/Inc -I../Drivers/STM32F1xx_HAL_Driver/Inc/Legacy -I../Drivers/STM32F1xx_HAL_Driver/Inc -I../Drivers/CMSIS/Device/ST/STM32F1xx/Include -I../Drivers/CMSIS/Include -I../USB_DEVICE/App -I../USB_DEVICE/Target -I../Middlewares/ST/STM32_USB_Device_Library/Core/Inc -I../Middlewares/ST/STM32_USB_Device_Library/Class/CDC/Inc -O0 -ffunction-sections -fdata-sections -Wall -fstack-usage -fcyclomatic-complexity -MMD -MP -MF"Core/Src/main.d" -MT"Core/Src/main.o" --specs=nano.specs -mfloat-abi=soft -mthumb -o "Core/Src/main.o"
arm-none-eabi-gcc -o "Motherboard.elf" @"objects.list"   -mcpu=cortex-m3 -T"C:\STM32\SausageMixer\Motherboard\STM32F103C8TX_FLASH.ld" --specs=nosys.specs -Wl,-Map="Motherboard.map" -Wl,--gc-sections -static --specs=nano.specs -mfloat-abi=soft -mthumb -Wl,--start-group -lc -lm -Wl,--end-group
Finished building target: Motherboard.elf
 
arm-none-eabi-size  Motherboard.elf 
arm-none-eabi-objdump -h -S Motherboard.elf  > "Motherboard.list"
   text	   data	    bss	    dec	    hex	filename
  38536	    380	   6428	  45344	   b120	Motherboard.elf
Finished building: default.size.stdout
 
Finished building: Motherboard.list
 
00:47:26 **** Incremental Build of configuration Debug for project Motherboard ****
make -j12 all 
arm-none-eabi-gcc "../Core/Src/main.c" -mcpu=cortex-m3 -std=gnu11 -g3 -DDEBUG -DUSE_HAL_DRIVER -DSTM32F103xB -c -I../Core/Inc -I../Drivers/STM32F1xx_HAL_Driver/Inc/Legacy -I../Drivers/STM32F1xx_HAL_Driver/Inc -I../Drivers/CMSIS/Device/ST/STM32F1xx/Include -I../Drivers/CMSIS/Include -I../USB_DEVICE/App -I../USB_DEVICE/Target -I../Middlewares/ST/STM32_USB_Device_Library/Core/Inc -I../Middlewares/ST/STM32_USB_Device_Library/Class/CDC/Inc -O0 -ffunction-sections -fdata-sections -Wall -fstack-usage -fcyclomatic-complexity -MMD -MP -MF"Core/Src/main.d" -MT"Core/Src/main.o" --specs=nano.specs -mfloat-abi=soft -mthumb -o "Core/Src/main.o"
arm-none-eabi-gcc -o "Motherboard.elf" @"objects.list"   -mcpu=cortex-m3 -T"C:\STM32\SausageMixer\Motherboard\STM32F103C8TX_FLASH.ld" --specs=nosys.specs -Wl,-Map="Motherboard.map" -Wl,--gc-sections -static --specs=nano.specs -mfloat-abi=soft -mthumb -Wl,--start-group -lc -lm -Wl,--end-group
Finished building target: Motherboard.elf
 
arm-none-eabi-size  Motherboard.elf 
arm-none-eabi-objdump -h -S Motherboard.elf  > "Motherboard.list"
   text	   data	    bss	    dec	    hex	filename
  38540	    380	   6428	  45348	   b124	Motherboard.elf
Finished building: default.size.stdout
 
Finished building: Motherboard.list
 
00:48:01 **** Incremental Build of configuration Debug for project Motherboard ****
make -j12 all 
arm-none-eabi-gcc "../Core/Src/main.c" -mcpu=cortex-m3 -std=gnu11 -g3 -DDEBUG -DUSE_HAL_DRIVER -DSTM32F103xB -c -I../Core/Inc -I../Drivers/STM32F1xx_HAL_Driver/Inc/Legacy -I../Drivers/STM32F1xx_HAL_Driver/Inc -I../Drivers/CMSIS/Device/ST/STM32F1xx/Include -I../Drivers/CMSIS/Include -I../USB_DEVICE/App -I../USB_DEVICE/Target -I../Middlewares/ST/STM32_USB_Device_Library/Core/Inc -I../Middlewares/ST/STM32_USB_Device_Library/Class/CDC/Inc -O0 -ffunction-sections -fdata-sections -Wall -fstack-usage -fcyclomatic-complexity -MMD -MP -MF"Core/Src/main.d" -MT"Core/Src/main.o" --specs=nano.specs -mfloat-abi=soft -mthumb -o "Core/Src/main.o"
arm-none-eabi-gcc -o "Motherboard.elf" @"objects.list"   -mcpu=cortex-m3 -T"C:\STM32\SausageMixer\Motherboard\STM32F103C8TX_FLASH.ld" --specs=nosys.specs -Wl,-Map="Motherboard.map" -Wl,--gc-sections -static --specs=nano.specs -mfloat-abi=soft -mthumb -Wl,--start-group -lc -lm -Wl,--end-group
Finished building target: Motherboard.elf
 
arm-none-eabi-size  Motherboard.elf 
arm-none-eabi-objdump -h -S Motherboard.elf  > "Motherboard.list"
   text	   data	    bss	    dec	    hex	filename
  38540	    380	   6428	  45348	   b124	Motherboard.elf
Finished building: default.size.stdout
 
Finished building: Motherboard.list
 
00:51:08 **** Incremental Build of configuration Debug for project Keyboard ****
make -j12 all 
arm-none-eabi-gcc "../Core/Src/main.c" -mcpu=cortex-m0 -std=gnu11 -g3 -DDEBUG -DUSE_HAL_DRIVER -DSTM32F030x8 -c -I../Core/Inc -I../Drivers/STM32F0xx_HAL_Driver/Inc -I../Drivers/STM32F0xx_HAL_Driver/Inc/Legacy -I../Drivers/CMSIS/Device/ST/STM32F0xx/Include -I../Drivers/CMSIS/Include -O0 -ffunction-sections -fdata-sections -Wall -fstack-usage -fcyclomatic-complexity -MMD -MP -MF"Core/Src/main.d" -MT"Core/Src/main.o" --specs=nano.specs -mfloat-abi=soft -mthumb -o "Core/Src/main.o"
arm-none-eabi-gcc -o "Keyboard.elf" @"objects.list"   -mcpu=cortex-m0 -T"C:\STM32\SausageMixer\Keyboard\STM32F030C8TX_FLASH.ld" --specs=nosys.specs -Wl,-Map="Keyboard.map" -Wl,--gc-sections -static --specs=nano.specs -mfloat-abi=soft -mthumb -Wl,--start-group -lc -lm -Wl,--end-group
Finished building target: Keyboard.elf
 
arm-none-eabi-size  Keyboard.elf 
arm-none-eabi-objdump -h -S Keyboard.elf  > "Keyboard.list"
   text	   data	    bss	    dec	    hex	filename
   6528	     12	   1684	   8224	   2020	Keyboard.elf
Finished building: default.size.stdout
 
Finished building: Keyboard.list
 
00:51:45 **** Incremental Build of configuration Debug for project Keyboard ****
make -j12 all 
arm-none-eabi-gcc "../Core/Src/main.c" -mcpu=cortex-m0 -std=gnu11 -g3 -DDEBUG -DUSE_HAL_DRIVER -DSTM32F030x8 -c -I../Core/Inc -I../Drivers/STM32F0xx_HAL_Driver/Inc -I../Drivers/STM32F0xx_HAL_Driver/Inc/Legacy -I../Drivers/CMSIS/Device/ST/STM32F0xx/Include -I../Drivers/CMSIS/Include -O0 -ffunction-sections -fdata-sections -Wall -fstack-usage -fcyclomatic-complexity -MMD -MP -MF"Core/Src/main.d" -MT"Core/Src/main.o" --specs=nano.specs -mfloat-abi=soft -mthumb -o "Core/Src/main.o"
arm-none-eabi-gcc -o "Keyboard.elf" @"objects.list"   -mcpu=cortex-m0 -T"C:\STM32\SausageMixer\Keyboard\STM32F030C8TX_FLASH.ld" --specs=nosys.specs -Wl,-Map="Keyboard.map" -Wl,--gc-sections -static --specs=nano.specs -mfloat-abi=soft -mthumb -Wl,--start-group -lc -lm -Wl,--end-group
Finished building target: Keyboard.elf
 
arm-none-eabi-size  Keyboard.elf 
arm-none-eabi-objdump -h -S Keyboard.elf  > "Keyboard.list"
   text	   data	    bss	    dec	    hex	filename
   6528	     12	   1684	   8224	   2020	Keyboard.elf
Finished building: default.size.stdout
 
Finished building: Keyboard.list
 
00:52:48 **** Incremental Build of configuration Debug for project Keyboard ****
make -j12 all 
arm-none-eabi-gcc "../Core/Src/main.c" -mcpu=cortex-m0 -std=gnu11 -g3 -DDEBUG -DUSE_HAL_DRIVER -DSTM32F030x8 -c -I../Core/Inc -I../Drivers/STM32F0xx_HAL_Driver/Inc -I../Drivers/STM32F0xx_HAL_Driver/Inc/Legacy -I../Drivers/CMSIS/Device/ST/STM32F0xx/Include -I../Drivers/CMSIS/Include -O0 -ffunction-sections -fdata-sections -Wall -fstack-usage -fcyclomatic-complexity -MMD -MP -MF"Core/Src/main.d" -MT"Core/Src/main.o" --specs=nano.specs -mfloat-abi=soft -mthumb -o "Core/Src/main.o"
arm-none-eabi-gcc -o "Keyboard.elf" @"objects.list"   -mcpu=cortex-m0 -T"C:\STM32\SausageMixer\Keyboard\STM32F030C8TX_FLASH.ld" --specs=nosys.specs -Wl,-Map="Keyboard.map" -Wl,--gc-sections -static --specs=nano.specs -mfloat-abi=soft -mthumb -Wl,--start-group -lc -lm -Wl,--end-group
Finished building target: Keyboard.elf
 
arm-none-eabi-size  Keyboard.elf 
arm-none-eabi-objdump -h -S Keyboard.elf  > "Keyboard.list"
   text	   data	    bss	    dec	    hex	filename
   6528	     12	   1684	   8224	   2020	Keyboard.elf
Finished building: default.size.stdout
 
Finished building: Keyboard.list
 
01:01:21 **** Incremental Build of configuration Debug for project Keyboard ****
make -j12 all 
arm-none-eabi-gcc "../Core/Src/main.c" -mcpu=cortex-m0 -std=gnu11 -g3 -DDEBUG -DUSE_HAL_DRIVER -DSTM32F030x8 -c -I../Core/Inc -I../Drivers/STM32F0xx_HAL_Driver/Inc -I../Drivers/STM32F0xx_HAL_Driver/Inc/Legacy -I../Drivers/CMSIS/Device/ST/STM32F0xx/Include -I../Drivers/CMSIS/Include -O0 -ffunction-sections -fdata-sections -Wall -fstack-usage -fcyclomatic-complexity -MMD -MP -MF"Core/Src/main.d" -MT"Core/Src/main.o" --specs=nano.specs -mfloat-abi=soft -mthumb -o "Core/Src/main.o"
arm-none-eabi-gcc -o "Keyboard.elf" @"objects.list"   -mcpu=cortex-m0 -T"C:\STM32\SausageMixer\Keyboard\STM32F030C8TX_FLASH.ld" --specs=nosys.specs -Wl,-Map="Keyboard.map" -Wl,--gc-sections -static --specs=nano.specs -mfloat-abi=soft -mthumb -Wl,--start-group -lc -lm -Wl,--end-group
Finished building target: Keyboard.elf
 
arm-none-eabi-size  Keyboard.elf 
arm-none-eabi-objdump -h -S Keyboard.elf  > "Keyboard.list"
   text	   data	    bss	    dec	    hex	filename
   6732	     12	   1684	   8428	   20ec	Keyboard.elf
Finished building: default.size.stdout
 
Finished building: Keyboard.list
 
01:02:06 **** Incremental Build of configuration Debug for project Keyboard ****
make -j12 all 
arm-none-eabi-gcc "../Core/Src/main.c" -mcpu=cortex-m0 -std=gnu11 -g3 -DDEBUG -DUSE_HAL_DRIVER -DSTM32F030x8 -c -I../Core/Inc -I../Drivers/STM32F0xx_HAL_Driver/Inc -I../Drivers/STM32F0xx_HAL_Driver/Inc/Legacy -I../Drivers/CMSIS/Device/ST/STM32F0xx/Include -I../Drivers/CMSIS/Include -O0 -ffunction-sections -fdata-sections -Wall -fstack-usage -fcyclomatic-complexity -MMD -MP -MF"Core/Src/main.d" -MT"Core/Src/main.o" --specs=nano.specs -mfloat-abi=soft -mthumb -o "Core/Src/main.o"
arm-none-eabi-gcc -o "Keyboard.elf" @"objects.list"   -mcpu=cortex-m0 -T"C:\STM32\SausageMixer\Keyboard\STM32F030C8TX_FLASH.ld" --specs=nosys.specs -Wl,-Map="Keyboard.map" -Wl,--gc-sections -static --specs=nano.specs -mfloat-abi=soft -mthumb -Wl,--start-group -lc -lm -Wl,--end-group
Finished building target: Keyboard.elf
 
arm-none-eabi-size  Keyboard.elf 
arm-none-eabi-objdump -h -S Keyboard.elf  > "Keyboard.list"
   text	   data	    bss	    dec	    hex	filename
   6716	     12	   1684	   8412	   20dc	Keyboard.elf
Finished building: default.size.stdout
 
Finished building: Keyboard.list
 
01:05:56 **** Incremental Build of configuration Debug for project Keyboard ****
make -j12 all 
arm-none-eabi-gcc "../Core/Src/main.c" -mcpu=cortex-m0 -std=gnu11 -g3 -DDEBUG -DUSE_HAL_DRIVER -DSTM32F030x8 -c -I../Core/Inc -I../Drivers/STM32F0xx_HAL_Driver/Inc -I../Drivers/STM32F0xx_HAL_Driver/Inc/Legacy -I../Drivers/CMSIS/Device/ST/STM32F0xx/Include -I../Drivers/CMSIS/Include -O0 -ffunction-sections -fdata-sections -Wall -fstack-usage -fcyclomatic-complexity -MMD -MP -MF"Core/Src/main.d" -MT"Core/Src/main.o" --specs=nano.specs -mfloat-abi=soft -mthumb -o "Core/Src/main.o"
arm-none-eabi-gcc -o "Keyboard.elf" @"objects.list"   -mcpu=cortex-m0 -T"C:\STM32\SausageMixer\Keyboard\STM32F030C8TX_FLASH.ld" --specs=nosys.specs -Wl,-Map="Keyboard.map" -Wl,--gc-sections -static --specs=nano.specs -mfloat-abi=soft -mthumb -Wl,--start-group -lc -lm -Wl,--end-group
Finished building target: Keyboard.elf
 
arm-none-eabi-size  Keyboard.elf 
arm-none-eabi-objdump -h -S Keyboard.elf  > "Keyboard.list"
   text	   data	    bss	    dec	    hex	filename
   6804	     12	   1684	   8500	   2134	Keyboard.elf
Finished building: default.size.stdout
 
Finished building: Keyboard.list
 
14:22:44 **** Build of configuration Debug for project Keyboard ****
make -j12 all 
arm-none-eabi-gcc "../Core/Src/main.c" -mcpu=cortex-m0 -std=gnu11 -g3 -DDEBUG -DUSE_HAL_DRIVER -DSTM32F030x8 -c -I../Core/Inc -I../Drivers/STM32F0xx_HAL_Driver/Inc -I../Drivers/STM32F0xx_HAL_Driver/Inc/Legacy -I../Drivers/CMSIS/Device/ST/STM32F0xx/Include -I../Drivers/CMSIS/Include -O0 -ffunction-sections -fdata-sections -Wall -fstack-usage -fcyclomatic-complexity -MMD -MP -MF"Core/Src/main.d" -MT"Core/Src/main.o" --specs=nano.specs -mfloat-abi=soft -mthumb -o "Core/Src/main.o"
arm-none-eabi-gcc "../Core/Src/wh0802d.c" -mcpu=cortex-m0 -std=gnu11 -g3 -DDEBUG -DUSE_HAL_DRIVER -DSTM32F030x8 -c -I../Core/Inc -I../Drivers/STM32F0xx_HAL_Driver/Inc -I../Drivers/STM32F0xx_HAL_Driver/Inc/Legacy -I../Drivers/CMSIS/Device/ST/STM32F0xx/Include -I../Drivers/CMSIS/Include -O0 -ffunction-sections -fdata-sections -Wall -fstack-usage -fcyclomatic-complexity -MMD -MP -MF"Core/Src/wh0802d.d" -MT"Core/Src/wh0802d.o" --specs=nano.specs -mfloat-abi=soft -mthumb -o "Core/Src/wh0802d.o"
arm-none-eabi-gcc -o "Keyboard.elf" @"objects.list"   -mcpu=cortex-m0 -T"C:\STM32\SausageMixer\Keyboard\STM32F030C8TX_FLASH.ld" --specs=nosys.specs -Wl,-Map="Keyboard.map" -Wl,--gc-sections -static --specs=nano.specs -mfloat-abi=soft -mthumb -Wl,--start-group -lc -lm -Wl,--end-group
Finished building target: Keyboard.elf
 
arm-none-eabi-size  Keyboard.elf 
arm-none-eabi-objdump -h -S Keyboard.elf  > "Keyboard.list"
   text	   data	    bss	    dec	    hex	filename
   5580	     12	   1668	   7260	   1c5c	Keyboard.elf
Finished building: default.size.stdout
 
Finished building: Keyboard.list
 
08:36:35 **** Incremental Build of configuration Debug for project Keyboard ****
make -j12 all 
arm-none-eabi-size  Keyboard.elf 
   text	   data	    bss	    dec	    hex	filename
   5580	     12	   1668	   7260	   1c5c	Keyboard.elf
Finished building: default.size.stdout
 
08:38:53 **** Incremental Build of configuration Debug for project Keyboard ****
make -j12 all 
arm-none-eabi-gcc "../Core/Src/main.c" -mcpu=cortex-m0 -std=gnu11 -g3 -DDEBUG -DUSE_HAL_DRIVER -DSTM32F030x8 -c -I../Core/Inc -I../Drivers/STM32F0xx_HAL_Driver/Inc -I../Drivers/STM32F0xx_HAL_Driver/Inc/Legacy -I../Drivers/CMSIS/Device/ST/STM32F0xx/Include -I../Drivers/CMSIS/Include -O0 -ffunction-sections -fdata-sections -Wall -fstack-usage -fcyclomatic-complexity -MMD -MP -MF"Core/Src/main.d" -MT"Core/Src/main.o" --specs=nano.specs -mfloat-abi=soft -mthumb -o "Core/Src/main.o"
arm-none-eabi-gcc -o "Keyboard.elf" @"objects.list"   -mcpu=cortex-m0 -T"C:\STM32\SausageMixer\Keyboard\STM32F030C8TX_FLASH.ld" --specs=nosys.specs -Wl,-Map="Keyboard.map" -Wl,--gc-sections -static --specs=nano.specs -mfloat-abi=soft -mthumb -Wl,--start-group -lc -lm -Wl,--end-group
Finished building target: Keyboard.elf
 
arm-none-eabi-size  Keyboard.elf 
arm-none-eabi-objdump -h -S Keyboard.elf  > "Keyboard.list"
   text	   data	    bss	    dec	    hex	filename
   6500	     12	   1684	   8196	   2004	Keyboard.elf
Finished building: default.size.stdout
 
Finished building: Keyboard.list
 
08:54:48 **** Incremental Build of configuration Debug for project Keyboard ****
make -j12 all 
arm-none-eabi-gcc "../Core/Src/main.c" -mcpu=cortex-m0 -std=gnu11 -g3 -DDEBUG -DUSE_HAL_DRIVER -DSTM32F030x8 -c -I../Core/Inc -I../Drivers/STM32F0xx_HAL_Driver/Inc -I../Drivers/STM32F0xx_HAL_Driver/Inc/Legacy -I../Drivers/CMSIS/Device/ST/STM32F0xx/Include -I../Drivers/CMSIS/Include -O0 -ffunction-sections -fdata-sections -Wall -fstack-usage -fcyclomatic-complexity -MMD -MP -MF"Core/Src/main.d" -MT"Core/Src/main.o" --specs=nano.specs -mfloat-abi=soft -mthumb -o "Core/Src/main.o"
arm-none-eabi-gcc -o "Keyboard.elf" @"objects.list"   -mcpu=cortex-m0 -T"C:\STM32\SausageMixer\Keyboard\STM32F030C8TX_FLASH.ld" --specs=nosys.specs -Wl,-Map="Keyboard.map" -Wl,--gc-sections -static --specs=nano.specs -mfloat-abi=soft -mthumb -Wl,--start-group -lc -lm -Wl,--end-group
Finished building target: Keyboard.elf
 
arm-none-eabi-size  Keyboard.elf 
arm-none-eabi-objdump -h -S Keyboard.elf  > "Keyboard.list"
   text	   data	    bss	    dec	    hex	filename
   6664	     12	   1684	   8360	   20a8	Keyboard.elf
Finished building: default.size.stdout
 
Finished building: Keyboard.list
 
08:55:28 **** Incremental Build of configuration Debug for project Keyboard ****
make -j12 all 
arm-none-eabi-gcc "../Core/Src/main.c" -mcpu=cortex-m0 -std=gnu11 -g3 -DDEBUG -DUSE_HAL_DRIVER -DSTM32F030x8 -c -I../Core/Inc -I../Drivers/STM32F0xx_HAL_Driver/Inc -I../Drivers/STM32F0xx_HAL_Driver/Inc/Legacy -I../Drivers/CMSIS/Device/ST/STM32F0xx/Include -I../Drivers/CMSIS/Include -O0 -ffunction-sections -fdata-sections -Wall -fstack-usage -fcyclomatic-complexity -MMD -MP -MF"Core/Src/main.d" -MT"Core/Src/main.o" --specs=nano.specs -mfloat-abi=soft -mthumb -o "Core/Src/main.o"
arm-none-eabi-gcc -o "Keyboard.elf" @"objects.list"   -mcpu=cortex-m0 -T"C:\STM32\SausageMixer\Keyboard\STM32F030C8TX_FLASH.ld" --specs=nosys.specs -Wl,-Map="Keyboard.map" -Wl,--gc-sections -static --specs=nano.specs -mfloat-abi=soft -mthumb -Wl,--start-group -lc -lm -Wl,--end-group
Finished building target: Keyboard.elf
 
arm-none-eabi-size  Keyboard.elf 
arm-none-eabi-objdump -h -S Keyboard.elf  > "Keyboard.list"
   text	   data	    bss	    dec	    hex	filename
   6672	     12	   1684	   8368	   20b0	Keyboard.elf
Finished building: default.size.stdout
 
Finished building: Keyboard.list
 
08:56:44 **** Incremental Build of configuration Debug for project Keyboard ****
make -j12 all 
arm-none-eabi-gcc "../Core/Src/main.c" -mcpu=cortex-m0 -std=gnu11 -g3 -DDEBUG -DUSE_HAL_DRIVER -DSTM32F030x8 -c -I../Core/Inc -I../Drivers/STM32F0xx_HAL_Driver/Inc -I../Drivers/STM32F0xx_HAL_Driver/Inc/Legacy -I../Drivers/CMSIS/Device/ST/STM32F0xx/Include -I../Drivers/CMSIS/Include -O0 -ffunction-sections -fdata-sections -Wall -fstack-usage -fcyclomatic-complexity -MMD -MP -MF"Core/Src/main.d" -MT"Core/Src/main.o" --specs=nano.specs -mfloat-abi=soft -mthumb -o "Core/Src/main.o"
arm-none-eabi-gcc -o "Keyboard.elf" @"objects.list"   -mcpu=cortex-m0 -T"C:\STM32\SausageMixer\Keyboard\STM32F030C8TX_FLASH.ld" --specs=nosys.specs -Wl,-Map="Keyboard.map" -Wl,--gc-sections -static --specs=nano.specs -mfloat-abi=soft -mthumb -Wl,--start-group -lc -lm -Wl,--end-group
Finished building target: Keyboard.elf
 
arm-none-eabi-size  Keyboard.elf 
arm-none-eabi-objdump -h -S Keyboard.elf  > "Keyboard.list"
   text	   data	    bss	    dec	    hex	filename
   6736	     12	   1684	   8432	   20f0	Keyboard.elf
Finished building: default.size.stdout
 
Finished building: Keyboard.list
 
09:19:03 **** Incremental Build of configuration Debug for project Keyboard ****
make -j12 all 
arm-none-eabi-gcc "../Core/Src/main.c" -mcpu=cortex-m0 -std=gnu11 -g3 -DDEBUG -DUSE_HAL_DRIVER -DSTM32F030x8 -c -I../Core/Inc -I../Drivers/STM32F0xx_HAL_Driver/Inc -I../Drivers/STM32F0xx_HAL_Driver/Inc/Legacy -I../Drivers/CMSIS/Device/ST/STM32F0xx/Include -I../Drivers/CMSIS/Include -O0 -ffunction-sections -fdata-sections -Wall -fstack-usage -fcyclomatic-complexity -MMD -MP -MF"Core/Src/main.d" -MT"Core/Src/main.o" --specs=nano.specs -mfloat-abi=soft -mthumb -o "Core/Src/main.o"
arm-none-eabi-gcc -o "Keyboard.elf" @"objects.list"   -mcpu=cortex-m0 -T"C:\STM32\SausageMixer\Keyboard\STM32F030C8TX_FLASH.ld" --specs=nosys.specs -Wl,-Map="Keyboard.map" -Wl,--gc-sections -static --specs=nano.specs -mfloat-abi=soft -mthumb -Wl,--start-group -lc -lm -Wl,--end-group
Finished building target: Keyboard.elf
 
arm-none-eabi-size  Keyboard.elf 
arm-none-eabi-objdump -h -S Keyboard.elf  > "Keyboard.list"
   text	   data	    bss	    dec	    hex	filename
   8240	     12	   1684	   9936	   26d0	Keyboard.elf
Finished building: default.size.stdout
 
Finished building: Keyboard.list
 
09:51:34 **** Incremental Build of configuration Debug for project Keyboard ****
make -j12 all 
arm-none-eabi-size  Keyboard.elf 
   text	   data	    bss	    dec	    hex	filename
   8240	     12	   1684	   9936	   26d0	Keyboard.elf
Finished building: default.size.stdout
 
09:51:34 **** Build of configuration Debug for project Motherboard ****
make -j12 all 
arm-none-eabi-gcc "../Core/Src/main.c" -mcpu=cortex-m3 -std=gnu11 -g3 -DDEBUG -DUSE_HAL_DRIVER -DSTM32F103xB -c -I../Core/Inc -I../Drivers/STM32F1xx_HAL_Driver/Inc/Legacy -I../Drivers/STM32F1xx_HAL_Driver/Inc -I../Drivers/CMSIS/Device/ST/STM32F1xx/Include -I../Drivers/CMSIS/Include -I../USB_DEVICE/App -I../USB_DEVICE/Target -I../Middlewares/ST/STM32_USB_Device_Library/Core/Inc -I../Middlewares/ST/STM32_USB_Device_Library/Class/CDC/Inc -O0 -ffunction-sections -fdata-sections -Wall -fstack-usage -fcyclomatic-complexity -MMD -MP -MF"Core/Src/main.d" -MT"Core/Src/main.o" --specs=nano.specs -mfloat-abi=soft -mthumb -o "Core/Src/main.o"
arm-none-eabi-gcc "../Core/Src/stm32f1xx_hal_msp.c" -mcpu=cortex-m3 -std=gnu11 -g3 -DDEBUG -DUSE_HAL_DRIVER -DSTM32F103xB -c -I../Core/Inc -I../Drivers/STM32F1xx_HAL_Driver/Inc/Legacy -I../Drivers/STM32F1xx_HAL_Driver/Inc -I../Drivers/CMSIS/Device/ST/STM32F1xx/Include -I../Drivers/CMSIS/Include -I../USB_DEVICE/App -I../USB_DEVICE/Target -I../Middlewares/ST/STM32_USB_Device_Library/Core/Inc -I../Middlewares/ST/STM32_USB_Device_Library/Class/CDC/Inc -O0 -ffunction-sections -fdata-sections -Wall -fstack-usage -fcyclomatic-complexity -MMD -MP -MF"Core/Src/stm32f1xx_hal_msp.d" -MT"Core/Src/stm32f1xx_hal_msp.o" --specs=nano.specs -mfloat-abi=soft -mthumb -o "Core/Src/stm32f1xx_hal_msp.o"
arm-none-eabi-gcc "../Core/Src/stm32f1xx_it.c" -mcpu=cortex-m3 -std=gnu11 -g3 -DDEBUG -DUSE_HAL_DRIVER -DSTM32F103xB -c -I../Core/Inc -I../Drivers/STM32F1xx_HAL_Driver/Inc/Legacy -I../Drivers/STM32F1xx_HAL_Driver/Inc -I../Drivers/CMSIS/Device/ST/STM32F1xx/Include -I../Drivers/CMSIS/Include -I../USB_DEVICE/App -I../USB_DEVICE/Target -I../Middlewares/ST/STM32_USB_Device_Library/Core/Inc -I../Middlewares/ST/STM32_USB_Device_Library/Class/CDC/Inc -O0 -ffunction-sections -fdata-sections -Wall -fstack-usage -fcyclomatic-complexity -MMD -MP -MF"Core/Src/stm32f1xx_it.d" -MT"Core/Src/stm32f1xx_it.o" --specs=nano.specs -mfloat-abi=soft -mthumb -o "Core/Src/stm32f1xx_it.o"
../Core/Src/main.c: In function 'Motherboard_FillStatusPacket':
../Core/Src/main.c:82:13: error: 'MotherboardStatusPacket_t' has no member named 'length'; did you mean 'lenght'?
   82 |     packet->length = sizeof(MotherboardStatusPacket_t)
      |             ^~~~~~
      |             lenght
../Core/Src/main.c:92:13: error: 'MotherboardStatusPacket_t' has no member named 'air_pressure_fact'; did you mean 'air_pressure_set'?
   92 |     packet->air_pressure_fact = 3.10f;
      |             ^~~~~~~~~~~~~~~~~
      |             air_pressure_set
../Core/Src/main.c:99:13: error: 'MotherboardStatusPacket_t' has no member named 'length_set'; did you mean 'lenght'?
   99 |     packet->length_set   = 150.0f;
      |             ^~~~~~~~~~
      |             lenght
../Core/Src/main.c:103:26: error: 'HOME_GPIO_Port' undeclared (first use in this function)
  103 |     if (HAL_GPIO_ReadPin(HOME_GPIO_Port, HOME_Pin) == GPIO_PIN_SET)
      |                          ^~~~~~~~~~~~~~
../Core/Src/main.c:103:26: note: each undeclared identifier is reported only once for each function it appears in
../Core/Src/main.c:103:42: error: 'HOME_Pin' undeclared (first use in this function)
  103 |     if (HAL_GPIO_ReadPin(HOME_GPIO_Port, HOME_Pin) == GPIO_PIN_SET)
      |                                          ^~~~~~~~
../Core/Src/main.c:108:26: error: 'COUNTER_GPIO_Port' undeclared (first use in this function); did you mean 'CNT_ECHO_GPIO_Port'?
  108 |     if (HAL_GPIO_ReadPin(COUNTER_GPIO_Port, COUNTER_Pin) == GPIO_PIN_SET)
      |                          ^~~~~~~~~~~~~~~~~
      |                          CNT_ECHO_GPIO_Port
../Core/Src/main.c:108:45: error: 'COUNTER_Pin' undeclared (first use in this function)
  108 |     if (HAL_GPIO_ReadPin(COUNTER_GPIO_Port, COUNTER_Pin) == GPIO_PIN_SET)
      |                                             ^~~~~~~~~~~
../Core/Src/main.c:113:26: error: 'FAR_GPIO_Port' undeclared (first use in this function)
  113 |     if (HAL_GPIO_ReadPin(FAR_GPIO_Port, FAR_Pin) == GPIO_PIN_SET)
      |                          ^~~~~~~~~~~~~
../Core/Src/main.c:113:41: error: 'FAR_Pin' undeclared (first use in this function)
  113 |     if (HAL_GPIO_ReadPin(FAR_GPIO_Port, FAR_Pin) == GPIO_PIN_SET)
      |                                         ^~~~~~~
../Core/Src/main.c:118:26: error: 'NEAR_GPIO_Port' undeclared (first use in this function)
  118 |     if (HAL_GPIO_ReadPin(NEAR_GPIO_Port, NEAR_Pin) == GPIO_PIN_SET)
      |                          ^~~~~~~~~~~~~~
../Core/Src/main.c:118:42: error: 'NEAR_Pin' undeclared (first use in this function)
  118 |     if (HAL_GPIO_ReadPin(NEAR_GPIO_Port, NEAR_Pin) == GPIO_PIN_SET)
      |                                          ^~~~~~~~
make: *** [Core/Src/subdir.mk:40: Core/Src/main.o] Error 1
"make -j12 all" terminated with exit code 2. Build might be incomplete.
09:52:15 **** Incremental Build of configuration Debug for project Keyboard ****
make -j12 all 
arm-none-eabi-size  Keyboard.elf 
   text	   data	    bss	    dec	    hex	filename
   8240	     12	   1684	   9936	   26d0	Keyboard.elf
Finished building: default.size.stdout
 
09:52:15 **** Incremental Build of configuration Debug for project Motherboard ****
make -j12 all 
arm-none-eabi-gcc "../Core/Src/main.c" -mcpu=cortex-m3 -std=gnu11 -g3 -DDEBUG -DUSE_HAL_DRIVER -DSTM32F103xB -c -I../Core/Inc -I../Drivers/STM32F1xx_HAL_Driver/Inc/Legacy -I../Drivers/STM32F1xx_HAL_Driver/Inc -I../Drivers/CMSIS/Device/ST/STM32F1xx/Include -I../Drivers/CMSIS/Include -I../USB_DEVICE/App -I../USB_DEVICE/Target -I../Middlewares/ST/STM32_USB_Device_Library/Core/Inc -I../Middlewares/ST/STM32_USB_Device_Library/Class/CDC/Inc -O0 -ffunction-sections -fdata-sections -Wall -fstack-usage -fcyclomatic-complexity -MMD -MP -MF"Core/Src/main.d" -MT"Core/Src/main.o" --specs=nano.specs -mfloat-abi=soft -mthumb -o "Core/Src/main.o"
../Core/Src/main.c: In function 'Motherboard_FillStatusPacket':
../Core/Src/main.c:82:13: error: 'MotherboardStatusPacket_t' has no member named 'length'; did you mean 'lenght'?
   82 |     packet->length = sizeof(MotherboardStatusPacket_t)
      |             ^~~~~~
      |             lenght
../Core/Src/main.c:99:13: error: 'MotherboardStatusPacket_t' has no member named 'length_set'; did you mean 'lenght'?
   99 |     packet->length_set   = 150.0f;
      |             ^~~~~~~~~~
      |             lenght
../Core/Src/main.c:103:26: error: 'HOME_GPIO_Port' undeclared (first use in this function)
  103 |     if (HAL_GPIO_ReadPin(HOME_GPIO_Port, HOME_Pin) == GPIO_PIN_SET)
      |                          ^~~~~~~~~~~~~~
../Core/Src/main.c:103:26: note: each undeclared identifier is reported only once for each function it appears in
../Core/Src/main.c:103:42: error: 'HOME_Pin' undeclared (first use in this function)
  103 |     if (HAL_GPIO_ReadPin(HOME_GPIO_Port, HOME_Pin) == GPIO_PIN_SET)
      |                                          ^~~~~~~~
../Core/Src/main.c:108:26: error: 'COUNTER_GPIO_Port' undeclared (first use in this function); did you mean 'CNT_ECHO_GPIO_Port'?
  108 |     if (HAL_GPIO_ReadPin(COUNTER_GPIO_Port, COUNTER_Pin) == GPIO_PIN_SET)
      |                          ^~~~~~~~~~~~~~~~~
      |                          CNT_ECHO_GPIO_Port
../Core/Src/main.c:108:45: error: 'COUNTER_Pin' undeclared (first use in this function)
  108 |     if (HAL_GPIO_ReadPin(COUNTER_GPIO_Port, COUNTER_Pin) == GPIO_PIN_SET)
      |                                             ^~~~~~~~~~~
../Core/Src/main.c:113:26: error: 'FAR_GPIO_Port' undeclared (first use in this function)
  113 |     if (HAL_GPIO_ReadPin(FAR_GPIO_Port, FAR_Pin) == GPIO_PIN_SET)
      |                          ^~~~~~~~~~~~~
../Core/Src/main.c:113:41: error: 'FAR_Pin' undeclared (first use in this function)
  113 |     if (HAL_GPIO_ReadPin(FAR_GPIO_Port, FAR_Pin) == GPIO_PIN_SET)
      |                                         ^~~~~~~
../Core/Src/main.c:118:26: error: 'NEAR_GPIO_Port' undeclared (first use in this function)
  118 |     if (HAL_GPIO_ReadPin(NEAR_GPIO_Port, NEAR_Pin) == GPIO_PIN_SET)
      |                          ^~~~~~~~~~~~~~
../Core/Src/main.c:118:42: error: 'NEAR_Pin' undeclared (first use in this function)
  118 |     if (HAL_GPIO_ReadPin(NEAR_GPIO_Port, NEAR_Pin) == GPIO_PIN_SET)
      |                                          ^~~~~~~~
make: *** [Core/Src/subdir.mk:40: Core/Src/main.o] Error 1
"make -j12 all" terminated with exit code 2. Build might be incomplete.
09:52:54 **** Incremental Build of configuration Debug for project Keyboard ****
make -j12 all 
arm-none-eabi-size  Keyboard.elf 
   text	   data	    bss	    dec	    hex	filename
   8240	     12	   1684	   9936	   26d0	Keyboard.elf
Finished building: default.size.stdout
 
09:52:54 **** Incremental Build of configuration Debug for project Motherboard ****
make -j12 all 
arm-none-eabi-gcc "../Core/Src/main.c" -mcpu=cortex-m3 -std=gnu11 -g3 -DDEBUG -DUSE_HAL_DRIVER -DSTM32F103xB -c -I../Core/Inc -I../Drivers/STM32F1xx_HAL_Driver/Inc/Legacy -I../Drivers/STM32F1xx_HAL_Driver/Inc -I../Drivers/CMSIS/Device/ST/STM32F1xx/Include -I../Drivers/CMSIS/Include -I../USB_DEVICE/App -I../USB_DEVICE/Target -I../Middlewares/ST/STM32_USB_Device_Library/Core/Inc -I../Middlewares/ST/STM32_USB_Device_Library/Class/CDC/Inc -O0 -ffunction-sections -fdata-sections -Wall -fstack-usage -fcyclomatic-complexity -MMD -MP -MF"Core/Src/main.d" -MT"Core/Src/main.o" --specs=nano.specs -mfloat-abi=soft -mthumb -o "Core/Src/main.o"
../Core/Src/main.c: In function 'Motherboard_FillStatusPacket':
../Core/Src/main.c:99:13: error: 'MotherboardStatusPacket_t' has no member named 'length_set'; did you mean 'length'?
   99 |     packet->length_set   = 150.0f;
      |             ^~~~~~~~~~
      |             length
../Core/Src/main.c:103:26: error: 'HOME_GPIO_Port' undeclared (first use in this function)
  103 |     if (HAL_GPIO_ReadPin(HOME_GPIO_Port, HOME_Pin) == GPIO_PIN_SET)
      |                          ^~~~~~~~~~~~~~
../Core/Src/main.c:103:26: note: each undeclared identifier is reported only once for each function it appears in
../Core/Src/main.c:103:42: error: 'HOME_Pin' undeclared (first use in this function)
  103 |     if (HAL_GPIO_ReadPin(HOME_GPIO_Port, HOME_Pin) == GPIO_PIN_SET)
      |                                          ^~~~~~~~
../Core/Src/main.c:108:26: error: 'COUNTER_GPIO_Port' undeclared (first use in this function); did you mean 'CNT_ECHO_GPIO_Port'?
  108 |     if (HAL_GPIO_ReadPin(COUNTER_GPIO_Port, COUNTER_Pin) == GPIO_PIN_SET)
      |                          ^~~~~~~~~~~~~~~~~
      |                          CNT_ECHO_GPIO_Port
../Core/Src/main.c:108:45: error: 'COUNTER_Pin' undeclared (first use in this function)
  108 |     if (HAL_GPIO_ReadPin(COUNTER_GPIO_Port, COUNTER_Pin) == GPIO_PIN_SET)
      |                                             ^~~~~~~~~~~
../Core/Src/main.c:113:26: error: 'FAR_GPIO_Port' undeclared (first use in this function)
  113 |     if (HAL_GPIO_ReadPin(FAR_GPIO_Port, FAR_Pin) == GPIO_PIN_SET)
      |                          ^~~~~~~~~~~~~
../Core/Src/main.c:113:41: error: 'FAR_Pin' undeclared (first use in this function)
  113 |     if (HAL_GPIO_ReadPin(FAR_GPIO_Port, FAR_Pin) == GPIO_PIN_SET)
      |                                         ^~~~~~~
../Core/Src/main.c:118:26: error: 'NEAR_GPIO_Port' undeclared (first use in this function)
  118 |     if (HAL_GPIO_ReadPin(NEAR_GPIO_Port, NEAR_Pin) == GPIO_PIN_SET)
      |                          ^~~~~~~~~~~~~~
../Core/Src/main.c:118:42: error: 'NEAR_Pin' undeclared (first use in this function)
  118 |     if (HAL_GPIO_ReadPin(NEAR_GPIO_Port, NEAR_Pin) == GPIO_PIN_SET)
      |                                          ^~~~~~~~
make: *** [Core/Src/subdir.mk:40: Core/Src/main.o] Error 1
"make -j12 all" terminated with exit code 2. Build might be incomplete.
09:53:25 **** Incremental Build of configuration Debug for project Keyboard ****
make -j12 all 
arm-none-eabi-size  Keyboard.elf 
   text	   data	    bss	    dec	    hex	filename
   8240	     12	   1684	   9936	   26d0	Keyboard.elf
Finished building: default.size.stdout
 
09:53:25 **** Incremental Build of configuration Debug for project Motherboard ****
make -j12 all 
arm-none-eabi-gcc "../Core/Src/main.c" -mcpu=cortex-m3 -std=gnu11 -g3 -DDEBUG -DUSE_HAL_DRIVER -DSTM32F103xB -c -I../Core/Inc -I../Drivers/STM32F1xx_HAL_Driver/Inc/Legacy -I../Drivers/STM32F1xx_HAL_Driver/Inc -I../Drivers/CMSIS/Device/ST/STM32F1xx/Include -I../Drivers/CMSIS/Include -I../USB_DEVICE/App -I../USB_DEVICE/Target -I../Middlewares/ST/STM32_USB_Device_Library/Core/Inc -I../Middlewares/ST/STM32_USB_Device_Library/Class/CDC/Inc -O0 -ffunction-sections -fdata-sections -Wall -fstack-usage -fcyclomatic-complexity -MMD -MP -MF"Core/Src/main.d" -MT"Core/Src/main.o" --specs=nano.specs -mfloat-abi=soft -mthumb -o "Core/Src/main.o"
../Core/Src/main.c: In function 'Motherboard_FillStatusPacket':
../Core/Src/main.c:103:26: error: 'HOME_GPIO_Port' undeclared (first use in this function)
  103 |     if (HAL_GPIO_ReadPin(HOME_GPIO_Port, HOME_Pin) == GPIO_PIN_SET)
      |                          ^~~~~~~~~~~~~~
../Core/Src/main.c:103:26: note: each undeclared identifier is reported only once for each function it appears in
../Core/Src/main.c:103:42: error: 'HOME_Pin' undeclared (first use in this function)
  103 |     if (HAL_GPIO_ReadPin(HOME_GPIO_Port, HOME_Pin) == GPIO_PIN_SET)
      |                                          ^~~~~~~~
../Core/Src/main.c:108:26: error: 'COUNTER_GPIO_Port' undeclared (first use in this function); did you mean 'CNT_ECHO_GPIO_Port'?
  108 |     if (HAL_GPIO_ReadPin(COUNTER_GPIO_Port, COUNTER_Pin) == GPIO_PIN_SET)
      |                          ^~~~~~~~~~~~~~~~~
      |                          CNT_ECHO_GPIO_Port
../Core/Src/main.c:108:45: error: 'COUNTER_Pin' undeclared (first use in this function)
  108 |     if (HAL_GPIO_ReadPin(COUNTER_GPIO_Port, COUNTER_Pin) == GPIO_PIN_SET)
      |                                             ^~~~~~~~~~~
../Core/Src/main.c:113:26: error: 'FAR_GPIO_Port' undeclared (first use in this function)
  113 |     if (HAL_GPIO_ReadPin(FAR_GPIO_Port, FAR_Pin) == GPIO_PIN_SET)
      |                          ^~~~~~~~~~~~~
../Core/Src/main.c:113:41: error: 'FAR_Pin' undeclared (first use in this function)
  113 |     if (HAL_GPIO_ReadPin(FAR_GPIO_Port, FAR_Pin) == GPIO_PIN_SET)
      |                                         ^~~~~~~
../Core/Src/main.c:118:26: error: 'NEAR_GPIO_Port' undeclared (first use in this function)
  118 |     if (HAL_GPIO_ReadPin(NEAR_GPIO_Port, NEAR_Pin) == GPIO_PIN_SET)
      |                          ^~~~~~~~~~~~~~
../Core/Src/main.c:118:42: error: 'NEAR_Pin' undeclared (first use in this function)
  118 |     if (HAL_GPIO_ReadPin(NEAR_GPIO_Port, NEAR_Pin) == GPIO_PIN_SET)
      |                                          ^~~~~~~~
make: *** [Core/Src/subdir.mk:40: Core/Src/main.o] Error 1
"make -j12 all" terminated with exit code 2. Build might be incomplete.
09:54:11 **** Incremental Build of configuration Debug for project Keyboard ****
make -j12 all 
arm-none-eabi-size  Keyboard.elf 
   text	   data	    bss	    dec	    hex	filename
   8240	     12	   1684	   9936	   26d0	Keyboard.elf
Finished building: default.size.stdout
 
09:54:11 **** Incremental Build of configuration Debug for project Motherboard ****
make -j12 all 
arm-none-eabi-gcc "../Core/Src/main.c" -mcpu=cortex-m3 -std=gnu11 -g3 -DDEBUG -DUSE_HAL_DRIVER -DSTM32F103xB -c -I../Core/Inc -I../Drivers/STM32F1xx_HAL_Driver/Inc/Legacy -I../Drivers/STM32F1xx_HAL_Driver/Inc -I../Drivers/CMSIS/Device/ST/STM32F1xx/Include -I../Drivers/CMSIS/Include -I../USB_DEVICE/App -I../USB_DEVICE/Target -I../Middlewares/ST/STM32_USB_Device_Library/Core/Inc -I../Middlewares/ST/STM32_USB_Device_Library/Class/CDC/Inc -O0 -ffunction-sections -fdata-sections -Wall -fstack-usage -fcyclomatic-complexity -MMD -MP -MF"Core/Src/main.d" -MT"Core/Src/main.o" --specs=nano.specs -mfloat-abi=soft -mthumb -o "Core/Src/main.o"
../Core/Src/main.c: In function 'Motherboard_FillStatusPacket':
../Core/Src/main.c:108:26: error: 'COUNTER_GPIO_Port' undeclared (first use in this function); did you mean 'CNT_ECHO_GPIO_Port'?
  108 |     if (HAL_GPIO_ReadPin(COUNTER_GPIO_Port, COUNTER_Pin) == GPIO_PIN_SET)
      |                          ^~~~~~~~~~~~~~~~~
      |                          CNT_ECHO_GPIO_Port
../Core/Src/main.c:108:26: note: each undeclared identifier is reported only once for each function it appears in
../Core/Src/main.c:108:45: error: 'COUNTER_Pin' undeclared (first use in this function)
  108 |     if (HAL_GPIO_ReadPin(COUNTER_GPIO_Port, COUNTER_Pin) == GPIO_PIN_SET)
      |                                             ^~~~~~~~~~~
../Core/Src/main.c:113:26: error: 'FAR_GPIO_Port' undeclared (first use in this function)
  113 |     if (HAL_GPIO_ReadPin(FAR_GPIO_Port, FAR_Pin) == GPIO_PIN_SET)
      |                          ^~~~~~~~~~~~~
../Core/Src/main.c:113:41: error: 'FAR_Pin' undeclared (first use in this function)
  113 |     if (HAL_GPIO_ReadPin(FAR_GPIO_Port, FAR_Pin) == GPIO_PIN_SET)
      |                                         ^~~~~~~
../Core/Src/main.c:118:26: error: 'NEAR_GPIO_Port' undeclared (first use in this function)
  118 |     if (HAL_GPIO_ReadPin(NEAR_GPIO_Port, NEAR_Pin) == GPIO_PIN_SET)
      |                          ^~~~~~~~~~~~~~
../Core/Src/main.c:118:42: error: 'NEAR_Pin' undeclared (first use in this function)
  118 |     if (HAL_GPIO_ReadPin(NEAR_GPIO_Port, NEAR_Pin) == GPIO_PIN_SET)
      |                                          ^~~~~~~~
make: *** [Core/Src/subdir.mk:40: Core/Src/main.o] Error 1
"make -j12 all" terminated with exit code 2. Build might be incomplete.
09:54:28 **** Incremental Build of configuration Debug for project Keyboard ****
make -j12 all 
arm-none-eabi-size  Keyboard.elf 
   text	   data	    bss	    dec	    hex	filename
   8240	     12	   1684	   9936	   26d0	Keyboard.elf
Finished building: default.size.stdout
 
09:54:28 **** Incremental Build of configuration Debug for project Motherboard ****
make -j12 all 
arm-none-eabi-gcc "../Core/Src/main.c" -mcpu=cortex-m3 -std=gnu11 -g3 -DDEBUG -DUSE_HAL_DRIVER -DSTM32F103xB -c -I../Core/Inc -I../Drivers/STM32F1xx_HAL_Driver/Inc/Legacy -I../Drivers/STM32F1xx_HAL_Driver/Inc -I../Drivers/CMSIS/Device/ST/STM32F1xx/Include -I../Drivers/CMSIS/Include -I../USB_DEVICE/App -I../USB_DEVICE/Target -I../Middlewares/ST/STM32_USB_Device_Library/Core/Inc -I../Middlewares/ST/STM32_USB_Device_Library/Class/CDC/Inc -O0 -ffunction-sections -fdata-sections -Wall -fstack-usage -fcyclomatic-complexity -MMD -MP -MF"Core/Src/main.d" -MT"Core/Src/main.o" --specs=nano.specs -mfloat-abi=soft -mthumb -o "Core/Src/main.o"
../Core/Src/main.c: In function 'Motherboard_FillStatusPacket':
../Core/Src/main.c:113:26: error: 'FAR_GPIO_Port' undeclared (first use in this function)
  113 |     if (HAL_GPIO_ReadPin(FAR_GPIO_Port, FAR_Pin) == GPIO_PIN_SET)
      |                          ^~~~~~~~~~~~~
../Core/Src/main.c:113:26: note: each undeclared identifier is reported only once for each function it appears in
../Core/Src/main.c:113:41: error: 'FAR_Pin' undeclared (first use in this function)
  113 |     if (HAL_GPIO_ReadPin(FAR_GPIO_Port, FAR_Pin) == GPIO_PIN_SET)
      |                                         ^~~~~~~
../Core/Src/main.c:118:26: error: 'NEAR_GPIO_Port' undeclared (first use in this function)
  118 |     if (HAL_GPIO_ReadPin(NEAR_GPIO_Port, NEAR_Pin) == GPIO_PIN_SET)
      |                          ^~~~~~~~~~~~~~
../Core/Src/main.c:118:42: error: 'NEAR_Pin' undeclared (first use in this function)
  118 |     if (HAL_GPIO_ReadPin(NEAR_GPIO_Port, NEAR_Pin) == GPIO_PIN_SET)
      |                                          ^~~~~~~~
make: *** [Core/Src/subdir.mk:40: Core/Src/main.o] Error 1
"make -j12 all" terminated with exit code 2. Build might be incomplete.
09:54:39 **** Incremental Build of configuration Debug for project Keyboard ****
make -j12 all 
arm-none-eabi-size  Keyboard.elf 
   text	   data	    bss	    dec	    hex	filename
   8240	     12	   1684	   9936	   26d0	Keyboard.elf
Finished building: default.size.stdout
 
09:54:39 **** Incremental Build of configuration Debug for project Motherboard ****
make -j12 all 
arm-none-eabi-gcc "../Core/Src/main.c" -mcpu=cortex-m3 -std=gnu11 -g3 -DDEBUG -DUSE_HAL_DRIVER -DSTM32F103xB -c -I../Core/Inc -I../Drivers/STM32F1xx_HAL_Driver/Inc/Legacy -I../Drivers/STM32F1xx_HAL_Driver/Inc -I../Drivers/CMSIS/Device/ST/STM32F1xx/Include -I../Drivers/CMSIS/Include -I../USB_DEVICE/App -I../USB_DEVICE/Target -I../Middlewares/ST/STM32_USB_Device_Library/Core/Inc -I../Middlewares/ST/STM32_USB_Device_Library/Class/CDC/Inc -O0 -ffunction-sections -fdata-sections -Wall -fstack-usage -fcyclomatic-complexity -MMD -MP -MF"Core/Src/main.d" -MT"Core/Src/main.o" --specs=nano.specs -mfloat-abi=soft -mthumb -o "Core/Src/main.o"
../Core/Src/main.c: In function 'Motherboard_FillStatusPacket':
../Core/Src/main.c:118:26: error: 'NEAR_GPIO_Port' undeclared (first use in this function)
  118 |     if (HAL_GPIO_ReadPin(NEAR_GPIO_Port, NEAR_Pin) == GPIO_PIN_SET)
      |                          ^~~~~~~~~~~~~~
../Core/Src/main.c:118:26: note: each undeclared identifier is reported only once for each function it appears in
../Core/Src/main.c:118:42: error: 'NEAR_Pin' undeclared (first use in this function)
  118 |     if (HAL_GPIO_ReadPin(NEAR_GPIO_Port, NEAR_Pin) == GPIO_PIN_SET)
      |                                          ^~~~~~~~
make: *** [Core/Src/subdir.mk:40: Core/Src/main.o] Error 1
"make -j12 all" terminated with exit code 2. Build might be incomplete.
09:54:47 **** Incremental Build of configuration Debug for project Keyboard ****
make -j12 all 
arm-none-eabi-size  Keyboard.elf 
   text	   data	    bss	    dec	    hex	filename
   8240	     12	   1684	   9936	   26d0	Keyboard.elf
Finished building: default.size.stdout
 
09:54:48 **** Incremental Build of configuration Debug for project Motherboard ****
make -j12 all 
arm-none-eabi-gcc "../Core/Src/main.c" -mcpu=cortex-m3 -std=gnu11 -g3 -DDEBUG -DUSE_HAL_DRIVER -DSTM32F103xB -c -I../Core/Inc -I../Drivers/STM32F1xx_HAL_Driver/Inc/Legacy -I../Drivers/STM32F1xx_HAL_Driver/Inc -I../Drivers/CMSIS/Device/ST/STM32F1xx/Include -I../Drivers/CMSIS/Include -I../USB_DEVICE/App -I../USB_DEVICE/Target -I../Middlewares/ST/STM32_USB_Device_Library/Core/Inc -I../Middlewares/ST/STM32_USB_Device_Library/Class/CDC/Inc -O0 -ffunction-sections -fdata-sections -Wall -fstack-usage -fcyclomatic-complexity -MMD -MP -MF"Core/Src/main.d" -MT"Core/Src/main.o" --specs=nano.specs -mfloat-abi=soft -mthumb -o "Core/Src/main.o"
arm-none-eabi-gcc -o "Motherboard.elf" @"objects.list"   -mcpu=cortex-m3 -T"C:\STM32\SausageMixer\Motherboard\STM32F103C8TX_FLASH.ld" --specs=nosys.specs -Wl,-Map="Motherboard.map" -Wl,--gc-sections -static --specs=nano.specs -mfloat-abi=soft -mthumb -Wl,--start-group -lc -lm -Wl,--end-group
Finished building target: Motherboard.elf
 
arm-none-eabi-size  Motherboard.elf 
arm-none-eabi-objdump -h -S Motherboard.elf  > "Motherboard.list"
   text	   data	    bss	    dec	    hex	filename
  35080	    380	   6396	  41856	   a380	Motherboard.elf
Finished building: default.size.stdout
 
Finished building: Motherboard.list
 
10:21:20 **** Incremental Build of configuration Debug for project Keyboard ****
make -j12 all 
arm-none-eabi-size  Keyboard.elf 
   text	   data	    bss	    dec	    hex	filename
   8240	     12	   1684	   9936	   26d0	Keyboard.elf
Finished building: default.size.stdout
 
10:21:20 **** Incremental Build of configuration Debug for project Motherboard ****
make -j12 all 
arm-none-eabi-gcc "../Core/Src/main.c" -mcpu=cortex-m3 -std=gnu11 -g3 -DDEBUG -DUSE_HAL_DRIVER -DSTM32F103xB -c -I../Core/Inc -I../Drivers/STM32F1xx_HAL_Driver/Inc/Legacy -I../Drivers/STM32F1xx_HAL_Driver/Inc -I../Drivers/CMSIS/Device/ST/STM32F1xx/Include -I../Drivers/CMSIS/Include -I../USB_DEVICE/App -I../USB_DEVICE/Target -I../Middlewares/ST/STM32_USB_Device_Library/Core/Inc -I../Middlewares/ST/STM32_USB_Device_Library/Class/CDC/Inc -O0 -ffunction-sections -fdata-sections -Wall -fstack-usage -fcyclomatic-complexity -MMD -MP -MF"Core/Src/main.d" -MT"Core/Src/main.o" --specs=nano.specs -mfloat-abi=soft -mthumb -o "Core/Src/main.o"
../Core/Src/main.c:35:16: warning: 'spi2_rx_frame' defined but not used [-Wunused-variable]
   35 | static uint8_t spi2_rx_frame[SPI_FRAME_SIZE];
      |                ^~~~~~~~~~~~~
../Core/Src/main.c:34:16: warning: 'spi2_tx_frame' defined but not used [-Wunused-variable]
   34 | static uint8_t spi2_tx_frame[SPI_FRAME_SIZE];
      |                ^~~~~~~~~~~~~
arm-none-eabi-gcc -o "Motherboard.elf" @"objects.list"   -mcpu=cortex-m3 -T"C:\STM32\SausageMixer\Motherboard\STM32F103C8TX_FLASH.ld" --specs=nosys.specs -Wl,-Map="Motherboard.map" -Wl,--gc-sections -static --specs=nano.specs -mfloat-abi=soft -mthumb -Wl,--start-group -lc -lm -Wl,--end-group
Finished building target: Motherboard.elf
 
arm-none-eabi-size  Motherboard.elf 
arm-none-eabi-objdump -h -S Motherboard.elf  > "Motherboard.list"
   text	   data	    bss	    dec	    hex	filename
  35080	    380	   6396	  41856	   a380	Motherboard.elf
Finished building: default.size.stdout
 
Finished building: Motherboard.list
 
10:37:50 **** Incremental Build of configuration Debug for project Motherboard ****
make -j12 all 
arm-none-eabi-gcc "../Core/Src/main.c" -mcpu=cortex-m3 -std=gnu11 -g3 -DDEBUG -DUSE_HAL_DRIVER -DSTM32F103xB -c -I../Core/Inc -I../Drivers/STM32F1xx_HAL_Driver/Inc/Legacy -I../Drivers/STM32F1xx_HAL_Driver/Inc -I../Drivers/CMSIS/Device/ST/STM32F1xx/Include -I../Drivers/CMSIS/Include -I../USB_DEVICE/App -I../USB_DEVICE/Target -I../Middlewares/ST/STM32_USB_Device_Library/Core/Inc -I../Middlewares/ST/STM32_USB_Device_Library/Class/CDC/Inc -O0 -ffunction-sections -fdata-sections -Wall -fstack-usage -fcyclomatic-complexity -MMD -MP -MF"Core/Src/main.d" -MT"Core/Src/main.o" --specs=nano.specs -mfloat-abi=soft -mthumb -o "Core/Src/main.o"
../Core/Src/main.c: In function 'Motherboard_PrepareTXFrame':
../Core/Src/main.c:169:9: warning: implicit declaration of function 'Motherborad_FillStatusPacket'; did you mean 'Motherboard_FillStatusPacket'? [-Wimplicit-function-declaration]
  169 |         Motherborad_FillStatusPacket(&status_packet);
      |         ^~~~~~~~~~~~~~~~~~~~~~~~~~~~
      |         Motherboard_FillStatusPacket
../Core/Src/main.c:173:32: error: 'MotherboardStstusPacket_t' undeclared (first use in this function); did you mean 'MotherboardStatusPacket_t'?
  173 |                         sizeof(MotherboardStstusPacket_t)
      |                                ^~~~~~~~~~~~~~~~~~~~~~~~~
      |                                MotherboardStatusPacket_t
../Core/Src/main.c:173:32: note: each undeclared identifier is reported only once for each function it appears in
../Core/Src/main.c: In function 'Motherboard_SPI_StartExchange':
../Core/Src/main.c:181:9: warning: implicit declaration of function 'HAL_SPI_TransmitReceiveIT'; did you mean 'HAL_SPI_TransmitReceive_IT'? [-Wimplicit-function-declaration]
  181 |         HAL_SPI_TransmitReceiveIT(
      |         ^~~~~~~~~~~~~~~~~~~~~~~~~
      |         HAL_SPI_TransmitReceive_IT
../Core/Src/main.c:183:25: error: 'spi_tx_frame' undeclared (first use in this function); did you mean 'spi2_tx_frame'?
  183 |                         spi_tx_frame,
      |                         ^~~~~~~~~~~~
      |                         spi2_tx_frame
../Core/Src/main.c:184:25: error: 'spi_rx_frame' undeclared (first use in this function); did you mean 'spi2_rx_frame'?
  184 |                         spi_rx_frame,
      |                         ^~~~~~~~~~~~
      |                         spi2_rx_frame
../Core/Src/main.c:185:25: error: 'SPI_FRAME_SZIE' undeclared (first use in this function); did you mean 'SPI_FRAME_SIZE'?
  185 |                         SPI_FRAME_SZIE
      |                         ^~~~~~~~~~~~~~
      |                         SPI_FRAME_SIZE
make: *** [Core/Src/subdir.mk:40: Core/Src/main.o] Error 1
"make -j12 all" terminated with exit code 2. Build might be incomplete.
10:38:24 **** Incremental Build of configuration Debug for project Keyboard ****
make -j12 all 
arm-none-eabi-size  Keyboard.elf 
   text	   data	    bss	    dec	    hex	filename
   8240	     12	   1684	   9936	   26d0	Keyboard.elf
Finished building: default.size.stdout
 
10:38:24 **** Incremental Build of configuration Debug for project Motherboard ****
make -j12 all 
arm-none-eabi-gcc "../Core/Src/main.c" -mcpu=cortex-m3 -std=gnu11 -g3 -DDEBUG -DUSE_HAL_DRIVER -DSTM32F103xB -c -I../Core/Inc -I../Drivers/STM32F1xx_HAL_Driver/Inc/Legacy -I../Drivers/STM32F1xx_HAL_Driver/Inc -I../Drivers/CMSIS/Device/ST/STM32F1xx/Include -I../Drivers/CMSIS/Include -I../USB_DEVICE/App -I../USB_DEVICE/Target -I../Middlewares/ST/STM32_USB_Device_Library/Core/Inc -I../Middlewares/ST/STM32_USB_Device_Library/Class/CDC/Inc -O0 -ffunction-sections -fdata-sections -Wall -fstack-usage -fcyclomatic-complexity -MMD -MP -MF"Core/Src/main.d" -MT"Core/Src/main.o" --specs=nano.specs -mfloat-abi=soft -mthumb -o "Core/Src/main.o"
../Core/Src/main.c: In function 'Motherboard_PrepareTXFrame':
../Core/Src/main.c:169:9: warning: implicit declaration of function 'Motherborad_FillStatusPacket'; did you mean 'Motherboard_FillStatusPacket'? [-Wimplicit-function-declaration]
  169 |         Motherborad_FillStatusPacket(&status_packet);
      |         ^~~~~~~~~~~~~~~~~~~~~~~~~~~~
      |         Motherboard_FillStatusPacket
../Core/Src/main.c: In function 'Motherboard_SPI_StartExchange':
../Core/Src/main.c:181:9: warning: implicit declaration of function 'HAL_SPI_TransmitReceiveIT'; did you mean 'HAL_SPI_TransmitReceive_IT'? [-Wimplicit-function-declaration]
  181 |         HAL_SPI_TransmitReceiveIT(
      |         ^~~~~~~~~~~~~~~~~~~~~~~~~
      |         HAL_SPI_TransmitReceive_IT
../Core/Src/main.c:185:25: error: 'SPI_FRAME_SZIE' undeclared (first use in this function); did you mean 'SPI_FRAME_SIZE'?
  185 |                         SPI_FRAME_SZIE
      |                         ^~~~~~~~~~~~~~
      |                         SPI_FRAME_SIZE
../Core/Src/main.c:185:25: note: each undeclared identifier is reported only once for each function it appears in
make: *** [Core/Src/subdir.mk:40: Core/Src/main.o] Error 1
"make -j12 all" terminated with exit code 2. Build might be incomplete.
10:38:57 **** Incremental Build of configuration Debug for project Keyboard ****
make -j12 all 
arm-none-eabi-size  Keyboard.elf 
   text	   data	    bss	    dec	    hex	filename
   8240	     12	   1684	   9936	   26d0	Keyboard.elf
Finished building: default.size.stdout
 
10:38:57 **** Incremental Build of configuration Debug for project Motherboard ****
make -j12 all 
arm-none-eabi-gcc "../Core/Src/main.c" -mcpu=cortex-m3 -std=gnu11 -g3 -DDEBUG -DUSE_HAL_DRIVER -DSTM32F103xB -c -I../Core/Inc -I../Drivers/STM32F1xx_HAL_Driver/Inc/Legacy -I../Drivers/STM32F1xx_HAL_Driver/Inc -I../Drivers/CMSIS/Device/ST/STM32F1xx/Include -I../Drivers/CMSIS/Include -I../USB_DEVICE/App -I../USB_DEVICE/Target -I../Middlewares/ST/STM32_USB_Device_Library/Core/Inc -I../Middlewares/ST/STM32_USB_Device_Library/Class/CDC/Inc -O0 -ffunction-sections -fdata-sections -Wall -fstack-usage -fcyclomatic-complexity -MMD -MP -MF"Core/Src/main.d" -MT"Core/Src/main.o" --specs=nano.specs -mfloat-abi=soft -mthumb -o "Core/Src/main.o"
../Core/Src/main.c: In function 'Motherboard_PrepareTXFrame':
../Core/Src/main.c:169:9: warning: implicit declaration of function 'Motherborad_FillStatusPacket'; did you mean 'Motherboard_FillStatusPacket'? [-Wimplicit-function-declaration]
  169 |         Motherborad_FillStatusPacket(&status_packet);
      |         ^~~~~~~~~~~~~~~~~~~~~~~~~~~~
      |         Motherboard_FillStatusPacket
../Core/Src/main.c: In function 'Motherboard_SPI_StartExchange':
../Core/Src/main.c:181:9: warning: implicit declaration of function 'HAL_SPI_TransmitReceiveIT'; did you mean 'HAL_SPI_TransmitReceive_IT'? [-Wimplicit-function-declaration]
  181 |         HAL_SPI_TransmitReceiveIT(
      |         ^~~~~~~~~~~~~~~~~~~~~~~~~
      |         HAL_SPI_TransmitReceive_IT
arm-none-eabi-gcc -o "Motherboard.elf" @"objects.list"   -mcpu=cortex-m3 -T"C:\STM32\SausageMixer\Motherboard\STM32F103C8TX_FLASH.ld" --specs=nosys.specs -Wl,-Map="Motherboard.map" -Wl,--gc-sections -static --specs=nano.specs -mfloat-abi=soft -mthumb -Wl,--start-group -lc -lm -Wl,--end-group
C:/ST/STM32CubeIDE_1.13.0/STM32CubeIDE/plugins/com.st.stm32cube.ide.mcu.externaltools.gnu-tools-for-stm32.13.3.rel1.win32_1.0.0.202411081344/tools/bin/../lib/gcc/arm-none-eabi/13.3.1/../../../../arm-none-eabi/bin/ld.exe: ./Core/Src/main.o: in function `Motherboard_PrepareTXFrame':
C:/STM32/SausageMixer/Motherboard/Debug/../Core/Src/main.c:169:(.text.Motherboard_PrepareTXFrame+0x14): undefined reference to `Motherborad_FillStatusPacket'
C:/ST/STM32CubeIDE_1.13.0/STM32CubeIDE/plugins/com.st.stm32cube.ide.mcu.externaltools.gnu-tools-for-stm32.13.3.rel1.win32_1.0.0.202411081344/tools/bin/../lib/gcc/arm-none-eabi/13.3.1/../../../../arm-none-eabi/bin/ld.exe: ./Core/Src/main.o: in function `Motherboard_SPI_StartExchange':
C:/STM32/SausageMixer/Motherboard/Debug/../Core/Src/main.c:181:(.text.Motherboard_SPI_StartExchange+0x16): undefined reference to `HAL_SPI_TransmitReceiveIT'
collect2.exe: error: ld returned 1 exit status
make: *** [makefile:68: Motherboard.elf] Error 1
"make -j12 all" terminated with exit code 2. Build might be incomplete.
10:39:25 **** Incremental Build of configuration Debug for project Keyboard ****
make -j12 all 
arm-none-eabi-size  Keyboard.elf 
   text	   data	    bss	    dec	    hex	filename
   8240	     12	   1684	   9936	   26d0	Keyboard.elf
Finished building: default.size.stdout
 
10:39:25 **** Incremental Build of configuration Debug for project Motherboard ****
make -j12 all 
arm-none-eabi-gcc -o "Motherboard.elf" @"objects.list"   -mcpu=cortex-m3 -T"C:\STM32\SausageMixer\Motherboard\STM32F103C8TX_FLASH.ld" --specs=nosys.specs -Wl,-Map="Motherboard.map" -Wl,--gc-sections -static --specs=nano.specs -mfloat-abi=soft -mthumb -Wl,--start-group -lc -lm -Wl,--end-group
C:/ST/STM32CubeIDE_1.13.0/STM32CubeIDE/plugins/com.st.stm32cube.ide.mcu.externaltools.gnu-tools-for-stm32.13.3.rel1.win32_1.0.0.202411081344/tools/bin/../lib/gcc/arm-none-eabi/13.3.1/../../../../arm-none-eabi/bin/ld.exe: ./Core/Src/main.o: in function `Motherboard_PrepareTXFrame':
C:/STM32/SausageMixer/Motherboard/Debug/../Core/Src/main.c:169:(.text.Motherboard_PrepareTXFrame+0x14): undefined reference to `Motherborad_FillStatusPacket'
C:/ST/STM32CubeIDE_1.13.0/STM32CubeIDE/plugins/com.st.stm32cube.ide.mcu.externaltools.gnu-tools-for-stm32.13.3.rel1.win32_1.0.0.202411081344/tools/bin/../lib/gcc/arm-none-eabi/13.3.1/../../../../arm-none-eabi/bin/ld.exe: ./Core/Src/main.o: in function `Motherboard_SPI_StartExchange':
C:/STM32/SausageMixer/Motherboard/Debug/../Core/Src/main.c:181:(.text.Motherboard_SPI_StartExchange+0x16): undefined reference to `HAL_SPI_TransmitReceiveIT'
collect2.exe: error: ld returned 1 exit status
make: *** [makefile:68: Motherboard.elf] Error 1
"make -j12 all" terminated with exit code 2. Build might be incomplete.
10:39:58 **** Incremental Build of configuration Debug for project Keyboard ****
make -j12 all 
arm-none-eabi-size  Keyboard.elf 
   text	   data	    bss	    dec	    hex	filename
   8240	     12	   1684	   9936	   26d0	Keyboard.elf
Finished building: default.size.stdout
 
10:39:59 **** Incremental Build of configuration Debug for project Motherboard ****
make -j12 all 
arm-none-eabi-gcc "../Core/Src/main.c" -mcpu=cortex-m3 -std=gnu11 -g3 -DDEBUG -DUSE_HAL_DRIVER -DSTM32F103xB -c -I../Core/Inc -I../Drivers/STM32F1xx_HAL_Driver/Inc/Legacy -I../Drivers/STM32F1xx_HAL_Driver/Inc -I../Drivers/CMSIS/Device/ST/STM32F1xx/Include -I../Drivers/CMSIS/Include -I../USB_DEVICE/App -I../USB_DEVICE/Target -I../Middlewares/ST/STM32_USB_Device_Library/Core/Inc -I../Middlewares/ST/STM32_USB_Device_Library/Class/CDC/Inc -O0 -ffunction-sections -fdata-sections -Wall -fstack-usage -fcyclomatic-complexity -MMD -MP -MF"Core/Src/main.d" -MT"Core/Src/main.o" --specs=nano.specs -mfloat-abi=soft -mthumb -o "Core/Src/main.o"
../Core/Src/main.c: In function 'Motherboard_SPI_StartExchange':
../Core/Src/main.c:181:9: warning: implicit declaration of function 'HAL_SPI_TransmitReceiveIT'; did you mean 'HAL_SPI_TransmitReceive_IT'? [-Wimplicit-function-declaration]
  181 |         HAL_SPI_TransmitReceiveIT(
      |         ^~~~~~~~~~~~~~~~~~~~~~~~~
      |         HAL_SPI_TransmitReceive_IT
arm-none-eabi-gcc -o "Motherboard.elf" @"objects.list"   -mcpu=cortex-m3 -T"C:\STM32\SausageMixer\Motherboard\STM32F103C8TX_FLASH.ld" --specs=nosys.specs -Wl,-Map="Motherboard.map" -Wl,--gc-sections -static --specs=nano.specs -mfloat-abi=soft -mthumb -Wl,--start-group -lc -lm -Wl,--end-group
C:/ST/STM32CubeIDE_1.13.0/STM32CubeIDE/plugins/com.st.stm32cube.ide.mcu.externaltools.gnu-tools-for-stm32.13.3.rel1.win32_1.0.0.202411081344/tools/bin/../lib/gcc/arm-none-eabi/13.3.1/../../../../arm-none-eabi/bin/ld.exe: ./Core/Src/main.o: in function `Motherboard_SPI_StartExchange':
C:/STM32/SausageMixer/Motherboard/Debug/../Core/Src/main.c:181:(.text.Motherboard_SPI_StartExchange+0x16): undefined reference to `HAL_SPI_TransmitReceiveIT'
collect2.exe: error: ld returned 1 exit status
make: *** [makefile:68: Motherboard.elf] Error 1
"make -j12 all" terminated with exit code 2. Build might be incomplete.
10:40:31 **** Incremental Build of configuration Debug for project Keyboard ****
make -j12 all 
arm-none-eabi-size  Keyboard.elf 
   text	   data	    bss	    dec	    hex	filename
   8240	     12	   1684	   9936	   26d0	Keyboard.elf
Finished building: default.size.stdout
 
10:40:32 **** Incremental Build of configuration Debug for project Motherboard ****
make -j12 all 
arm-none-eabi-gcc "../Core/Src/main.c" -mcpu=cortex-m3 -std=gnu11 -g3 -DDEBUG -DUSE_HAL_DRIVER -DSTM32F103xB -c -I../Core/Inc -I../Drivers/STM32F1xx_HAL_Driver/Inc/Legacy -I../Drivers/STM32F1xx_HAL_Driver/Inc -I../Drivers/CMSIS/Device/ST/STM32F1xx/Include -I../Drivers/CMSIS/Include -I../USB_DEVICE/App -I../USB_DEVICE/Target -I../Middlewares/ST/STM32_USB_Device_Library/Core/Inc -I../Middlewares/ST/STM32_USB_Device_Library/Class/CDC/Inc -O0 -ffunction-sections -fdata-sections -Wall -fstack-usage -fcyclomatic-complexity -MMD -MP -MF"Core/Src/main.d" -MT"Core/Src/main.o" --specs=nano.specs -mfloat-abi=soft -mthumb -o "Core/Src/main.o"
arm-none-eabi-gcc -o "Motherboard.elf" @"objects.list"   -mcpu=cortex-m3 -T"C:\STM32\SausageMixer\Motherboard\STM32F103C8TX_FLASH.ld" --specs=nosys.specs -Wl,-Map="Motherboard.map" -Wl,--gc-sections -static --specs=nano.specs -mfloat-abi=soft -mthumb -Wl,--start-group -lc -lm -Wl,--end-group
Finished building target: Motherboard.elf
 
arm-none-eabi-size  Motherboard.elf 
arm-none-eabi-objdump -h -S Motherboard.elf  > "Motherboard.list"
   text	   data	    bss	    dec	    hex	filename
  36884	    380	   6476	  43740	   aadc	Motherboard.elf
Finished building: default.size.stdout
 
Finished building: Motherboard.list
 
10:40:39 **** Incremental Build of configuration Debug for project Motherboard ****
make -j12 all 
arm-none-eabi-size  Motherboard.elf 
   text	   data	    bss	    dec	    hex	filename
  36884	    380	   6476	  43740	   aadc	Motherboard.elf
Finished building: default.size.stdout
 
10:42:16 **** Incremental Build of configuration Debug for project Motherboard ****
make -j12 all 
arm-none-eabi-size  Motherboard.elf 
   text	   data	    bss	    dec	    hex	filename
  36884	    380	   6476	  43740	   aadc	Motherboard.elf
Finished building: default.size.stdout
 
10:51:19 **** Incremental Build of configuration Debug for project Keyboard ****
make -j12 all 
arm-none-eabi-gcc "../Core/Src/main.c" -mcpu=cortex-m0 -std=gnu11 -g3 -DDEBUG -DUSE_HAL_DRIVER -DSTM32F030x8 -c -I../Core/Inc -I../Drivers/STM32F0xx_HAL_Driver/Inc -I../Drivers/STM32F0xx_HAL_Driver/Inc/Legacy -I../Drivers/CMSIS/Device/ST/STM32F0xx/Include -I../Drivers/CMSIS/Include -O0 -ffunction-sections -fdata-sections -Wall -fstack-usage -fcyclomatic-complexity -MMD -MP -MF"Core/Src/main.d" -MT"Core/Src/main.o" --specs=nano.specs -mfloat-abi=soft -mthumb -o "Core/Src/main.o"
../Core/Src/main.c: In function 'Keyboard_FillCommandPacket':
../Core/Src/main.c:139:27: error: 'PROTOCOL_VERSION' undeclared (first use in this function); did you mean 'MB_PROTOCOL_VERSION'?
  139 |     packet->version     = PROTOCOL_VERSION;
      |                           ^~~~~~~~~~~~~~~~
      |                           MB_PROTOCOL_VERSION
../Core/Src/main.c:139:27: note: each undeclared identifier is reported only once for each function it appears in
../Core/Src/main.c: In function 'Keyboard_ParseRxFrame':
../Core/Src/main.c:189:34: error: 'PROTOCOL_VERSION' undeclared (first use in this function); did you mean 'MB_PROTOCOL_VERSION'?
  189 |     if (status_packet.version != PROTOCOL_VERSION)
      |                                  ^~~~~~~~~~~~~~~~
      |                                  MB_PROTOCOL_VERSION
make: *** [Core/Src/subdir.mk:37: Core/Src/main.o] Error 1
"make -j12 all" terminated with exit code 2. Build might be incomplete.
10:51:35 **** Incremental Build of configuration Debug for project Keyboard ****
make -j12 all 
arm-none-eabi-gcc "../Core/Src/main.c" -mcpu=cortex-m0 -std=gnu11 -g3 -DDEBUG -DUSE_HAL_DRIVER -DSTM32F030x8 -c -I../Core/Inc -I../Drivers/STM32F0xx_HAL_Driver/Inc -I../Drivers/STM32F0xx_HAL_Driver/Inc/Legacy -I../Drivers/CMSIS/Device/ST/STM32F0xx/Include -I../Drivers/CMSIS/Include -O0 -ffunction-sections -fdata-sections -Wall -fstack-usage -fcyclomatic-complexity -MMD -MP -MF"Core/Src/main.d" -MT"Core/Src/main.o" --specs=nano.specs -mfloat-abi=soft -mthumb -o "Core/Src/main.o"
arm-none-eabi-gcc -o "Keyboard.elf" @"objects.list"   -mcpu=cortex-m0 -T"C:\STM32\SausageMixer\Keyboard\STM32F030C8TX_FLASH.ld" --specs=nosys.specs -Wl,-Map="Keyboard.map" -Wl,--gc-sections -static --specs=nano.specs -mfloat-abi=soft -mthumb -Wl,--start-group -lc -lm -Wl,--end-group
Finished building target: Keyboard.elf
 
arm-none-eabi-size  Keyboard.elf 
arm-none-eabi-objdump -h -S Keyboard.elf  > "Keyboard.list"
   text	   data	    bss	    dec	    hex	filename
   9100	     12	   1804	  10916	   2aa4	Keyboard.elf
Finished building: default.size.stdout
 
Finished building: Keyboard.list
 
10:51:38 **** Incremental Build of configuration Debug for project Motherboard ****
make -j12 all 
arm-none-eabi-gcc "../Core/Src/main.c" -mcpu=cortex-m3 -std=gnu11 -g3 -DDEBUG -DUSE_HAL_DRIVER -DSTM32F103xB -c -I../Core/Inc -I../Drivers/STM32F1xx_HAL_Driver/Inc/Legacy -I../Drivers/STM32F1xx_HAL_Driver/Inc -I../Drivers/CMSIS/Device/ST/STM32F1xx/Include -I../Drivers/CMSIS/Include -I../USB_DEVICE/App -I../USB_DEVICE/Target -I../Middlewares/ST/STM32_USB_Device_Library/Core/Inc -I../Middlewares/ST/STM32_USB_Device_Library/Class/CDC/Inc -O0 -ffunction-sections -fdata-sections -Wall -fstack-usage -fcyclomatic-complexity -MMD -MP -MF"Core/Src/main.d" -MT"Core/Src/main.o" --specs=nano.specs -mfloat-abi=soft -mthumb -o "Core/Src/main.o"
../Core/Src/main.c:37:41: error: expected identifier before numeric constant
   37 | #define         MACHINE_STATE_IDLE      0
      |                                         ^
../Core/Src/main.c:105:9: note: in expansion of macro 'MACHINE_STATE_IDLE'
  105 |         MACHINE_STATE_IDLE = 0,
      |         ^~~~~~~~~~~~~~~~~~
make: *** [Core/Src/subdir.mk:40: Core/Src/main.o] Error 1
"make -j12 all" terminated with exit code 2. Build might be incomplete.
10:52:12 **** Incremental Build of configuration Debug for project Keyboard ****
make -j12 all 
arm-none-eabi-size  Keyboard.elf 
   text	   data	    bss	    dec	    hex	filename
   9100	     12	   1804	  10916	   2aa4	Keyboard.elf
Finished building: default.size.stdout
 
10:52:12 **** Incremental Build of configuration Debug for project Motherboard ****
make -j12 all 
arm-none-eabi-gcc "../Core/Src/main.c" -mcpu=cortex-m3 -std=gnu11 -g3 -DDEBUG -DUSE_HAL_DRIVER -DSTM32F103xB -c -I../Core/Inc -I../Drivers/STM32F1xx_HAL_Driver/Inc/Legacy -I../Drivers/STM32F1xx_HAL_Driver/Inc -I../Drivers/CMSIS/Device/ST/STM32F1xx/Include -I../Drivers/CMSIS/Include -I../USB_DEVICE/App -I../USB_DEVICE/Target -I../Middlewares/ST/STM32_USB_Device_Library/Core/Inc -I../Middlewares/ST/STM32_USB_Device_Library/Class/CDC/Inc -O0 -ffunction-sections -fdata-sections -Wall -fstack-usage -fcyclomatic-complexity -MMD -MP -MF"Core/Src/main.d" -MT"Core/Src/main.o" --specs=nano.specs -mfloat-abi=soft -mthumb -o "Core/Src/main.o"
arm-none-eabi-gcc -o "Motherboard.elf" @"objects.list"   -mcpu=cortex-m3 -T"C:\STM32\SausageMixer\Motherboard\STM32F103C8TX_FLASH.ld" --specs=nosys.specs -Wl,-Map="Motherboard.map" -Wl,--gc-sections -static --specs=nano.specs -mfloat-abi=soft -mthumb -Wl,--start-group -lc -lm -Wl,--end-group
Finished building target: Motherboard.elf
 
arm-none-eabi-size  Motherboard.elf 
arm-none-eabi-objdump -h -S Motherboard.elf  > "Motherboard.list"
   text	   data	    bss	    dec	    hex	filename
  36884	    380	   6476	  43740	   aadc	Motherboard.elf
Finished building: default.size.stdout
 
Finished building: Motherboard.list
 
10:52:17 **** Incremental Build of configuration Debug for project Motherboard ****
make -j12 all 
arm-none-eabi-size  Motherboard.elf 
   text	   data	    bss	    dec	    hex	filename
  36884	    380	   6476	  43740	   aadc	Motherboard.elf
Finished building: default.size.stdout
 
10:58:35 **** Incremental Build of configuration Debug for project Motherboard ****
make -j12 all 
arm-none-eabi-gcc "../Core/Src/main.c" -mcpu=cortex-m3 -std=gnu11 -g3 -DDEBUG -DUSE_HAL_DRIVER -DSTM32F103xB -c -I../Core/Inc -I../Drivers/STM32F1xx_HAL_Driver/Inc/Legacy -I../Drivers/STM32F1xx_HAL_Driver/Inc -I../Drivers/CMSIS/Device/ST/STM32F1xx/Include -I../Drivers/CMSIS/Include -I../USB_DEVICE/App -I../USB_DEVICE/Target -I../Middlewares/ST/STM32_USB_Device_Library/Core/Inc -I../Middlewares/ST/STM32_USB_Device_Library/Class/CDC/Inc -O0 -ffunction-sections -fdata-sections -Wall -fstack-usage -fcyclomatic-complexity -MMD -MP -MF"Core/Src/main.d" -MT"Core/Src/main.o" --specs=nano.specs -mfloat-abi=soft -mthumb -o "Core/Src/main.o"
arm-none-eabi-gcc -o "Motherboard.elf" @"objects.list"   -mcpu=cortex-m3 -T"C:\STM32\SausageMixer\Motherboard\STM32F103C8TX_FLASH.ld" --specs=nosys.specs -Wl,-Map="Motherboard.map" -Wl,--gc-sections -static --specs=nano.specs -mfloat-abi=soft -mthumb -Wl,--start-group -lc -lm -Wl,--end-group
Finished building target: Motherboard.elf
 
arm-none-eabi-size  Motherboard.elf 
arm-none-eabi-objdump -h -S Motherboard.elf  > "Motherboard.list"
   text	   data	    bss	    dec	    hex	filename
  39800	    380	   6500	  46680	   b658	Motherboard.elf
Finished building: default.size.stdout
 
Finished building: Motherboard.list
 
10:59:03 **** Incremental Build of configuration Debug for project Motherboard ****
make -j12 all 
arm-none-eabi-gcc "../Core/Src/main.c" -mcpu=cortex-m3 -std=gnu11 -g3 -DDEBUG -DUSE_HAL_DRIVER -DSTM32F103xB -c -I../Core/Inc -I../Drivers/STM32F1xx_HAL_Driver/Inc/Legacy -I../Drivers/STM32F1xx_HAL_Driver/Inc -I../Drivers/CMSIS/Device/ST/STM32F1xx/Include -I../Drivers/CMSIS/Include -I../USB_DEVICE/App -I../USB_DEVICE/Target -I../Middlewares/ST/STM32_USB_Device_Library/Core/Inc -I../Middlewares/ST/STM32_USB_Device_Library/Class/CDC/Inc -O0 -ffunction-sections -fdata-sections -Wall -fstack-usage -fcyclomatic-complexity -MMD -MP -MF"Core/Src/main.d" -MT"Core/Src/main.o" --specs=nano.specs -mfloat-abi=soft -mthumb -o "Core/Src/main.o"
arm-none-eabi-gcc -o "Motherboard.elf" @"objects.list"   -mcpu=cortex-m3 -T"C:\STM32\SausageMixer\Motherboard\STM32F103C8TX_FLASH.ld" --specs=nosys.specs -Wl,-Map="Motherboard.map" -Wl,--gc-sections -static --specs=nano.specs -mfloat-abi=soft -mthumb -Wl,--start-group -lc -lm -Wl,--end-group
Finished building target: Motherboard.elf
 
arm-none-eabi-size  Motherboard.elf 
arm-none-eabi-objdump -h -S Motherboard.elf  > "Motherboard.list"
   text	   data	    bss	    dec	    hex	filename
  39796	    380	   6500	  46676	   b654	Motherboard.elf
Finished building: default.size.stdout
 
Finished building: Motherboard.list
 
11:01:11 **** Incremental Build of configuration Debug for project Motherboard ****
make -j12 all 
arm-none-eabi-gcc "../Core/Src/main.c" -mcpu=cortex-m3 -std=gnu11 -g3 -DDEBUG -DUSE_HAL_DRIVER -DSTM32F103xB -c -I../Core/Inc -I../Drivers/STM32F1xx_HAL_Driver/Inc/Legacy -I../Drivers/STM32F1xx_HAL_Driver/Inc -I../Drivers/CMSIS/Device/ST/STM32F1xx/Include -I../Drivers/CMSIS/Include -I../USB_DEVICE/App -I../USB_DEVICE/Target -I../Middlewares/ST/STM32_USB_Device_Library/Core/Inc -I../Middlewares/ST/STM32_USB_Device_Library/Class/CDC/Inc -O0 -ffunction-sections -fdata-sections -Wall -fstack-usage -fcyclomatic-complexity -MMD -MP -MF"Core/Src/main.d" -MT"Core/Src/main.o" --specs=nano.specs -mfloat-abi=soft -mthumb -o "Core/Src/main.o"
arm-none-eabi-gcc -o "Motherboard.elf" @"objects.list"   -mcpu=cortex-m3 -T"C:\STM32\SausageMixer\Motherboard\STM32F103C8TX_FLASH.ld" --specs=nosys.specs -Wl,-Map="Motherboard.map" -Wl,--gc-sections -static --specs=nano.specs -mfloat-abi=soft -mthumb -Wl,--start-group -lc -lm -Wl,--end-group
Finished building target: Motherboard.elf
 
arm-none-eabi-size  Motherboard.elf 
arm-none-eabi-objdump -h -S Motherboard.elf  > "Motherboard.list"
   text	   data	    bss	    dec	    hex	filename
  39792	    380	   6500	  46672	   b650	Motherboard.elf
Finished building: default.size.stdout
 
Finished building: Motherboard.list
 
11:01:37 **** Incremental Build of configuration Debug for project Motherboard ****
make -j12 all 
arm-none-eabi-gcc "../Core/Src/main.c" -mcpu=cortex-m3 -std=gnu11 -g3 -DDEBUG -DUSE_HAL_DRIVER -DSTM32F103xB -c -I../Core/Inc -I../Drivers/STM32F1xx_HAL_Driver/Inc/Legacy -I../Drivers/STM32F1xx_HAL_Driver/Inc -I../Drivers/CMSIS/Device/ST/STM32F1xx/Include -I../Drivers/CMSIS/Include -I../USB_DEVICE/App -I../USB_DEVICE/Target -I../Middlewares/ST/STM32_USB_Device_Library/Core/Inc -I../Middlewares/ST/STM32_USB_Device_Library/Class/CDC/Inc -O0 -ffunction-sections -fdata-sections -Wall -fstack-usage -fcyclomatic-complexity -MMD -MP -MF"Core/Src/main.d" -MT"Core/Src/main.o" --specs=nano.specs -mfloat-abi=soft -mthumb -o "Core/Src/main.o"
arm-none-eabi-gcc -o "Motherboard.elf" @"objects.list"   -mcpu=cortex-m3 -T"C:\STM32\SausageMixer\Motherboard\STM32F103C8TX_FLASH.ld" --specs=nosys.specs -Wl,-Map="Motherboard.map" -Wl,--gc-sections -static --specs=nano.specs -mfloat-abi=soft -mthumb -Wl,--start-group -lc -lm -Wl,--end-group
Finished building target: Motherboard.elf
 
arm-none-eabi-size  Motherboard.elf 
arm-none-eabi-objdump -h -S Motherboard.elf  > "Motherboard.list"
   text	   data	    bss	    dec	    hex	filename
  39792	    380	   6500	  46672	   b650	Motherboard.elf
Finished building: default.size.stdout
 
Finished building: Motherboard.list
 
11:02:02 **** Incremental Build of configuration Debug for project Motherboard ****
make -j12 all 
arm-none-eabi-gcc "../Core/Src/main.c" -mcpu=cortex-m3 -std=gnu11 -g3 -DDEBUG -DUSE_HAL_DRIVER -DSTM32F103xB -c -I../Core/Inc -I../Drivers/STM32F1xx_HAL_Driver/Inc/Legacy -I../Drivers/STM32F1xx_HAL_Driver/Inc -I../Drivers/CMSIS/Device/ST/STM32F1xx/Include -I../Drivers/CMSIS/Include -I../USB_DEVICE/App -I../USB_DEVICE/Target -I../Middlewares/ST/STM32_USB_Device_Library/Core/Inc -I../Middlewares/ST/STM32_USB_Device_Library/Class/CDC/Inc -O0 -ffunction-sections -fdata-sections -Wall -fstack-usage -fcyclomatic-complexity -MMD -MP -MF"Core/Src/main.d" -MT"Core/Src/main.o" --specs=nano.specs -mfloat-abi=soft -mthumb -o "Core/Src/main.o"
arm-none-eabi-gcc -o "Motherboard.elf" @"objects.list"   -mcpu=cortex-m3 -T"C:\STM32\SausageMixer\Motherboard\STM32F103C8TX_FLASH.ld" --specs=nosys.specs -Wl,-Map="Motherboard.map" -Wl,--gc-sections -static --specs=nano.specs -mfloat-abi=soft -mthumb -Wl,--start-group -lc -lm -Wl,--end-group
Finished building target: Motherboard.elf
 
arm-none-eabi-size  Motherboard.elf 
arm-none-eabi-objdump -h -S Motherboard.elf  > "Motherboard.list"
   text	   data	    bss	    dec	    hex	filename
  39792	    380	   6500	  46672	   b650	Motherboard.elf
Finished building: default.size.stdout
 
Finished building: Motherboard.list
 
11:03:01 **** Incremental Build of configuration Debug for project Motherboard ****
make -j12 all 
arm-none-eabi-gcc "../Core/Src/main.c" -mcpu=cortex-m3 -std=gnu11 -g3 -DDEBUG -DUSE_HAL_DRIVER -DSTM32F103xB -c -I../Core/Inc -I../Drivers/STM32F1xx_HAL_Driver/Inc/Legacy -I../Drivers/STM32F1xx_HAL_Driver/Inc -I../Drivers/CMSIS/Device/ST/STM32F1xx/Include -I../Drivers/CMSIS/Include -I../USB_DEVICE/App -I../USB_DEVICE/Target -I../Middlewares/ST/STM32_USB_Device_Library/Core/Inc -I../Middlewares/ST/STM32_USB_Device_Library/Class/CDC/Inc -O0 -ffunction-sections -fdata-sections -Wall -fstack-usage -fcyclomatic-complexity -MMD -MP -MF"Core/Src/main.d" -MT"Core/Src/main.o" --specs=nano.specs -mfloat-abi=soft -mthumb -o "Core/Src/main.o"
arm-none-eabi-gcc -o "Motherboard.elf" @"objects.list"   -mcpu=cortex-m3 -T"C:\STM32\SausageMixer\Motherboard\STM32F103C8TX_FLASH.ld" --specs=nosys.specs -Wl,-Map="Motherboard.map" -Wl,--gc-sections -static --specs=nano.specs -mfloat-abi=soft -mthumb -Wl,--start-group -lc -lm -Wl,--end-group
Finished building target: Motherboard.elf
 
arm-none-eabi-size  Motherboard.elf 
arm-none-eabi-objdump -h -S Motherboard.elf  > "Motherboard.list"
   text	   data	    bss	    dec	    hex	filename
  39792	    380	   6500	  46672	   b650	Motherboard.elf
Finished building: default.size.stdout
 
Finished building: Motherboard.list
 
11:07:35 **** Incremental Build of configuration Debug for project Motherboard ****
make -j12 all 
arm-none-eabi-gcc "../Core/Src/main.c" -mcpu=cortex-m3 -std=gnu11 -g3 -DDEBUG -DUSE_HAL_DRIVER -DSTM32F103xB -c -I../Core/Inc -I../Drivers/STM32F1xx_HAL_Driver/Inc/Legacy -I../Drivers/STM32F1xx_HAL_Driver/Inc -I../Drivers/CMSIS/Device/ST/STM32F1xx/Include -I../Drivers/CMSIS/Include -I../USB_DEVICE/App -I../USB_DEVICE/Target -I../Middlewares/ST/STM32_USB_Device_Library/Core/Inc -I../Middlewares/ST/STM32_USB_Device_Library/Class/CDC/Inc -O0 -ffunction-sections -fdata-sections -Wall -fstack-usage -fcyclomatic-complexity -MMD -MP -MF"Core/Src/main.d" -MT"Core/Src/main.o" --specs=nano.specs -mfloat-abi=soft -mthumb -o "Core/Src/main.o"
arm-none-eabi-gcc -o "Motherboard.elf" @"objects.list"   -mcpu=cortex-m3 -T"C:\STM32\SausageMixer\Motherboard\STM32F103C8TX_FLASH.ld" --specs=nosys.specs -Wl,-Map="Motherboard.map" -Wl,--gc-sections -static --specs=nano.specs -mfloat-abi=soft -mthumb -Wl,--start-group -lc -lm -Wl,--end-group
Finished building target: Motherboard.elf
 
arm-none-eabi-size  Motherboard.elf 
arm-none-eabi-objdump -h -S Motherboard.elf  > "Motherboard.list"
   text	   data	    bss	    dec	    hex	filename
  39804	    380	   6500	  46684	   b65c	Motherboard.elf
Finished building: default.size.stdout
 
Finished building: Motherboard.list
 
11:08:46 **** Incremental Build of configuration Debug for project Keyboard ****
make -j12 all 
arm-none-eabi-size  Keyboard.elf 
   text	   data	    bss	    dec	    hex	filename
   9100	     12	   1804	  10916	   2aa4	Keyboard.elf
Finished building: default.size.stdout
 
11:12:52 **** Incremental Build of configuration Debug for project Keyboard ****
make -j12 all 
arm-none-eabi-gcc "../Core/Src/main.c" -mcpu=cortex-m0 -std=gnu11 -g3 -DDEBUG -DUSE_HAL_DRIVER -DSTM32F030x8 -c -I../Core/Inc -I../Drivers/STM32F0xx_HAL_Driver/Inc -I../Drivers/STM32F0xx_HAL_Driver/Inc/Legacy -I../Drivers/CMSIS/Device/ST/STM32F0xx/Include -I../Drivers/CMSIS/Include -O0 -ffunction-sections -fdata-sections -Wall -fstack-usage -fcyclomatic-complexity -MMD -MP -MF"Core/Src/main.d" -MT"Core/Src/main.o" --specs=nano.specs -mfloat-abi=soft -mthumb -o "Core/Src/main.o"
arm-none-eabi-gcc -o "Keyboard.elf" @"objects.list"   -mcpu=cortex-m0 -T"C:\STM32\SausageMixer\Keyboard\STM32F030C8TX_FLASH.ld" --specs=nosys.specs -Wl,-Map="Keyboard.map" -Wl,--gc-sections -static --specs=nano.specs -mfloat-abi=soft -mthumb -Wl,--start-group -lc -lm -Wl,--end-group
Finished building target: Keyboard.elf
 
arm-none-eabi-size  Keyboard.elf 
arm-none-eabi-objdump -h -S Keyboard.elf  > "Keyboard.list"
   text	   data	    bss	    dec	    hex	filename
   9296	     12	   1804	  11112	   2b68	Keyboard.elf
Finished building: default.size.stdout
 
Finished building: Keyboard.list
 
11:14:42 **** Incremental Build of configuration Debug for project Keyboard ****
make -j12 all 
arm-none-eabi-size  Keyboard.elf 
   text	   data	    bss	    dec	    hex	filename
   9296	     12	   1804	  11112	   2b68	Keyboard.elf
Finished building: default.size.stdout
 
11:15:25 **** Incremental Build of configuration Debug for project Keyboard ****
make -j12 all 
arm-none-eabi-size  Keyboard.elf 
   text	   data	    bss	    dec	    hex	filename
   9296	     12	   1804	  11112	   2b68	Keyboard.elf
Finished building: default.size.stdout
 
11:16:34 **** Incremental Build of configuration Debug for project Keyboard ****
make -j12 all 
arm-none-eabi-size  Keyboard.elf 
   text	   data	    bss	    dec	    hex	filename
   9296	     12	   1804	  11112	   2b68	Keyboard.elf
Finished building: default.size.stdout
 
11:16:46 **** Incremental Build of configuration Debug for project Keyboard ****
make -j12 all 
arm-none-eabi-size  Keyboard.elf 
   text	   data	    bss	    dec	    hex	filename
   9296	     12	   1804	  11112	   2b68	Keyboard.elf
Finished building: default.size.stdout
 
11:17:31 **** Incremental Build of configuration Debug for project Keyboard ****
make -j12 all 
arm-none-eabi-size  Keyboard.elf 
   text	   data	    bss	    dec	    hex	filename
   9296	     12	   1804	  11112	   2b68	Keyboard.elf
Finished building: default.size.stdout
 
11:19:36 **** Incremental Build of configuration Debug for project Keyboard ****
make -j12 all 
arm-none-eabi-gcc "../Core/Src/main.c" -mcpu=cortex-m0 -std=gnu11 -g3 -DDEBUG -DUSE_HAL_DRIVER -DSTM32F030x8 -c -I../Core/Inc -I../Drivers/STM32F0xx_HAL_Driver/Inc -I../Drivers/STM32F0xx_HAL_Driver/Inc/Legacy -I../Drivers/CMSIS/Device/ST/STM32F0xx/Include -I../Drivers/CMSIS/Include -O0 -ffunction-sections -fdata-sections -Wall -fstack-usage -fcyclomatic-complexity -MMD -MP -MF"Core/Src/main.d" -MT"Core/Src/main.o" --specs=nano.specs -mfloat-abi=soft -mthumb -o "Core/Src/main.o"
arm-none-eabi-gcc -o "Keyboard.elf" @"objects.list"   -mcpu=cortex-m0 -T"C:\STM32\SausageMixer\Keyboard\STM32F030C8TX_FLASH.ld" --specs=nosys.specs -Wl,-Map="Keyboard.map" -Wl,--gc-sections -static --specs=nano.specs -mfloat-abi=soft -mthumb -Wl,--start-group -lc -lm -Wl,--end-group
Finished building target: Keyboard.elf
 
arm-none-eabi-size  Keyboard.elf 
arm-none-eabi-objdump -h -S Keyboard.elf  > "Keyboard.list"
   text	   data	    bss	    dec	    hex	filename
   9312	     12	   1804	  11128	   2b78	Keyboard.elf
Finished building: default.size.stdout
 
Finished building: Keyboard.list
 
11:20:37 **** Incremental Build of configuration Debug for project Keyboard ****
make -j12 all 
arm-none-eabi-size  Keyboard.elf 
   text	   data	    bss	    dec	    hex	filename
   9312	     12	   1804	  11128	   2b78	Keyboard.elf
Finished building: default.size.stdout
 
11:21:48 **** Incremental Build of configuration Debug for project Keyboard ****
make -j12 all 
arm-none-eabi-gcc "../Core/Src/main.c" -mcpu=cortex-m0 -std=gnu11 -g3 -DDEBUG -DUSE_HAL_DRIVER -DSTM32F030x8 -c -I../Core/Inc -I../Drivers/STM32F0xx_HAL_Driver/Inc -I../Drivers/STM32F0xx_HAL_Driver/Inc/Legacy -I../Drivers/CMSIS/Device/ST/STM32F0xx/Include -I../Drivers/CMSIS/Include -O0 -ffunction-sections -fdata-sections -Wall -fstack-usage -fcyclomatic-complexity -MMD -MP -MF"Core/Src/main.d" -MT"Core/Src/main.o" --specs=nano.specs -mfloat-abi=soft -mthumb -o "Core/Src/main.o"
arm-none-eabi-gcc -o "Keyboard.elf" @"objects.list"   -mcpu=cortex-m0 -T"C:\STM32\SausageMixer\Keyboard\STM32F030C8TX_FLASH.ld" --specs=nosys.specs -Wl,-Map="Keyboard.map" -Wl,--gc-sections -static --specs=nano.specs -mfloat-abi=soft -mthumb -Wl,--start-group -lc -lm -Wl,--end-group
Finished building target: Keyboard.elf
 
arm-none-eabi-size  Keyboard.elf 
arm-none-eabi-objdump -h -S Keyboard.elf  > "Keyboard.list"
   text	   data	    bss	    dec	    hex	filename
   8988	     12	   1804	  10804	   2a34	Keyboard.elf
Finished building: default.size.stdout
 
Finished building: Keyboard.list
 
11:22:49 **** Incremental Build of configuration Debug for project Motherboard ****
make -j12 all 
arm-none-eabi-gcc "../Core/Src/main.c" -mcpu=cortex-m3 -std=gnu11 -g3 -DDEBUG -DUSE_HAL_DRIVER -DSTM32F103xB -c -I../Core/Inc -I../Drivers/STM32F1xx_HAL_Driver/Inc/Legacy -I../Drivers/STM32F1xx_HAL_Driver/Inc -I../Drivers/CMSIS/Device/ST/STM32F1xx/Include -I../Drivers/CMSIS/Include -I../USB_DEVICE/App -I../USB_DEVICE/Target -I../Middlewares/ST/STM32_USB_Device_Library/Core/Inc -I../Middlewares/ST/STM32_USB_Device_Library/Class/CDC/Inc -O0 -ffunction-sections -fdata-sections -Wall -fstack-usage -fcyclomatic-complexity -MMD -MP -MF"Core/Src/main.d" -MT"Core/Src/main.o" --specs=nano.specs -mfloat-abi=soft -mthumb -o "Core/Src/main.o"
arm-none-eabi-gcc -o "Motherboard.elf" @"objects.list"   -mcpu=cortex-m3 -T"C:\STM32\SausageMixer\Motherboard\STM32F103C8TX_FLASH.ld" --specs=nosys.specs -Wl,-Map="Motherboard.map" -Wl,--gc-sections -static --specs=nano.specs -mfloat-abi=soft -mthumb -Wl,--start-group -lc -lm -Wl,--end-group
Finished building target: Motherboard.elf
 
arm-none-eabi-size  Motherboard.elf 
arm-none-eabi-objdump -h -S Motherboard.elf  > "Motherboard.list"
   text	   data	    bss	    dec	    hex	filename
  39804	    380	   6500	  46684	   b65c	Motherboard.elf
Finished building: default.size.stdout
 
Finished building: Motherboard.list
 
11:24:37 **** Incremental Build of configuration Debug for project Keyboard ****
make -j12 all 
arm-none-eabi-gcc "../Core/Src/main.c" -mcpu=cortex-m0 -std=gnu11 -g3 -DDEBUG -DUSE_HAL_DRIVER -DSTM32F030x8 -c -I../Core/Inc -I../Drivers/STM32F0xx_HAL_Driver/Inc -I../Drivers/STM32F0xx_HAL_Driver/Inc/Legacy -I../Drivers/CMSIS/Device/ST/STM32F0xx/Include -I../Drivers/CMSIS/Include -O0 -ffunction-sections -fdata-sections -Wall -fstack-usage -fcyclomatic-complexity -MMD -MP -MF"Core/Src/main.d" -MT"Core/Src/main.o" --specs=nano.specs -mfloat-abi=soft -mthumb -o "Core/Src/main.o"
arm-none-eabi-gcc -o "Keyboard.elf" @"objects.list"   -mcpu=cortex-m0 -T"C:\STM32\SausageMixer\Keyboard\STM32F030C8TX_FLASH.ld" --specs=nosys.specs -Wl,-Map="Keyboard.map" -Wl,--gc-sections -static --specs=nano.specs -mfloat-abi=soft -mthumb -Wl,--start-group -lc -lm -Wl,--end-group
Finished building target: Keyboard.elf
 
arm-none-eabi-size  Keyboard.elf 
arm-none-eabi-objdump -h -S Keyboard.elf  > "Keyboard.list"
   text	   data	    bss	    dec	    hex	filename
   9308	     12	   1804	  11124	   2b74	Keyboard.elf
Finished building: default.size.stdout
 
Finished building: Keyboard.list
 
11:32:23 **** Incremental Build of configuration Debug for project Motherboard ****
make -j12 all 
arm-none-eabi-gcc "../Core/Src/main.c" -mcpu=cortex-m3 -std=gnu11 -g3 -DDEBUG -DUSE_HAL_DRIVER -DSTM32F103xB -c -I../Core/Inc -I../Drivers/STM32F1xx_HAL_Driver/Inc/Legacy -I../Drivers/STM32F1xx_HAL_Driver/Inc -I../Drivers/CMSIS/Device/ST/STM32F1xx/Include -I../Drivers/CMSIS/Include -I../USB_DEVICE/App -I../USB_DEVICE/Target -I../Middlewares/ST/STM32_USB_Device_Library/Core/Inc -I../Middlewares/ST/STM32_USB_Device_Library/Class/CDC/Inc -O0 -ffunction-sections -fdata-sections -Wall -fstack-usage -fcyclomatic-complexity -MMD -MP -MF"Core/Src/main.d" -MT"Core/Src/main.o" --specs=nano.specs -mfloat-abi=soft -mthumb -o "Core/Src/main.o"
../Core/Src/main.c:60:13: warning: 'MX_GPIO_Init' used but never defined
   60 | static void MX_GPIO_Init(void);
      |             ^~~~~~~~~~~~
../Core/Src/main.c:61:13: warning: 'MX_I2C1_Init' used but never defined
   61 | static void MX_I2C1_Init(void);
      |             ^~~~~~~~~~~~
../Core/Src/main.c:62:13: warning: 'MX_RTC_Init' used but never defined
   62 | static void MX_RTC_Init(void);
      |             ^~~~~~~~~~~
../Core/Src/main.c:63:13: warning: 'MX_SPI1_Init' used but never defined
   63 | static void MX_SPI1_Init(void);
      |             ^~~~~~~~~~~~
../Core/Src/main.c:64:13: warning: 'MX_SPI2_Init' used but never defined
   64 | static void MX_SPI2_Init(void);
      |             ^~~~~~~~~~~~
arm-none-eabi-gcc -o "Motherboard.elf" @"objects.list"   -mcpu=cortex-m3 -T"C:\STM32\SausageMixer\Motherboard\STM32F103C8TX_FLASH.ld" --specs=nosys.specs -Wl,-Map="Motherboard.map" -Wl,--gc-sections -static --specs=nano.specs -mfloat-abi=soft -mthumb -Wl,--start-group -lc -lm -Wl,--end-group
C:/ST/STM32CubeIDE_1.13.0/STM32CubeIDE/plugins/com.st.stm32cube.ide.mcu.externaltools.gnu-tools-for-stm32.13.3.rel1.win32_1.0.0.202411081344/tools/bin/../lib/gcc/arm-none-eabi/13.3.1/../../../../arm-none-eabi/bin/ld.exe: ./Core/Src/main.o: in function `main':
C:/STM32/SausageMixer/Motherboard/Debug/../Core/Src/main.c:445:(.text.main+0xa): undefined reference to `SystemClock_Config'
C:/ST/STM32CubeIDE_1.13.0/STM32CubeIDE/plugins/com.st.stm32cube.ide.mcu.externaltools.gnu-tools-for-stm32.13.3.rel1.win32_1.0.0.202411081344/tools/bin/../lib/gcc/arm-none-eabi/13.3.1/../../../../arm-none-eabi/bin/ld.exe: C:/STM32/SausageMixer/Motherboard/Debug/../Core/Src/main.c:447:(.text.main+0xe): undefined reference to `MX_GPIO_Init'
C:/ST/STM32CubeIDE_1.13.0/STM32CubeIDE/plugins/com.st.stm32cube.ide.mcu.externaltools.gnu-tools-for-stm32.13.3.rel1.win32_1.0.0.202411081344/tools/bin/../lib/gcc/arm-none-eabi/13.3.1/../../../../arm-none-eabi/bin/ld.exe: C:/STM32/SausageMixer/Motherboard/Debug/../Core/Src/main.c:448:(.text.main+0x12): undefined reference to `MX_I2C1_Init'
C:/ST/STM32CubeIDE_1.13.0/STM32CubeIDE/plugins/com.st.stm32cube.ide.mcu.externaltools.gnu-tools-for-stm32.13.3.rel1.win32_1.0.0.202411081344/tools/bin/../lib/gcc/arm-none-eabi/13.3.1/../../../../arm-none-eabi/bin/ld.exe: C:/STM32/SausageMixer/Motherboard/Debug/../Core/Src/main.c:449:(.text.main+0x16): undefined reference to `MX_RTC_Init'
C:/ST/STM32CubeIDE_1.13.0/STM32CubeIDE/plugins/com.st.stm32cube.ide.mcu.externaltools.gnu-tools-for-stm32.13.3.rel1.win32_1.0.0.202411081344/tools/bin/../lib/gcc/arm-none-eabi/13.3.1/../../../../arm-none-eabi/bin/ld.exe: C:/STM32/SausageMixer/Motherboard/Debug/../Core/Src/main.c:450:(.text.main+0x1a): undefined reference to `MX_SPI1_Init'
C:/ST/STM32CubeIDE_1.13.0/STM32CubeIDE/plugins/com.st.stm32cube.ide.mcu.externaltools.gnu-tools-for-stm32.13.3.rel1.win32_1.0.0.202411081344/tools/bin/../lib/gcc/arm-none-eabi/13.3.1/../../../../arm-none-eabi/bin/ld.exe: C:/STM32/SausageMixer/Motherboard/Debug/../Core/Src/main.c:451:(.text.main+0x1e): undefined reference to `MX_SPI2_Init'
C:/ST/STM32CubeIDE_1.13.0/STM32CubeIDE/plugins/com.st.stm32cube.ide.mcu.externaltools.gnu-tools-for-stm32.13.3.rel1.win32_1.0.0.202411081344/tools/bin/../lib/gcc/arm-none-eabi/13.3.1/../../../../arm-none-eabi/bin/ld.exe: ./USB_DEVICE/App/usb_device.o: in function `MX_USB_DEVICE_Init':
C:/STM32/SausageMixer/Motherboard/Debug/../USB_DEVICE/App/usb_device.c:73:(.text.MX_USB_DEVICE_Init+0x14): undefined reference to `Error_Handler'
C:/ST/STM32CubeIDE_1.13.0/STM32CubeIDE/plugins/com.st.stm32cube.ide.mcu.externaltools.gnu-tools-for-stm32.13.3.rel1.win32_1.0.0.202411081344/tools/bin/../lib/gcc/arm-none-eabi/13.3.1/../../../../arm-none-eabi/bin/ld.exe: C:/STM32/SausageMixer/Motherboard/Debug/../USB_DEVICE/App/usb_device.c:77:(.text.MX_USB_DEVICE_Init+0x26): undefined reference to `Error_Handler'
C:/ST/STM32CubeIDE_1.13.0/STM32CubeIDE/plugins/com.st.stm32cube.ide.mcu.externaltools.gnu-tools-for-stm32.13.3.rel1.win32_1.0.0.202411081344/tools/bin/../lib/gcc/arm-none-eabi/13.3.1/../../../../arm-none-eabi/bin/ld.exe: C:/STM32/SausageMixer/Motherboard/Debug/../USB_DEVICE/App/usb_device.c:81:(.text.MX_USB_DEVICE_Init+0x38): undefined reference to `Error_Handler'
C:/ST/STM32CubeIDE_1.13.0/STM32CubeIDE/plugins/com.st.stm32cube.ide.mcu.externaltools.gnu-tools-for-stm32.13.3.rel1.win32_1.0.0.202411081344/tools/bin/../lib/gcc/arm-none-eabi/13.3.1/../../../../arm-none-eabi/bin/ld.exe: C:/STM32/SausageMixer/Motherboard/Debug/../USB_DEVICE/App/usb_device.c:85:(.text.MX_USB_DEVICE_Init+0x48): undefined reference to `Error_Handler'
C:/ST/STM32CubeIDE_1.13.0/STM32CubeIDE/plugins/com.st.stm32cube.ide.mcu.externaltools.gnu-tools-for-stm32.13.3.rel1.win32_1.0.0.202411081344/tools/bin/../lib/gcc/arm-none-eabi/13.3.1/../../../../arm-none-eabi/bin/ld.exe: ./USB_DEVICE/Target/usbd_conf.o: in function `HAL_PCD_ResetCallback':
C:/STM32/SausageMixer/Motherboard/Debug/../USB_DEVICE/Target/usbd_conf.c:180:(.text.HAL_PCD_ResetCallback+0x14): undefined reference to `Error_Handler'
C:/ST/STM32CubeIDE_1.13.0/STM32CubeIDE/plugins/com.st.stm32cube.ide.mcu.externaltools.gnu-tools-for-stm32.13.3.rel1.win32_1.0.0.202411081344/tools/bin/../lib/gcc/arm-none-eabi/13.3.1/../../../../arm-none-eabi/bin/ld.exe: ./USB_DEVICE/Target/usbd_conf.o:C:/STM32/SausageMixer/Motherboard/Debug/../USB_DEVICE/Target/usbd_conf.c:313: more undefined references to `Error_Handler' follow
collect2.exe: error: ld returned 1 exit status
make: *** [makefile:68: Motherboard.elf] Error 1
"make -j12 all" terminated with exit code 2. Build might be incomplete.
13:01:35 **** Incremental Build of configuration Debug for project Motherboard ****
make -j12 all 
arm-none-eabi-gcc "../Core/Src/main.c" -mcpu=cortex-m3 -std=gnu11 -g3 -DDEBUG -DUSE_HAL_DRIVER -DSTM32F103xB -c -I../Core/Inc -I../Drivers/STM32F1xx_HAL_Driver/Inc/Legacy -I../Drivers/STM32F1xx_HAL_Driver/Inc -I../Drivers/CMSIS/Device/ST/STM32F1xx/Include -I../Drivers/CMSIS/Include -I../USB_DEVICE/App -I../USB_DEVICE/Target -I../Middlewares/ST/STM32_USB_Device_Library/Core/Inc -I../Middlewares/ST/STM32_USB_Device_Library/Class/CDC/Inc -O0 -ffunction-sections -fdata-sections -Wall -fstack-usage -fcyclomatic-complexity -MMD -MP -MF"Core/Src/main.d" -MT"Core/Src/main.o" --specs=nano.specs -mfloat-abi=soft -mthumb -o "Core/Src/main.o"
../Core/Src/main.c:23:30: error: 'SPI_FRAME_SIZE' undeclared here (not in a function)
   23 | static uint8_t spi2_tx_frame[SPI_FRAME_SIZE];
      |                              ^~~~~~~~~~~~~~
../Core/Src/main.c: In function 'main':
../Core/Src/main.c:64:14: warning: variable 'params' set but not used [-Wunused-but-set-variable]
   64 |   MainParams params;
      |              ^~~~~~
../Core/Src/main.c: At top level:
../Core/Src/main.c:24:16: warning: 'spi2_rx_frame' defined but not used [-Wunused-variable]
   24 | static uint8_t spi2_rx_frame[SPI_FRAME_SIZE];
      |                ^~~~~~~~~~~~~
../Core/Src/main.c:23:16: warning: 'spi2_tx_frame' defined but not used [-Wunused-variable]
   23 | static uint8_t spi2_tx_frame[SPI_FRAME_SIZE];
      |                ^~~~~~~~~~~~~
make: *** [Core/Src/subdir.mk:40: Core/Src/main.o] Error 1
"make -j12 all" terminated with exit code 2. Build might be incomplete.
13:01:53 **** Incremental Build of configuration Debug for project Keyboard ****
make -j12 all 
arm-none-eabi-size  Keyboard.elf 
   text	   data	    bss	    dec	    hex	filename
   9308	     12	   1804	  11124	   2b74	Keyboard.elf
Finished building: default.size.stdout
 
13:01:54 **** Incremental Build of configuration Debug for project Motherboard ****
make -j12 all 
arm-none-eabi-gcc "../Core/Src/main.c" -mcpu=cortex-m3 -std=gnu11 -g3 -DDEBUG -DUSE_HAL_DRIVER -DSTM32F103xB -c -I../Core/Inc -I../Drivers/STM32F1xx_HAL_Driver/Inc/Legacy -I../Drivers/STM32F1xx_HAL_Driver/Inc -I../Drivers/CMSIS/Device/ST/STM32F1xx/Include -I../Drivers/CMSIS/Include -I../USB_DEVICE/App -I../USB_DEVICE/Target -I../Middlewares/ST/STM32_USB_Device_Library/Core/Inc -I../Middlewares/ST/STM32_USB_Device_Library/Class/CDC/Inc -O0 -ffunction-sections -fdata-sections -Wall -fstack-usage -fcyclomatic-complexity -MMD -MP -MF"Core/Src/main.d" -MT"Core/Src/main.o" --specs=nano.specs -mfloat-abi=soft -mthumb -o "Core/Src/main.o"
../Core/Src/main.c: In function 'main':
../Core/Src/main.c:61:14: warning: variable 'params' set but not used [-Wunused-but-set-variable]
   61 |   MainParams params;
      |              ^~~~~~
arm-none-eabi-gcc -o "Motherboard.elf" @"objects.list"   -mcpu=cortex-m3 -T"C:\STM32\SausageMixer\Motherboard\STM32F103C8TX_FLASH.ld" --specs=nosys.specs -Wl,-Map="Motherboard.map" -Wl,--gc-sections -static --specs=nano.specs -mfloat-abi=soft -mthumb -Wl,--start-group -lc -lm -Wl,--end-group
Finished building target: Motherboard.elf
 
arm-none-eabi-size  Motherboard.elf 
arm-none-eabi-objdump -h -S Motherboard.elf  > "Motherboard.list"
   text	   data	    bss	    dec	    hex	filename
  38192	    380	   6420	  44992	   afc0	Motherboard.elf
Finished building: default.size.stdout
 
Finished building: Motherboard.list
 
13:02:04 **** Incremental Build of configuration Debug for project Keyboard ****
make -j12 all 
arm-none-eabi-size  Keyboard.elf 
   text	   data	    bss	    dec	    hex	filename
   9308	     12	   1804	  11124	   2b74	Keyboard.elf
Finished building: default.size.stdout
 
13:02:05 **** Incremental Build of configuration Debug for project Motherboard ****
make -j12 all 
arm-none-eabi-gcc "../Core/Src/main.c" -mcpu=cortex-m3 -std=gnu11 -g3 -DDEBUG -DUSE_HAL_DRIVER -DSTM32F103xB -c -I../Core/Inc -I../Drivers/STM32F1xx_HAL_Driver/Inc/Legacy -I../Drivers/STM32F1xx_HAL_Driver/Inc -I../Drivers/CMSIS/Device/ST/STM32F1xx/Include -I../Drivers/CMSIS/Include -I../USB_DEVICE/App -I../USB_DEVICE/Target -I../Middlewares/ST/STM32_USB_Device_Library/Core/Inc -I../Middlewares/ST/STM32_USB_Device_Library/Class/CDC/Inc -O0 -ffunction-sections -fdata-sections -Wall -fstack-usage -fcyclomatic-complexity -MMD -MP -MF"Core/Src/main.d" -MT"Core/Src/main.o" --specs=nano.specs -mfloat-abi=soft -mthumb -o "Core/Src/main.o"
arm-none-eabi-gcc -o "Motherboard.elf" @"objects.list"   -mcpu=cortex-m3 -T"C:\STM32\SausageMixer\Motherboard\STM32F103C8TX_FLASH.ld" --specs=nosys.specs -Wl,-Map="Motherboard.map" -Wl,--gc-sections -static --specs=nano.specs -mfloat-abi=soft -mthumb -Wl,--start-group -lc -lm -Wl,--end-group
Finished building target: Motherboard.elf
 
arm-none-eabi-size  Motherboard.elf 
arm-none-eabi-objdump -h -S Motherboard.elf  > "Motherboard.list"
   text	   data	    bss	    dec	    hex	filename
  38188	    380	   6420	  44988	   afbc	Motherboard.elf
Finished building: default.size.stdout
 
Finished building: Motherboard.list
 
13:02:09 **** Incremental Build of configuration Debug for project Motherboard ****
make -j12 all 
arm-none-eabi-size  Motherboard.elf 
   text	   data	    bss	    dec	    hex	filename
  38188	    380	   6420	  44988	   afbc	Motherboard.elf
Finished building: default.size.stdout
 
13:02:37 **** Incremental Build of configuration Debug for project Motherboard ****
make -j12 all 
arm-none-eabi-size  Motherboard.elf 
   text	   data	    bss	    dec	    hex	filename
  38188	    380	   6420	  44988	   afbc	Motherboard.elf
Finished building: default.size.stdout
 
13:02:48 **** Incremental Build of configuration Debug for project Motherboard ****
make -j12 all 
arm-none-eabi-size  Motherboard.elf 
   text	   data	    bss	    dec	    hex	filename
  38188	    380	   6420	  44988	   afbc	Motherboard.elf
Finished building: default.size.stdout
 
13:03:05 **** Incremental Build of configuration Debug for project Motherboard ****
make -j12 all 
arm-none-eabi-size  Motherboard.elf 
   text	   data	    bss	    dec	    hex	filename
  38188	    380	   6420	  44988	   afbc	Motherboard.elf
Finished building: default.size.stdout
 
13:03:23 **** Incremental Build of configuration Debug for project Motherboard ****
make -j12 all 
arm-none-eabi-size  Motherboard.elf 
   text	   data	    bss	    dec	    hex	filename
  38188	    380	   6420	  44988	   afbc	Motherboard.elf
Finished building: default.size.stdout
 
13:03:41 **** Incremental Build of configuration Debug for project Motherboard ****
make -j12 all 
arm-none-eabi-size  Motherboard.elf 
   text	   data	    bss	    dec	    hex	filename
  38188	    380	   6420	  44988	   afbc	Motherboard.elf
Finished building: default.size.stdout
 
13:04:13 **** Incremental Build of configuration Debug for project Motherboard ****
make -j12 all 
arm-none-eabi-size  Motherboard.elf 
   text	   data	    bss	    dec	    hex	filename
  38188	    380	   6420	  44988	   afbc	Motherboard.elf
Finished building: default.size.stdout
 
13:04:58 **** Incremental Build of configuration Debug for project Motherboard ****
make -j12 all 
arm-none-eabi-size  Motherboard.elf 
   text	   data	    bss	    dec	    hex	filename
  38188	    380	   6420	  44988	   afbc	Motherboard.elf
Finished building: default.size.stdout
 
13:09:25 **** Incremental Build of configuration Debug for project Motherboard ****
make -j12 all 
arm-none-eabi-gcc "../Core/Src/main.c" -mcpu=cortex-m3 -std=gnu11 -g3 -DDEBUG -DUSE_HAL_DRIVER -DSTM32F103xB -c -I../Core/Inc -I../Drivers/STM32F1xx_HAL_Driver/Inc/Legacy -I../Drivers/STM32F1xx_HAL_Driver/Inc -I../Drivers/CMSIS/Device/ST/STM32F1xx/Include -I../Drivers/CMSIS/Include -I../USB_DEVICE/App -I../USB_DEVICE/Target -I../Middlewares/ST/STM32_USB_Device_Library/Core/Inc -I../Middlewares/ST/STM32_USB_Device_Library/Class/CDC/Inc -O0 -ffunction-sections -fdata-sections -Wall -fstack-usage -fcyclomatic-complexity -MMD -MP -MF"Core/Src/main.d" -MT"Core/Src/main.o" --specs=nano.specs -mfloat-abi=soft -mthumb -o "Core/Src/main.o"
arm-none-eabi-gcc -o "Motherboard.elf" @"objects.list"   -mcpu=cortex-m3 -T"C:\STM32\SausageMixer\Motherboard\STM32F103C8TX_FLASH.ld" --specs=nosys.specs -Wl,-Map="Motherboard.map" -Wl,--gc-sections -static --specs=nano.specs -mfloat-abi=soft -mthumb -Wl,--start-group -lc -lm -Wl,--end-group
Finished building target: Motherboard.elf
 
arm-none-eabi-size  Motherboard.elf 
arm-none-eabi-objdump -h -S Motherboard.elf  > "Motherboard.list"
   text	   data	    bss	    dec	    hex	filename
  38188	    380	   6420	  44988	   afbc	Motherboard.elf
Finished building: default.size.stdout
 
Finished building: Motherboard.list
 
13:09:54 **** Incremental Build of configuration Debug for project Motherboard ****
make -j12 all 
arm-none-eabi-size  Motherboard.elf 
   text	   data	    bss	    dec	    hex	filename
  38188	    380	   6420	  44988	   afbc	Motherboard.elf
Finished building: default.size.stdout
 
13:10:28 **** Incremental Build of configuration Debug for project Motherboard ****
make -j12 all 
arm-none-eabi-size  Motherboard.elf 
   text	   data	    bss	    dec	    hex	filename
  38188	    380	   6420	  44988	   afbc	Motherboard.elf
Finished building: default.size.stdout
 
13:11:15 **** Incremental Build of configuration Debug for project Motherboard ****
make -j12 all 
arm-none-eabi-size  Motherboard.elf 
   text	   data	    bss	    dec	    hex	filename
  38188	    380	   6420	  44988	   afbc	Motherboard.elf
Finished building: default.size.stdout
 
13:11:40 **** Incremental Build of configuration Debug for project Motherboard ****
make -j12 all 
arm-none-eabi-size  Motherboard.elf 
   text	   data	    bss	    dec	    hex	filename
  38188	    380	   6420	  44988	   afbc	Motherboard.elf
Finished building: default.size.stdout
 
13:12:32 **** Incremental Build of configuration Debug for project Motherboard ****
make -j12 all 
arm-none-eabi-size  Motherboard.elf 
   text	   data	    bss	    dec	    hex	filename
  38188	    380	   6420	  44988	   afbc	Motherboard.elf
Finished building: default.size.stdout
 
13:13:08 **** Incremental Build of configuration Debug for project Motherboard ****
make -j12 all 
arm-none-eabi-size  Motherboard.elf 
   text	   data	    bss	    dec	    hex	filename
  38188	    380	   6420	  44988	   afbc	Motherboard.elf
Finished building: default.size.stdout
 
13:13:45 **** Incremental Build of configuration Debug for project Motherboard ****
make -j12 all 
arm-none-eabi-size  Motherboard.elf 
   text	   data	    bss	    dec	    hex	filename
  38188	    380	   6420	  44988	   afbc	Motherboard.elf
Finished building: default.size.stdout
 
13:14:06 **** Incremental Build of configuration Debug for project Motherboard ****
make -j12 all 
arm-none-eabi-size  Motherboard.elf 
   text	   data	    bss	    dec	    hex	filename
  38188	    380	   6420	  44988	   afbc	Motherboard.elf
Finished building: default.size.stdout
 
13:14:40 **** Incremental Build of configuration Debug for project Motherboard ****
make -j12 all 
arm-none-eabi-size  Motherboard.elf 
   text	   data	    bss	    dec	    hex	filename
  38188	    380	   6420	  44988	   afbc	Motherboard.elf
Finished building: default.size.stdout
 
13:15:11 **** Incremental Build of configuration Debug for project Keyboard ****
make -j12 all 
arm-none-eabi-size  Keyboard.elf 
   text	   data	    bss	    dec	    hex	filename
   9308	     12	   1804	  11124	   2b74	Keyboard.elf
Finished building: default.size.stdout
 
13:15:11 **** Incremental Build of configuration Debug for project Motherboard ****
make -j12 all 
arm-none-eabi-size  Motherboard.elf 
   text	   data	    bss	    dec	    hex	filename
  38188	    380	   6420	  44988	   afbc	Motherboard.elf
Finished building: default.size.stdout
 
13:15:26 **** Incremental Build of configuration Debug for project Motherboard ****
make -j12 all 
arm-none-eabi-size  Motherboard.elf 
   text	   data	    bss	    dec	    hex	filename
  38188	    380	   6420	  44988	   afbc	Motherboard.elf
Finished building: default.size.stdout
 
13:17:20 **** Clean-only build of configuration Debug for project Keyboard ****
make -j12 clean 
rm -rf ./Drivers/STM32F0xx_HAL_Driver/Src/stm32f0xx_hal.cyclo ./Drivers/STM32F0xx_HAL_Driver/Src/stm32f0xx_hal.d ./Drivers/STM32F0xx_HAL_Driver/Src/stm32f0xx_hal.o ./Drivers/STM32F0xx_HAL_Driver/Src/stm32f0xx_hal.su ./Drivers/STM32F0xx_HAL_Driver/Src/stm32f0xx_hal_cortex.cyclo ./Drivers/STM32F0xx_HAL_Driver/Src/stm32f0xx_hal_cortex.d ./Drivers/STM32F0xx_HAL_Driver/Src/stm32f0xx_hal_cortex.o ./Drivers/STM32F0xx_HAL_Driver/Src/stm32f0xx_hal_cortex.su ./Drivers/STM32F0xx_HAL_Driver/Src/stm32f0xx_hal_dma.cyclo ./Drivers/STM32F0xx_HAL_Driver/Src/stm32f0xx_hal_dma.d ./Drivers/STM32F0xx_HAL_Driver/Src/stm32f0xx_hal_dma.o ./Drivers/STM32F0xx_HAL_Driver/Src/stm32f0xx_hal_dma.su ./Drivers/STM32F0xx_HAL_Driver/Src/stm32f0xx_hal_exti.cyclo ./Drivers/STM32F0xx_HAL_Driver/Src/stm32f0xx_hal_exti.d ./Drivers/STM32F0xx_HAL_Driver/Src/stm32f0xx_hal_exti.o ./Drivers/STM32F0xx_HAL_Driver/Src/stm32f0xx_hal_exti.su ./Drivers/STM32F0xx_HAL_Driver/Src/stm32f0xx_hal_flash.cyclo ./Drivers/STM32F0xx_HAL_Driver/Src/stm32f0xx_hal_flash.d ./Drivers/STM32F0xx_HAL_Driver/Src/stm32f0xx_hal_flash.o ./Drivers/STM32F0xx_HAL_Driver/Src/stm32f0xx_hal_flash.su ./Drivers/STM32F0xx_HAL_Driver/Src/stm32f0xx_hal_flash_ex.cyclo ./Drivers/STM32F0xx_HAL_Driver/Src/stm32f0xx_hal_flash_ex.d ./Drivers/STM32F0xx_HAL_Driver/Src/stm32f0xx_hal_flash_ex.o ./Drivers/STM32F0xx_HAL_Driver/Src/stm32f0xx_hal_flash_ex.su ./Drivers/STM32F0xx_HAL_Driver/Src/stm32f0xx_hal_gpio.cyclo ./Drivers/STM32F0xx_HAL_Driver/Src/stm32f0xx_hal_gpio.d ./Drivers/STM32F0xx_HAL_Driver/Src/stm32f0xx_hal_gpio.o ./Drivers/STM32F0xx_HAL_Driver/Src/stm32f0xx_hal_gpio.su ./Drivers/STM32F0xx_HAL_Driver/Src/stm32f0xx_hal_i2c.cyclo ./Drivers/STM32F0xx_HAL_Driver/Src/stm32f0xx_hal_i2c.d ./Drivers/STM32F0xx_HAL_Driver/Src/stm32f0xx_hal_i2c.o ./Drivers/STM32F0xx_HAL_Driver/Src/stm32f0xx_hal_i2c.su ./Drivers/STM32F0xx_HAL_Driver/Src/stm32f0xx_hal_i2c_ex.cyclo ./Drivers/STM32F0xx_HAL_Driver/Src/stm32f0xx_hal_i2c_ex.d ./Drivers/STM32F0xx_HAL_Driver/Src/stm32f0xx_hal_i2c_ex.o ./Drivers/STM32F0xx_HAL_Driver/Src/stm32f0xx_hal_i2c_ex.su ./Drivers/STM32F0xx_HAL_Driver/Src/stm32f0xx_hal_pwr.cyclo ./Drivers/STM32F0xx_HAL_Driver/Src/stm32f0xx_hal_pwr.d ./Drivers/STM32F0xx_HAL_Driver/Src/stm32f0xx_hal_pwr.o ./Drivers/STM32F0xx_HAL_Driver/Src/stm32f0xx_hal_pwr.su ./Drivers/STM32F0xx_HAL_Driver/Src/stm32f0xx_hal_pwr_ex.cyclo ./Drivers/STM32F0xx_HAL_Driver/Src/stm32f0xx_hal_pwr_ex.d ./Drivers/STM32F0xx_HAL_Driver/Src/stm32f0xx_hal_pwr_ex.o ./Drivers/STM32F0xx_HAL_Driver/Src/stm32f0xx_hal_pwr_ex.su ./Drivers/STM32F0xx_HAL_Driver/Src/stm32f0xx_hal_rcc.cyclo ./Drivers/STM32F0xx_HAL_Driver/Src/stm32f0xx_hal_rcc.d ./Drivers/STM32F0xx_HAL_Driver/Src/stm32f0xx_hal_rcc.o ./Drivers/STM32F0xx_HAL_Driver/Src/stm32f0xx_hal_rcc.su ./Drivers/STM32F0xx_HAL_Driver/Src/stm32f0xx_hal_rcc_ex.cyclo ./Drivers/STM32F0xx_HAL_Driver/Src/stm32f0xx_hal_rcc_ex.d ./Drivers/STM32F0xx_HAL_Driver/Src/stm32f0xx_hal_rcc_ex.o ./Drivers/STM32F0xx_HAL_Driver/Src/stm32f0xx_hal_rcc_ex.su ./Drivers/STM32F0xx_HAL_Driver/Src/stm32f0xx_hal_spi.cyclo ./Drivers/STM32F0xx_HAL_Driver/Src/stm32f0xx_hal_spi.d ./Drivers/STM32F0xx_HAL_Driver/Src/stm32f0xx_hal_spi.o ./Drivers/STM32F0xx_HAL_Driver/Src/stm32f0xx_hal_spi.su ./Drivers/STM32F0xx_HAL_Driver/Src/stm32f0xx_hal_spi_ex.cyclo ./Drivers/STM32F0xx_HAL_Driver/Src/stm32f0xx_hal_spi_ex.d ./Drivers/STM32F0xx_HAL_Driver/Src/stm32f0xx_hal_spi_ex.o ./Drivers/STM32F0xx_HAL_Driver/Src/stm32f0xx_hal_spi_ex.su
rm -rf ./Core/Startup/startup_stm32f030c8tx.d ./Core/Startup/startup_stm32f030c8tx.o
rm -rf ./Core/Src/main.cyclo ./Core/Src/main.d ./Core/Src/main.o ./Core/Src/main.su ./Core/Src/stm32f0xx_hal_msp.cyclo ./Core/Src/stm32f0xx_hal_msp.d ./Core/Src/stm32f0xx_hal_msp.o ./Core/Src/stm32f0xx_hal_msp.su ./Core/Src/stm32f0xx_it.cyclo ./Core/Src/stm32f0xx_it.d ./Core/Src/stm32f0xx_it.o ./Core/Src/stm32f0xx_it.su ./Core/Src/syscalls.cyclo ./Core/Src/syscalls.d ./Core/Src/syscalls.o ./Core/Src/syscalls.su ./Core/Src/sysmem.cyclo ./Core/Src/sysmem.d ./Core/Src/sysmem.o ./Core/Src/sysmem.su ./Core/Src/system_stm32f0xx.cyclo ./Core/Src/system_stm32f0xx.d ./Core/Src/system_stm32f0xx.o ./Core/Src/system_stm32f0xx.su ./Core/Src/wh0802d.cyclo ./Core/Src/wh0802d.d ./Core/Src/wh0802d.o ./Core/Src/wh0802d.su
rm -rf Keyboard.elf Keyboard.list Keyboard.map default.size.stdout
 
13:17:21 **** Clean-only build of configuration Debug for project Motherboard ****
make -j12 clean 
rm -rf ./USB_DEVICE/Target/usbd_conf.cyclo ./USB_DEVICE/Target/usbd_conf.d ./USB_DEVICE/Target/usbd_conf.o ./USB_DEVICE/Target/usbd_conf.su
rm -rf ./USB_DEVICE/App/usb_device.cyclo ./USB_DEVICE/App/usb_device.d ./USB_DEVICE/App/usb_device.o ./USB_DEVICE/App/usb_device.su ./USB_DEVICE/App/usbd_cdc_if.cyclo ./USB_DEVICE/App/usbd_cdc_if.d ./USB_DEVICE/App/usbd_cdc_if.o ./USB_DEVICE/App/usbd_cdc_if.su ./USB_DEVICE/App/usbd_desc.cyclo ./USB_DEVICE/App/usbd_desc.d ./USB_DEVICE/App/usbd_desc.o ./USB_DEVICE/App/usbd_desc.su
rm -rf ./Middlewares/ST/STM32_USB_Device_Library/Core/Src/usbd_core.cyclo ./Middlewares/ST/STM32_USB_Device_Library/Core/Src/usbd_core.d ./Middlewares/ST/STM32_USB_Device_Library/Core/Src/usbd_core.o ./Middlewares/ST/STM32_USB_Device_Library/Core/Src/usbd_core.su ./Middlewares/ST/STM32_USB_Device_Library/Core/Src/usbd_ctlreq.cyclo ./Middlewares/ST/STM32_USB_Device_Library/Core/Src/usbd_ctlreq.d ./Middlewares/ST/STM32_USB_Device_Library/Core/Src/usbd_ctlreq.o ./Middlewares/ST/STM32_USB_Device_Library/Core/Src/usbd_ctlreq.su ./Middlewares/ST/STM32_USB_Device_Library/Core/Src/usbd_ioreq.cyclo ./Middlewares/ST/STM32_USB_Device_Library/Core/Src/usbd_ioreq.d ./Middlewares/ST/STM32_USB_Device_Library/Core/Src/usbd_ioreq.o ./Middlewares/ST/STM32_USB_Device_Library/Core/Src/usbd_ioreq.su
rm -rf ./Middlewares/ST/STM32_USB_Device_Library/Class/CDC/Src/usbd_cdc.cyclo ./Middlewares/ST/STM32_USB_Device_Library/Class/CDC/Src/usbd_cdc.d ./Middlewares/ST/STM32_USB_Device_Library/Class/CDC/Src/usbd_cdc.o ./Middlewares/ST/STM32_USB_Device_Library/Class/CDC/Src/usbd_cdc.su
rm -rf ./Drivers/STM32F1xx_HAL_Driver/Src/stm32f1xx_hal.cyclo ./Drivers/STM32F1xx_HAL_Driver/Src/stm32f1xx_hal.d ./Drivers/STM32F1xx_HAL_Driver/Src/stm32f1xx_hal.o ./Drivers/STM32F1xx_HAL_Driver/Src/stm32f1xx_hal.su ./Drivers/STM32F1xx_HAL_Driver/Src/stm32f1xx_hal_cortex.cyclo ./Drivers/STM32F1xx_HAL_Driver/Src/stm32f1xx_hal_cortex.d ./Drivers/STM32F1xx_HAL_Driver/Src/stm32f1xx_hal_cortex.o ./Drivers/STM32F1xx_HAL_Driver/Src/stm32f1xx_hal_cortex.su ./Drivers/STM32F1xx_HAL_Driver/Src/stm32f1xx_hal_dma.cyclo ./Drivers/STM32F1xx_HAL_Driver/Src/stm32f1xx_hal_dma.d ./Drivers/STM32F1xx_HAL_Driver/Src/stm32f1xx_hal_dma.o ./Drivers/STM32F1xx_HAL_Driver/Src/stm32f1xx_hal_dma.su ./Drivers/STM32F1xx_HAL_Driver/Src/stm32f1xx_hal_exti.cyclo ./Drivers/STM32F1xx_HAL_Driver/Src/stm32f1xx_hal_exti.d ./Drivers/STM32F1xx_HAL_Driver/Src/stm32f1xx_hal_exti.o ./Drivers/STM32F1xx_HAL_Driver/Src/stm32f1xx_hal_exti.su ./Drivers/STM32F1xx_HAL_Driver/Src/stm32f1xx_hal_flash.cyclo ./Drivers/STM32F1xx_HAL_Driver/Src/stm32f1xx_hal_flash.d ./Drivers/STM32F1xx_HAL_Driver/Src/stm32f1xx_hal_flash.o ./Drivers/STM32F1xx_HAL_Driver/Src/stm32f1xx_hal_flash.su ./Drivers/STM32F1xx_HAL_Driver/Src/stm32f1xx_hal_flash_ex.cyclo ./Drivers/STM32F1xx_HAL_Driver/Src/stm32f1xx_hal_flash_ex.d ./Drivers/STM32F1xx_HAL_Driver/Src/stm32f1xx_hal_flash_ex.o ./Drivers/STM32F1xx_HAL_Driver/Src/stm32f1xx_hal_flash_ex.su ./Drivers/STM32F1xx_HAL_Driver/Src/stm32f1xx_hal_gpio.cyclo ./Drivers/STM32F1xx_HAL_Driver/Src/stm32f1xx_hal_gpio.d ./Drivers/STM32F1xx_HAL_Driver/Src/stm32f1xx_hal_gpio.o ./Drivers/STM32F1xx_HAL_Driver/Src/stm32f1xx_hal_gpio.su ./Drivers/STM32F1xx_HAL_Driver/Src/stm32f1xx_hal_gpio_ex.cyclo ./Drivers/STM32F1xx_HAL_Driver/Src/stm32f1xx_hal_gpio_ex.d ./Drivers/STM32F1xx_HAL_Driver/Src/stm32f1xx_hal_gpio_ex.o ./Drivers/STM32F1xx_HAL_Driver/Src/stm32f1xx_hal_gpio_ex.su ./Drivers/STM32F1xx_HAL_Driver/Src/stm32f1xx_hal_i2c.cyclo ./Drivers/STM32F1xx_HAL_Driver/Src/stm32f1xx_hal_i2c.d ./Drivers/STM32F1xx_HAL_Driver/Src/stm32f1xx_hal_i2c.o ./Drivers/STM32F1xx_HAL_Driver/Src/stm32f1xx_hal_i2c.su ./Drivers/STM32F1xx_HAL_Driver/Src/stm32f1xx_hal_pcd.cyclo ./Drivers/STM32F1xx_HAL_Driver/Src/stm32f1xx_hal_pcd.d ./Drivers/STM32F1xx_HAL_Driver/Src/stm32f1xx_hal_pcd.o ./Drivers/STM32F1xx_HAL_Driver/Src/stm32f1xx_hal_pcd.su ./Drivers/STM32F1xx_HAL_Driver/Src/stm32f1xx_hal_pcd_ex.cyclo ./Drivers/STM32F1xx_HAL_Driver/Src/stm32f1xx_hal_pcd_ex.d ./Drivers/STM32F1xx_HAL_Driver/Src/stm32f1xx_hal_pcd_ex.o ./Drivers/STM32F1xx_HAL_Driver/Src/stm32f1xx_hal_pcd_ex.su ./Drivers/STM32F1xx_HAL_Driver/Src/stm32f1xx_hal_pwr.cyclo ./Drivers/STM32F1xx_HAL_Driver/Src/stm32f1xx_hal_pwr.d ./Drivers/STM32F1xx_HAL_Driver/Src/stm32f1xx_hal_pwr.o ./Drivers/STM32F1xx_HAL_Driver/Src/stm32f1xx_hal_pwr.su ./Drivers/STM32F1xx_HAL_Driver/Src/stm32f1xx_hal_rcc.cyclo ./Drivers/STM32F1xx_HAL_Driver/Src/stm32f1xx_hal_rcc.d ./Drivers/STM32F1xx_HAL_Driver/Src/stm32f1xx_hal_rcc.o ./Drivers/STM32F1xx_HAL_Driver/Src/stm32f1xx_hal_rcc.su ./Drivers/STM32F1xx_HAL_Driver/Src/stm32f1xx_hal_rcc_ex.cyclo ./Drivers/STM32F1xx_HAL_Driver/Src/stm32f1xx_hal_rcc_ex.d ./Drivers/STM32F1xx_HAL_Driver/Src/stm32f1xx_hal_rcc_ex.o ./Drivers/STM32F1xx_HAL_Driver/Src/stm32f1xx_hal_rcc_ex.su ./Drivers/STM32F1xx_HAL_Driver/Src/stm32f1xx_hal_rtc.cyclo ./Drivers/STM32F1xx_HAL_Driver/Src/stm32f1xx_hal_rtc.d ./Drivers/STM32F1xx_HAL_Driver/Src/stm32f1xx_hal_rtc.o ./Drivers/STM32F1xx_HAL_Driver/Src/stm32f1xx_hal_rtc.su ./Drivers/STM32F1xx_HAL_Driver/Src/stm32f1xx_hal_rtc_ex.cyclo ./Drivers/STM32F1xx_HAL_Driver/Src/stm32f1xx_hal_rtc_ex.d ./Drivers/STM32F1xx_HAL_Driver/Src/stm32f1xx_hal_rtc_ex.o ./Drivers/STM32F1xx_HAL_Driver/Src/stm32f1xx_hal_rtc_ex.su ./Drivers/STM32F1xx_HAL_Driver/Src/stm32f1xx_hal_spi.cyclo ./Drivers/STM32F1xx_HAL_Driver/Src/stm32f1xx_hal_spi.d ./Drivers/STM32F1xx_HAL_Driver/Src/stm32f1xx_hal_spi.o ./Drivers/STM32F1xx_HAL_Driver/Src/stm32f1xx_hal_spi.su ./Drivers/STM32F1xx_HAL_Driver/Src/stm32f1xx_ll_usb.cyclo ./Drivers/STM32F1xx_HAL_Driver/Src/stm32f1xx_ll_usb.d ./Drivers/STM32F1xx_HAL_Driver/Src/stm32f1xx_ll_usb.o ./Drivers/STM32F1xx_HAL_Driver/Src/stm32f1xx_ll_usb.su
rm -rf ./Core/Startup/startup_stm32f103c8tx.d ./Core/Startup/startup_stm32f103c8tx.o
rm -rf ./Core/Src/ad5328.cyclo ./Core/Src/ad5328.d ./Core/Src/ad5328.o ./Core/Src/ad5328.su ./Core/Src/ads1115.cyclo ./Core/Src/ads1115.d ./Core/Src/ads1115.o ./Core/Src/ads1115.su ./Core/Src/main.cyclo ./Core/Src/main.d ./Core/Src/main.o ./Core/Src/main.su ./Core/Src/stm32f1xx_hal_msp.cyclo ./Core/Src/stm32f1xx_hal_msp.d ./Core/Src/stm32f1xx_hal_msp.o ./Core/Src/stm32f1xx_hal_msp.su ./Core/Src/stm32f1xx_it.cyclo ./Core/Src/stm32f1xx_it.d ./Core/Src/stm32f1xx_it.o ./Core/Src/stm32f1xx_it.su ./Core/Src/syscalls.cyclo ./Core/Src/syscalls.d ./Core/Src/syscalls.o ./Core/Src/syscalls.su ./Core/Src/sysmem.cyclo ./Core/Src/sysmem.d ./Core/Src/sysmem.o ./Core/Src/sysmem.su ./Core/Src/system_stm32f1xx.cyclo ./Core/Src/system_stm32f1xx.d ./Core/Src/system_stm32f1xx.o ./Core/Src/system_stm32f1xx.su
rm -rf Motherboard.elf Motherboard.list Motherboard.map default.size.stdout
 
13:17:21 **** Build of configuration Debug for project Keyboard ****
make -j12 all 
arm-none-eabi-gcc "../Drivers/STM32F0xx_HAL_Driver/Src/stm32f0xx_hal.c" -mcpu=cortex-m0 -std=gnu11 -g3 -DDEBUG -DUSE_HAL_DRIVER -DSTM32F030x8 -c -I../Core/Inc -I../Drivers/STM32F0xx_HAL_Driver/Inc -I../Drivers/STM32F0xx_HAL_Driver/Inc/Legacy -I../Drivers/CMSIS/Device/ST/STM32F0xx/Include -I../Drivers/CMSIS/Include -O0 -ffunction-sections -fdata-sections -Wall -fstack-usage -fcyclomatic-complexity -MMD -MP -MF"Drivers/STM32F0xx_HAL_Driver/Src/stm32f0xx_hal.d" -MT"Drivers/STM32F0xx_HAL_Driver/Src/stm32f0xx_hal.o" --specs=nano.specs -mfloat-abi=soft -mthumb -o "Drivers/STM32F0xx_HAL_Driver/Src/stm32f0xx_hal.o"
arm-none-eabi-gcc "../Drivers/STM32F0xx_HAL_Driver/Src/stm32f0xx_hal_cortex.c" -mcpu=cortex-m0 -std=gnu11 -g3 -DDEBUG -DUSE_HAL_DRIVER -DSTM32F030x8 -c -I../Core/Inc -I../Drivers/STM32F0xx_HAL_Driver/Inc -I../Drivers/STM32F0xx_HAL_Driver/Inc/Legacy -I../Drivers/CMSIS/Device/ST/STM32F0xx/Include -I../Drivers/CMSIS/Include -O0 -ffunction-sections -fdata-sections -Wall -fstack-usage -fcyclomatic-complexity -MMD -MP -MF"Drivers/STM32F0xx_HAL_Driver/Src/stm32f0xx_hal_cortex.d" -MT"Drivers/STM32F0xx_HAL_Driver/Src/stm32f0xx_hal_cortex.o" --specs=nano.specs -mfloat-abi=soft -mthumb -o "Drivers/STM32F0xx_HAL_Driver/Src/stm32f0xx_hal_cortex.o"
arm-none-eabi-gcc "../Drivers/STM32F0xx_HAL_Driver/Src/stm32f0xx_hal_dma.c" -mcpu=cortex-m0 -std=gnu11 -g3 -DDEBUG -DUSE_HAL_DRIVER -DSTM32F030x8 -c -I../Core/Inc -I../Drivers/STM32F0xx_HAL_Driver/Inc -I../Drivers/STM32F0xx_HAL_Driver/Inc/Legacy -I../Drivers/CMSIS/Device/ST/STM32F0xx/Include -I../Drivers/CMSIS/Include -O0 -ffunction-sections -fdata-sections -Wall -fstack-usage -fcyclomatic-complexity -MMD -MP -MF"Drivers/STM32F0xx_HAL_Driver/Src/stm32f0xx_hal_dma.d" -MT"Drivers/STM32F0xx_HAL_Driver/Src/stm32f0xx_hal_dma.o" --specs=nano.specs -mfloat-abi=soft -mthumb -o "Drivers/STM32F0xx_HAL_Driver/Src/stm32f0xx_hal_dma.o"
arm-none-eabi-gcc "../Drivers/STM32F0xx_HAL_Driver/Src/stm32f0xx_hal_exti.c" -mcpu=cortex-m0 -std=gnu11 -g3 -DDEBUG -DUSE_HAL_DRIVER -DSTM32F030x8 -c -I../Core/Inc -I../Drivers/STM32F0xx_HAL_Driver/Inc -I../Drivers/STM32F0xx_HAL_Driver/Inc/Legacy -I../Drivers/CMSIS/Device/ST/STM32F0xx/Include -I../Drivers/CMSIS/Include -O0 -ffunction-sections -fdata-sections -Wall -fstack-usage -fcyclomatic-complexity -MMD -MP -MF"Drivers/STM32F0xx_HAL_Driver/Src/stm32f0xx_hal_exti.d" -MT"Drivers/STM32F0xx_HAL_Driver/Src/stm32f0xx_hal_exti.o" --specs=nano.specs -mfloat-abi=soft -mthumb -o "Drivers/STM32F0xx_HAL_Driver/Src/stm32f0xx_hal_exti.o"
arm-none-eabi-gcc "../Drivers/STM32F0xx_HAL_Driver/Src/stm32f0xx_hal_flash.c" -mcpu=cortex-m0 -std=gnu11 -g3 -DDEBUG -DUSE_HAL_DRIVER -DSTM32F030x8 -c -I../Core/Inc -I../Drivers/STM32F0xx_HAL_Driver/Inc -I../Drivers/STM32F0xx_HAL_Driver/Inc/Legacy -I../Drivers/CMSIS/Device/ST/STM32F0xx/Include -I../Drivers/CMSIS/Include -O0 -ffunction-sections -fdata-sections -Wall -fstack-usage -fcyclomatic-complexity -MMD -MP -MF"Drivers/STM32F0xx_HAL_Driver/Src/stm32f0xx_hal_flash.d" -MT"Drivers/STM32F0xx_HAL_Driver/Src/stm32f0xx_hal_flash.o" --specs=nano.specs -mfloat-abi=soft -mthumb -o "Drivers/STM32F0xx_HAL_Driver/Src/stm32f0xx_hal_flash.o"
arm-none-eabi-gcc "../Drivers/STM32F0xx_HAL_Driver/Src/stm32f0xx_hal_flash_ex.c" -mcpu=cortex-m0 -std=gnu11 -g3 -DDEBUG -DUSE_HAL_DRIVER -DSTM32F030x8 -c -I../Core/Inc -I../Drivers/STM32F0xx_HAL_Driver/Inc -I../Drivers/STM32F0xx_HAL_Driver/Inc/Legacy -I../Drivers/CMSIS/Device/ST/STM32F0xx/Include -I../Drivers/CMSIS/Include -O0 -ffunction-sections -fdata-sections -Wall -fstack-usage -fcyclomatic-complexity -MMD -MP -MF"Drivers/STM32F0xx_HAL_Driver/Src/stm32f0xx_hal_flash_ex.d" -MT"Drivers/STM32F0xx_HAL_Driver/Src/stm32f0xx_hal_flash_ex.o" --specs=nano.specs -mfloat-abi=soft -mthumb -o "Drivers/STM32F0xx_HAL_Driver/Src/stm32f0xx_hal_flash_ex.o"
arm-none-eabi-gcc "../Drivers/STM32F0xx_HAL_Driver/Src/stm32f0xx_hal_gpio.c" -mcpu=cortex-m0 -std=gnu11 -g3 -DDEBUG -DUSE_HAL_DRIVER -DSTM32F030x8 -c -I../Core/Inc -I../Drivers/STM32F0xx_HAL_Driver/Inc -I../Drivers/STM32F0xx_HAL_Driver/Inc/Legacy -I../Drivers/CMSIS/Device/ST/STM32F0xx/Include -I../Drivers/CMSIS/Include -O0 -ffunction-sections -fdata-sections -Wall -fstack-usage -fcyclomatic-complexity -MMD -MP -MF"Drivers/STM32F0xx_HAL_Driver/Src/stm32f0xx_hal_gpio.d" -MT"Drivers/STM32F0xx_HAL_Driver/Src/stm32f0xx_hal_gpio.o" --specs=nano.specs -mfloat-abi=soft -mthumb -o "Drivers/STM32F0xx_HAL_Driver/Src/stm32f0xx_hal_gpio.o"
arm-none-eabi-gcc "../Drivers/STM32F0xx_HAL_Driver/Src/stm32f0xx_hal_i2c.c" -mcpu=cortex-m0 -std=gnu11 -g3 -DDEBUG -DUSE_HAL_DRIVER -DSTM32F030x8 -c -I../Core/Inc -I../Drivers/STM32F0xx_HAL_Driver/Inc -I../Drivers/STM32F0xx_HAL_Driver/Inc/Legacy -I../Drivers/CMSIS/Device/ST/STM32F0xx/Include -I../Drivers/CMSIS/Include -O0 -ffunction-sections -fdata-sections -Wall -fstack-usage -fcyclomatic-complexity -MMD -MP -MF"Drivers/STM32F0xx_HAL_Driver/Src/stm32f0xx_hal_i2c.d" -MT"Drivers/STM32F0xx_HAL_Driver/Src/stm32f0xx_hal_i2c.o" --specs=nano.specs -mfloat-abi=soft -mthumb -o "Drivers/STM32F0xx_HAL_Driver/Src/stm32f0xx_hal_i2c.o"
arm-none-eabi-gcc "../Drivers/STM32F0xx_HAL_Driver/Src/stm32f0xx_hal_i2c_ex.c" -mcpu=cortex-m0 -std=gnu11 -g3 -DDEBUG -DUSE_HAL_DRIVER -DSTM32F030x8 -c -I../Core/Inc -I../Drivers/STM32F0xx_HAL_Driver/Inc -I../Drivers/STM32F0xx_HAL_Driver/Inc/Legacy -I../Drivers/CMSIS/Device/ST/STM32F0xx/Include -I../Drivers/CMSIS/Include -O0 -ffunction-sections -fdata-sections -Wall -fstack-usage -fcyclomatic-complexity -MMD -MP -MF"Drivers/STM32F0xx_HAL_Driver/Src/stm32f0xx_hal_i2c_ex.d" -MT"Drivers/STM32F0xx_HAL_Driver/Src/stm32f0xx_hal_i2c_ex.o" --specs=nano.specs -mfloat-abi=soft -mthumb -o "Drivers/STM32F0xx_HAL_Driver/Src/stm32f0xx_hal_i2c_ex.o"
arm-none-eabi-gcc "../Drivers/STM32F0xx_HAL_Driver/Src/stm32f0xx_hal_pwr.c" -mcpu=cortex-m0 -std=gnu11 -g3 -DDEBUG -DUSE_HAL_DRIVER -DSTM32F030x8 -c -I../Core/Inc -I../Drivers/STM32F0xx_HAL_Driver/Inc -I../Drivers/STM32F0xx_HAL_Driver/Inc/Legacy -I../Drivers/CMSIS/Device/ST/STM32F0xx/Include -I../Drivers/CMSIS/Include -O0 -ffunction-sections -fdata-sections -Wall -fstack-usage -fcyclomatic-complexity -MMD -MP -MF"Drivers/STM32F0xx_HAL_Driver/Src/stm32f0xx_hal_pwr.d" -MT"Drivers/STM32F0xx_HAL_Driver/Src/stm32f0xx_hal_pwr.o" --specs=nano.specs -mfloat-abi=soft -mthumb -o "Drivers/STM32F0xx_HAL_Driver/Src/stm32f0xx_hal_pwr.o"
arm-none-eabi-gcc "../Drivers/STM32F0xx_HAL_Driver/Src/stm32f0xx_hal_pwr_ex.c" -mcpu=cortex-m0 -std=gnu11 -g3 -DDEBUG -DUSE_HAL_DRIVER -DSTM32F030x8 -c -I../Core/Inc -I../Drivers/STM32F0xx_HAL_Driver/Inc -I../Drivers/STM32F0xx_HAL_Driver/Inc/Legacy -I../Drivers/CMSIS/Device/ST/STM32F0xx/Include -I../Drivers/CMSIS/Include -O0 -ffunction-sections -fdata-sections -Wall -fstack-usage -fcyclomatic-complexity -MMD -MP -MF"Drivers/STM32F0xx_HAL_Driver/Src/stm32f0xx_hal_pwr_ex.d" -MT"Drivers/STM32F0xx_HAL_Driver/Src/stm32f0xx_hal_pwr_ex.o" --specs=nano.specs -mfloat-abi=soft -mthumb -o "Drivers/STM32F0xx_HAL_Driver/Src/stm32f0xx_hal_pwr_ex.o"
arm-none-eabi-gcc "../Drivers/STM32F0xx_HAL_Driver/Src/stm32f0xx_hal_rcc.c" -mcpu=cortex-m0 -std=gnu11 -g3 -DDEBUG -DUSE_HAL_DRIVER -DSTM32F030x8 -c -I../Core/Inc -I../Drivers/STM32F0xx_HAL_Driver/Inc -I../Drivers/STM32F0xx_HAL_Driver/Inc/Legacy -I../Drivers/CMSIS/Device/ST/STM32F0xx/Include -I../Drivers/CMSIS/Include -O0 -ffunction-sections -fdata-sections -Wall -fstack-usage -fcyclomatic-complexity -MMD -MP -MF"Drivers/STM32F0xx_HAL_Driver/Src/stm32f0xx_hal_rcc.d" -MT"Drivers/STM32F0xx_HAL_Driver/Src/stm32f0xx_hal_rcc.o" --specs=nano.specs -mfloat-abi=soft -mthumb -o "Drivers/STM32F0xx_HAL_Driver/Src/stm32f0xx_hal_rcc.o"
arm-none-eabi-gcc "../Drivers/STM32F0xx_HAL_Driver/Src/stm32f0xx_hal_rcc_ex.c" -mcpu=cortex-m0 -std=gnu11 -g3 -DDEBUG -DUSE_HAL_DRIVER -DSTM32F030x8 -c -I../Core/Inc -I../Drivers/STM32F0xx_HAL_Driver/Inc -I../Drivers/STM32F0xx_HAL_Driver/Inc/Legacy -I../Drivers/CMSIS/Device/ST/STM32F0xx/Include -I../Drivers/CMSIS/Include -O0 -ffunction-sections -fdata-sections -Wall -fstack-usage -fcyclomatic-complexity -MMD -MP -MF"Drivers/STM32F0xx_HAL_Driver/Src/stm32f0xx_hal_rcc_ex.d" -MT"Drivers/STM32F0xx_HAL_Driver/Src/stm32f0xx_hal_rcc_ex.o" --specs=nano.specs -mfloat-abi=soft -mthumb -o "Drivers/STM32F0xx_HAL_Driver/Src/stm32f0xx_hal_rcc_ex.o"
arm-none-eabi-gcc "../Drivers/STM32F0xx_HAL_Driver/Src/stm32f0xx_hal_spi.c" -mcpu=cortex-m0 -std=gnu11 -g3 -DDEBUG -DUSE_HAL_DRIVER -DSTM32F030x8 -c -I../Core/Inc -I../Drivers/STM32F0xx_HAL_Driver/Inc -I../Drivers/STM32F0xx_HAL_Driver/Inc/Legacy -I../Drivers/CMSIS/Device/ST/STM32F0xx/Include -I../Drivers/CMSIS/Include -O0 -ffunction-sections -fdata-sections -Wall -fstack-usage -fcyclomatic-complexity -MMD -MP -MF"Drivers/STM32F0xx_HAL_Driver/Src/stm32f0xx_hal_spi.d" -MT"Drivers/STM32F0xx_HAL_Driver/Src/stm32f0xx_hal_spi.o" --specs=nano.specs -mfloat-abi=soft -mthumb -o "Drivers/STM32F0xx_HAL_Driver/Src/stm32f0xx_hal_spi.o"
arm-none-eabi-gcc "../Drivers/STM32F0xx_HAL_Driver/Src/stm32f0xx_hal_spi_ex.c" -mcpu=cortex-m0 -std=gnu11 -g3 -DDEBUG -DUSE_HAL_DRIVER -DSTM32F030x8 -c -I../Core/Inc -I../Drivers/STM32F0xx_HAL_Driver/Inc -I../Drivers/STM32F0xx_HAL_Driver/Inc/Legacy -I../Drivers/CMSIS/Device/ST/STM32F0xx/Include -I../Drivers/CMSIS/Include -O0 -ffunction-sections -fdata-sections -Wall -fstack-usage -fcyclomatic-complexity -MMD -MP -MF"Drivers/STM32F0xx_HAL_Driver/Src/stm32f0xx_hal_spi_ex.d" -MT"Drivers/STM32F0xx_HAL_Driver/Src/stm32f0xx_hal_spi_ex.o" --specs=nano.specs -mfloat-abi=soft -mthumb -o "Drivers/STM32F0xx_HAL_Driver/Src/stm32f0xx_hal_spi_ex.o"
arm-none-eabi-gcc -mcpu=cortex-m0 -g3 -DDEBUG -c -x assembler-with-cpp -MMD -MP -MF"Core/Startup/startup_stm32f030c8tx.d" -MT"Core/Startup/startup_stm32f030c8tx.o" --specs=nano.specs -mfloat-abi=soft -mthumb -o "Core/Startup/startup_stm32f030c8tx.o" "../Core/Startup/startup_stm32f030c8tx.s"
arm-none-eabi-gcc "../Core/Src/main.c" -mcpu=cortex-m0 -std=gnu11 -g3 -DDEBUG -DUSE_HAL_DRIVER -DSTM32F030x8 -c -I../Core/Inc -I../Drivers/STM32F0xx_HAL_Driver/Inc -I../Drivers/STM32F0xx_HAL_Driver/Inc/Legacy -I../Drivers/CMSIS/Device/ST/STM32F0xx/Include -I../Drivers/CMSIS/Include -O0 -ffunction-sections -fdata-sections -Wall -fstack-usage -fcyclomatic-complexity -MMD -MP -MF"Core/Src/main.d" -MT"Core/Src/main.o" --specs=nano.specs -mfloat-abi=soft -mthumb -o "Core/Src/main.o"
arm-none-eabi-gcc "../Core/Src/stm32f0xx_hal_msp.c" -mcpu=cortex-m0 -std=gnu11 -g3 -DDEBUG -DUSE_HAL_DRIVER -DSTM32F030x8 -c -I../Core/Inc -I../Drivers/STM32F0xx_HAL_Driver/Inc -I../Drivers/STM32F0xx_HAL_Driver/Inc/Legacy -I../Drivers/CMSIS/Device/ST/STM32F0xx/Include -I../Drivers/CMSIS/Include -O0 -ffunction-sections -fdata-sections -Wall -fstack-usage -fcyclomatic-complexity -MMD -MP -MF"Core/Src/stm32f0xx_hal_msp.d" -MT"Core/Src/stm32f0xx_hal_msp.o" --specs=nano.specs -mfloat-abi=soft -mthumb -o "Core/Src/stm32f0xx_hal_msp.o"
arm-none-eabi-gcc "../Core/Src/stm32f0xx_it.c" -mcpu=cortex-m0 -std=gnu11 -g3 -DDEBUG -DUSE_HAL_DRIVER -DSTM32F030x8 -c -I../Core/Inc -I../Drivers/STM32F0xx_HAL_Driver/Inc -I../Drivers/STM32F0xx_HAL_Driver/Inc/Legacy -I../Drivers/CMSIS/Device/ST/STM32F0xx/Include -I../Drivers/CMSIS/Include -O0 -ffunction-sections -fdata-sections -Wall -fstack-usage -fcyclomatic-complexity -MMD -MP -MF"Core/Src/stm32f0xx_it.d" -MT"Core/Src/stm32f0xx_it.o" --specs=nano.specs -mfloat-abi=soft -mthumb -o "Core/Src/stm32f0xx_it.o"
arm-none-eabi-gcc "../Core/Src/syscalls.c" -mcpu=cortex-m0 -std=gnu11 -g3 -DDEBUG -DUSE_HAL_DRIVER -DSTM32F030x8 -c -I../Core/Inc -I../Drivers/STM32F0xx_HAL_Driver/Inc -I../Drivers/STM32F0xx_HAL_Driver/Inc/Legacy -I../Drivers/CMSIS/Device/ST/STM32F0xx/Include -I../Drivers/CMSIS/Include -O0 -ffunction-sections -fdata-sections -Wall -fstack-usage -fcyclomatic-complexity -MMD -MP -MF"Core/Src/syscalls.d" -MT"Core/Src/syscalls.o" --specs=nano.specs -mfloat-abi=soft -mthumb -o "Core/Src/syscalls.o"
arm-none-eabi-gcc "../Core/Src/sysmem.c" -mcpu=cortex-m0 -std=gnu11 -g3 -DDEBUG -DUSE_HAL_DRIVER -DSTM32F030x8 -c -I../Core/Inc -I../Drivers/STM32F0xx_HAL_Driver/Inc -I../Drivers/STM32F0xx_HAL_Driver/Inc/Legacy -I../Drivers/CMSIS/Device/ST/STM32F0xx/Include -I../Drivers/CMSIS/Include -O0 -ffunction-sections -fdata-sections -Wall -fstack-usage -fcyclomatic-complexity -MMD -MP -MF"Core/Src/sysmem.d" -MT"Core/Src/sysmem.o" --specs=nano.specs -mfloat-abi=soft -mthumb -o "Core/Src/sysmem.o"
arm-none-eabi-gcc "../Core/Src/system_stm32f0xx.c" -mcpu=cortex-m0 -std=gnu11 -g3 -DDEBUG -DUSE_HAL_DRIVER -DSTM32F030x8 -c -I../Core/Inc -I../Drivers/STM32F0xx_HAL_Driver/Inc -I../Drivers/STM32F0xx_HAL_Driver/Inc/Legacy -I../Drivers/CMSIS/Device/ST/STM32F0xx/Include -I../Drivers/CMSIS/Include -O0 -ffunction-sections -fdata-sections -Wall -fstack-usage -fcyclomatic-complexity -MMD -MP -MF"Core/Src/system_stm32f0xx.d" -MT"Core/Src/system_stm32f0xx.o" --specs=nano.specs -mfloat-abi=soft -mthumb -o "Core/Src/system_stm32f0xx.o"
arm-none-eabi-gcc "../Core/Src/wh0802d.c" -mcpu=cortex-m0 -std=gnu11 -g3 -DDEBUG -DUSE_HAL_DRIVER -DSTM32F030x8 -c -I../Core/Inc -I../Drivers/STM32F0xx_HAL_Driver/Inc -I../Drivers/STM32F0xx_HAL_Driver/Inc/Legacy -I../Drivers/CMSIS/Device/ST/STM32F0xx/Include -I../Drivers/CMSIS/Include -O0 -ffunction-sections -fdata-sections -Wall -fstack-usage -fcyclomatic-complexity -MMD -MP -MF"Core/Src/wh0802d.d" -MT"Core/Src/wh0802d.o" --specs=nano.specs -mfloat-abi=soft -mthumb -o "Core/Src/wh0802d.o"
arm-none-eabi-gcc -o "Keyboard.elf" @"objects.list"   -mcpu=cortex-m0 -T"C:\STM32\SausageMixer\Keyboard\STM32F030C8TX_FLASH.ld" --specs=nosys.specs -Wl,-Map="Keyboard.map" -Wl,--gc-sections -static --specs=nano.specs -mfloat-abi=soft -mthumb -Wl,--start-group -lc -lm -Wl,--end-group
Finished building target: Keyboard.elf
 
arm-none-eabi-size  Keyboard.elf 
arm-none-eabi-objdump -h -S Keyboard.elf  > "Keyboard.list"
   text	   data	    bss	    dec	    hex	filename
   9308	     12	   1804	  11124	   2b74	Keyboard.elf
Finished building: default.size.stdout
 
Finished building: Keyboard.list
 
13:17:25 **** Build of configuration Debug for project Motherboard ****
make -j12 all 
arm-none-eabi-gcc "../USB_DEVICE/Target/usbd_conf.c" -mcpu=cortex-m3 -std=gnu11 -g3 -DDEBUG -DUSE_HAL_DRIVER -DSTM32F103xB -c -I../Core/Inc -I../Drivers/STM32F1xx_HAL_Driver/Inc/Legacy -I../Drivers/STM32F1xx_HAL_Driver/Inc -I../Drivers/CMSIS/Device/ST/STM32F1xx/Include -I../Drivers/CMSIS/Include -I../USB_DEVICE/App -I../USB_DEVICE/Target -I../Middlewares/ST/STM32_USB_Device_Library/Core/Inc -I../Middlewares/ST/STM32_USB_Device_Library/Class/CDC/Inc -O0 -ffunction-sections -fdata-sections -Wall -fstack-usage -fcyclomatic-complexity -MMD -MP -MF"USB_DEVICE/Target/usbd_conf.d" -MT"USB_DEVICE/Target/usbd_conf.o" --specs=nano.specs -mfloat-abi=soft -mthumb -o "USB_DEVICE/Target/usbd_conf.o"
arm-none-eabi-gcc "../USB_DEVICE/App/usb_device.c" -mcpu=cortex-m3 -std=gnu11 -g3 -DDEBUG -DUSE_HAL_DRIVER -DSTM32F103xB -c -I../Core/Inc -I../Drivers/STM32F1xx_HAL_Driver/Inc/Legacy -I../Drivers/STM32F1xx_HAL_Driver/Inc -I../Drivers/CMSIS/Device/ST/STM32F1xx/Include -I../Drivers/CMSIS/Include -I../USB_DEVICE/App -I../USB_DEVICE/Target -I../Middlewares/ST/STM32_USB_Device_Library/Core/Inc -I../Middlewares/ST/STM32_USB_Device_Library/Class/CDC/Inc -O0 -ffunction-sections -fdata-sections -Wall -fstack-usage -fcyclomatic-complexity -MMD -MP -MF"USB_DEVICE/App/usb_device.d" -MT"USB_DEVICE/App/usb_device.o" --specs=nano.specs -mfloat-abi=soft -mthumb -o "USB_DEVICE/App/usb_device.o"
arm-none-eabi-gcc "../USB_DEVICE/App/usbd_cdc_if.c" -mcpu=cortex-m3 -std=gnu11 -g3 -DDEBUG -DUSE_HAL_DRIVER -DSTM32F103xB -c -I../Core/Inc -I../Drivers/STM32F1xx_HAL_Driver/Inc/Legacy -I../Drivers/STM32F1xx_HAL_Driver/Inc -I../Drivers/CMSIS/Device/ST/STM32F1xx/Include -I../Drivers/CMSIS/Include -I../USB_DEVICE/App -I../USB_DEVICE/Target -I../Middlewares/ST/STM32_USB_Device_Library/Core/Inc -I../Middlewares/ST/STM32_USB_Device_Library/Class/CDC/Inc -O0 -ffunction-sections -fdata-sections -Wall -fstack-usage -fcyclomatic-complexity -MMD -MP -MF"USB_DEVICE/App/usbd_cdc_if.d" -MT"USB_DEVICE/App/usbd_cdc_if.o" --specs=nano.specs -mfloat-abi=soft -mthumb -o "USB_DEVICE/App/usbd_cdc_if.o"
arm-none-eabi-gcc "../USB_DEVICE/App/usbd_desc.c" -mcpu=cortex-m3 -std=gnu11 -g3 -DDEBUG -DUSE_HAL_DRIVER -DSTM32F103xB -c -I../Core/Inc -I../Drivers/STM32F1xx_HAL_Driver/Inc/Legacy -I../Drivers/STM32F1xx_HAL_Driver/Inc -I../Drivers/CMSIS/Device/ST/STM32F1xx/Include -I../Drivers/CMSIS/Include -I../USB_DEVICE/App -I../USB_DEVICE/Target -I../Middlewares/ST/STM32_USB_Device_Library/Core/Inc -I../Middlewares/ST/STM32_USB_Device_Library/Class/CDC/Inc -O0 -ffunction-sections -fdata-sections -Wall -fstack-usage -fcyclomatic-complexity -MMD -MP -MF"USB_DEVICE/App/usbd_desc.d" -MT"USB_DEVICE/App/usbd_desc.o" --specs=nano.specs -mfloat-abi=soft -mthumb -o "USB_DEVICE/App/usbd_desc.o"
arm-none-eabi-gcc "../Middlewares/ST/STM32_USB_Device_Library/Core/Src/usbd_core.c" -mcpu=cortex-m3 -std=gnu11 -g3 -DDEBUG -DUSE_HAL_DRIVER -DSTM32F103xB -c -I../Core/Inc -I../Drivers/STM32F1xx_HAL_Driver/Inc/Legacy -I../Drivers/STM32F1xx_HAL_Driver/Inc -I../Drivers/CMSIS/Device/ST/STM32F1xx/Include -I../Drivers/CMSIS/Include -I../USB_DEVICE/App -I../USB_DEVICE/Target -I../Middlewares/ST/STM32_USB_Device_Library/Core/Inc -I../Middlewares/ST/STM32_USB_Device_Library/Class/CDC/Inc -O0 -ffunction-sections -fdata-sections -Wall -fstack-usage -fcyclomatic-complexity -MMD -MP -MF"Middlewares/ST/STM32_USB_Device_Library/Core/Src/usbd_core.d" -MT"Middlewares/ST/STM32_USB_Device_Library/Core/Src/usbd_core.o" --specs=nano.specs -mfloat-abi=soft -mthumb -o "Middlewares/ST/STM32_USB_Device_Library/Core/Src/usbd_core.o"
arm-none-eabi-gcc "../Middlewares/ST/STM32_USB_Device_Library/Core/Src/usbd_ctlreq.c" -mcpu=cortex-m3 -std=gnu11 -g3 -DDEBUG -DUSE_HAL_DRIVER -DSTM32F103xB -c -I../Core/Inc -I../Drivers/STM32F1xx_HAL_Driver/Inc/Legacy -I../Drivers/STM32F1xx_HAL_Driver/Inc -I../Drivers/CMSIS/Device/ST/STM32F1xx/Include -I../Drivers/CMSIS/Include -I../USB_DEVICE/App -I../USB_DEVICE/Target -I../Middlewares/ST/STM32_USB_Device_Library/Core/Inc -I../Middlewares/ST/STM32_USB_Device_Library/Class/CDC/Inc -O0 -ffunction-sections -fdata-sections -Wall -fstack-usage -fcyclomatic-complexity -MMD -MP -MF"Middlewares/ST/STM32_USB_Device_Library/Core/Src/usbd_ctlreq.d" -MT"Middlewares/ST/STM32_USB_Device_Library/Core/Src/usbd_ctlreq.o" --specs=nano.specs -mfloat-abi=soft -mthumb -o "Middlewares/ST/STM32_USB_Device_Library/Core/Src/usbd_ctlreq.o"
arm-none-eabi-gcc "../Middlewares/ST/STM32_USB_Device_Library/Core/Src/usbd_ioreq.c" -mcpu=cortex-m3 -std=gnu11 -g3 -DDEBUG -DUSE_HAL_DRIVER -DSTM32F103xB -c -I../Core/Inc -I../Drivers/STM32F1xx_HAL_Driver/Inc/Legacy -I../Drivers/STM32F1xx_HAL_Driver/Inc -I../Drivers/CMSIS/Device/ST/STM32F1xx/Include -I../Drivers/CMSIS/Include -I../USB_DEVICE/App -I../USB_DEVICE/Target -I../Middlewares/ST/STM32_USB_Device_Library/Core/Inc -I../Middlewares/ST/STM32_USB_Device_Library/Class/CDC/Inc -O0 -ffunction-sections -fdata-sections -Wall -fstack-usage -fcyclomatic-complexity -MMD -MP -MF"Middlewares/ST/STM32_USB_Device_Library/Core/Src/usbd_ioreq.d" -MT"Middlewares/ST/STM32_USB_Device_Library/Core/Src/usbd_ioreq.o" --specs=nano.specs -mfloat-abi=soft -mthumb -o "Middlewares/ST/STM32_USB_Device_Library/Core/Src/usbd_ioreq.o"
arm-none-eabi-gcc "../Middlewares/ST/STM32_USB_Device_Library/Class/CDC/Src/usbd_cdc.c" -mcpu=cortex-m3 -std=gnu11 -g3 -DDEBUG -DUSE_HAL_DRIVER -DSTM32F103xB -c -I../Core/Inc -I../Drivers/STM32F1xx_HAL_Driver/Inc/Legacy -I../Drivers/STM32F1xx_HAL_Driver/Inc -I../Drivers/CMSIS/Device/ST/STM32F1xx/Include -I../Drivers/CMSIS/Include -I../USB_DEVICE/App -I../USB_DEVICE/Target -I../Middlewares/ST/STM32_USB_Device_Library/Core/Inc -I../Middlewares/ST/STM32_USB_Device_Library/Class/CDC/Inc -O0 -ffunction-sections -fdata-sections -Wall -fstack-usage -fcyclomatic-complexity -MMD -MP -MF"Middlewares/ST/STM32_USB_Device_Library/Class/CDC/Src/usbd_cdc.d" -MT"Middlewares/ST/STM32_USB_Device_Library/Class/CDC/Src/usbd_cdc.o" --specs=nano.specs -mfloat-abi=soft -mthumb -o "Middlewares/ST/STM32_USB_Device_Library/Class/CDC/Src/usbd_cdc.o"
arm-none-eabi-gcc "../Drivers/STM32F1xx_HAL_Driver/Src/stm32f1xx_hal.c" -mcpu=cortex-m3 -std=gnu11 -g3 -DDEBUG -DUSE_HAL_DRIVER -DSTM32F103xB -c -I../Core/Inc -I../Drivers/STM32F1xx_HAL_Driver/Inc/Legacy -I../Drivers/STM32F1xx_HAL_Driver/Inc -I../Drivers/CMSIS/Device/ST/STM32F1xx/Include -I../Drivers/CMSIS/Include -I../USB_DEVICE/App -I../USB_DEVICE/Target -I../Middlewares/ST/STM32_USB_Device_Library/Core/Inc -I../Middlewares/ST/STM32_USB_Device_Library/Class/CDC/Inc -O0 -ffunction-sections -fdata-sections -Wall -fstack-usage -fcyclomatic-complexity -MMD -MP -MF"Drivers/STM32F1xx_HAL_Driver/Src/stm32f1xx_hal.d" -MT"Drivers/STM32F1xx_HAL_Driver/Src/stm32f1xx_hal.o" --specs=nano.specs -mfloat-abi=soft -mthumb -o "Drivers/STM32F1xx_HAL_Driver/Src/stm32f1xx_hal.o"
arm-none-eabi-gcc "../Drivers/STM32F1xx_HAL_Driver/Src/stm32f1xx_hal_cortex.c" -mcpu=cortex-m3 -std=gnu11 -g3 -DDEBUG -DUSE_HAL_DRIVER -DSTM32F103xB -c -I../Core/Inc -I../Drivers/STM32F1xx_HAL_Driver/Inc/Legacy -I../Drivers/STM32F1xx_HAL_Driver/Inc -I../Drivers/CMSIS/Device/ST/STM32F1xx/Include -I../Drivers/CMSIS/Include -I../USB_DEVICE/App -I../USB_DEVICE/Target -I../Middlewares/ST/STM32_USB_Device_Library/Core/Inc -I../Middlewares/ST/STM32_USB_Device_Library/Class/CDC/Inc -O0 -ffunction-sections -fdata-sections -Wall -fstack-usage -fcyclomatic-complexity -MMD -MP -MF"Drivers/STM32F1xx_HAL_Driver/Src/stm32f1xx_hal_cortex.d" -MT"Drivers/STM32F1xx_HAL_Driver/Src/stm32f1xx_hal_cortex.o" --specs=nano.specs -mfloat-abi=soft -mthumb -o "Drivers/STM32F1xx_HAL_Driver/Src/stm32f1xx_hal_cortex.o"
arm-none-eabi-gcc "../Drivers/STM32F1xx_HAL_Driver/Src/stm32f1xx_hal_dma.c" -mcpu=cortex-m3 -std=gnu11 -g3 -DDEBUG -DUSE_HAL_DRIVER -DSTM32F103xB -c -I../Core/Inc -I../Drivers/STM32F1xx_HAL_Driver/Inc/Legacy -I../Drivers/STM32F1xx_HAL_Driver/Inc -I../Drivers/CMSIS/Device/ST/STM32F1xx/Include -I../Drivers/CMSIS/Include -I../USB_DEVICE/App -I../USB_DEVICE/Target -I../Middlewares/ST/STM32_USB_Device_Library/Core/Inc -I../Middlewares/ST/STM32_USB_Device_Library/Class/CDC/Inc -O0 -ffunction-sections -fdata-sections -Wall -fstack-usage -fcyclomatic-complexity -MMD -MP -MF"Drivers/STM32F1xx_HAL_Driver/Src/stm32f1xx_hal_dma.d" -MT"Drivers/STM32F1xx_HAL_Driver/Src/stm32f1xx_hal_dma.o" --specs=nano.specs -mfloat-abi=soft -mthumb -o "Drivers/STM32F1xx_HAL_Driver/Src/stm32f1xx_hal_dma.o"
arm-none-eabi-gcc "../Drivers/STM32F1xx_HAL_Driver/Src/stm32f1xx_hal_exti.c" -mcpu=cortex-m3 -std=gnu11 -g3 -DDEBUG -DUSE_HAL_DRIVER -DSTM32F103xB -c -I../Core/Inc -I../Drivers/STM32F1xx_HAL_Driver/Inc/Legacy -I../Drivers/STM32F1xx_HAL_Driver/Inc -I../Drivers/CMSIS/Device/ST/STM32F1xx/Include -I../Drivers/CMSIS/Include -I../USB_DEVICE/App -I../USB_DEVICE/Target -I../Middlewares/ST/STM32_USB_Device_Library/Core/Inc -I../Middlewares/ST/STM32_USB_Device_Library/Class/CDC/Inc -O0 -ffunction-sections -fdata-sections -Wall -fstack-usage -fcyclomatic-complexity -MMD -MP -MF"Drivers/STM32F1xx_HAL_Driver/Src/stm32f1xx_hal_exti.d" -MT"Drivers/STM32F1xx_HAL_Driver/Src/stm32f1xx_hal_exti.o" --specs=nano.specs -mfloat-abi=soft -mthumb -o "Drivers/STM32F1xx_HAL_Driver/Src/stm32f1xx_hal_exti.o"
arm-none-eabi-gcc "../Drivers/STM32F1xx_HAL_Driver/Src/stm32f1xx_hal_flash.c" -mcpu=cortex-m3 -std=gnu11 -g3 -DDEBUG -DUSE_HAL_DRIVER -DSTM32F103xB -c -I../Core/Inc -I../Drivers/STM32F1xx_HAL_Driver/Inc/Legacy -I../Drivers/STM32F1xx_HAL_Driver/Inc -I../Drivers/CMSIS/Device/ST/STM32F1xx/Include -I../Drivers/CMSIS/Include -I../USB_DEVICE/App -I../USB_DEVICE/Target -I../Middlewares/ST/STM32_USB_Device_Library/Core/Inc -I../Middlewares/ST/STM32_USB_Device_Library/Class/CDC/Inc -O0 -ffunction-sections -fdata-sections -Wall -fstack-usage -fcyclomatic-complexity -MMD -MP -MF"Drivers/STM32F1xx_HAL_Driver/Src/stm32f1xx_hal_flash.d" -MT"Drivers/STM32F1xx_HAL_Driver/Src/stm32f1xx_hal_flash.o" --specs=nano.specs -mfloat-abi=soft -mthumb -o "Drivers/STM32F1xx_HAL_Driver/Src/stm32f1xx_hal_flash.o"
arm-none-eabi-gcc "../Drivers/STM32F1xx_HAL_Driver/Src/stm32f1xx_hal_flash_ex.c" -mcpu=cortex-m3 -std=gnu11 -g3 -DDEBUG -DUSE_HAL_DRIVER -DSTM32F103xB -c -I../Core/Inc -I../Drivers/STM32F1xx_HAL_Driver/Inc/Legacy -I../Drivers/STM32F1xx_HAL_Driver/Inc -I../Drivers/CMSIS/Device/ST/STM32F1xx/Include -I../Drivers/CMSIS/Include -I../USB_DEVICE/App -I../USB_DEVICE/Target -I../Middlewares/ST/STM32_USB_Device_Library/Core/Inc -I../Middlewares/ST/STM32_USB_Device_Library/Class/CDC/Inc -O0 -ffunction-sections -fdata-sections -Wall -fstack-usage -fcyclomatic-complexity -MMD -MP -MF"Drivers/STM32F1xx_HAL_Driver/Src/stm32f1xx_hal_flash_ex.d" -MT"Drivers/STM32F1xx_HAL_Driver/Src/stm32f1xx_hal_flash_ex.o" --specs=nano.specs -mfloat-abi=soft -mthumb -o "Drivers/STM32F1xx_HAL_Driver/Src/stm32f1xx_hal_flash_ex.o"
arm-none-eabi-gcc "../Drivers/STM32F1xx_HAL_Driver/Src/stm32f1xx_hal_gpio.c" -mcpu=cortex-m3 -std=gnu11 -g3 -DDEBUG -DUSE_HAL_DRIVER -DSTM32F103xB -c -I../Core/Inc -I../Drivers/STM32F1xx_HAL_Driver/Inc/Legacy -I../Drivers/STM32F1xx_HAL_Driver/Inc -I../Drivers/CMSIS/Device/ST/STM32F1xx/Include -I../Drivers/CMSIS/Include -I../USB_DEVICE/App -I../USB_DEVICE/Target -I../Middlewares/ST/STM32_USB_Device_Library/Core/Inc -I../Middlewares/ST/STM32_USB_Device_Library/Class/CDC/Inc -O0 -ffunction-sections -fdata-sections -Wall -fstack-usage -fcyclomatic-complexity -MMD -MP -MF"Drivers/STM32F1xx_HAL_Driver/Src/stm32f1xx_hal_gpio.d" -MT"Drivers/STM32F1xx_HAL_Driver/Src/stm32f1xx_hal_gpio.o" --specs=nano.specs -mfloat-abi=soft -mthumb -o "Drivers/STM32F1xx_HAL_Driver/Src/stm32f1xx_hal_gpio.o"
arm-none-eabi-gcc "../Drivers/STM32F1xx_HAL_Driver/Src/stm32f1xx_hal_gpio_ex.c" -mcpu=cortex-m3 -std=gnu11 -g3 -DDEBUG -DUSE_HAL_DRIVER -DSTM32F103xB -c -I../Core/Inc -I../Drivers/STM32F1xx_HAL_Driver/Inc/Legacy -I../Drivers/STM32F1xx_HAL_Driver/Inc -I../Drivers/CMSIS/Device/ST/STM32F1xx/Include -I../Drivers/CMSIS/Include -I../USB_DEVICE/App -I../USB_DEVICE/Target -I../Middlewares/ST/STM32_USB_Device_Library/Core/Inc -I../Middlewares/ST/STM32_USB_Device_Library/Class/CDC/Inc -O0 -ffunction-sections -fdata-sections -Wall -fstack-usage -fcyclomatic-complexity -MMD -MP -MF"Drivers/STM32F1xx_HAL_Driver/Src/stm32f1xx_hal_gpio_ex.d" -MT"Drivers/STM32F1xx_HAL_Driver/Src/stm32f1xx_hal_gpio_ex.o" --specs=nano.specs -mfloat-abi=soft -mthumb -o "Drivers/STM32F1xx_HAL_Driver/Src/stm32f1xx_hal_gpio_ex.o"
arm-none-eabi-gcc "../Drivers/STM32F1xx_HAL_Driver/Src/stm32f1xx_hal_i2c.c" -mcpu=cortex-m3 -std=gnu11 -g3 -DDEBUG -DUSE_HAL_DRIVER -DSTM32F103xB -c -I../Core/Inc -I../Drivers/STM32F1xx_HAL_Driver/Inc/Legacy -I../Drivers/STM32F1xx_HAL_Driver/Inc -I../Drivers/CMSIS/Device/ST/STM32F1xx/Include -I../Drivers/CMSIS/Include -I../USB_DEVICE/App -I../USB_DEVICE/Target -I../Middlewares/ST/STM32_USB_Device_Library/Core/Inc -I../Middlewares/ST/STM32_USB_Device_Library/Class/CDC/Inc -O0 -ffunction-sections -fdata-sections -Wall -fstack-usage -fcyclomatic-complexity -MMD -MP -MF"Drivers/STM32F1xx_HAL_Driver/Src/stm32f1xx_hal_i2c.d" -MT"Drivers/STM32F1xx_HAL_Driver/Src/stm32f1xx_hal_i2c.o" --specs=nano.specs -mfloat-abi=soft -mthumb -o "Drivers/STM32F1xx_HAL_Driver/Src/stm32f1xx_hal_i2c.o"
arm-none-eabi-gcc "../Drivers/STM32F1xx_HAL_Driver/Src/stm32f1xx_hal_pcd.c" -mcpu=cortex-m3 -std=gnu11 -g3 -DDEBUG -DUSE_HAL_DRIVER -DSTM32F103xB -c -I../Core/Inc -I../Drivers/STM32F1xx_HAL_Driver/Inc/Legacy -I../Drivers/STM32F1xx_HAL_Driver/Inc -I../Drivers/CMSIS/Device/ST/STM32F1xx/Include -I../Drivers/CMSIS/Include -I../USB_DEVICE/App -I../USB_DEVICE/Target -I../Middlewares/ST/STM32_USB_Device_Library/Core/Inc -I../Middlewares/ST/STM32_USB_Device_Library/Class/CDC/Inc -O0 -ffunction-sections -fdata-sections -Wall -fstack-usage -fcyclomatic-complexity -MMD -MP -MF"Drivers/STM32F1xx_HAL_Driver/Src/stm32f1xx_hal_pcd.d" -MT"Drivers/STM32F1xx_HAL_Driver/Src/stm32f1xx_hal_pcd.o" --specs=nano.specs -mfloat-abi=soft -mthumb -o "Drivers/STM32F1xx_HAL_Driver/Src/stm32f1xx_hal_pcd.o"
arm-none-eabi-gcc "../Drivers/STM32F1xx_HAL_Driver/Src/stm32f1xx_hal_pcd_ex.c" -mcpu=cortex-m3 -std=gnu11 -g3 -DDEBUG -DUSE_HAL_DRIVER -DSTM32F103xB -c -I../Core/Inc -I../Drivers/STM32F1xx_HAL_Driver/Inc/Legacy -I../Drivers/STM32F1xx_HAL_Driver/Inc -I../Drivers/CMSIS/Device/ST/STM32F1xx/Include -I../Drivers/CMSIS/Include -I../USB_DEVICE/App -I../USB_DEVICE/Target -I../Middlewares/ST/STM32_USB_Device_Library/Core/Inc -I../Middlewares/ST/STM32_USB_Device_Library/Class/CDC/Inc -O0 -ffunction-sections -fdata-sections -Wall -fstack-usage -fcyclomatic-complexity -MMD -MP -MF"Drivers/STM32F1xx_HAL_Driver/Src/stm32f1xx_hal_pcd_ex.d" -MT"Drivers/STM32F1xx_HAL_Driver/Src/stm32f1xx_hal_pcd_ex.o" --specs=nano.specs -mfloat-abi=soft -mthumb -o "Drivers/STM32F1xx_HAL_Driver/Src/stm32f1xx_hal_pcd_ex.o"
arm-none-eabi-gcc "../Drivers/STM32F1xx_HAL_Driver/Src/stm32f1xx_hal_pwr.c" -mcpu=cortex-m3 -std=gnu11 -g3 -DDEBUG -DUSE_HAL_DRIVER -DSTM32F103xB -c -I../Core/Inc -I../Drivers/STM32F1xx_HAL_Driver/Inc/Legacy -I../Drivers/STM32F1xx_HAL_Driver/Inc -I../Drivers/CMSIS/Device/ST/STM32F1xx/Include -I../Drivers/CMSIS/Include -I../USB_DEVICE/App -I../USB_DEVICE/Target -I../Middlewares/ST/STM32_USB_Device_Library/Core/Inc -I../Middlewares/ST/STM32_USB_Device_Library/Class/CDC/Inc -O0 -ffunction-sections -fdata-sections -Wall -fstack-usage -fcyclomatic-complexity -MMD -MP -MF"Drivers/STM32F1xx_HAL_Driver/Src/stm32f1xx_hal_pwr.d" -MT"Drivers/STM32F1xx_HAL_Driver/Src/stm32f1xx_hal_pwr.o" --specs=nano.specs -mfloat-abi=soft -mthumb -o "Drivers/STM32F1xx_HAL_Driver/Src/stm32f1xx_hal_pwr.o"
arm-none-eabi-gcc "../Drivers/STM32F1xx_HAL_Driver/Src/stm32f1xx_hal_rcc.c" -mcpu=cortex-m3 -std=gnu11 -g3 -DDEBUG -DUSE_HAL_DRIVER -DSTM32F103xB -c -I../Core/Inc -I../Drivers/STM32F1xx_HAL_Driver/Inc/Legacy -I../Drivers/STM32F1xx_HAL_Driver/Inc -I../Drivers/CMSIS/Device/ST/STM32F1xx/Include -I../Drivers/CMSIS/Include -I../USB_DEVICE/App -I../USB_DEVICE/Target -I../Middlewares/ST/STM32_USB_Device_Library/Core/Inc -I../Middlewares/ST/STM32_USB_Device_Library/Class/CDC/Inc -O0 -ffunction-sections -fdata-sections -Wall -fstack-usage -fcyclomatic-complexity -MMD -MP -MF"Drivers/STM32F1xx_HAL_Driver/Src/stm32f1xx_hal_rcc.d" -MT"Drivers/STM32F1xx_HAL_Driver/Src/stm32f1xx_hal_rcc.o" --specs=nano.specs -mfloat-abi=soft -mthumb -o "Drivers/STM32F1xx_HAL_Driver/Src/stm32f1xx_hal_rcc.o"
arm-none-eabi-gcc "../Drivers/STM32F1xx_HAL_Driver/Src/stm32f1xx_hal_rcc_ex.c" -mcpu=cortex-m3 -std=gnu11 -g3 -DDEBUG -DUSE_HAL_DRIVER -DSTM32F103xB -c -I../Core/Inc -I../Drivers/STM32F1xx_HAL_Driver/Inc/Legacy -I../Drivers/STM32F1xx_HAL_Driver/Inc -I../Drivers/CMSIS/Device/ST/STM32F1xx/Include -I../Drivers/CMSIS/Include -I../USB_DEVICE/App -I../USB_DEVICE/Target -I../Middlewares/ST/STM32_USB_Device_Library/Core/Inc -I../Middlewares/ST/STM32_USB_Device_Library/Class/CDC/Inc -O0 -ffunction-sections -fdata-sections -Wall -fstack-usage -fcyclomatic-complexity -MMD -MP -MF"Drivers/STM32F1xx_HAL_Driver/Src/stm32f1xx_hal_rcc_ex.d" -MT"Drivers/STM32F1xx_HAL_Driver/Src/stm32f1xx_hal_rcc_ex.o" --specs=nano.specs -mfloat-abi=soft -mthumb -o "Drivers/STM32F1xx_HAL_Driver/Src/stm32f1xx_hal_rcc_ex.o"
arm-none-eabi-gcc "../Drivers/STM32F1xx_HAL_Driver/Src/stm32f1xx_hal_rtc.c" -mcpu=cortex-m3 -std=gnu11 -g3 -DDEBUG -DUSE_HAL_DRIVER -DSTM32F103xB -c -I../Core/Inc -I../Drivers/STM32F1xx_HAL_Driver/Inc/Legacy -I../Drivers/STM32F1xx_HAL_Driver/Inc -I../Drivers/CMSIS/Device/ST/STM32F1xx/Include -I../Drivers/CMSIS/Include -I../USB_DEVICE/App -I../USB_DEVICE/Target -I../Middlewares/ST/STM32_USB_Device_Library/Core/Inc -I../Middlewares/ST/STM32_USB_Device_Library/Class/CDC/Inc -O0 -ffunction-sections -fdata-sections -Wall -fstack-usage -fcyclomatic-complexity -MMD -MP -MF"Drivers/STM32F1xx_HAL_Driver/Src/stm32f1xx_hal_rtc.d" -MT"Drivers/STM32F1xx_HAL_Driver/Src/stm32f1xx_hal_rtc.o" --specs=nano.specs -mfloat-abi=soft -mthumb -o "Drivers/STM32F1xx_HAL_Driver/Src/stm32f1xx_hal_rtc.o"
arm-none-eabi-gcc "../Drivers/STM32F1xx_HAL_Driver/Src/stm32f1xx_hal_rtc_ex.c" -mcpu=cortex-m3 -std=gnu11 -g3 -DDEBUG -DUSE_HAL_DRIVER -DSTM32F103xB -c -I../Core/Inc -I../Drivers/STM32F1xx_HAL_Driver/Inc/Legacy -I../Drivers/STM32F1xx_HAL_Driver/Inc -I../Drivers/CMSIS/Device/ST/STM32F1xx/Include -I../Drivers/CMSIS/Include -I../USB_DEVICE/App -I../USB_DEVICE/Target -I../Middlewares/ST/STM32_USB_Device_Library/Core/Inc -I../Middlewares/ST/STM32_USB_Device_Library/Class/CDC/Inc -O0 -ffunction-sections -fdata-sections -Wall -fstack-usage -fcyclomatic-complexity -MMD -MP -MF"Drivers/STM32F1xx_HAL_Driver/Src/stm32f1xx_hal_rtc_ex.d" -MT"Drivers/STM32F1xx_HAL_Driver/Src/stm32f1xx_hal_rtc_ex.o" --specs=nano.specs -mfloat-abi=soft -mthumb -o "Drivers/STM32F1xx_HAL_Driver/Src/stm32f1xx_hal_rtc_ex.o"
arm-none-eabi-gcc "../Drivers/STM32F1xx_HAL_Driver/Src/stm32f1xx_hal_spi.c" -mcpu=cortex-m3 -std=gnu11 -g3 -DDEBUG -DUSE_HAL_DRIVER -DSTM32F103xB -c -I../Core/Inc -I../Drivers/STM32F1xx_HAL_Driver/Inc/Legacy -I../Drivers/STM32F1xx_HAL_Driver/Inc -I../Drivers/CMSIS/Device/ST/STM32F1xx/Include -I../Drivers/CMSIS/Include -I../USB_DEVICE/App -I../USB_DEVICE/Target -I../Middlewares/ST/STM32_USB_Device_Library/Core/Inc -I../Middlewares/ST/STM32_USB_Device_Library/Class/CDC/Inc -O0 -ffunction-sections -fdata-sections -Wall -fstack-usage -fcyclomatic-complexity -MMD -MP -MF"Drivers/STM32F1xx_HAL_Driver/Src/stm32f1xx_hal_spi.d" -MT"Drivers/STM32F1xx_HAL_Driver/Src/stm32f1xx_hal_spi.o" --specs=nano.specs -mfloat-abi=soft -mthumb -o "Drivers/STM32F1xx_HAL_Driver/Src/stm32f1xx_hal_spi.o"
arm-none-eabi-gcc "../Drivers/STM32F1xx_HAL_Driver/Src/stm32f1xx_ll_usb.c" -mcpu=cortex-m3 -std=gnu11 -g3 -DDEBUG -DUSE_HAL_DRIVER -DSTM32F103xB -c -I../Core/Inc -I../Drivers/STM32F1xx_HAL_Driver/Inc/Legacy -I../Drivers/STM32F1xx_HAL_Driver/Inc -I../Drivers/CMSIS/Device/ST/STM32F1xx/Include -I../Drivers/CMSIS/Include -I../USB_DEVICE/App -I../USB_DEVICE/Target -I../Middlewares/ST/STM32_USB_Device_Library/Core/Inc -I../Middlewares/ST/STM32_USB_Device_Library/Class/CDC/Inc -O0 -ffunction-sections -fdata-sections -Wall -fstack-usage -fcyclomatic-complexity -MMD -MP -MF"Drivers/STM32F1xx_HAL_Driver/Src/stm32f1xx_ll_usb.d" -MT"Drivers/STM32F1xx_HAL_Driver/Src/stm32f1xx_ll_usb.o" --specs=nano.specs -mfloat-abi=soft -mthumb -o "Drivers/STM32F1xx_HAL_Driver/Src/stm32f1xx_ll_usb.o"
arm-none-eabi-gcc -mcpu=cortex-m3 -g3 -DDEBUG -c -x assembler-with-cpp -MMD -MP -MF"Core/Startup/startup_stm32f103c8tx.d" -MT"Core/Startup/startup_stm32f103c8tx.o" --specs=nano.specs -mfloat-abi=soft -mthumb -o "Core/Startup/startup_stm32f103c8tx.o" "../Core/Startup/startup_stm32f103c8tx.s"
arm-none-eabi-gcc "../Core/Src/ad5328.c" -mcpu=cortex-m3 -std=gnu11 -g3 -DDEBUG -DUSE_HAL_DRIVER -DSTM32F103xB -c -I../Core/Inc -I../Drivers/STM32F1xx_HAL_Driver/Inc/Legacy -I../Drivers/STM32F1xx_HAL_Driver/Inc -I../Drivers/CMSIS/Device/ST/STM32F1xx/Include -I../Drivers/CMSIS/Include -I../USB_DEVICE/App -I../USB_DEVICE/Target -I../Middlewares/ST/STM32_USB_Device_Library/Core/Inc -I../Middlewares/ST/STM32_USB_Device_Library/Class/CDC/Inc -O0 -ffunction-sections -fdata-sections -Wall -fstack-usage -fcyclomatic-complexity -MMD -MP -MF"Core/Src/ad5328.d" -MT"Core/Src/ad5328.o" --specs=nano.specs -mfloat-abi=soft -mthumb -o "Core/Src/ad5328.o"
arm-none-eabi-gcc "../Core/Src/ads1115.c" -mcpu=cortex-m3 -std=gnu11 -g3 -DDEBUG -DUSE_HAL_DRIVER -DSTM32F103xB -c -I../Core/Inc -I../Drivers/STM32F1xx_HAL_Driver/Inc/Legacy -I../Drivers/STM32F1xx_HAL_Driver/Inc -I../Drivers/CMSIS/Device/ST/STM32F1xx/Include -I../Drivers/CMSIS/Include -I../USB_DEVICE/App -I../USB_DEVICE/Target -I../Middlewares/ST/STM32_USB_Device_Library/Core/Inc -I../Middlewares/ST/STM32_USB_Device_Library/Class/CDC/Inc -O0 -ffunction-sections -fdata-sections -Wall -fstack-usage -fcyclomatic-complexity -MMD -MP -MF"Core/Src/ads1115.d" -MT"Core/Src/ads1115.o" --specs=nano.specs -mfloat-abi=soft -mthumb -o "Core/Src/ads1115.o"
arm-none-eabi-gcc "../Core/Src/main.c" -mcpu=cortex-m3 -std=gnu11 -g3 -DDEBUG -DUSE_HAL_DRIVER -DSTM32F103xB -c -I../Core/Inc -I../Drivers/STM32F1xx_HAL_Driver/Inc/Legacy -I../Drivers/STM32F1xx_HAL_Driver/Inc -I../Drivers/CMSIS/Device/ST/STM32F1xx/Include -I../Drivers/CMSIS/Include -I../USB_DEVICE/App -I../USB_DEVICE/Target -I../Middlewares/ST/STM32_USB_Device_Library/Core/Inc -I../Middlewares/ST/STM32_USB_Device_Library/Class/CDC/Inc -O0 -ffunction-sections -fdata-sections -Wall -fstack-usage -fcyclomatic-complexity -MMD -MP -MF"Core/Src/main.d" -MT"Core/Src/main.o" --specs=nano.specs -mfloat-abi=soft -mthumb -o "Core/Src/main.o"
arm-none-eabi-gcc "../Core/Src/stm32f1xx_hal_msp.c" -mcpu=cortex-m3 -std=gnu11 -g3 -DDEBUG -DUSE_HAL_DRIVER -DSTM32F103xB -c -I../Core/Inc -I../Drivers/STM32F1xx_HAL_Driver/Inc/Legacy -I../Drivers/STM32F1xx_HAL_Driver/Inc -I../Drivers/CMSIS/Device/ST/STM32F1xx/Include -I../Drivers/CMSIS/Include -I../USB_DEVICE/App -I../USB_DEVICE/Target -I../Middlewares/ST/STM32_USB_Device_Library/Core/Inc -I../Middlewares/ST/STM32_USB_Device_Library/Class/CDC/Inc -O0 -ffunction-sections -fdata-sections -Wall -fstack-usage -fcyclomatic-complexity -MMD -MP -MF"Core/Src/stm32f1xx_hal_msp.d" -MT"Core/Src/stm32f1xx_hal_msp.o" --specs=nano.specs -mfloat-abi=soft -mthumb -o "Core/Src/stm32f1xx_hal_msp.o"
arm-none-eabi-gcc "../Core/Src/stm32f1xx_it.c" -mcpu=cortex-m3 -std=gnu11 -g3 -DDEBUG -DUSE_HAL_DRIVER -DSTM32F103xB -c -I../Core/Inc -I../Drivers/STM32F1xx_HAL_Driver/Inc/Legacy -I../Drivers/STM32F1xx_HAL_Driver/Inc -I../Drivers/CMSIS/Device/ST/STM32F1xx/Include -I../Drivers/CMSIS/Include -I../USB_DEVICE/App -I../USB_DEVICE/Target -I../Middlewares/ST/STM32_USB_Device_Library/Core/Inc -I../Middlewares/ST/STM32_USB_Device_Library/Class/CDC/Inc -O0 -ffunction-sections -fdata-sections -Wall -fstack-usage -fcyclomatic-complexity -MMD -MP -MF"Core/Src/stm32f1xx_it.d" -MT"Core/Src/stm32f1xx_it.o" --specs=nano.specs -mfloat-abi=soft -mthumb -o "Core/Src/stm32f1xx_it.o"
arm-none-eabi-gcc "../Core/Src/syscalls.c" -mcpu=cortex-m3 -std=gnu11 -g3 -DDEBUG -DUSE_HAL_DRIVER -DSTM32F103xB -c -I../Core/Inc -I../Drivers/STM32F1xx_HAL_Driver/Inc/Legacy -I../Drivers/STM32F1xx_HAL_Driver/Inc -I../Drivers/CMSIS/Device/ST/STM32F1xx/Include -I../Drivers/CMSIS/Include -I../USB_DEVICE/App -I../USB_DEVICE/Target -I../Middlewares/ST/STM32_USB_Device_Library/Core/Inc -I../Middlewares/ST/STM32_USB_Device_Library/Class/CDC/Inc -O0 -ffunction-sections -fdata-sections -Wall -fstack-usage -fcyclomatic-complexity -MMD -MP -MF"Core/Src/syscalls.d" -MT"Core/Src/syscalls.o" --specs=nano.specs -mfloat-abi=soft -mthumb -o "Core/Src/syscalls.o"
arm-none-eabi-gcc "../Core/Src/sysmem.c" -mcpu=cortex-m3 -std=gnu11 -g3 -DDEBUG -DUSE_HAL_DRIVER -DSTM32F103xB -c -I../Core/Inc -I../Drivers/STM32F1xx_HAL_Driver/Inc/Legacy -I../Drivers/STM32F1xx_HAL_Driver/Inc -I../Drivers/CMSIS/Device/ST/STM32F1xx/Include -I../Drivers/CMSIS/Include -I../USB_DEVICE/App -I../USB_DEVICE/Target -I../Middlewares/ST/STM32_USB_Device_Library/Core/Inc -I../Middlewares/ST/STM32_USB_Device_Library/Class/CDC/Inc -O0 -ffunction-sections -fdata-sections -Wall -fstack-usage -fcyclomatic-complexity -MMD -MP -MF"Core/Src/sysmem.d" -MT"Core/Src/sysmem.o" --specs=nano.specs -mfloat-abi=soft -mthumb -o "Core/Src/sysmem.o"
arm-none-eabi-gcc "../Core/Src/system_stm32f1xx.c" -mcpu=cortex-m3 -std=gnu11 -g3 -DDEBUG -DUSE_HAL_DRIVER -DSTM32F103xB -c -I../Core/Inc -I../Drivers/STM32F1xx_HAL_Driver/Inc/Legacy -I../Drivers/STM32F1xx_HAL_Driver/Inc -I../Drivers/CMSIS/Device/ST/STM32F1xx/Include -I../Drivers/CMSIS/Include -I../USB_DEVICE/App -I../USB_DEVICE/Target -I../Middlewares/ST/STM32_USB_Device_Library/Core/Inc -I../Middlewares/ST/STM32_USB_Device_Library/Class/CDC/Inc -O0 -ffunction-sections -fdata-sections -Wall -fstack-usage -fcyclomatic-complexity -MMD -MP -MF"Core/Src/system_stm32f1xx.d" -MT"Core/Src/system_stm32f1xx.o" --specs=nano.specs -mfloat-abi=soft -mthumb -o "Core/Src/system_stm32f1xx.o"
arm-none-eabi-gcc -o "Motherboard.elf" @"objects.list"   -mcpu=cortex-m3 -T"C:\STM32\SausageMixer\Motherboard\STM32F103C8TX_FLASH.ld" --specs=nosys.specs -Wl,-Map="Motherboard.map" -Wl,--gc-sections -static --specs=nano.specs -mfloat-abi=soft -mthumb -Wl,--start-group -lc -lm -Wl,--end-group
Finished building target: Motherboard.elf
 
arm-none-eabi-size  Motherboard.elf 
arm-none-eabi-objdump -h -S Motherboard.elf  > "Motherboard.list"
   text	   data	    bss	    dec	    hex	filename
  38188	    380	   6420	  44988	   afbc	Motherboard.elf
Finished building: default.size.stdout
 
Finished building: Motherboard.list
 
13:17:49 **** Incremental Build of configuration Debug for project Motherboard ****
make -j12 all 
arm-none-eabi-size  Motherboard.elf 
   text	   data	    bss	    dec	    hex	filename
  38188	    380	   6420	  44988	   afbc	Motherboard.elf
Finished building: default.size.stdout
 
13:23:56 **** Incremental Build of configuration Debug for project Keyboard ****
make -j12 all 
arm-none-eabi-size  Keyboard.elf 
   text	   data	    bss	    dec	    hex	filename
   9308	     12	   1804	  11124	   2b74	Keyboard.elf
Finished building: default.size.stdout
 
13:23:57 **** Incremental Build of configuration Debug for project Motherboard ****
make -j12 all 
arm-none-eabi-gcc "../Core/Src/main.c" -mcpu=cortex-m3 -std=gnu11 -g3 -DDEBUG -DUSE_HAL_DRIVER -DSTM32F103xB -c -I../Core/Inc -I../Drivers/STM32F1xx_HAL_Driver/Inc/Legacy -I../Drivers/STM32F1xx_HAL_Driver/Inc -I../Drivers/CMSIS/Device/ST/STM32F1xx/Include -I../Drivers/CMSIS/Include -I../USB_DEVICE/App -I../USB_DEVICE/Target -I../Middlewares/ST/STM32_USB_Device_Library/Core/Inc -I../Middlewares/ST/STM32_USB_Device_Library/Class/CDC/Inc -O0 -ffunction-sections -fdata-sections -Wall -fstack-usage -fcyclomatic-complexity -MMD -MP -MF"Core/Src/main.d" -MT"Core/Src/main.o" --specs=nano.specs -mfloat-abi=soft -mthumb -o "Core/Src/main.o"
../Core/Src/main.c: In function 'main':
../Core/Src/main.c:59:3: warning: implicit declaration of function 'tAD5328_WriteVoltage'; did you mean 'AD5328_WriteVoltage'? [-Wimplicit-function-declaration]
   59 |   tAD5328_WriteVoltage(&dac, AD5328_CH_D, 0.8f);
      |   ^~~~~~~~~~~~~~~~~~~~
      |   AD5328_WriteVoltage
../Core/Src/main.c:62:21: error: 'VF_CTRL_GPIO_Port' undeclared (first use in this function); did you mean 'VF_FRW_CTRL_GPIO_Port'?
   62 |   HAL_GPIO_WritePin(VF_CTRL_GPIO_Port, VF_CTRL_Pin, GPIO_PIN_SET);
      |                     ^~~~~~~~~~~~~~~~~
      |                     VF_FRW_CTRL_GPIO_Port
../Core/Src/main.c:62:21: note: each undeclared identifier is reported only once for each function it appears in
../Core/Src/main.c:62:40: error: 'VF_CTRL_Pin' undeclared (first use in this function); did you mean 'VF_FRW_CTRL_Pin'?
   62 |   HAL_GPIO_WritePin(VF_CTRL_GPIO_Port, VF_CTRL_Pin, GPIO_PIN_SET);
      |                                        ^~~~~~~~~~~
      |                                        VF_FRW_CTRL_Pin
make: *** [Core/Src/subdir.mk:40: Core/Src/main.o] Error 1
"make -j12 all" terminated with exit code 2. Build might be incomplete.
13:24:34 **** Incremental Build of configuration Debug for project Keyboard ****
make -j12 all 
arm-none-eabi-size  Keyboard.elf 
   text	   data	    bss	    dec	    hex	filename
   9308	     12	   1804	  11124	   2b74	Keyboard.elf
Finished building: default.size.stdout
 
13:24:35 **** Incremental Build of configuration Debug for project Motherboard ****
make -j12 all 
arm-none-eabi-gcc "../Core/Src/main.c" -mcpu=cortex-m3 -std=gnu11 -g3 -DDEBUG -DUSE_HAL_DRIVER -DSTM32F103xB -c -I../Core/Inc -I../Drivers/STM32F1xx_HAL_Driver/Inc/Legacy -I../Drivers/STM32F1xx_HAL_Driver/Inc -I../Drivers/CMSIS/Device/ST/STM32F1xx/Include -I../Drivers/CMSIS/Include -I../USB_DEVICE/App -I../USB_DEVICE/Target -I../Middlewares/ST/STM32_USB_Device_Library/Core/Inc -I../Middlewares/ST/STM32_USB_Device_Library/Class/CDC/Inc -O0 -ffunction-sections -fdata-sections -Wall -fstack-usage -fcyclomatic-complexity -MMD -MP -MF"Core/Src/main.d" -MT"Core/Src/main.o" --specs=nano.specs -mfloat-abi=soft -mthumb -o "Core/Src/main.o"
../Core/Src/main.c: In function 'main':
../Core/Src/main.c:59:3: warning: implicit declaration of function 'tAD5328_WriteVoltage'; did you mean 'AD5328_WriteVoltage'? [-Wimplicit-function-declaration]
   59 |   tAD5328_WriteVoltage(&dac, AD5328_CH_D, 0.8f);
      |   ^~~~~~~~~~~~~~~~~~~~
      |   AD5328_WriteVoltage
arm-none-eabi-gcc -o "Motherboard.elf" @"objects.list"   -mcpu=cortex-m3 -T"C:\STM32\SausageMixer\Motherboard\STM32F103C8TX_FLASH.ld" --specs=nosys.specs -Wl,-Map="Motherboard.map" -Wl,--gc-sections -static --specs=nano.specs -mfloat-abi=soft -mthumb -Wl,--start-group -lc -lm -Wl,--end-group
C:/ST/STM32CubeIDE_1.13.0/STM32CubeIDE/plugins/com.st.stm32cube.ide.mcu.externaltools.gnu-tools-for-stm32.13.3.rel1.win32_1.0.0.202411081344/tools/bin/../lib/gcc/arm-none-eabi/13.3.1/../../../../arm-none-eabi/bin/ld.exe: ./Core/Src/main.o: in function `main':
C:/STM32/SausageMixer/Motherboard/Debug/../Core/Src/main.c:59:(.text.main+0x60): undefined reference to `tAD5328_WriteVoltage'
collect2.exe: error: ld returned 1 exit status
make: *** [makefile:68: Motherboard.elf] Error 1
"make -j12 all" terminated with exit code 2. Build might be incomplete.
13:24:41 **** Incremental Build of configuration Debug for project Keyboard ****
make -j12 all 
arm-none-eabi-size  Keyboard.elf 
   text	   data	    bss	    dec	    hex	filename
   9308	     12	   1804	  11124	   2b74	Keyboard.elf
Finished building: default.size.stdout
 
13:24:41 **** Incremental Build of configuration Debug for project Motherboard ****
make -j12 all 
arm-none-eabi-gcc "../Core/Src/main.c" -mcpu=cortex-m3 -std=gnu11 -g3 -DDEBUG -DUSE_HAL_DRIVER -DSTM32F103xB -c -I../Core/Inc -I../Drivers/STM32F1xx_HAL_Driver/Inc/Legacy -I../Drivers/STM32F1xx_HAL_Driver/Inc -I../Drivers/CMSIS/Device/ST/STM32F1xx/Include -I../Drivers/CMSIS/Include -I../USB_DEVICE/App -I../USB_DEVICE/Target -I../Middlewares/ST/STM32_USB_Device_Library/Core/Inc -I../Middlewares/ST/STM32_USB_Device_Library/Class/CDC/Inc -O0 -ffunction-sections -fdata-sections -Wall -fstack-usage -fcyclomatic-complexity -MMD -MP -MF"Core/Src/main.d" -MT"Core/Src/main.o" --specs=nano.specs -mfloat-abi=soft -mthumb -o "Core/Src/main.o"
arm-none-eabi-gcc -o "Motherboard.elf" @"objects.list"   -mcpu=cortex-m3 -T"C:\STM32\SausageMixer\Motherboard\STM32F103C8TX_FLASH.ld" --specs=nosys.specs -Wl,-Map="Motherboard.map" -Wl,--gc-sections -static --specs=nano.specs -mfloat-abi=soft -mthumb -Wl,--start-group -lc -lm -Wl,--end-group
Finished building target: Motherboard.elf
 
arm-none-eabi-size  Motherboard.elf 
arm-none-eabi-objdump -h -S Motherboard.elf  > "Motherboard.list"
   text	   data	    bss	    dec	    hex	filename
  38200	    380	   6420	  45000	   afc8	Motherboard.elf
Finished building: default.size.stdout
 
Finished building: Motherboard.list
 
13:31:37 **** Incremental Build of configuration Debug for project Motherboard ****
make -j12 all 
arm-none-eabi-size  Motherboard.elf 
   text	   data	    bss	    dec	    hex	filename
  38200	    380	   6420	  45000	   afc8	Motherboard.elf
Finished building: default.size.stdout
 
13:33:16 **** Incremental Build of configuration Debug for project Motherboard ****
make -j12 all 
arm-none-eabi-size  Motherboard.elf 
   text	   data	    bss	    dec	    hex	filename
  38200	    380	   6420	  45000	   afc8	Motherboard.elf
Finished building: default.size.stdout
 
13:34:20 **** Incremental Build of configuration Debug for project Motherboard ****
make -j12 all 
arm-none-eabi-size  Motherboard.elf 
   text	   data	    bss	    dec	    hex	filename
  38200	    380	   6420	  45000	   afc8	Motherboard.elf
Finished building: default.size.stdout
 
13:40:19 **** Incremental Build of configuration Debug for project Motherboard ****
make -j12 all 
arm-none-eabi-size  Motherboard.elf 
   text	   data	    bss	    dec	    hex	filename
  38200	    380	   6420	  45000	   afc8	Motherboard.elf
Finished building: default.size.stdout
 
13:44:37 **** Incremental Build of configuration Debug for project Motherboard ****
make -j12 all 
arm-none-eabi-size  Motherboard.elf 
   text	   data	    bss	    dec	    hex	filename
  38200	    380	   6420	  45000	   afc8	Motherboard.elf
Finished building: default.size.stdout
 
13:46:00 **** Incremental Build of configuration Debug for project Motherboard ****
make -j12 all 
arm-none-eabi-gcc "../Core/Src/main.c" -mcpu=cortex-m3 -std=gnu11 -g3 -DDEBUG -DUSE_HAL_DRIVER -DSTM32F103xB -c -I../Core/Inc -I../Drivers/STM32F1xx_HAL_Driver/Inc/Legacy -I../Drivers/STM32F1xx_HAL_Driver/Inc -I../Drivers/CMSIS/Device/ST/STM32F1xx/Include -I../Drivers/CMSIS/Include -I../USB_DEVICE/App -I../USB_DEVICE/Target -I../Middlewares/ST/STM32_USB_Device_Library/Core/Inc -I../Middlewares/ST/STM32_USB_Device_Library/Class/CDC/Inc -O0 -ffunction-sections -fdata-sections -Wall -fstack-usage -fcyclomatic-complexity -MMD -MP -MF"Core/Src/main.d" -MT"Core/Src/main.o" --specs=nano.specs -mfloat-abi=soft -mthumb -o "Core/Src/main.o"
arm-none-eabi-gcc -o "Motherboard.elf" @"objects.list"   -mcpu=cortex-m3 -T"C:\STM32\SausageMixer\Motherboard\STM32F103C8TX_FLASH.ld" --specs=nosys.specs -Wl,-Map="Motherboard.map" -Wl,--gc-sections -static --specs=nano.specs -mfloat-abi=soft -mthumb -Wl,--start-group -lc -lm -Wl,--end-group
Finished building target: Motherboard.elf
 
arm-none-eabi-size  Motherboard.elf 
arm-none-eabi-objdump -h -S Motherboard.elf  > "Motherboard.list"
   text	   data	    bss	    dec	    hex	filename
  38376	    380	   6420	  45176	   b078	Motherboard.elf
Finished building: default.size.stdout
 
Finished building: Motherboard.list
 
13:47:14 **** Incremental Build of configuration Debug for project Motherboard ****
make -j12 all 
arm-none-eabi-gcc "../Core/Src/ad5328.c" -mcpu=cortex-m3 -std=gnu11 -g3 -DDEBUG -DUSE_HAL_DRIVER -DSTM32F103xB -c -I../Core/Inc -I../Drivers/STM32F1xx_HAL_Driver/Inc/Legacy -I../Drivers/STM32F1xx_HAL_Driver/Inc -I../Drivers/CMSIS/Device/ST/STM32F1xx/Include -I../Drivers/CMSIS/Include -I../USB_DEVICE/App -I../USB_DEVICE/Target -I../Middlewares/ST/STM32_USB_Device_Library/Core/Inc -I../Middlewares/ST/STM32_USB_Device_Library/Class/CDC/Inc -O0 -ffunction-sections -fdata-sections -Wall -fstack-usage -fcyclomatic-complexity -MMD -MP -MF"Core/Src/ad5328.d" -MT"Core/Src/ad5328.o" --specs=nano.specs -mfloat-abi=soft -mthumb -o "Core/Src/ad5328.o"
arm-none-eabi-gcc "../Core/Src/main.c" -mcpu=cortex-m3 -std=gnu11 -g3 -DDEBUG -DUSE_HAL_DRIVER -DSTM32F103xB -c -I../Core/Inc -I../Drivers/STM32F1xx_HAL_Driver/Inc/Legacy -I../Drivers/STM32F1xx_HAL_Driver/Inc -I../Drivers/CMSIS/Device/ST/STM32F1xx/Include -I../Drivers/CMSIS/Include -I../USB_DEVICE/App -I../USB_DEVICE/Target -I../Middlewares/ST/STM32_USB_Device_Library/Core/Inc -I../Middlewares/ST/STM32_USB_Device_Library/Class/CDC/Inc -O0 -ffunction-sections -fdata-sections -Wall -fstack-usage -fcyclomatic-complexity -MMD -MP -MF"Core/Src/main.d" -MT"Core/Src/main.o" --specs=nano.specs -mfloat-abi=soft -mthumb -o "Core/Src/main.o"
../Core/Src/ad5328.c: In function 'AD5328_WriteABCD_Voltage':
../Core/Src/ad5328.c:170:1: warning: statement with no effect [-Wunused-value]
  170 | 333333    return HAL_OK;
      | ^~~~~~
../Core/Src/ad5328.c:170:7: error: expected ';' before 'return'
  170 | 333333    return HAL_OK;
      |       ^   ~~~~~~
      |       ;
../Core/Src/ad5328.c:171:1: warning: control reaches end of non-void function [-Wreturn-type]
  171 | }
      | ^
make: *** [Core/Src/subdir.mk:40: Core/Src/ad5328.o] Error 1
make: *** Waiting for unfinished jobs....
"make -j12 all" terminated with exit code 2. Build might be incomplete.
13:47:32 **** Incremental Build of configuration Debug for project Keyboard ****
make -j12 all 
arm-none-eabi-size  Keyboard.elf 
   text	   data	    bss	    dec	    hex	filename
   9308	     12	   1804	  11124	   2b74	Keyboard.elf
Finished building: default.size.stdout
 
13:47:33 **** Incremental Build of configuration Debug for project Motherboard ****
make -j12 all 
arm-none-eabi-gcc "../Core/Src/ad5328.c" -mcpu=cortex-m3 -std=gnu11 -g3 -DDEBUG -DUSE_HAL_DRIVER -DSTM32F103xB -c -I../Core/Inc -I../Drivers/STM32F1xx_HAL_Driver/Inc/Legacy -I../Drivers/STM32F1xx_HAL_Driver/Inc -I../Drivers/CMSIS/Device/ST/STM32F1xx/Include -I../Drivers/CMSIS/Include -I../USB_DEVICE/App -I../USB_DEVICE/Target -I../Middlewares/ST/STM32_USB_Device_Library/Core/Inc -I../Middlewares/ST/STM32_USB_Device_Library/Class/CDC/Inc -O0 -ffunction-sections -fdata-sections -Wall -fstack-usage -fcyclomatic-complexity -MMD -MP -MF"Core/Src/ad5328.d" -MT"Core/Src/ad5328.o" --specs=nano.specs -mfloat-abi=soft -mthumb -o "Core/Src/ad5328.o"
arm-none-eabi-gcc -o "Motherboard.elf" @"objects.list"   -mcpu=cortex-m3 -T"C:\STM32\SausageMixer\Motherboard\STM32F103C8TX_FLASH.ld" --specs=nosys.specs -Wl,-Map="Motherboard.map" -Wl,--gc-sections -static --specs=nano.specs -mfloat-abi=soft -mthumb -Wl,--start-group -lc -lm -Wl,--end-group
Finished building target: Motherboard.elf
 
arm-none-eabi-size  Motherboard.elf 
arm-none-eabi-objdump -h -S Motherboard.elf  > "Motherboard.list"
   text	   data	    bss	    dec	    hex	filename
  38376	    380	   6420	  45176	   b078	Motherboard.elf
Finished building: default.size.stdout
 
Finished building: Motherboard.list
 
13:47:37 **** Incremental Build of configuration Debug for project Motherboard ****
make -j12 all 
arm-none-eabi-size  Motherboard.elf 
   text	   data	    bss	    dec	    hex	filename
  38376	    380	   6420	  45176	   b078	Motherboard.elf
Finished building: default.size.stdout
 
13:48:07 **** Incremental Build of configuration Debug for project Motherboard ****
make -j12 all 
arm-none-eabi-gcc "../Core/Src/main.c" -mcpu=cortex-m3 -std=gnu11 -g3 -DDEBUG -DUSE_HAL_DRIVER -DSTM32F103xB -c -I../Core/Inc -I../Drivers/STM32F1xx_HAL_Driver/Inc/Legacy -I../Drivers/STM32F1xx_HAL_Driver/Inc -I../Drivers/CMSIS/Device/ST/STM32F1xx/Include -I../Drivers/CMSIS/Include -I../USB_DEVICE/App -I../USB_DEVICE/Target -I../Middlewares/ST/STM32_USB_Device_Library/Core/Inc -I../Middlewares/ST/STM32_USB_Device_Library/Class/CDC/Inc -O0 -ffunction-sections -fdata-sections -Wall -fstack-usage -fcyclomatic-complexity -MMD -MP -MF"Core/Src/main.d" -MT"Core/Src/main.o" --specs=nano.specs -mfloat-abi=soft -mthumb -o "Core/Src/main.o"
arm-none-eabi-gcc -o "Motherboard.elf" @"objects.list"   -mcpu=cortex-m3 -T"C:\STM32\SausageMixer\Motherboard\STM32F103C8TX_FLASH.ld" --specs=nosys.specs -Wl,-Map="Motherboard.map" -Wl,--gc-sections -static --specs=nano.specs -mfloat-abi=soft -mthumb -Wl,--start-group -lc -lm -Wl,--end-group
Finished building target: Motherboard.elf
 
arm-none-eabi-size  Motherboard.elf 
arm-none-eabi-objdump -h -S Motherboard.elf  > "Motherboard.list"
   text	   data	    bss	    dec	    hex	filename
  38376	    380	   6420	  45176	   b078	Motherboard.elf
Finished building: default.size.stdout
 
Finished building: Motherboard.list
 
13:48:42 **** Incremental Build of configuration Debug for project Motherboard ****
make -j12 all 
arm-none-eabi-gcc "../Core/Src/main.c" -mcpu=cortex-m3 -std=gnu11 -g3 -DDEBUG -DUSE_HAL_DRIVER -DSTM32F103xB -c -I../Core/Inc -I../Drivers/STM32F1xx_HAL_Driver/Inc/Legacy -I../Drivers/STM32F1xx_HAL_Driver/Inc -I../Drivers/CMSIS/Device/ST/STM32F1xx/Include -I../Drivers/CMSIS/Include -I../USB_DEVICE/App -I../USB_DEVICE/Target -I../Middlewares/ST/STM32_USB_Device_Library/Core/Inc -I../Middlewares/ST/STM32_USB_Device_Library/Class/CDC/Inc -O0 -ffunction-sections -fdata-sections -Wall -fstack-usage -fcyclomatic-complexity -MMD -MP -MF"Core/Src/main.d" -MT"Core/Src/main.o" --specs=nano.specs -mfloat-abi=soft -mthumb -o "Core/Src/main.o"
arm-none-eabi-gcc -o "Motherboard.elf" @"objects.list"   -mcpu=cortex-m3 -T"C:\STM32\SausageMixer\Motherboard\STM32F103C8TX_FLASH.ld" --specs=nosys.specs -Wl,-Map="Motherboard.map" -Wl,--gc-sections -static --specs=nano.specs -mfloat-abi=soft -mthumb -Wl,--start-group -lc -lm -Wl,--end-group
Finished building target: Motherboard.elf
 
arm-none-eabi-size  Motherboard.elf 
arm-none-eabi-objdump -h -S Motherboard.elf  > "Motherboard.list"
   text	   data	    bss	    dec	    hex	filename
  38376	    380	   6420	  45176	   b078	Motherboard.elf
Finished building: default.size.stdout
 
Finished building: Motherboard.list
 
13:49:18 **** Incremental Build of configuration Debug for project Motherboard ****
make -j12 all 
arm-none-eabi-gcc "../Core/Src/main.c" -mcpu=cortex-m3 -std=gnu11 -g3 -DDEBUG -DUSE_HAL_DRIVER -DSTM32F103xB -c -I../Core/Inc -I../Drivers/STM32F1xx_HAL_Driver/Inc/Legacy -I../Drivers/STM32F1xx_HAL_Driver/Inc -I../Drivers/CMSIS/Device/ST/STM32F1xx/Include -I../Drivers/CMSIS/Include -I../USB_DEVICE/App -I../USB_DEVICE/Target -I../Middlewares/ST/STM32_USB_Device_Library/Core/Inc -I../Middlewares/ST/STM32_USB_Device_Library/Class/CDC/Inc -O0 -ffunction-sections -fdata-sections -Wall -fstack-usage -fcyclomatic-complexity -MMD -MP -MF"Core/Src/main.d" -MT"Core/Src/main.o" --specs=nano.specs -mfloat-abi=soft -mthumb -o "Core/Src/main.o"
arm-none-eabi-gcc -o "Motherboard.elf" @"objects.list"   -mcpu=cortex-m3 -T"C:\STM32\SausageMixer\Motherboard\STM32F103C8TX_FLASH.ld" --specs=nosys.specs -Wl,-Map="Motherboard.map" -Wl,--gc-sections -static --specs=nano.specs -mfloat-abi=soft -mthumb -Wl,--start-group -lc -lm -Wl,--end-group
Finished building target: Motherboard.elf
 
arm-none-eabi-size  Motherboard.elf 
arm-none-eabi-objdump -h -S Motherboard.elf  > "Motherboard.list"
   text	   data	    bss	    dec	    hex	filename
  38376	    380	   6420	  45176	   b078	Motherboard.elf
Finished building: default.size.stdout
 
Finished building: Motherboard.list
 
13:50:03 **** Incremental Build of configuration Debug for project Motherboard ****
make -j12 all 
arm-none-eabi-gcc "../Core/Src/main.c" -mcpu=cortex-m3 -std=gnu11 -g3 -DDEBUG -DUSE_HAL_DRIVER -DSTM32F103xB -c -I../Core/Inc -I../Drivers/STM32F1xx_HAL_Driver/Inc/Legacy -I../Drivers/STM32F1xx_HAL_Driver/Inc -I../Drivers/CMSIS/Device/ST/STM32F1xx/Include -I../Drivers/CMSIS/Include -I../USB_DEVICE/App -I../USB_DEVICE/Target -I../Middlewares/ST/STM32_USB_Device_Library/Core/Inc -I../Middlewares/ST/STM32_USB_Device_Library/Class/CDC/Inc -O0 -ffunction-sections -fdata-sections -Wall -fstack-usage -fcyclomatic-complexity -MMD -MP -MF"Core/Src/main.d" -MT"Core/Src/main.o" --specs=nano.specs -mfloat-abi=soft -mthumb -o "Core/Src/main.o"
arm-none-eabi-gcc -o "Motherboard.elf" @"objects.list"   -mcpu=cortex-m3 -T"C:\STM32\SausageMixer\Motherboard\STM32F103C8TX_FLASH.ld" --specs=nosys.specs -Wl,-Map="Motherboard.map" -Wl,--gc-sections -static --specs=nano.specs -mfloat-abi=soft -mthumb -Wl,--start-group -lc -lm -Wl,--end-group
Finished building target: Motherboard.elf
 
arm-none-eabi-size  Motherboard.elf 
arm-none-eabi-objdump -h -S Motherboard.elf  > "Motherboard.list"
   text	   data	    bss	    dec	    hex	filename
  38372	    380	   6420	  45172	   b074	Motherboard.elf
Finished building: default.size.stdout
 
Finished building: Motherboard.list
 
13:50:33 **** Incremental Build of configuration Debug for project Motherboard ****
make -j12 all 
arm-none-eabi-gcc "../Core/Src/main.c" -mcpu=cortex-m3 -std=gnu11 -g3 -DDEBUG -DUSE_HAL_DRIVER -DSTM32F103xB -c -I../Core/Inc -I../Drivers/STM32F1xx_HAL_Driver/Inc/Legacy -I../Drivers/STM32F1xx_HAL_Driver/Inc -I../Drivers/CMSIS/Device/ST/STM32F1xx/Include -I../Drivers/CMSIS/Include -I../USB_DEVICE/App -I../USB_DEVICE/Target -I../Middlewares/ST/STM32_USB_Device_Library/Core/Inc -I../Middlewares/ST/STM32_USB_Device_Library/Class/CDC/Inc -O0 -ffunction-sections -fdata-sections -Wall -fstack-usage -fcyclomatic-complexity -MMD -MP -MF"Core/Src/main.d" -MT"Core/Src/main.o" --specs=nano.specs -mfloat-abi=soft -mthumb -o "Core/Src/main.o"
arm-none-eabi-gcc -o "Motherboard.elf" @"objects.list"   -mcpu=cortex-m3 -T"C:\STM32\SausageMixer\Motherboard\STM32F103C8TX_FLASH.ld" --specs=nosys.specs -Wl,-Map="Motherboard.map" -Wl,--gc-sections -static --specs=nano.specs -mfloat-abi=soft -mthumb -Wl,--start-group -lc -lm -Wl,--end-group
Finished building target: Motherboard.elf
 
arm-none-eabi-size  Motherboard.elf 
arm-none-eabi-objdump -h -S Motherboard.elf  > "Motherboard.list"
   text	   data	    bss	    dec	    hex	filename
  38372	    380	   6420	  45172	   b074	Motherboard.elf
Finished building: default.size.stdout
 
Finished building: Motherboard.list
 
13:51:02 **** Incremental Build of configuration Debug for project Motherboard ****
make -j12 all 
arm-none-eabi-gcc "../Core/Src/main.c" -mcpu=cortex-m3 -std=gnu11 -g3 -DDEBUG -DUSE_HAL_DRIVER -DSTM32F103xB -c -I../Core/Inc -I../Drivers/STM32F1xx_HAL_Driver/Inc/Legacy -I../Drivers/STM32F1xx_HAL_Driver/Inc -I../Drivers/CMSIS/Device/ST/STM32F1xx/Include -I../Drivers/CMSIS/Include -I../USB_DEVICE/App -I../USB_DEVICE/Target -I../Middlewares/ST/STM32_USB_Device_Library/Core/Inc -I../Middlewares/ST/STM32_USB_Device_Library/Class/CDC/Inc -O0 -ffunction-sections -fdata-sections -Wall -fstack-usage -fcyclomatic-complexity -MMD -MP -MF"Core/Src/main.d" -MT"Core/Src/main.o" --specs=nano.specs -mfloat-abi=soft -mthumb -o "Core/Src/main.o"
arm-none-eabi-gcc -o "Motherboard.elf" @"objects.list"   -mcpu=cortex-m3 -T"C:\STM32\SausageMixer\Motherboard\STM32F103C8TX_FLASH.ld" --specs=nosys.specs -Wl,-Map="Motherboard.map" -Wl,--gc-sections -static --specs=nano.specs -mfloat-abi=soft -mthumb -Wl,--start-group -lc -lm -Wl,--end-group
Finished building target: Motherboard.elf
 
arm-none-eabi-size  Motherboard.elf 
arm-none-eabi-objdump -h -S Motherboard.elf  > "Motherboard.list"
   text	   data	    bss	    dec	    hex	filename
  38372	    380	   6420	  45172	   b074	Motherboard.elf
Finished building: default.size.stdout
 
Finished building: Motherboard.list
 
13:51:32 **** Incremental Build of configuration Debug for project Motherboard ****
make -j12 all 
arm-none-eabi-gcc "../Core/Src/main.c" -mcpu=cortex-m3 -std=gnu11 -g3 -DDEBUG -DUSE_HAL_DRIVER -DSTM32F103xB -c -I../Core/Inc -I../Drivers/STM32F1xx_HAL_Driver/Inc/Legacy -I../Drivers/STM32F1xx_HAL_Driver/Inc -I../Drivers/CMSIS/Device/ST/STM32F1xx/Include -I../Drivers/CMSIS/Include -I../USB_DEVICE/App -I../USB_DEVICE/Target -I../Middlewares/ST/STM32_USB_Device_Library/Core/Inc -I../Middlewares/ST/STM32_USB_Device_Library/Class/CDC/Inc -O0 -ffunction-sections -fdata-sections -Wall -fstack-usage -fcyclomatic-complexity -MMD -MP -MF"Core/Src/main.d" -MT"Core/Src/main.o" --specs=nano.specs -mfloat-abi=soft -mthumb -o "Core/Src/main.o"
arm-none-eabi-gcc -o "Motherboard.elf" @"objects.list"   -mcpu=cortex-m3 -T"C:\STM32\SausageMixer\Motherboard\STM32F103C8TX_FLASH.ld" --specs=nosys.specs -Wl,-Map="Motherboard.map" -Wl,--gc-sections -static --specs=nano.specs -mfloat-abi=soft -mthumb -Wl,--start-group -lc -lm -Wl,--end-group
Finished building target: Motherboard.elf
 
arm-none-eabi-size  Motherboard.elf 
arm-none-eabi-objdump -h -S Motherboard.elf  > "Motherboard.list"
   text	   data	    bss	    dec	    hex	filename
  38376	    380	   6420	  45176	   b078	Motherboard.elf
Finished building: default.size.stdout
 
Finished building: Motherboard.list
 
08:34:46 **** Incremental Build of configuration Debug for project Motherboard ****
make -j12 all 
arm-none-eabi-gcc "../Core/Src/main.c" -mcpu=cortex-m3 -std=gnu11 -g3 -DDEBUG -DUSE_HAL_DRIVER -DSTM32F103xB -c -I../Core/Inc -I../Drivers/STM32F1xx_HAL_Driver/Inc/Legacy -I../Drivers/STM32F1xx_HAL_Driver/Inc -I../Drivers/CMSIS/Device/ST/STM32F1xx/Include -I../Drivers/CMSIS/Include -I../USB_DEVICE/App -I../USB_DEVICE/Target -I../Middlewares/ST/STM32_USB_Device_Library/Core/Inc -I../Middlewares/ST/STM32_USB_Device_Library/Class/CDC/Inc -O0 -ffunction-sections -fdata-sections -Wall -fstack-usage -fcyclomatic-complexity -MMD -MP -MF"Core/Src/main.d" -MT"Core/Src/main.o" --specs=nano.specs -mfloat-abi=soft -mthumb -o "Core/Src/main.o"
arm-none-eabi-gcc -o "Motherboard.elf" @"objects.list"   -mcpu=cortex-m3 -T"C:\STM32\SausageMixer\Motherboard\STM32F103C8TX_FLASH.ld" --specs=nosys.specs -Wl,-Map="Motherboard.map" -Wl,--gc-sections -static --specs=nano.specs -mfloat-abi=soft -mthumb -Wl,--start-group -lc -lm -Wl,--end-group
Finished building target: Motherboard.elf
 
arm-none-eabi-size  Motherboard.elf 
arm-none-eabi-objdump -h -S Motherboard.elf  > "Motherboard.list"
   text	   data	    bss	    dec	    hex	filename
  43612	    380	   6444	  50436	   c504	Motherboard.elf
Finished building: default.size.stdout
 
Finished building: Motherboard.list
 
08:35:31 **** Incremental Build of configuration Debug for project Motherboard ****
make -j12 all 
arm-none-eabi-size  Motherboard.elf 
   text	   data	    bss	    dec	    hex	filename
  43612	    380	   6444	  50436	   c504	Motherboard.elf
Finished building: default.size.stdout
 
08:37:04 **** Incremental Build of configuration Debug for project Motherboard ****
make -j12 all 
arm-none-eabi-size  Motherboard.elf 
   text	   data	    bss	    dec	    hex	filename
  43612	    380	   6444	  50436	   c504	Motherboard.elf
Finished building: default.size.stdout
 
08:37:39 **** Incremental Build of configuration Debug for project Motherboard ****
make -j12 all 
arm-none-eabi-size  Motherboard.elf 
   text	   data	    bss	    dec	    hex	filename
  43612	    380	   6444	  50436	   c504	Motherboard.elf
Finished building: default.size.stdout
 
08:39:40 **** Incremental Build of configuration Debug for project Motherboard ****
make -j12 all 
arm-none-eabi-size  Motherboard.elf 
   text	   data	    bss	    dec	    hex	filename
  43612	    380	   6444	  50436	   c504	Motherboard.elf
Finished building: default.size.stdout
 
08:40:03 **** Incremental Build of configuration Debug for project Motherboard ****
make -j12 all 
arm-none-eabi-size  Motherboard.elf 
   text	   data	    bss	    dec	    hex	filename
  43612	    380	   6444	  50436	   c504	Motherboard.elf
Finished building: default.size.stdout
 
09:11:27 **** Incremental Build of configuration Debug for project Keyboard ****
make -j12 all 
arm-none-eabi-gcc "../Core/Src/main.c" -mcpu=cortex-m0 -std=gnu11 -g3 -DDEBUG -DUSE_HAL_DRIVER -DSTM32F030x8 -c -I../Core/Inc -I../Drivers/STM32F0xx_HAL_Driver/Inc -I../Drivers/STM32F0xx_HAL_Driver/Inc/Legacy -I../Drivers/CMSIS/Device/ST/STM32F0xx/Include -I../Drivers/CMSIS/Include -O0 -ffunction-sections -fdata-sections -Wall -fstack-usage -fcyclomatic-complexity -MMD -MP -MF"Core/Src/main.d" -MT"Core/Src/main.o" --specs=nano.specs -mfloat-abi=soft -mthumb -o "Core/Src/main.o"
../Core/Src/main.c: In function 'main':
../Core/Src/main.c:75:11: warning: implicit declaration of function 'Keyboard_ProcessButtons' [-Wimplicit-function-declaration]
   75 |           Keyboard_ProcessButtons();
      |           ^~~~~~~~~~~~~~~~~~~~~~~
../Core/Src/main.c:81:15: warning: implicit declaration of function 'Keyboard_PollMotherboard' [-Wimplicit-function-declaration]
   81 |               Keyboard_PollMotherboard();
      |               ^~~~~~~~~~~~~~~~~~~~~~~~
../Core/Src/main.c:83:15: warning: implicit declaration of function 'Keyboard_UpdateDisplay' [-Wimplicit-function-declaration]
   83 |               Keyboard_UpdateDisplay();
      |               ^~~~~~~~~~~~~~~~~~~~~~
arm-none-eabi-gcc -o "Keyboard.elf" @"objects.list"   -mcpu=cortex-m0 -T"C:\STM32\SausageMixer\Keyboard\STM32F030C8TX_FLASH.ld" --specs=nosys.specs -Wl,-Map="Keyboard.map" -Wl,--gc-sections -static --specs=nano.specs -mfloat-abi=soft -mthumb -Wl,--start-group -lc -lm -Wl,--end-group
C:/ST/STM32CubeIDE_1.13.0/STM32CubeIDE/plugins/com.st.stm32cube.ide.mcu.externaltools.gnu-tools-for-stm32.13.3.rel1.win32_1.0.0.202411081344/tools/bin/../lib/gcc/arm-none-eabi/13.3.1/../../../../arm-none-eabi/bin/ld.exe: ./Core/Src/main.o: in function `main':
C:/STM32/SausageMixer/Keyboard/Debug/../Core/Src/main.c:75:(.text.main+0x66): undefined reference to `Keyboard_ProcessButtons'
C:/ST/STM32CubeIDE_1.13.0/STM32CubeIDE/plugins/com.st.stm32cube.ide.mcu.externaltools.gnu-tools-for-stm32.13.3.rel1.win32_1.0.0.202411081344/tools/bin/../lib/gcc/arm-none-eabi/13.3.1/../../../../arm-none-eabi/bin/ld.exe: C:/STM32/SausageMixer/Keyboard/Debug/../Core/Src/main.c:81:(.text.main+0x80): undefined reference to `Keyboard_PollMotherboard'
C:/ST/STM32CubeIDE_1.13.0/STM32CubeIDE/plugins/com.st.stm32cube.ide.mcu.externaltools.gnu-tools-for-stm32.13.3.rel1.win32_1.0.0.202411081344/tools/bin/../lib/gcc/arm-none-eabi/13.3.1/../../../../arm-none-eabi/bin/ld.exe: C:/STM32/SausageMixer/Keyboard/Debug/../Core/Src/main.c:83:(.text.main+0x84): undefined reference to `Keyboard_UpdateDisplay'
collect2.exe: error: ld returned 1 exit status
make: *** [makefile:64: Keyboard.elf] Error 1
"make -j12 all" terminated with exit code 2. Build might be incomplete.
09:11:30 **** Incremental Build of configuration Debug for project Motherboard ****
make -j12 all 
arm-none-eabi-gcc "../USB_DEVICE/Target/usbd_conf.c" -mcpu=cortex-m3 -std=gnu11 -g3 -DDEBUG -DUSE_HAL_DRIVER -DSTM32F103xB -c -I../Core/Inc -I../Drivers/STM32F1xx_HAL_Driver/Inc/Legacy -I../Drivers/STM32F1xx_HAL_Driver/Inc -I../Drivers/CMSIS/Device/ST/STM32F1xx/Include -I../Drivers/CMSIS/Include -I../USB_DEVICE/App -I../USB_DEVICE/Target -I../Middlewares/ST/STM32_USB_Device_Library/Core/Inc -I../Middlewares/ST/STM32_USB_Device_Library/Class/CDC/Inc -O0 -ffunction-sections -fdata-sections -Wall -fstack-usage -fcyclomatic-complexity -MMD -MP -MF"USB_DEVICE/Target/usbd_conf.d" -MT"USB_DEVICE/Target/usbd_conf.o" --specs=nano.specs -mfloat-abi=soft -mthumb -o "USB_DEVICE/Target/usbd_conf.o"
arm-none-eabi-gcc "../USB_DEVICE/App/usb_device.c" -mcpu=cortex-m3 -std=gnu11 -g3 -DDEBUG -DUSE_HAL_DRIVER -DSTM32F103xB -c -I../Core/Inc -I../Drivers/STM32F1xx_HAL_Driver/Inc/Legacy -I../Drivers/STM32F1xx_HAL_Driver/Inc -I../Drivers/CMSIS/Device/ST/STM32F1xx/Include -I../Drivers/CMSIS/Include -I../USB_DEVICE/App -I../USB_DEVICE/Target -I../Middlewares/ST/STM32_USB_Device_Library/Core/Inc -I../Middlewares/ST/STM32_USB_Device_Library/Class/CDC/Inc -O0 -ffunction-sections -fdata-sections -Wall -fstack-usage -fcyclomatic-complexity -MMD -MP -MF"USB_DEVICE/App/usb_device.d" -MT"USB_DEVICE/App/usb_device.o" --specs=nano.specs -mfloat-abi=soft -mthumb -o "USB_DEVICE/App/usb_device.o"
arm-none-eabi-gcc "../USB_DEVICE/App/usbd_cdc_if.c" -mcpu=cortex-m3 -std=gnu11 -g3 -DDEBUG -DUSE_HAL_DRIVER -DSTM32F103xB -c -I../Core/Inc -I../Drivers/STM32F1xx_HAL_Driver/Inc/Legacy -I../Drivers/STM32F1xx_HAL_Driver/Inc -I../Drivers/CMSIS/Device/ST/STM32F1xx/Include -I../Drivers/CMSIS/Include -I../USB_DEVICE/App -I../USB_DEVICE/Target -I../Middlewares/ST/STM32_USB_Device_Library/Core/Inc -I../Middlewares/ST/STM32_USB_Device_Library/Class/CDC/Inc -O0 -ffunction-sections -fdata-sections -Wall -fstack-usage -fcyclomatic-complexity -MMD -MP -MF"USB_DEVICE/App/usbd_cdc_if.d" -MT"USB_DEVICE/App/usbd_cdc_if.o" --specs=nano.specs -mfloat-abi=soft -mthumb -o "USB_DEVICE/App/usbd_cdc_if.o"
arm-none-eabi-gcc "../USB_DEVICE/App/usbd_desc.c" -mcpu=cortex-m3 -std=gnu11 -g3 -DDEBUG -DUSE_HAL_DRIVER -DSTM32F103xB -c -I../Core/Inc -I../Drivers/STM32F1xx_HAL_Driver/Inc/Legacy -I../Drivers/STM32F1xx_HAL_Driver/Inc -I../Drivers/CMSIS/Device/ST/STM32F1xx/Include -I../Drivers/CMSIS/Include -I../USB_DEVICE/App -I../USB_DEVICE/Target -I../Middlewares/ST/STM32_USB_Device_Library/Core/Inc -I../Middlewares/ST/STM32_USB_Device_Library/Class/CDC/Inc -O0 -ffunction-sections -fdata-sections -Wall -fstack-usage -fcyclomatic-complexity -MMD -MP -MF"USB_DEVICE/App/usbd_desc.d" -MT"USB_DEVICE/App/usbd_desc.o" --specs=nano.specs -mfloat-abi=soft -mthumb -o "USB_DEVICE/App/usbd_desc.o"
arm-none-eabi-gcc "../Middlewares/ST/STM32_USB_Device_Library/Core/Src/usbd_core.c" -mcpu=cortex-m3 -std=gnu11 -g3 -DDEBUG -DUSE_HAL_DRIVER -DSTM32F103xB -c -I../Core/Inc -I../Drivers/STM32F1xx_HAL_Driver/Inc/Legacy -I../Drivers/STM32F1xx_HAL_Driver/Inc -I../Drivers/CMSIS/Device/ST/STM32F1xx/Include -I../Drivers/CMSIS/Include -I../USB_DEVICE/App -I../USB_DEVICE/Target -I../Middlewares/ST/STM32_USB_Device_Library/Core/Inc -I../Middlewares/ST/STM32_USB_Device_Library/Class/CDC/Inc -O0 -ffunction-sections -fdata-sections -Wall -fstack-usage -fcyclomatic-complexity -MMD -MP -MF"Middlewares/ST/STM32_USB_Device_Library/Core/Src/usbd_core.d" -MT"Middlewares/ST/STM32_USB_Device_Library/Core/Src/usbd_core.o" --specs=nano.specs -mfloat-abi=soft -mthumb -o "Middlewares/ST/STM32_USB_Device_Library/Core/Src/usbd_core.o"
arm-none-eabi-gcc "../Middlewares/ST/STM32_USB_Device_Library/Core/Src/usbd_ctlreq.c" -mcpu=cortex-m3 -std=gnu11 -g3 -DDEBUG -DUSE_HAL_DRIVER -DSTM32F103xB -c -I../Core/Inc -I../Drivers/STM32F1xx_HAL_Driver/Inc/Legacy -I../Drivers/STM32F1xx_HAL_Driver/Inc -I../Drivers/CMSIS/Device/ST/STM32F1xx/Include -I../Drivers/CMSIS/Include -I../USB_DEVICE/App -I../USB_DEVICE/Target -I../Middlewares/ST/STM32_USB_Device_Library/Core/Inc -I../Middlewares/ST/STM32_USB_Device_Library/Class/CDC/Inc -O0 -ffunction-sections -fdata-sections -Wall -fstack-usage -fcyclomatic-complexity -MMD -MP -MF"Middlewares/ST/STM32_USB_Device_Library/Core/Src/usbd_ctlreq.d" -MT"Middlewares/ST/STM32_USB_Device_Library/Core/Src/usbd_ctlreq.o" --specs=nano.specs -mfloat-abi=soft -mthumb -o "Middlewares/ST/STM32_USB_Device_Library/Core/Src/usbd_ctlreq.o"
arm-none-eabi-gcc "../Middlewares/ST/STM32_USB_Device_Library/Core/Src/usbd_ioreq.c" -mcpu=cortex-m3 -std=gnu11 -g3 -DDEBUG -DUSE_HAL_DRIVER -DSTM32F103xB -c -I../Core/Inc -I../Drivers/STM32F1xx_HAL_Driver/Inc/Legacy -I../Drivers/STM32F1xx_HAL_Driver/Inc -I../Drivers/CMSIS/Device/ST/STM32F1xx/Include -I../Drivers/CMSIS/Include -I../USB_DEVICE/App -I../USB_DEVICE/Target -I../Middlewares/ST/STM32_USB_Device_Library/Core/Inc -I../Middlewares/ST/STM32_USB_Device_Library/Class/CDC/Inc -O0 -ffunction-sections -fdata-sections -Wall -fstack-usage -fcyclomatic-complexity -MMD -MP -MF"Middlewares/ST/STM32_USB_Device_Library/Core/Src/usbd_ioreq.d" -MT"Middlewares/ST/STM32_USB_Device_Library/Core/Src/usbd_ioreq.o" --specs=nano.specs -mfloat-abi=soft -mthumb -o "Middlewares/ST/STM32_USB_Device_Library/Core/Src/usbd_ioreq.o"
arm-none-eabi-gcc "../Middlewares/ST/STM32_USB_Device_Library/Class/CDC/Src/usbd_cdc.c" -mcpu=cortex-m3 -std=gnu11 -g3 -DDEBUG -DUSE_HAL_DRIVER -DSTM32F103xB -c -I../Core/Inc -I../Drivers/STM32F1xx_HAL_Driver/Inc/Legacy -I../Drivers/STM32F1xx_HAL_Driver/Inc -I../Drivers/CMSIS/Device/ST/STM32F1xx/Include -I../Drivers/CMSIS/Include -I../USB_DEVICE/App -I../USB_DEVICE/Target -I../Middlewares/ST/STM32_USB_Device_Library/Core/Inc -I../Middlewares/ST/STM32_USB_Device_Library/Class/CDC/Inc -O0 -ffunction-sections -fdata-sections -Wall -fstack-usage -fcyclomatic-complexity -MMD -MP -MF"Middlewares/ST/STM32_USB_Device_Library/Class/CDC/Src/usbd_cdc.d" -MT"Middlewares/ST/STM32_USB_Device_Library/Class/CDC/Src/usbd_cdc.o" --specs=nano.specs -mfloat-abi=soft -mthumb -o "Middlewares/ST/STM32_USB_Device_Library/Class/CDC/Src/usbd_cdc.o"
arm-none-eabi-gcc "../Core/Src/main.c" -mcpu=cortex-m3 -std=gnu11 -g3 -DDEBUG -DUSE_HAL_DRIVER -DSTM32F103xB -c -I../Core/Inc -I../Drivers/STM32F1xx_HAL_Driver/Inc/Legacy -I../Drivers/STM32F1xx_HAL_Driver/Inc -I../Drivers/CMSIS/Device/ST/STM32F1xx/Include -I../Drivers/CMSIS/Include -I../USB_DEVICE/App -I../USB_DEVICE/Target -I../Middlewares/ST/STM32_USB_Device_Library/Core/Inc -I../Middlewares/ST/STM32_USB_Device_Library/Class/CDC/Inc -O0 -ffunction-sections -fdata-sections -Wall -fstack-usage -fcyclomatic-complexity -MMD -MP -MF"Core/Src/main.d" -MT"Core/Src/main.o" --specs=nano.specs -mfloat-abi=soft -mthumb -o "Core/Src/main.o"
arm-none-eabi-gcc "../Core/Src/stm32f1xx_hal_msp.c" -mcpu=cortex-m3 -std=gnu11 -g3 -DDEBUG -DUSE_HAL_DRIVER -DSTM32F103xB -c -I../Core/Inc -I../Drivers/STM32F1xx_HAL_Driver/Inc/Legacy -I../Drivers/STM32F1xx_HAL_Driver/Inc -I../Drivers/CMSIS/Device/ST/STM32F1xx/Include -I../Drivers/CMSIS/Include -I../USB_DEVICE/App -I../USB_DEVICE/Target -I../Middlewares/ST/STM32_USB_Device_Library/Core/Inc -I../Middlewares/ST/STM32_USB_Device_Library/Class/CDC/Inc -O0 -ffunction-sections -fdata-sections -Wall -fstack-usage -fcyclomatic-complexity -MMD -MP -MF"Core/Src/stm32f1xx_hal_msp.d" -MT"Core/Src/stm32f1xx_hal_msp.o" --specs=nano.specs -mfloat-abi=soft -mthumb -o "Core/Src/stm32f1xx_hal_msp.o"
arm-none-eabi-gcc "../Core/Src/stm32f1xx_it.c" -mcpu=cortex-m3 -std=gnu11 -g3 -DDEBUG -DUSE_HAL_DRIVER -DSTM32F103xB -c -I../Core/Inc -I../Drivers/STM32F1xx_HAL_Driver/Inc/Legacy -I../Drivers/STM32F1xx_HAL_Driver/Inc -I../Drivers/CMSIS/Device/ST/STM32F1xx/Include -I../Drivers/CMSIS/Include -I../USB_DEVICE/App -I../USB_DEVICE/Target -I../Middlewares/ST/STM32_USB_Device_Library/Core/Inc -I../Middlewares/ST/STM32_USB_Device_Library/Class/CDC/Inc -O0 -ffunction-sections -fdata-sections -Wall -fstack-usage -fcyclomatic-complexity -MMD -MP -MF"Core/Src/stm32f1xx_it.d" -MT"Core/Src/stm32f1xx_it.o" --specs=nano.specs -mfloat-abi=soft -mthumb -o "Core/Src/stm32f1xx_it.o"
../Core/Src/main.c:41:30: error: expected ':', ',', ';', '}' or '__attribute__' before '=' token
   41 |         uint8_t MachineState = STATE_IDLE;
      |                              ^
make: *** [Core/Src/subdir.mk:40: Core/Src/main.o] Error 1
make: *** Waiting for unfinished jobs....
"make -j12 all" terminated with exit code 2. Build might be incomplete.
09:11:50 **** Incremental Build of configuration Debug for project Keyboard ****
make -j12 all 
arm-none-eabi-gcc -o "Keyboard.elf" @"objects.list"   -mcpu=cortex-m0 -T"C:\STM32\SausageMixer\Keyboard\STM32F030C8TX_FLASH.ld" --specs=nosys.specs -Wl,-Map="Keyboard.map" -Wl,--gc-sections -static --specs=nano.specs -mfloat-abi=soft -mthumb -Wl,--start-group -lc -lm -Wl,--end-group
C:/ST/STM32CubeIDE_1.13.0/STM32CubeIDE/plugins/com.st.stm32cube.ide.mcu.externaltools.gnu-tools-for-stm32.13.3.rel1.win32_1.0.0.202411081344/tools/bin/../lib/gcc/arm-none-eabi/13.3.1/../../../../arm-none-eabi/bin/ld.exe: ./Core/Src/main.o: in function `main':
C:/STM32/SausageMixer/Keyboard/Debug/../Core/Src/main.c:75:(.text.main+0x66): undefined reference to `Keyboard_ProcessButtons'
C:/ST/STM32CubeIDE_1.13.0/STM32CubeIDE/plugins/com.st.stm32cube.ide.mcu.externaltools.gnu-tools-for-stm32.13.3.rel1.win32_1.0.0.202411081344/tools/bin/../lib/gcc/arm-none-eabi/13.3.1/../../../../arm-none-eabi/bin/ld.exe: C:/STM32/SausageMixer/Keyboard/Debug/../Core/Src/main.c:81:(.text.main+0x80): undefined reference to `Keyboard_PollMotherboard'
C:/ST/STM32CubeIDE_1.13.0/STM32CubeIDE/plugins/com.st.stm32cube.ide.mcu.externaltools.gnu-tools-for-stm32.13.3.rel1.win32_1.0.0.202411081344/tools/bin/../lib/gcc/arm-none-eabi/13.3.1/../../../../arm-none-eabi/bin/ld.exe: C:/STM32/SausageMixer/Keyboard/Debug/../Core/Src/main.c:83:(.text.main+0x84): undefined reference to `Keyboard_UpdateDisplay'
collect2.exe: error: ld returned 1 exit status
make: *** [makefile:64: Keyboard.elf] Error 1
"make -j12 all" terminated with exit code 2. Build might be incomplete.
09:11:52 **** Incremental Build of configuration Debug for project Motherboard ****
make -j12 all 
arm-none-eabi-gcc "../Core/Src/main.c" -mcpu=cortex-m3 -std=gnu11 -g3 -DDEBUG -DUSE_HAL_DRIVER -DSTM32F103xB -c -I../Core/Inc -I../Drivers/STM32F1xx_HAL_Driver/Inc/Legacy -I../Drivers/STM32F1xx_HAL_Driver/Inc -I../Drivers/CMSIS/Device/ST/STM32F1xx/Include -I../Drivers/CMSIS/Include -I../USB_DEVICE/App -I../USB_DEVICE/Target -I../Middlewares/ST/STM32_USB_Device_Library/Core/Inc -I../Middlewares/ST/STM32_USB_Device_Library/Class/CDC/Inc -O0 -ffunction-sections -fdata-sections -Wall -fstack-usage -fcyclomatic-complexity -MMD -MP -MF"Core/Src/main.d" -MT"Core/Src/main.o" --specs=nano.specs -mfloat-abi=soft -mthumb -o "Core/Src/main.o"
../Core/Src/main.c:44:1: error: unknown type name 'MainParams'
   44 | MainParams param;
      | ^~~~~~~~~~
make: *** [Core/Src/subdir.mk:40: Core/Src/main.o] Error 1
"make -j12 all" terminated with exit code 2. Build might be incomplete.
09:11:58 **** Incremental Build of configuration Debug for project Keyboard ****
make -j12 all 
arm-none-eabi-gcc -o "Keyboard.elf" @"objects.list"   -mcpu=cortex-m0 -T"C:\STM32\SausageMixer\Keyboard\STM32F030C8TX_FLASH.ld" --specs=nosys.specs -Wl,-Map="Keyboard.map" -Wl,--gc-sections -static --specs=nano.specs -mfloat-abi=soft -mthumb -Wl,--start-group -lc -lm -Wl,--end-group
C:/ST/STM32CubeIDE_1.13.0/STM32CubeIDE/plugins/com.st.stm32cube.ide.mcu.externaltools.gnu-tools-for-stm32.13.3.rel1.win32_1.0.0.202411081344/tools/bin/../lib/gcc/arm-none-eabi/13.3.1/../../../../arm-none-eabi/bin/ld.exe: ./Core/Src/main.o: in function `main':
C:/STM32/SausageMixer/Keyboard/Debug/../Core/Src/main.c:75:(.text.main+0x66): undefined reference to `Keyboard_ProcessButtons'
C:/ST/STM32CubeIDE_1.13.0/STM32CubeIDE/plugins/com.st.stm32cube.ide.mcu.externaltools.gnu-tools-for-stm32.13.3.rel1.win32_1.0.0.202411081344/tools/bin/../lib/gcc/arm-none-eabi/13.3.1/../../../../arm-none-eabi/bin/ld.exe: C:/STM32/SausageMixer/Keyboard/Debug/../Core/Src/main.c:81:(.text.main+0x80): undefined reference to `Keyboard_PollMotherboard'
C:/ST/STM32CubeIDE_1.13.0/STM32CubeIDE/plugins/com.st.stm32cube.ide.mcu.externaltools.gnu-tools-for-stm32.13.3.rel1.win32_1.0.0.202411081344/tools/bin/../lib/gcc/arm-none-eabi/13.3.1/../../../../arm-none-eabi/bin/ld.exe: C:/STM32/SausageMixer/Keyboard/Debug/../Core/Src/main.c:83:(.text.main+0x84): undefined reference to `Keyboard_UpdateDisplay'
collect2.exe: error: ld returned 1 exit status
make: *** [makefile:64: Keyboard.elf] Error 1
"make -j12 all" terminated with exit code 2. Build might be incomplete.
09:11:59 **** Incremental Build of configuration Debug for project Motherboard ****
make -j12 all 
arm-none-eabi-gcc "../Core/Src/main.c" -mcpu=cortex-m3 -std=gnu11 -g3 -DDEBUG -DUSE_HAL_DRIVER -DSTM32F103xB -c -I../Core/Inc -I../Drivers/STM32F1xx_HAL_Driver/Inc/Legacy -I../Drivers/STM32F1xx_HAL_Driver/Inc -I../Drivers/CMSIS/Device/ST/STM32F1xx/Include -I../Drivers/CMSIS/Include -I../USB_DEVICE/App -I../USB_DEVICE/Target -I../Middlewares/ST/STM32_USB_Device_Library/Core/Inc -I../Middlewares/ST/STM32_USB_Device_Library/Class/CDC/Inc -O0 -ffunction-sections -fdata-sections -Wall -fstack-usage -fcyclomatic-complexity -MMD -MP -MF"Core/Src/main.d" -MT"Core/Src/main.o" --specs=nano.specs -mfloat-abi=soft -mthumb -o "Core/Src/main.o"
arm-none-eabi-gcc -o "Motherboard.elf" @"objects.list"   -mcpu=cortex-m3 -T"C:\STM32\SausageMixer\Motherboard\STM32F103C8TX_FLASH.ld" --specs=nosys.specs -Wl,-Map="Motherboard.map" -Wl,--gc-sections -static --specs=nano.specs -mfloat-abi=soft -mthumb -Wl,--start-group -lc -lm -Wl,--end-group
Finished building target: Motherboard.elf
 
arm-none-eabi-size  Motherboard.elf 
arm-none-eabi-objdump -h -S Motherboard.elf  > "Motherboard.list"
   text	   data	    bss	    dec	    hex	filename
  43656	    380	   6444	  50480	   c530	Motherboard.elf
Finished building: default.size.stdout
 
Finished building: Motherboard.list
 
09:12:04 **** Incremental Build of configuration Debug for project Keyboard ****
make -j12 all 
arm-none-eabi-gcc -o "Keyboard.elf" @"objects.list"   -mcpu=cortex-m0 -T"C:\STM32\SausageMixer\Keyboard\STM32F030C8TX_FLASH.ld" --specs=nosys.specs -Wl,-Map="Keyboard.map" -Wl,--gc-sections -static --specs=nano.specs -mfloat-abi=soft -mthumb -Wl,--start-group -lc -lm -Wl,--end-group
C:/ST/STM32CubeIDE_1.13.0/STM32CubeIDE/plugins/com.st.stm32cube.ide.mcu.externaltools.gnu-tools-for-stm32.13.3.rel1.win32_1.0.0.202411081344/tools/bin/../lib/gcc/arm-none-eabi/13.3.1/../../../../arm-none-eabi/bin/ld.exe: ./Core/Src/main.o: in function `main':
C:/STM32/SausageMixer/Keyboard/Debug/../Core/Src/main.c:75:(.text.main+0x66): undefined reference to `Keyboard_ProcessButtons'
C:/ST/STM32CubeIDE_1.13.0/STM32CubeIDE/plugins/com.st.stm32cube.ide.mcu.externaltools.gnu-tools-for-stm32.13.3.rel1.win32_1.0.0.202411081344/tools/bin/../lib/gcc/arm-none-eabi/13.3.1/../../../../arm-none-eabi/bin/ld.exe: C:/STM32/SausageMixer/Keyboard/Debug/../Core/Src/main.c:81:(.text.main+0x80): undefined reference to `Keyboard_PollMotherboard'
C:/ST/STM32CubeIDE_1.13.0/STM32CubeIDE/plugins/com.st.stm32cube.ide.mcu.externaltools.gnu-tools-for-stm32.13.3.rel1.win32_1.0.0.202411081344/tools/bin/../lib/gcc/arm-none-eabi/13.3.1/../../../../arm-none-eabi/bin/ld.exe: C:/STM32/SausageMixer/Keyboard/Debug/../Core/Src/main.c:83:(.text.main+0x84): undefined reference to `Keyboard_UpdateDisplay'
collect2.exe: error: ld returned 1 exit status
make: *** [makefile:64: Keyboard.elf] Error 1
"make -j12 all" terminated with exit code 2. Build might be incomplete.
09:12:05 **** Incremental Build of configuration Debug for project Motherboard ****
make -j12 all 
arm-none-eabi-size  Motherboard.elf 
   text	   data	    bss	    dec	    hex	filename
  43656	    380	   6444	  50480	   c530	Motherboard.elf
Finished building: default.size.stdout
 
09:12:32 **** Incremental Build of configuration Debug for project Keyboard ****
make -j12 all 
arm-none-eabi-gcc "../Core/Src/main.c" -mcpu=cortex-m0 -std=gnu11 -g3 -DDEBUG -DUSE_HAL_DRIVER -DSTM32F030x8 -c -I../Core/Inc -I../Drivers/STM32F0xx_HAL_Driver/Inc -I../Drivers/STM32F0xx_HAL_Driver/Inc/Legacy -I../Drivers/CMSIS/Device/ST/STM32F0xx/Include -I../Drivers/CMSIS/Include -O0 -ffunction-sections -fdata-sections -Wall -fstack-usage -fcyclomatic-complexity -MMD -MP -MF"Core/Src/main.d" -MT"Core/Src/main.o" --specs=nano.specs -mfloat-abi=soft -mthumb -o "Core/Src/main.o"
arm-none-eabi-gcc -o "Keyboard.elf" @"objects.list"   -mcpu=cortex-m0 -T"C:\STM32\SausageMixer\Keyboard\STM32F030C8TX_FLASH.ld" --specs=nosys.specs -Wl,-Map="Keyboard.map" -Wl,--gc-sections -static --specs=nano.specs -mfloat-abi=soft -mthumb -Wl,--start-group -lc -lm -Wl,--end-group
Finished building target: Keyboard.elf
 
arm-none-eabi-size  Keyboard.elf 
arm-none-eabi-objdump -h -S Keyboard.elf  > "Keyboard.list"
   text	   data	    bss	    dec	    hex	filename
   6500	     12	   1684	   8196	   2004	Keyboard.elf
Finished building: default.size.stdout
 
Finished building: Keyboard.list
 
09:12:35 **** Incremental Build of configuration Debug for project Motherboard ****
make -j12 all 
arm-none-eabi-size  Motherboard.elf 
   text	   data	    bss	    dec	    hex	filename
  43656	    380	   6444	  50480	   c530	Motherboard.elf
Finished building: default.size.stdout
 
09:13:26 **** Incremental Build of configuration Debug for project Keyboard ****
make -j12 all 
arm-none-eabi-gcc "../Core/Src/main.c" -mcpu=cortex-m0 -std=gnu11 -g3 -DDEBUG -DUSE_HAL_DRIVER -DSTM32F030x8 -c -I../Core/Inc -I../Drivers/STM32F0xx_HAL_Driver/Inc -I../Drivers/STM32F0xx_HAL_Driver/Inc/Legacy -I../Drivers/CMSIS/Device/ST/STM32F0xx/Include -I../Drivers/CMSIS/Include -O0 -ffunction-sections -fdata-sections -Wall -fstack-usage -fcyclomatic-complexity -MMD -MP -MF"Core/Src/main.d" -MT"Core/Src/main.o" --specs=nano.specs -mfloat-abi=soft -mthumb -o "Core/Src/main.o"
arm-none-eabi-gcc -o "Keyboard.elf" @"objects.list"   -mcpu=cortex-m0 -T"C:\STM32\SausageMixer\Keyboard\STM32F030C8TX_FLASH.ld" --specs=nosys.specs -Wl,-Map="Keyboard.map" -Wl,--gc-sections -static --specs=nano.specs -mfloat-abi=soft -mthumb -Wl,--start-group -lc -lm -Wl,--end-group
Finished building target: Keyboard.elf
 
arm-none-eabi-size  Keyboard.elf 
arm-none-eabi-objdump -h -S Keyboard.elf  > "Keyboard.list"
   text	   data	    bss	    dec	    hex	filename
   6516	     12	   1684	   8212	   2014	Keyboard.elf
Finished building: default.size.stdout
 
Finished building: Keyboard.list
 
09:13:29 **** Incremental Build of configuration Debug for project Motherboard ****
make -j12 all 
arm-none-eabi-size  Motherboard.elf 
   text	   data	    bss	    dec	    hex	filename
  43656	    380	   6444	  50480	   c530	Motherboard.elf
Finished building: default.size.stdout
 
09:13:30 **** Incremental Build of configuration Debug for project Keyboard ****
make -j12 all 
arm-none-eabi-size  Keyboard.elf 
   text	   data	    bss	    dec	    hex	filename
   6516	     12	   1684	   8212	   2014	Keyboard.elf
Finished building: default.size.stdout
 
09:15:20 **** Incremental Build of configuration Debug for project Keyboard ****
make -j12 all 
arm-none-eabi-gcc "../Core/Src/main.c" -mcpu=cortex-m0 -std=gnu11 -g3 -DDEBUG -DUSE_HAL_DRIVER -DSTM32F030x8 -c -I../Core/Inc -I../Drivers/STM32F0xx_HAL_Driver/Inc -I../Drivers/STM32F0xx_HAL_Driver/Inc/Legacy -I../Drivers/CMSIS/Device/ST/STM32F0xx/Include -I../Drivers/CMSIS/Include -O0 -ffunction-sections -fdata-sections -Wall -fstack-usage -fcyclomatic-complexity -MMD -MP -MF"Core/Src/main.d" -MT"Core/Src/main.o" --specs=nano.specs -mfloat-abi=soft -mthumb -o "Core/Src/main.o"
arm-none-eabi-gcc -o "Keyboard.elf" @"objects.list"   -mcpu=cortex-m0 -T"C:\STM32\SausageMixer\Keyboard\STM32F030C8TX_FLASH.ld" --specs=nosys.specs -Wl,-Map="Keyboard.map" -Wl,--gc-sections -static --specs=nano.specs -mfloat-abi=soft -mthumb -Wl,--start-group -lc -lm -Wl,--end-group
Finished building target: Keyboard.elf
 
arm-none-eabi-size  Keyboard.elf 
arm-none-eabi-objdump -h -S Keyboard.elf  > "Keyboard.list"
   text	   data	    bss	    dec	    hex	filename
   6516	     12	   1684	   8212	   2014	Keyboard.elf
Finished building: default.size.stdout
 
Finished building: Keyboard.list
 
09:16:44 **** Incremental Build of configuration Debug for project Keyboard ****
make -j12 all 
arm-none-eabi-gcc "../Core/Src/main.c" -mcpu=cortex-m0 -std=gnu11 -g3 -DDEBUG -DUSE_HAL_DRIVER -DSTM32F030x8 -c -I../Core/Inc -I../Drivers/STM32F0xx_HAL_Driver/Inc -I../Drivers/STM32F0xx_HAL_Driver/Inc/Legacy -I../Drivers/CMSIS/Device/ST/STM32F0xx/Include -I../Drivers/CMSIS/Include -O0 -ffunction-sections -fdata-sections -Wall -fstack-usage -fcyclomatic-complexity -MMD -MP -MF"Core/Src/main.d" -MT"Core/Src/main.o" --specs=nano.specs -mfloat-abi=soft -mthumb -o "Core/Src/main.o"
arm-none-eabi-gcc -o "Keyboard.elf" @"objects.list"   -mcpu=cortex-m0 -T"C:\STM32\SausageMixer\Keyboard\STM32F030C8TX_FLASH.ld" --specs=nosys.specs -Wl,-Map="Keyboard.map" -Wl,--gc-sections -static --specs=nano.specs -mfloat-abi=soft -mthumb -Wl,--start-group -lc -lm -Wl,--end-group
Finished building target: Keyboard.elf
 
arm-none-eabi-size  Keyboard.elf 
arm-none-eabi-objdump -h -S Keyboard.elf  > "Keyboard.list"
   text	   data	    bss	    dec	    hex	filename
   6516	     12	   1684	   8212	   2014	Keyboard.elf
Finished building: default.size.stdout
 
Finished building: Keyboard.list
 
09:17:12 **** Incremental Build of configuration Debug for project Keyboard ****
make -j12 all 
arm-none-eabi-size  Keyboard.elf 
   text	   data	    bss	    dec	    hex	filename
   6516	     12	   1684	   8212	   2014	Keyboard.elf
Finished building: default.size.stdout
 
09:30:52 **** Incremental Build of configuration Debug for project Keyboard ****
make -j12 all 
arm-none-eabi-gcc "../Core/Src/main.c" -mcpu=cortex-m0 -std=gnu11 -g3 -DDEBUG -DUSE_HAL_DRIVER -DSTM32F030x8 -c -I../Core/Inc -I../Drivers/STM32F0xx_HAL_Driver/Inc -I../Drivers/STM32F0xx_HAL_Driver/Inc/Legacy -I../Drivers/CMSIS/Device/ST/STM32F0xx/Include -I../Drivers/CMSIS/Include -O0 -ffunction-sections -fdata-sections -Wall -fstack-usage -fcyclomatic-complexity -MMD -MP -MF"Core/Src/main.d" -MT"Core/Src/main.o" --specs=nano.specs -mfloat-abi=soft -mthumb -o "Core/Src/main.o"
arm-none-eabi-gcc "../Core/Src/stm32f0xx_hal_msp.c" -mcpu=cortex-m0 -std=gnu11 -g3 -DDEBUG -DUSE_HAL_DRIVER -DSTM32F030x8 -c -I../Core/Inc -I../Drivers/STM32F0xx_HAL_Driver/Inc -I../Drivers/STM32F0xx_HAL_Driver/Inc/Legacy -I../Drivers/CMSIS/Device/ST/STM32F0xx/Include -I../Drivers/CMSIS/Include -O0 -ffunction-sections -fdata-sections -Wall -fstack-usage -fcyclomatic-complexity -MMD -MP -MF"Core/Src/stm32f0xx_hal_msp.d" -MT"Core/Src/stm32f0xx_hal_msp.o" --specs=nano.specs -mfloat-abi=soft -mthumb -o "Core/Src/stm32f0xx_hal_msp.o"
arm-none-eabi-gcc "../Core/Src/stm32f0xx_it.c" -mcpu=cortex-m0 -std=gnu11 -g3 -DDEBUG -DUSE_HAL_DRIVER -DSTM32F030x8 -c -I../Core/Inc -I../Drivers/STM32F0xx_HAL_Driver/Inc -I../Drivers/STM32F0xx_HAL_Driver/Inc/Legacy -I../Drivers/CMSIS/Device/ST/STM32F0xx/Include -I../Drivers/CMSIS/Include -O0 -ffunction-sections -fdata-sections -Wall -fstack-usage -fcyclomatic-complexity -MMD -MP -MF"Core/Src/stm32f0xx_it.d" -MT"Core/Src/stm32f0xx_it.o" --specs=nano.specs -mfloat-abi=soft -mthumb -o "Core/Src/stm32f0xx_it.o"
arm-none-eabi-gcc -o "Keyboard.elf" @"objects.list"   -mcpu=cortex-m0 -T"C:\STM32\SausageMixer\Keyboard\STM32F030C8TX_FLASH.ld" --specs=nosys.specs -Wl,-Map="Keyboard.map" -Wl,--gc-sections -static --specs=nano.specs -mfloat-abi=soft -mthumb -Wl,--start-group -lc -lm -Wl,--end-group
Finished building target: Keyboard.elf
 
arm-none-eabi-size  Keyboard.elf 
arm-none-eabi-objdump -h -S Keyboard.elf  > "Keyboard.list"
   text	   data	    bss	    dec	    hex	filename
   6500	     12	   1684	   8196	   2004	Keyboard.elf
Finished building: default.size.stdout
 
Finished building: Keyboard.list
 
09:30:56 **** Incremental Build of configuration Debug for project Motherboard ****
make -j12 all 
arm-none-eabi-size  Motherboard.elf 
   text	   data	    bss	    dec	    hex	filename
  43656	    380	   6444	  50480	   c530	Motherboard.elf
Finished building: default.size.stdout
 
09:30:58 **** Incremental Build of configuration Debug for project Keyboard ****
make -j12 all 
arm-none-eabi-size  Keyboard.elf 
   text	   data	    bss	    dec	    hex	filename
   6500	     12	   1684	   8196	   2004	Keyboard.elf
Finished building: default.size.stdout
 
09:30:58 **** Incremental Build of configuration Debug for project Motherboard ****
make -j12 all 
arm-none-eabi-size  Motherboard.elf 
   text	   data	    bss	    dec	    hex	filename
  43656	    380	   6444	  50480	   c530	Motherboard.elf
Finished building: default.size.stdout
 
09:31:00 **** Incremental Build of configuration Debug for project Keyboard ****
make -j12 all 
arm-none-eabi-gcc "../Core/Src/main.c" -mcpu=cortex-m0 -std=gnu11 -g3 -DDEBUG -DUSE_HAL_DRIVER -DSTM32F030x8 -c -I../Core/Inc -I../Drivers/STM32F0xx_HAL_Driver/Inc -I../Drivers/STM32F0xx_HAL_Driver/Inc/Legacy -I../Drivers/CMSIS/Device/ST/STM32F0xx/Include -I../Drivers/CMSIS/Include -O0 -ffunction-sections -fdata-sections -Wall -fstack-usage -fcyclomatic-complexity -MMD -MP -MF"Core/Src/main.d" -MT"Core/Src/main.o" --specs=nano.specs -mfloat-abi=soft -mthumb -o "Core/Src/main.o"
arm-none-eabi-gcc -o "Keyboard.elf" @"objects.list"   -mcpu=cortex-m0 -T"C:\STM32\SausageMixer\Keyboard\STM32F030C8TX_FLASH.ld" --specs=nosys.specs -Wl,-Map="Keyboard.map" -Wl,--gc-sections -static --specs=nano.specs -mfloat-abi=soft -mthumb -Wl,--start-group -lc -lm -Wl,--end-group
Finished building target: Keyboard.elf
 
arm-none-eabi-size  Keyboard.elf 
arm-none-eabi-objdump -h -S Keyboard.elf  > "Keyboard.list"
   text	   data	    bss	    dec	    hex	filename
   6500	     12	   1684	   8196	   2004	Keyboard.elf
Finished building: default.size.stdout
 
Finished building: Keyboard.list
 
09:31:04 **** Incremental Build of configuration Debug for project Motherboard ****
make -j12 all 
arm-none-eabi-size  Motherboard.elf 
   text	   data	    bss	    dec	    hex	filename
  43656	    380	   6444	  50480	   c530	Motherboard.elf
Finished building: default.size.stdout
 
09:35:15 **** Incremental Build of configuration Debug for project Keyboard ****
make -j12 all 
arm-none-eabi-gcc "../Core/Src/main.c" -mcpu=cortex-m0 -std=gnu11 -g3 -DDEBUG -DUSE_HAL_DRIVER -DSTM32F030x8 -c -I../Core/Inc -I../Drivers/STM32F0xx_HAL_Driver/Inc -I../Drivers/STM32F0xx_HAL_Driver/Inc/Legacy -I../Drivers/CMSIS/Device/ST/STM32F0xx/Include -I../Drivers/CMSIS/Include -O0 -ffunction-sections -fdata-sections -Wall -fstack-usage -fcyclomatic-complexity -MMD -MP -MF"Core/Src/main.d" -MT"Core/Src/main.o" --specs=nano.specs -mfloat-abi=soft -mthumb -o "Core/Src/main.o"
arm-none-eabi-gcc -o "Keyboard.elf" @"objects.list"   -mcpu=cortex-m0 -T"C:\STM32\SausageMixer\Keyboard\STM32F030C8TX_FLASH.ld" --specs=nosys.specs -Wl,-Map="Keyboard.map" -Wl,--gc-sections -static --specs=nano.specs -mfloat-abi=soft -mthumb -Wl,--start-group -lc -lm -Wl,--end-group
Finished building target: Keyboard.elf
 
arm-none-eabi-size  Keyboard.elf 
arm-none-eabi-objdump -h -S Keyboard.elf  > "Keyboard.list"
   text	   data	    bss	    dec	    hex	filename
   8564	     12	   1684	  10260	   2814	Keyboard.elf
Finished building: default.size.stdout
 
Finished building: Keyboard.list
 
09:35:18 **** Incremental Build of configuration Debug for project Motherboard ****
make -j12 all 
arm-none-eabi-size  Motherboard.elf 
   text	   data	    bss	    dec	    hex	filename
  43656	    380	   6444	  50480	   c530	Motherboard.elf
Finished building: default.size.stdout
 
09:35:25 **** Incremental Build of configuration Debug for project Keyboard ****
make -j12 all 
arm-none-eabi-size  Keyboard.elf 
   text	   data	    bss	    dec	    hex	filename
   8564	     12	   1684	  10260	   2814	Keyboard.elf
Finished building: default.size.stdout
 
09:36:13 **** Incremental Build of configuration Debug for project Keyboard ****
make -j12 all 
arm-none-eabi-gcc "../Core/Src/main.c" -mcpu=cortex-m0 -std=gnu11 -g3 -DDEBUG -DUSE_HAL_DRIVER -DSTM32F030x8 -c -I../Core/Inc -I../Drivers/STM32F0xx_HAL_Driver/Inc -I../Drivers/STM32F0xx_HAL_Driver/Inc/Legacy -I../Drivers/CMSIS/Device/ST/STM32F0xx/Include -I../Drivers/CMSIS/Include -O0 -ffunction-sections -fdata-sections -Wall -fstack-usage -fcyclomatic-complexity -MMD -MP -MF"Core/Src/main.d" -MT"Core/Src/main.o" --specs=nano.specs -mfloat-abi=soft -mthumb -o "Core/Src/main.o"
arm-none-eabi-gcc -o "Keyboard.elf" @"objects.list"   -mcpu=cortex-m0 -T"C:\STM32\SausageMixer\Keyboard\STM32F030C8TX_FLASH.ld" --specs=nosys.specs -Wl,-Map="Keyboard.map" -Wl,--gc-sections -static --specs=nano.specs -mfloat-abi=soft -mthumb -Wl,--start-group -lc -lm -Wl,--end-group
Finished building target: Keyboard.elf
 
arm-none-eabi-size  Keyboard.elf 
arm-none-eabi-objdump -h -S Keyboard.elf  > "Keyboard.list"
   text	   data	    bss	    dec	    hex	filename
   8580	     12	   1684	  10276	   2824	Keyboard.elf
Finished building: default.size.stdout
 
Finished building: Keyboard.list
 
09:38:21 **** Incremental Build of configuration Debug for project Keyboard ****
make -j12 all 
arm-none-eabi-size  Keyboard.elf 
   text	   data	    bss	    dec	    hex	filename
   8580	     12	   1684	  10276	   2824	Keyboard.elf
Finished building: default.size.stdout
 
09:38:21 **** Incremental Build of configuration Debug for project Motherboard ****
make -j12 all 
arm-none-eabi-gcc "../Core/Src/main.c" -mcpu=cortex-m3 -std=gnu11 -g3 -DDEBUG -DUSE_HAL_DRIVER -DSTM32F103xB -c -I../Core/Inc -I../Drivers/STM32F1xx_HAL_Driver/Inc/Legacy -I../Drivers/STM32F1xx_HAL_Driver/Inc -I../Drivers/CMSIS/Device/ST/STM32F1xx/Include -I../Drivers/CMSIS/Include -I../USB_DEVICE/App -I../USB_DEVICE/Target -I../Middlewares/ST/STM32_USB_Device_Library/Core/Inc -I../Middlewares/ST/STM32_USB_Device_Library/Class/CDC/Inc -O0 -ffunction-sections -fdata-sections -Wall -fstack-usage -fcyclomatic-complexity -MMD -MP -MF"Core/Src/main.d" -MT"Core/Src/main.o" --specs=nano.specs -mfloat-abi=soft -mthumb -o "Core/Src/main.o"
../Core/Src/main.c:44:18: error: 'CMD_NONE' undeclared here (not in a function)
   44 | uint8_t rx_cmd = CMD_NONE;
      |                  ^~~~~~~~
../Core/Src/main.c: In function 'HAL_SPI_RxCpltCallback':
../Core/Src/main.c:102:9: warning: implicit declaration of function 'Motherboard_ProcessCommand' [-Wimplicit-function-declaration]
  102 |         Motherboard_ProcessCommand(rx_cmd);
      |         ^~~~~~~~~~~~~~~~~~~~~~~~~~
make: *** [Core/Src/subdir.mk:40: Core/Src/main.o] Error 1
"make -j12 all" terminated with exit code 2. Build might be incomplete.
09:38:46 **** Incremental Build of configuration Debug for project Keyboard ****
make -j12 all 
arm-none-eabi-size  Keyboard.elf 
   text	   data	    bss	    dec	    hex	filename
   8580	     12	   1684	  10276	   2824	Keyboard.elf
Finished building: default.size.stdout
 
09:38:46 **** Incremental Build of configuration Debug for project Motherboard ****
make -j12 all 
arm-none-eabi-gcc "../USB_DEVICE/Target/usbd_conf.c" -mcpu=cortex-m3 -std=gnu11 -g3 -DDEBUG -DUSE_HAL_DRIVER -DSTM32F103xB -c -I../Core/Inc -I../Drivers/STM32F1xx_HAL_Driver/Inc/Legacy -I../Drivers/STM32F1xx_HAL_Driver/Inc -I../Drivers/CMSIS/Device/ST/STM32F1xx/Include -I../Drivers/CMSIS/Include -I../USB_DEVICE/App -I../USB_DEVICE/Target -I../Middlewares/ST/STM32_USB_Device_Library/Core/Inc -I../Middlewares/ST/STM32_USB_Device_Library/Class/CDC/Inc -O0 -ffunction-sections -fdata-sections -Wall -fstack-usage -fcyclomatic-complexity -MMD -MP -MF"USB_DEVICE/Target/usbd_conf.d" -MT"USB_DEVICE/Target/usbd_conf.o" --specs=nano.specs -mfloat-abi=soft -mthumb -o "USB_DEVICE/Target/usbd_conf.o"
arm-none-eabi-gcc "../USB_DEVICE/App/usb_device.c" -mcpu=cortex-m3 -std=gnu11 -g3 -DDEBUG -DUSE_HAL_DRIVER -DSTM32F103xB -c -I../Core/Inc -I../Drivers/STM32F1xx_HAL_Driver/Inc/Legacy -I../Drivers/STM32F1xx_HAL_Driver/Inc -I../Drivers/CMSIS/Device/ST/STM32F1xx/Include -I../Drivers/CMSIS/Include -I../USB_DEVICE/App -I../USB_DEVICE/Target -I../Middlewares/ST/STM32_USB_Device_Library/Core/Inc -I../Middlewares/ST/STM32_USB_Device_Library/Class/CDC/Inc -O0 -ffunction-sections -fdata-sections -Wall -fstack-usage -fcyclomatic-complexity -MMD -MP -MF"USB_DEVICE/App/usb_device.d" -MT"USB_DEVICE/App/usb_device.o" --specs=nano.specs -mfloat-abi=soft -mthumb -o "USB_DEVICE/App/usb_device.o"
arm-none-eabi-gcc "../USB_DEVICE/App/usbd_cdc_if.c" -mcpu=cortex-m3 -std=gnu11 -g3 -DDEBUG -DUSE_HAL_DRIVER -DSTM32F103xB -c -I../Core/Inc -I../Drivers/STM32F1xx_HAL_Driver/Inc/Legacy -I../Drivers/STM32F1xx_HAL_Driver/Inc -I../Drivers/CMSIS/Device/ST/STM32F1xx/Include -I../Drivers/CMSIS/Include -I../USB_DEVICE/App -I../USB_DEVICE/Target -I../Middlewares/ST/STM32_USB_Device_Library/Core/Inc -I../Middlewares/ST/STM32_USB_Device_Library/Class/CDC/Inc -O0 -ffunction-sections -fdata-sections -Wall -fstack-usage -fcyclomatic-complexity -MMD -MP -MF"USB_DEVICE/App/usbd_cdc_if.d" -MT"USB_DEVICE/App/usbd_cdc_if.o" --specs=nano.specs -mfloat-abi=soft -mthumb -o "USB_DEVICE/App/usbd_cdc_if.o"
arm-none-eabi-gcc "../USB_DEVICE/App/usbd_desc.c" -mcpu=cortex-m3 -std=gnu11 -g3 -DDEBUG -DUSE_HAL_DRIVER -DSTM32F103xB -c -I../Core/Inc -I../Drivers/STM32F1xx_HAL_Driver/Inc/Legacy -I../Drivers/STM32F1xx_HAL_Driver/Inc -I../Drivers/CMSIS/Device/ST/STM32F1xx/Include -I../Drivers/CMSIS/Include -I../USB_DEVICE/App -I../USB_DEVICE/Target -I../Middlewares/ST/STM32_USB_Device_Library/Core/Inc -I../Middlewares/ST/STM32_USB_Device_Library/Class/CDC/Inc -O0 -ffunction-sections -fdata-sections -Wall -fstack-usage -fcyclomatic-complexity -MMD -MP -MF"USB_DEVICE/App/usbd_desc.d" -MT"USB_DEVICE/App/usbd_desc.o" --specs=nano.specs -mfloat-abi=soft -mthumb -o "USB_DEVICE/App/usbd_desc.o"
arm-none-eabi-gcc "../Middlewares/ST/STM32_USB_Device_Library/Core/Src/usbd_core.c" -mcpu=cortex-m3 -std=gnu11 -g3 -DDEBUG -DUSE_HAL_DRIVER -DSTM32F103xB -c -I../Core/Inc -I../Drivers/STM32F1xx_HAL_Driver/Inc/Legacy -I../Drivers/STM32F1xx_HAL_Driver/Inc -I../Drivers/CMSIS/Device/ST/STM32F1xx/Include -I../Drivers/CMSIS/Include -I../USB_DEVICE/App -I../USB_DEVICE/Target -I../Middlewares/ST/STM32_USB_Device_Library/Core/Inc -I../Middlewares/ST/STM32_USB_Device_Library/Class/CDC/Inc -O0 -ffunction-sections -fdata-sections -Wall -fstack-usage -fcyclomatic-complexity -MMD -MP -MF"Middlewares/ST/STM32_USB_Device_Library/Core/Src/usbd_core.d" -MT"Middlewares/ST/STM32_USB_Device_Library/Core/Src/usbd_core.o" --specs=nano.specs -mfloat-abi=soft -mthumb -o "Middlewares/ST/STM32_USB_Device_Library/Core/Src/usbd_core.o"
arm-none-eabi-gcc "../Middlewares/ST/STM32_USB_Device_Library/Core/Src/usbd_ctlreq.c" -mcpu=cortex-m3 -std=gnu11 -g3 -DDEBUG -DUSE_HAL_DRIVER -DSTM32F103xB -c -I../Core/Inc -I../Drivers/STM32F1xx_HAL_Driver/Inc/Legacy -I../Drivers/STM32F1xx_HAL_Driver/Inc -I../Drivers/CMSIS/Device/ST/STM32F1xx/Include -I../Drivers/CMSIS/Include -I../USB_DEVICE/App -I../USB_DEVICE/Target -I../Middlewares/ST/STM32_USB_Device_Library/Core/Inc -I../Middlewares/ST/STM32_USB_Device_Library/Class/CDC/Inc -O0 -ffunction-sections -fdata-sections -Wall -fstack-usage -fcyclomatic-complexity -MMD -MP -MF"Middlewares/ST/STM32_USB_Device_Library/Core/Src/usbd_ctlreq.d" -MT"Middlewares/ST/STM32_USB_Device_Library/Core/Src/usbd_ctlreq.o" --specs=nano.specs -mfloat-abi=soft -mthumb -o "Middlewares/ST/STM32_USB_Device_Library/Core/Src/usbd_ctlreq.o"
arm-none-eabi-gcc "../Middlewares/ST/STM32_USB_Device_Library/Core/Src/usbd_ioreq.c" -mcpu=cortex-m3 -std=gnu11 -g3 -DDEBUG -DUSE_HAL_DRIVER -DSTM32F103xB -c -I../Core/Inc -I../Drivers/STM32F1xx_HAL_Driver/Inc/Legacy -I../Drivers/STM32F1xx_HAL_Driver/Inc -I../Drivers/CMSIS/Device/ST/STM32F1xx/Include -I../Drivers/CMSIS/Include -I../USB_DEVICE/App -I../USB_DEVICE/Target -I../Middlewares/ST/STM32_USB_Device_Library/Core/Inc -I../Middlewares/ST/STM32_USB_Device_Library/Class/CDC/Inc -O0 -ffunction-sections -fdata-sections -Wall -fstack-usage -fcyclomatic-complexity -MMD -MP -MF"Middlewares/ST/STM32_USB_Device_Library/Core/Src/usbd_ioreq.d" -MT"Middlewares/ST/STM32_USB_Device_Library/Core/Src/usbd_ioreq.o" --specs=nano.specs -mfloat-abi=soft -mthumb -o "Middlewares/ST/STM32_USB_Device_Library/Core/Src/usbd_ioreq.o"
arm-none-eabi-gcc "../Middlewares/ST/STM32_USB_Device_Library/Class/CDC/Src/usbd_cdc.c" -mcpu=cortex-m3 -std=gnu11 -g3 -DDEBUG -DUSE_HAL_DRIVER -DSTM32F103xB -c -I../Core/Inc -I../Drivers/STM32F1xx_HAL_Driver/Inc/Legacy -I../Drivers/STM32F1xx_HAL_Driver/Inc -I../Drivers/CMSIS/Device/ST/STM32F1xx/Include -I../Drivers/CMSIS/Include -I../USB_DEVICE/App -I../USB_DEVICE/Target -I../Middlewares/ST/STM32_USB_Device_Library/Core/Inc -I../Middlewares/ST/STM32_USB_Device_Library/Class/CDC/Inc -O0 -ffunction-sections -fdata-sections -Wall -fstack-usage -fcyclomatic-complexity -MMD -MP -MF"Middlewares/ST/STM32_USB_Device_Library/Class/CDC/Src/usbd_cdc.d" -MT"Middlewares/ST/STM32_USB_Device_Library/Class/CDC/Src/usbd_cdc.o" --specs=nano.specs -mfloat-abi=soft -mthumb -o "Middlewares/ST/STM32_USB_Device_Library/Class/CDC/Src/usbd_cdc.o"
arm-none-eabi-gcc "../Core/Src/main.c" -mcpu=cortex-m3 -std=gnu11 -g3 -DDEBUG -DUSE_HAL_DRIVER -DSTM32F103xB -c -I../Core/Inc -I../Drivers/STM32F1xx_HAL_Driver/Inc/Legacy -I../Drivers/STM32F1xx_HAL_Driver/Inc -I../Drivers/CMSIS/Device/ST/STM32F1xx/Include -I../Drivers/CMSIS/Include -I../USB_DEVICE/App -I../USB_DEVICE/Target -I../Middlewares/ST/STM32_USB_Device_Library/Core/Inc -I../Middlewares/ST/STM32_USB_Device_Library/Class/CDC/Inc -O0 -ffunction-sections -fdata-sections -Wall -fstack-usage -fcyclomatic-complexity -MMD -MP -MF"Core/Src/main.d" -MT"Core/Src/main.o" --specs=nano.specs -mfloat-abi=soft -mthumb -o "Core/Src/main.o"
arm-none-eabi-gcc "../Core/Src/stm32f1xx_hal_msp.c" -mcpu=cortex-m3 -std=gnu11 -g3 -DDEBUG -DUSE_HAL_DRIVER -DSTM32F103xB -c -I../Core/Inc -I../Drivers/STM32F1xx_HAL_Driver/Inc/Legacy -I../Drivers/STM32F1xx_HAL_Driver/Inc -I../Drivers/CMSIS/Device/ST/STM32F1xx/Include -I../Drivers/CMSIS/Include -I../USB_DEVICE/App -I../USB_DEVICE/Target -I../Middlewares/ST/STM32_USB_Device_Library/Core/Inc -I../Middlewares/ST/STM32_USB_Device_Library/Class/CDC/Inc -O0 -ffunction-sections -fdata-sections -Wall -fstack-usage -fcyclomatic-complexity -MMD -MP -MF"Core/Src/stm32f1xx_hal_msp.d" -MT"Core/Src/stm32f1xx_hal_msp.o" --specs=nano.specs -mfloat-abi=soft -mthumb -o "Core/Src/stm32f1xx_hal_msp.o"
arm-none-eabi-gcc "../Core/Src/stm32f1xx_it.c" -mcpu=cortex-m3 -std=gnu11 -g3 -DDEBUG -DUSE_HAL_DRIVER -DSTM32F103xB -c -I../Core/Inc -I../Drivers/STM32F1xx_HAL_Driver/Inc/Legacy -I../Drivers/STM32F1xx_HAL_Driver/Inc -I../Drivers/CMSIS/Device/ST/STM32F1xx/Include -I../Drivers/CMSIS/Include -I../USB_DEVICE/App -I../USB_DEVICE/Target -I../Middlewares/ST/STM32_USB_Device_Library/Core/Inc -I../Middlewares/ST/STM32_USB_Device_Library/Class/CDC/Inc -O0 -ffunction-sections -fdata-sections -Wall -fstack-usage -fcyclomatic-complexity -MMD -MP -MF"Core/Src/stm32f1xx_it.d" -MT"Core/Src/stm32f1xx_it.o" --specs=nano.specs -mfloat-abi=soft -mthumb -o "Core/Src/stm32f1xx_it.o"
../Core/Src/main.c: In function 'HAL_SPI_RxCpltCallback':
../Core/Src/main.c:102:9: warning: implicit declaration of function 'Motherboard_ProcessCommand' [-Wimplicit-function-declaration]
  102 |         Motherboard_ProcessCommand(rx_cmd);
      |         ^~~~~~~~~~~~~~~~~~~~~~~~~~
arm-none-eabi-gcc -o "Motherboard.elf" @"objects.list"   -mcpu=cortex-m3 -T"C:\STM32\SausageMixer\Motherboard\STM32F103C8TX_FLASH.ld" --specs=nosys.specs -Wl,-Map="Motherboard.map" -Wl,--gc-sections -static --specs=nano.specs -mfloat-abi=soft -mthumb -Wl,--start-group -lc -lm -Wl,--end-group
C:/ST/STM32CubeIDE_1.13.0/STM32CubeIDE/plugins/com.st.stm32cube.ide.mcu.externaltools.gnu-tools-for-stm32.13.3.rel1.win32_1.0.0.202411081344/tools/bin/../lib/gcc/arm-none-eabi/13.3.1/../../../../arm-none-eabi/bin/ld.exe: ./Core/Src/main.o: in function `HAL_SPI_RxCpltCallback':
C:/STM32/SausageMixer/Motherboard/Debug/../Core/Src/main.c:102:(.text.HAL_SPI_RxCpltCallback+0x18): undefined reference to `Motherboard_ProcessCommand'
collect2.exe: error: ld returned 1 exit status
make: *** [makefile:68: Motherboard.elf] Error 1
"make -j12 all" terminated with exit code 2. Build might be incomplete.
09:39:18 **** Incremental Build of configuration Debug for project Keyboard ****
make -j12 all 
arm-none-eabi-size  Keyboard.elf 
   text	   data	    bss	    dec	    hex	filename
   8580	     12	   1684	  10276	   2824	Keyboard.elf
Finished building: default.size.stdout
 
09:39:18 **** Incremental Build of configuration Debug for project Motherboard ****
make -j12 all 
arm-none-eabi-gcc "../Core/Src/main.c" -mcpu=cortex-m3 -std=gnu11 -g3 -DDEBUG -DUSE_HAL_DRIVER -DSTM32F103xB -c -I../Core/Inc -I../Drivers/STM32F1xx_HAL_Driver/Inc/Legacy -I../Drivers/STM32F1xx_HAL_Driver/Inc -I../Drivers/CMSIS/Device/ST/STM32F1xx/Include -I../Drivers/CMSIS/Include -I../USB_DEVICE/App -I../USB_DEVICE/Target -I../Middlewares/ST/STM32_USB_Device_Library/Core/Inc -I../Middlewares/ST/STM32_USB_Device_Library/Class/CDC/Inc -O0 -ffunction-sections -fdata-sections -Wall -fstack-usage -fcyclomatic-complexity -MMD -MP -MF"Core/Src/main.d" -MT"Core/Src/main.o" --specs=nano.specs -mfloat-abi=soft -mthumb -o "Core/Src/main.o"
../Core/Src/main.c: In function 'HAL_SPI_RxCpltCallback':
../Core/Src/main.c:102:9: warning: implicit declaration of function 'Motherboard_ProcessCommand' [-Wimplicit-function-declaration]
  102 |         Motherboard_ProcessCommand(rx_cmd);
      |         ^~~~~~~~~~~~~~~~~~~~~~~~~~
../Core/Src/main.c: At top level:
../Core/Src/main.c:110:6: warning: conflicting types for 'Motherboard_ProcessCommand'; have 'void(uint8_t)' {aka 'void(unsigned char)'}
  110 | void Motherboard_ProcessCommand(uint8_t cmd)
      |      ^~~~~~~~~~~~~~~~~~~~~~~~~~
../Core/Src/main.c:102:9: note: previous implicit declaration of 'Motherboard_ProcessCommand' with type 'void(uint8_t)' {aka 'void(unsigned char)'}
  102 |         Motherboard_ProcessCommand(rx_cmd);
      |         ^~~~~~~~~~~~~~~~~~~~~~~~~~
arm-none-eabi-gcc -o "Motherboard.elf" @"objects.list"   -mcpu=cortex-m3 -T"C:\STM32\SausageMixer\Motherboard\STM32F103C8TX_FLASH.ld" --specs=nosys.specs -Wl,-Map="Motherboard.map" -Wl,--gc-sections -static --specs=nano.specs -mfloat-abi=soft -mthumb -Wl,--start-group -lc -lm -Wl,--end-group
Finished building target: Motherboard.elf
 
arm-none-eabi-size  Motherboard.elf 
arm-none-eabi-objdump -h -S Motherboard.elf  > "Motherboard.list"
   text	   data	    bss	    dec	    hex	filename
  45512	    380	   6452	  52344	   cc78	Motherboard.elf
Finished building: default.size.stdout
 
Finished building: Motherboard.list
 
09:39:36 **** Incremental Build of configuration Debug for project Keyboard ****
make -j12 all 
arm-none-eabi-size  Keyboard.elf 
   text	   data	    bss	    dec	    hex	filename
   8580	     12	   1684	  10276	   2824	Keyboard.elf
Finished building: default.size.stdout
 
09:39:36 **** Incremental Build of configuration Debug for project Motherboard ****
make -j12 all 
arm-none-eabi-gcc "../Core/Src/main.c" -mcpu=cortex-m3 -std=gnu11 -g3 -DDEBUG -DUSE_HAL_DRIVER -DSTM32F103xB -c -I../Core/Inc -I../Drivers/STM32F1xx_HAL_Driver/Inc/Legacy -I../Drivers/STM32F1xx_HAL_Driver/Inc -I../Drivers/CMSIS/Device/ST/STM32F1xx/Include -I../Drivers/CMSIS/Include -I../USB_DEVICE/App -I../USB_DEVICE/Target -I../Middlewares/ST/STM32_USB_Device_Library/Core/Inc -I../Middlewares/ST/STM32_USB_Device_Library/Class/CDC/Inc -O0 -ffunction-sections -fdata-sections -Wall -fstack-usage -fcyclomatic-complexity -MMD -MP -MF"Core/Src/main.d" -MT"Core/Src/main.o" --specs=nano.specs -mfloat-abi=soft -mthumb -o "Core/Src/main.o"
arm-none-eabi-gcc -o "Motherboard.elf" @"objects.list"   -mcpu=cortex-m3 -T"C:\STM32\SausageMixer\Motherboard\STM32F103C8TX_FLASH.ld" --specs=nosys.specs -Wl,-Map="Motherboard.map" -Wl,--gc-sections -static --specs=nano.specs -mfloat-abi=soft -mthumb -Wl,--start-group -lc -lm -Wl,--end-group
Finished building target: Motherboard.elf
 
arm-none-eabi-size  Motherboard.elf 
arm-none-eabi-objdump -h -S Motherboard.elf  > "Motherboard.list"
   text	   data	    bss	    dec	    hex	filename
  45512	    380	   6452	  52344	   cc78	Motherboard.elf
Finished building: default.size.stdout
 
Finished building: Motherboard.list
 
09:42:03 **** Incremental Build of configuration Debug for project Motherboard ****
make -j12 all 
arm-none-eabi-gcc "../Core/Src/main.c" -mcpu=cortex-m3 -std=gnu11 -g3 -DDEBUG -DUSE_HAL_DRIVER -DSTM32F103xB -c -I../Core/Inc -I../Drivers/STM32F1xx_HAL_Driver/Inc/Legacy -I../Drivers/STM32F1xx_HAL_Driver/Inc -I../Drivers/CMSIS/Device/ST/STM32F1xx/Include -I../Drivers/CMSIS/Include -I../USB_DEVICE/App -I../USB_DEVICE/Target -I../Middlewares/ST/STM32_USB_Device_Library/Core/Inc -I../Middlewares/ST/STM32_USB_Device_Library/Class/CDC/Inc -O0 -ffunction-sections -fdata-sections -Wall -fstack-usage -fcyclomatic-complexity -MMD -MP -MF"Core/Src/main.d" -MT"Core/Src/main.o" --specs=nano.specs -mfloat-abi=soft -mthumb -o "Core/Src/main.o"
../Core/Src/main.c:48:28: error: 'STATE_IDLE' undeclared here (not in a function)
   48 | volatile uint8_t g_state = STATE_IDLE;
      |                            ^~~~~~~~~~
../Core/Src/main.c:49:28: error: 'STAGE_NOINTI' undeclared here (not in a function); did you mean 'STAGE_NOINIT'?
   49 | volatile uint8_t g_stage = STAGE_NOINTI;
      |                            ^~~~~~~~~~~~
      |                            STAGE_NOINIT
../Core/Src/main.c: In function 'Motherboard_ProcessCommand':
../Core/Src/main.c:120:23: error: 'STATE_RUNNING' undeclared (first use in this function)
  120 |             g_state = STATE_RUNNING;
      |                       ^~~~~~~~~~~~~
../Core/Src/main.c:120:23: note: each undeclared identifier is reported only once for each function it appears in
make: *** [Core/Src/subdir.mk:40: Core/Src/main.o] Error 1
"make -j12 all" terminated with exit code 2. Build might be incomplete.
09:42:47 **** Incremental Build of configuration Debug for project Keyboard ****
make -j12 all 
arm-none-eabi-size  Keyboard.elf 
   text	   data	    bss	    dec	    hex	filename
   8580	     12	   1684	  10276	   2824	Keyboard.elf
Finished building: default.size.stdout
 
09:42:47 **** Incremental Build of configuration Debug for project Motherboard ****
make -j12 all 
arm-none-eabi-gcc "../Core/Src/main.c" -mcpu=cortex-m3 -std=gnu11 -g3 -DDEBUG -DUSE_HAL_DRIVER -DSTM32F103xB -c -I../Core/Inc -I../Drivers/STM32F1xx_HAL_Driver/Inc/Legacy -I../Drivers/STM32F1xx_HAL_Driver/Inc -I../Drivers/CMSIS/Device/ST/STM32F1xx/Include -I../Drivers/CMSIS/Include -I../USB_DEVICE/App -I../USB_DEVICE/Target -I../Middlewares/ST/STM32_USB_Device_Library/Core/Inc -I../Middlewares/ST/STM32_USB_Device_Library/Class/CDC/Inc -O0 -ffunction-sections -fdata-sections -Wall -fstack-usage -fcyclomatic-complexity -MMD -MP -MF"Core/Src/main.d" -MT"Core/Src/main.o" --specs=nano.specs -mfloat-abi=soft -mthumb -o "Core/Src/main.o"
../Core/Src/main.c:49:28: error: 'STAGE_NOINTI' undeclared here (not in a function); did you mean 'STAGE_NOINIT'?
   49 | volatile uint8_t g_stage = STAGE_NOINTI;
      |                            ^~~~~~~~~~~~
      |                            STAGE_NOINIT
make: *** [Core/Src/subdir.mk:40: Core/Src/main.o] Error 1
"make -j12 all" terminated with exit code 2. Build might be incomplete.
09:42:58 **** Incremental Build of configuration Debug for project Keyboard ****
make -j12 all 
arm-none-eabi-size  Keyboard.elf 
   text	   data	    bss	    dec	    hex	filename
   8580	     12	   1684	  10276	   2824	Keyboard.elf
Finished building: default.size.stdout
 
09:42:59 **** Incremental Build of configuration Debug for project Motherboard ****
make -j12 all 
arm-none-eabi-gcc "../Core/Src/main.c" -mcpu=cortex-m3 -std=gnu11 -g3 -DDEBUG -DUSE_HAL_DRIVER -DSTM32F103xB -c -I../Core/Inc -I../Drivers/STM32F1xx_HAL_Driver/Inc/Legacy -I../Drivers/STM32F1xx_HAL_Driver/Inc -I../Drivers/CMSIS/Device/ST/STM32F1xx/Include -I../Drivers/CMSIS/Include -I../USB_DEVICE/App -I../USB_DEVICE/Target -I../Middlewares/ST/STM32_USB_Device_Library/Core/Inc -I../Middlewares/ST/STM32_USB_Device_Library/Class/CDC/Inc -O0 -ffunction-sections -fdata-sections -Wall -fstack-usage -fcyclomatic-complexity -MMD -MP -MF"Core/Src/main.d" -MT"Core/Src/main.o" --specs=nano.specs -mfloat-abi=soft -mthumb -o "Core/Src/main.o"
arm-none-eabi-gcc -o "Motherboard.elf" @"objects.list"   -mcpu=cortex-m3 -T"C:\STM32\SausageMixer\Motherboard\STM32F103C8TX_FLASH.ld" --specs=nosys.specs -Wl,-Map="Motherboard.map" -Wl,--gc-sections -static --specs=nano.specs -mfloat-abi=soft -mthumb -Wl,--start-group -lc -lm -Wl,--end-group
Finished building target: Motherboard.elf
 
arm-none-eabi-size  Motherboard.elf 
arm-none-eabi-objdump -h -S Motherboard.elf  > "Motherboard.list"
   text	   data	    bss	    dec	    hex	filename
  45532	    380	   6452	  52364	   cc8c	Motherboard.elf
Finished building: default.size.stdout
 
Finished building: Motherboard.list
 
09:43:04 **** Incremental Build of configuration Debug for project Motherboard ****
make -j12 all 
arm-none-eabi-size  Motherboard.elf 
   text	   data	    bss	    dec	    hex	filename
  45532	    380	   6452	  52364	   cc8c	Motherboard.elf
Finished building: default.size.stdout
 
09:43:44 **** Incremental Build of configuration Debug for project Motherboard ****
make -j12 all 
arm-none-eabi-size  Motherboard.elf 
   text	   data	    bss	    dec	    hex	filename
  45532	    380	   6452	  52364	   cc8c	Motherboard.elf
Finished building: default.size.stdout
 
09:44:03 **** Incremental Build of configuration Debug for project Motherboard ****
make -j12 all 
arm-none-eabi-size  Motherboard.elf 
   text	   data	    bss	    dec	    hex	filename
  45532	    380	   6452	  52364	   cc8c	Motherboard.elf
Finished building: default.size.stdout
 
09:44:23 **** Incremental Build of configuration Debug for project Motherboard ****
make -j12 all 
arm-none-eabi-size  Motherboard.elf 
   text	   data	    bss	    dec	    hex	filename
  45532	    380	   6452	  52364	   cc8c	Motherboard.elf
Finished building: default.size.stdout
 
09:44:46 **** Incremental Build of configuration Debug for project Motherboard ****
make -j12 all 
arm-none-eabi-size  Motherboard.elf 
   text	   data	    bss	    dec	    hex	filename
  45532	    380	   6452	  52364	   cc8c	Motherboard.elf
Finished building: default.size.stdout
 
09:46:32 **** Incremental Build of configuration Debug for project Motherboard ****
make -j12 all 
arm-none-eabi-size  Motherboard.elf 
   text	   data	    bss	    dec	    hex	filename
  45532	    380	   6452	  52364	   cc8c	Motherboard.elf
Finished building: default.size.stdout
 
09:52:49 **** Incremental Build of configuration Debug for project Motherboard ****
make -j12 all 
arm-none-eabi-gcc "../Core/Src/main.c" -mcpu=cortex-m3 -std=gnu11 -g3 -DDEBUG -DUSE_HAL_DRIVER -DSTM32F103xB -c -I../Core/Inc -I../Drivers/STM32F1xx_HAL_Driver/Inc/Legacy -I../Drivers/STM32F1xx_HAL_Driver/Inc -I../Drivers/CMSIS/Device/ST/STM32F1xx/Include -I../Drivers/CMSIS/Include -I../USB_DEVICE/App -I../USB_DEVICE/Target -I../Middlewares/ST/STM32_USB_Device_Library/Core/Inc -I../Middlewares/ST/STM32_USB_Device_Library/Class/CDC/Inc -O0 -ffunction-sections -fdata-sections -Wall -fstack-usage -fcyclomatic-complexity -MMD -MP -MF"Core/Src/main.d" -MT"Core/Src/main.o" --specs=nano.specs -mfloat-abi=soft -mthumb -o "Core/Src/main.o"
arm-none-eabi-gcc -o "Motherboard.elf" @"objects.list"   -mcpu=cortex-m3 -T"C:\STM32\SausageMixer\Motherboard\STM32F103C8TX_FLASH.ld" --specs=nosys.specs -Wl,-Map="Motherboard.map" -Wl,--gc-sections -static --specs=nano.specs -mfloat-abi=soft -mthumb -Wl,--start-group -lc -lm -Wl,--end-group
Finished building target: Motherboard.elf
 
arm-none-eabi-size  Motherboard.elf 
arm-none-eabi-objdump -h -S Motherboard.elf  > "Motherboard.list"
   text	   data	    bss	    dec	    hex	filename
  45584	    380	   6452	  52416	   ccc0	Motherboard.elf
Finished building: default.size.stdout
 
Finished building: Motherboard.list
 
09:54:13 **** Incremental Build of configuration Debug for project Motherboard ****
make -j12 all 
arm-none-eabi-gcc "../Core/Src/main.c" -mcpu=cortex-m3 -std=gnu11 -g3 -DDEBUG -DUSE_HAL_DRIVER -DSTM32F103xB -c -I../Core/Inc -I../Drivers/STM32F1xx_HAL_Driver/Inc/Legacy -I../Drivers/STM32F1xx_HAL_Driver/Inc -I../Drivers/CMSIS/Device/ST/STM32F1xx/Include -I../Drivers/CMSIS/Include -I../USB_DEVICE/App -I../USB_DEVICE/Target -I../Middlewares/ST/STM32_USB_Device_Library/Core/Inc -I../Middlewares/ST/STM32_USB_Device_Library/Class/CDC/Inc -O0 -ffunction-sections -fdata-sections -Wall -fstack-usage -fcyclomatic-complexity -MMD -MP -MF"Core/Src/main.d" -MT"Core/Src/main.o" --specs=nano.specs -mfloat-abi=soft -mthumb -o "Core/Src/main.o"
arm-none-eabi-gcc -o "Motherboard.elf" @"objects.list"   -mcpu=cortex-m3 -T"C:\STM32\SausageMixer\Motherboard\STM32F103C8TX_FLASH.ld" --specs=nosys.specs -Wl,-Map="Motherboard.map" -Wl,--gc-sections -static --specs=nano.specs -mfloat-abi=soft -mthumb -Wl,--start-group -lc -lm -Wl,--end-group
Finished building target: Motherboard.elf
 
arm-none-eabi-size  Motherboard.elf 
arm-none-eabi-objdump -h -S Motherboard.elf  > "Motherboard.list"
   text	   data	    bss	    dec	    hex	filename
  45576	    380	   6452	  52408	   ccb8	Motherboard.elf
Finished building: default.size.stdout
 
Finished building: Motherboard.list
 
09:54:51 **** Incremental Build of configuration Debug for project Motherboard ****
make -j12 all 
arm-none-eabi-size  Motherboard.elf 
   text	   data	    bss	    dec	    hex	filename
  45576	    380	   6452	  52408	   ccb8	Motherboard.elf
Finished building: default.size.stdout
 
09:59:18 **** Incremental Build of configuration Debug for project Motherboard ****
make -j12 all 
arm-none-eabi-gcc "../Core/Src/main.c" -mcpu=cortex-m3 -std=gnu11 -g3 -DDEBUG -DUSE_HAL_DRIVER -DSTM32F103xB -c -I../Core/Inc -I../Drivers/STM32F1xx_HAL_Driver/Inc/Legacy -I../Drivers/STM32F1xx_HAL_Driver/Inc -I../Drivers/CMSIS/Device/ST/STM32F1xx/Include -I../Drivers/CMSIS/Include -I../USB_DEVICE/App -I../USB_DEVICE/Target -I../Middlewares/ST/STM32_USB_Device_Library/Core/Inc -I../Middlewares/ST/STM32_USB_Device_Library/Class/CDC/Inc -O0 -ffunction-sections -fdata-sections -Wall -fstack-usage -fcyclomatic-complexity -MMD -MP -MF"Core/Src/main.d" -MT"Core/Src/main.o" --specs=nano.specs -mfloat-abi=soft -mthumb -o "Core/Src/main.o"
arm-none-eabi-gcc -o "Motherboard.elf" @"objects.list"   -mcpu=cortex-m3 -T"C:\STM32\SausageMixer\Motherboard\STM32F103C8TX_FLASH.ld" --specs=nosys.specs -Wl,-Map="Motherboard.map" -Wl,--gc-sections -static --specs=nano.specs -mfloat-abi=soft -mthumb -Wl,--start-group -lc -lm -Wl,--end-group
Finished building target: Motherboard.elf
 
arm-none-eabi-size  Motherboard.elf 
arm-none-eabi-objdump -h -S Motherboard.elf  > "Motherboard.list"
   text	   data	    bss	    dec	    hex	filename
  46812	    380	   6468	  53660	   d19c	Motherboard.elf
Finished building: default.size.stdout
 
Finished building: Motherboard.list
 
10:25:03 **** Incremental Build of configuration Debug for project Motherboard ****
make -j12 all 
arm-none-eabi-gcc "../Core/Src/main.c" -mcpu=cortex-m3 -std=gnu11 -g3 -DDEBUG -DUSE_HAL_DRIVER -DSTM32F103xB -c -I../Core/Inc -I../Drivers/STM32F1xx_HAL_Driver/Inc/Legacy -I../Drivers/STM32F1xx_HAL_Driver/Inc -I../Drivers/CMSIS/Device/ST/STM32F1xx/Include -I../Drivers/CMSIS/Include -I../USB_DEVICE/App -I../USB_DEVICE/Target -I../Middlewares/ST/STM32_USB_Device_Library/Core/Inc -I../Middlewares/ST/STM32_USB_Device_Library/Class/CDC/Inc -O0 -ffunction-sections -fdata-sections -Wall -fstack-usage -fcyclomatic-complexity -MMD -MP -MF"Core/Src/main.d" -MT"Core/Src/main.o" --specs=nano.specs -mfloat-abi=soft -mthumb -o "Core/Src/main.o"
arm-none-eabi-gcc -o "Motherboard.elf" @"objects.list"   -mcpu=cortex-m3 -T"C:\STM32\SausageMixer\Motherboard\STM32F103C8TX_FLASH.ld" --specs=nosys.specs -Wl,-Map="Motherboard.map" -Wl,--gc-sections -static --specs=nano.specs -mfloat-abi=soft -mthumb -Wl,--start-group -lc -lm -Wl,--end-group
Finished building target: Motherboard.elf
 
arm-none-eabi-size  Motherboard.elf 
arm-none-eabi-objdump -h -S Motherboard.elf  > "Motherboard.list"
   text	   data	    bss	    dec	    hex	filename
  46860	    380	   6468	  53708	   d1cc	Motherboard.elf
Finished building: default.size.stdout
 
Finished building: Motherboard.list
 
10:26:24 **** Incremental Build of configuration Debug for project Motherboard ****
make -j12 all 
arm-none-eabi-gcc "../Drivers/STM32F1xx_HAL_Driver/Src/stm32f1xx_hal.c" -mcpu=cortex-m3 -std=gnu11 -g3 -DDEBUG -DUSE_HAL_DRIVER -DSTM32F103xB -c -I../Core/Inc -I../Drivers/STM32F1xx_HAL_Driver/Inc/Legacy -I../Drivers/STM32F1xx_HAL_Driver/Inc -I../Drivers/CMSIS/Device/ST/STM32F1xx/Include -I../Drivers/CMSIS/Include -I../USB_DEVICE/App -I../USB_DEVICE/Target -I../Middlewares/ST/STM32_USB_Device_Library/Core/Inc -I../Middlewares/ST/STM32_USB_Device_Library/Class/CDC/Inc -O0 -ffunction-sections -fdata-sections -Wall -fstack-usage -fcyclomatic-complexity -MMD -MP -MF"Drivers/STM32F1xx_HAL_Driver/Src/stm32f1xx_hal.d" -MT"Drivers/STM32F1xx_HAL_Driver/Src/stm32f1xx_hal.o" --specs=nano.specs -mfloat-abi=soft -mthumb -o "Drivers/STM32F1xx_HAL_Driver/Src/stm32f1xx_hal.o"
../Drivers/STM32F1xx_HAL_Driver/Src/stm32f1xx_hal.c: In function 'HAL_InitTick':
../Drivers/STM32F1xx_HAL_Driver/Src/stm32f1xx_hal.c:255:1: error: empty character constant
  255 | ''}
      | ^~
../Drivers/STM32F1xx_HAL_Driver/Src/stm32f1xx_hal.c:255:1: warning: statement with no effect [-Wunused-value]
../Drivers/STM32F1xx_HAL_Driver/Src/stm32f1xx_hal.c:255:3: error: expected ';' before '}' token
  255 | ''}
      |   ^
      |   ;
make: *** [Drivers/STM32F1xx_HAL_Driver/Src/subdir.mk:70: Drivers/STM32F1xx_HAL_Driver/Src/stm32f1xx_hal.o] Error 1
"make -j12 all" terminated with exit code 2. Build might be incomplete.
10:26:39 **** Incremental Build of configuration Debug for project Motherboard ****
make -j12 all 
arm-none-eabi-gcc "../Drivers/STM32F1xx_HAL_Driver/Src/stm32f1xx_hal.c" -mcpu=cortex-m3 -std=gnu11 -g3 -DDEBUG -DUSE_HAL_DRIVER -DSTM32F103xB -c -I../Core/Inc -I../Drivers/STM32F1xx_HAL_Driver/Inc/Legacy -I../Drivers/STM32F1xx_HAL_Driver/Inc -I../Drivers/CMSIS/Device/ST/STM32F1xx/Include -I../Drivers/CMSIS/Include -I../USB_DEVICE/App -I../USB_DEVICE/Target -I../Middlewares/ST/STM32_USB_Device_Library/Core/Inc -I../Middlewares/ST/STM32_USB_Device_Library/Class/CDC/Inc -O0 -ffunction-sections -fdata-sections -Wall -fstack-usage -fcyclomatic-complexity -MMD -MP -MF"Drivers/STM32F1xx_HAL_Driver/Src/stm32f1xx_hal.d" -MT"Drivers/STM32F1xx_HAL_Driver/Src/stm32f1xx_hal.o" --specs=nano.specs -mfloat-abi=soft -mthumb -o "Drivers/STM32F1xx_HAL_Driver/Src/stm32f1xx_hal.o"
../Drivers/STM32F1xx_HAL_Driver/Src/stm32f1xx_hal.c: In function 'HAL_InitTick':
../Drivers/STM32F1xx_HAL_Driver/Src/stm32f1xx_hal.c:292:13: error: weak declaration of 'HAL_IncTick' must be public
  292 | __weak void HAL_IncTick(void)
      |             ^~~~~~~~~~~
../Drivers/STM32F1xx_HAL_Driver/Src/stm32f1xx_hal.c:303:17: error: weak declaration of 'HAL_GetTick' must be public
  303 | __weak uint32_t HAL_GetTick(void)
      |                 ^~~~~~~~~~~
../Drivers/STM32F1xx_HAL_Driver/Src/stm32f1xx_hal.c:370:13: error: weak declaration of 'HAL_Delay' must be public
  370 | __weak void HAL_Delay(uint32_t Delay)
      |             ^~~~~~~~~
../Drivers/STM32F1xx_HAL_Driver/Src/stm32f1xx_hal.c:396:13: error: weak declaration of 'HAL_SuspendTick' must be public
  396 | __weak void HAL_SuspendTick(void)
      |             ^~~~~~~~~~~~~~~
../Drivers/STM32F1xx_HAL_Driver/Src/stm32f1xx_hal.c:412:13: error: weak declaration of 'HAL_ResumeTick' must be public
  412 | __weak void HAL_ResumeTick(void)
      |             ^~~~~~~~~~~~~~
../Drivers/STM32F1xx_HAL_Driver/Src/stm32f1xx_hal.c:587:1: error: expected declaration or statement at end of input
  587 | }
      | ^
../Drivers/STM32F1xx_HAL_Driver/Src/stm32f1xx_hal.c: At top level:
../Drivers/STM32F1xx_HAL_Driver/Src/stm32f1xx_hal.c:584:6: warning: 'HAL_DBGMCU_DisableDBGStandbyMode' defined but not used [-Wunused-function]
  584 | void HAL_DBGMCU_DisableDBGStandbyMode(void)
      |      ^~~~~~~~~~~~~~~~~~~~~~~~~~~~~~~~
../Drivers/STM32F1xx_HAL_Driver/Src/stm32f1xx_hal.c:568:6: warning: 'HAL_DBGMCU_EnableDBGStandbyMode' defined but not used [-Wunused-function]
  568 | void HAL_DBGMCU_EnableDBGStandbyMode(void)
      |      ^~~~~~~~~~~~~~~~~~~~~~~~~~~~~~~
../Drivers/STM32F1xx_HAL_Driver/Src/stm32f1xx_hal.c:552:6: warning: 'HAL_DBGMCU_DisableDBGStopMode' defined but not used [-Wunused-function]
  552 | void HAL_DBGMCU_DisableDBGStopMode(void)
      |      ^~~~~~~~~~~~~~~~~~~~~~~~~~~~~
../Drivers/STM32F1xx_HAL_Driver/Src/stm32f1xx_hal.c:536:6: warning: 'HAL_DBGMCU_EnableDBGStopMode' defined but not used [-Wunused-function]
  536 | void HAL_DBGMCU_EnableDBGStopMode(void)
      |      ^~~~~~~~~~~~~~~~~~~~~~~~~~~~
../Drivers/STM32F1xx_HAL_Driver/Src/stm32f1xx_hal.c:506:6: warning: 'HAL_DBGMCU_DisableDBGSleepMode' defined but not used [-Wunused-function]
  506 | void HAL_DBGMCU_DisableDBGSleepMode(void)
      |      ^~~~~~~~~~~~~~~~~~~~~~~~~~~~~~
../Drivers/STM32F1xx_HAL_Driver/Src/stm32f1xx_hal.c:490:6: warning: 'HAL_DBGMCU_EnableDBGSleepMode' defined but not used [-Wunused-function]
  490 | void HAL_DBGMCU_EnableDBGSleepMode(void)
      |      ^~~~~~~~~~~~~~~~~~~~~~~~~~~~~
../Drivers/STM32F1xx_HAL_Driver/Src/stm32f1xx_hal.c:481:10: warning: 'HAL_GetUIDw2' defined but not used [-Wunused-function]
  481 | uint32_t HAL_GetUIDw2(void)
      |          ^~~~~~~~~~~~
../Drivers/STM32F1xx_HAL_Driver/Src/stm32f1xx_hal.c:472:10: warning: 'HAL_GetUIDw1' defined but not used [-Wunused-function]
  472 | uint32_t HAL_GetUIDw1(void)
      |          ^~~~~~~~~~~~
../Drivers/STM32F1xx_HAL_Driver/Src/stm32f1xx_hal.c:463:10: warning: 'HAL_GetUIDw0' defined but not used [-Wunused-function]
  463 | uint32_t HAL_GetUIDw0(void)
      |          ^~~~~~~~~~~~
../Drivers/STM32F1xx_HAL_Driver/Src/stm32f1xx_hal.c:454:10: warning: 'HAL_GetDEVID' defined but not used [-Wunused-function]
  454 | uint32_t HAL_GetDEVID(void)
      |          ^~~~~~~~~~~~
../Drivers/STM32F1xx_HAL_Driver/Src/stm32f1xx_hal.c:438:10: warning: 'HAL_GetREVID' defined but not used [-Wunused-function]
  438 | uint32_t HAL_GetREVID(void)
      |          ^~~~~~~~~~~~
../Drivers/STM32F1xx_HAL_Driver/Src/stm32f1xx_hal.c:422:10: warning: 'HAL_GetHalVersion' defined but not used [-Wunused-function]
  422 | uint32_t HAL_GetHalVersion(void)
      |          ^~~~~~~~~~~~~~~~~
../Drivers/STM32F1xx_HAL_Driver/Src/stm32f1xx_hal.c:412:13: warning: 'HAL_ResumeTick' defined but not used [-Wunused-function]
  412 | __weak void HAL_ResumeTick(void)
      |             ^~~~~~~~~~~~~~
../Drivers/STM32F1xx_HAL_Driver/Src/stm32f1xx_hal.c:396:13: warning: 'HAL_SuspendTick' defined but not used [-Wunused-function]
  396 | __weak void HAL_SuspendTick(void)
      |             ^~~~~~~~~~~~~~~
../Drivers/STM32F1xx_HAL_Driver/Src/stm32f1xx_hal.c:370:13: warning: 'HAL_Delay' defined but not used [-Wunused-function]
  370 | __weak void HAL_Delay(uint32_t Delay)
      |             ^~~~~~~~~
../Drivers/STM32F1xx_HAL_Driver/Src/stm32f1xx_hal.c:354:21: warning: 'HAL_GetTickFreq' defined but not used [-Wunused-function]
  354 | HAL_TickFreqTypeDef HAL_GetTickFreq(void)
      |                     ^~~~~~~~~~~~~~~
../Drivers/STM32F1xx_HAL_Driver/Src/stm32f1xx_hal.c:321:19: warning: 'HAL_SetTickFreq' defined but not used [-Wunused-function]
  321 | HAL_StatusTypeDef HAL_SetTickFreq(HAL_TickFreqTypeDef Freq)
      |                   ^~~~~~~~~~~~~~~
../Drivers/STM32F1xx_HAL_Driver/Src/stm32f1xx_hal.c:312:10: warning: 'HAL_GetTickPrio' defined but not used [-Wunused-function]
  312 | uint32_t HAL_GetTickPrio(void)
      |          ^~~~~~~~~~~~~~~
../Drivers/STM32F1xx_HAL_Driver/Src/stm32f1xx_hal.c:292:13: warning: 'HAL_IncTick' defined but not used [-Wunused-function]
  292 | __weak void HAL_IncTick(void)
      |             ^~~~~~~~~~~
make: *** [Drivers/STM32F1xx_HAL_Driver/Src/subdir.mk:70: Drivers/STM32F1xx_HAL_Driver/Src/stm32f1xx_hal.o] Error 1
"make -j12 all" terminated with exit code 2. Build might be incomplete.
10:26:56 **** Incremental Build of configuration Debug for project Motherboard ****
make -j12 all 
arm-none-eabi-gcc "../Drivers/STM32F1xx_HAL_Driver/Src/stm32f1xx_hal.c" -mcpu=cortex-m3 -std=gnu11 -g3 -DDEBUG -DUSE_HAL_DRIVER -DSTM32F103xB -c -I../Core/Inc -I../Drivers/STM32F1xx_HAL_Driver/Inc/Legacy -I../Drivers/STM32F1xx_HAL_Driver/Inc -I../Drivers/CMSIS/Device/ST/STM32F1xx/Include -I../Drivers/CMSIS/Include -I../USB_DEVICE/App -I../USB_DEVICE/Target -I../Middlewares/ST/STM32_USB_Device_Library/Core/Inc -I../Middlewares/ST/STM32_USB_Device_Library/Class/CDC/Inc -O0 -ffunction-sections -fdata-sections -Wall -fstack-usage -fcyclomatic-complexity -MMD -MP -MF"Drivers/STM32F1xx_HAL_Driver/Src/stm32f1xx_hal.d" -MT"Drivers/STM32F1xx_HAL_Driver/Src/stm32f1xx_hal.o" --specs=nano.specs -mfloat-abi=soft -mthumb -o "Drivers/STM32F1xx_HAL_Driver/Src/stm32f1xx_hal.o"
arm-none-eabi-gcc -o "Motherboard.elf" @"objects.list"   -mcpu=cortex-m3 -T"C:\STM32\SausageMixer\Motherboard\STM32F103C8TX_FLASH.ld" --specs=nosys.specs -Wl,-Map="Motherboard.map" -Wl,--gc-sections -static --specs=nano.specs -mfloat-abi=soft -mthumb -Wl,--start-group -lc -lm -Wl,--end-group
Finished building target: Motherboard.elf
 
arm-none-eabi-size  Motherboard.elf 
arm-none-eabi-objdump -h -S Motherboard.elf  > "Motherboard.list"
   text	   data	    bss	    dec	    hex	filename
  46860	    380	   6468	  53708	   d1cc	Motherboard.elf
Finished building: default.size.stdout
 
Finished building: Motherboard.list
 
10:35:02 **** Incremental Build of configuration Debug for project Motherboard ****
make -j12 all 
arm-none-eabi-gcc "../Core/Src/main.c" -mcpu=cortex-m3 -std=gnu11 -g3 -DDEBUG -DUSE_HAL_DRIVER -DSTM32F103xB -c -I../Core/Inc -I../Drivers/STM32F1xx_HAL_Driver/Inc/Legacy -I../Drivers/STM32F1xx_HAL_Driver/Inc -I../Drivers/CMSIS/Device/ST/STM32F1xx/Include -I../Drivers/CMSIS/Include -I../USB_DEVICE/App -I../USB_DEVICE/Target -I../Middlewares/ST/STM32_USB_Device_Library/Core/Inc -I../Middlewares/ST/STM32_USB_Device_Library/Class/CDC/Inc -O0 -ffunction-sections -fdata-sections -Wall -fstack-usage -fcyclomatic-complexity -MMD -MP -MF"Core/Src/main.d" -MT"Core/Src/main.o" --specs=nano.specs -mfloat-abi=soft -mthumb -o "Core/Src/main.o"
arm-none-eabi-gcc -o "Motherboard.elf" @"objects.list"   -mcpu=cortex-m3 -T"C:\STM32\SausageMixer\Motherboard\STM32F103C8TX_FLASH.ld" --specs=nosys.specs -Wl,-Map="Motherboard.map" -Wl,--gc-sections -static --specs=nano.specs -mfloat-abi=soft -mthumb -Wl,--start-group -lc -lm -Wl,--end-group
Finished building target: Motherboard.elf
 
arm-none-eabi-size  Motherboard.elf 
arm-none-eabi-objdump -h -S Motherboard.elf  > "Motherboard.list"
   text	   data	    bss	    dec	    hex	filename
  46860	    380	   6468	  53708	   d1cc	Motherboard.elf
Finished building: default.size.stdout
 
Finished building: Motherboard.list
 
11:01:02 **** Incremental Build of configuration Debug for project Motherboard ****
make -j12 all 
arm-none-eabi-size  Motherboard.elf 
   text	   data	    bss	    dec	    hex	filename
  46860	    380	   6468	  53708	   d1cc	Motherboard.elf
Finished building: default.size.stdout
 
11:03:29 **** Incremental Build of configuration Debug for project Motherboard ****
make -j12 all 
arm-none-eabi-size  Motherboard.elf 
   text	   data	    bss	    dec	    hex	filename
  46860	    380	   6468	  53708	   d1cc	Motherboard.elf
Finished building: default.size.stdout
 
11:03:41 **** Incremental Build of configuration Debug for project Motherboard ****
make -j12 all 
arm-none-eabi-size  Motherboard.elf 
   text	   data	    bss	    dec	    hex	filename
  46860	    380	   6468	  53708	   d1cc	Motherboard.elf
Finished building: default.size.stdout
 
11:04:09 **** Incremental Build of configuration Debug for project Motherboard ****
make -j12 all 
arm-none-eabi-size  Motherboard.elf 
   text	   data	    bss	    dec	    hex	filename
  46860	    380	   6468	  53708	   d1cc	Motherboard.elf
Finished building: default.size.stdout
 
11:04:27 **** Incremental Build of configuration Debug for project Motherboard ****
make -j12 all 
arm-none-eabi-size  Motherboard.elf 
   text	   data	    bss	    dec	    hex	filename
  46860	    380	   6468	  53708	   d1cc	Motherboard.elf
Finished building: default.size.stdout
 
11:05:14 **** Incremental Build of configuration Debug for project Motherboard ****
make -j12 all 
arm-none-eabi-size  Motherboard.elf 
   text	   data	    bss	    dec	    hex	filename
  46860	    380	   6468	  53708	   d1cc	Motherboard.elf
Finished building: default.size.stdout
 
11:05:54 **** Incremental Build of configuration Debug for project Motherboard ****
make -j12 all 
arm-none-eabi-size  Motherboard.elf 
   text	   data	    bss	    dec	    hex	filename
  46860	    380	   6468	  53708	   d1cc	Motherboard.elf
Finished building: default.size.stdout
 
11:07:18 **** Incremental Build of configuration Debug for project Motherboard ****
make -j12 all 
arm-none-eabi-size  Motherboard.elf 
   text	   data	    bss	    dec	    hex	filename
  46860	    380	   6468	  53708	   d1cc	Motherboard.elf
Finished building: default.size.stdout
 
11:07:47 **** Incremental Build of configuration Debug for project Motherboard ****
make -j12 all 
arm-none-eabi-size  Motherboard.elf 
   text	   data	    bss	    dec	    hex	filename
  46860	    380	   6468	  53708	   d1cc	Motherboard.elf
Finished building: default.size.stdout
 
11:08:00 **** Incremental Build of configuration Debug for project Motherboard ****
make -j12 all 
arm-none-eabi-size  Motherboard.elf 
   text	   data	    bss	    dec	    hex	filename
  46860	    380	   6468	  53708	   d1cc	Motherboard.elf
Finished building: default.size.stdout
 
11:14:50 **** Incremental Build of configuration Debug for project Motherboard ****
make -j12 all 
arm-none-eabi-size  Motherboard.elf 
   text	   data	    bss	    dec	    hex	filename
  46860	    380	   6468	  53708	   d1cc	Motherboard.elf
Finished building: default.size.stdout
 
11:17:36 **** Incremental Build of configuration Debug for project Motherboard ****
make -j12 all 
arm-none-eabi-gcc "../Core/Src/main.c" -mcpu=cortex-m3 -std=gnu11 -g3 -DDEBUG -DUSE_HAL_DRIVER -DSTM32F103xB -c -I../Core/Inc -I../Drivers/STM32F1xx_HAL_Driver/Inc/Legacy -I../Drivers/STM32F1xx_HAL_Driver/Inc -I../Drivers/CMSIS/Device/ST/STM32F1xx/Include -I../Drivers/CMSIS/Include -I../USB_DEVICE/App -I../USB_DEVICE/Target -I../Middlewares/ST/STM32_USB_Device_Library/Core/Inc -I../Middlewares/ST/STM32_USB_Device_Library/Class/CDC/Inc -O0 -ffunction-sections -fdata-sections -Wall -fstack-usage -fcyclomatic-complexity -MMD -MP -MF"Core/Src/main.d" -MT"Core/Src/main.o" --specs=nano.specs -mfloat-abi=soft -mthumb -o "Core/Src/main.o"
../Core/Src/main.c: In function 'main':
../Core/Src/main.c:84:13: error: 'ADS1115_PGA_4_099V' undeclared (first use in this function); did you mean 'ADS1115_PGA_4_096V'?
   84 |   adc.pga = ADS1115_PGA_4_099V;
      |             ^~~~~~~~~~~~~~~~~~
      |             ADS1115_PGA_4_096V
../Core/Src/main.c:84:13: note: each undeclared identifier is reported only once for each function it appears in
make: *** [Core/Src/subdir.mk:40: Core/Src/main.o] Error 1
"make -j12 all" terminated with exit code 2. Build might be incomplete.
11:17:43 **** Incremental Build of configuration Debug for project Keyboard ****
make -j12 all 
arm-none-eabi-size  Keyboard.elf 
   text	   data	    bss	    dec	    hex	filename
   8580	     12	   1684	  10276	   2824	Keyboard.elf
Finished building: default.size.stdout
 
11:17:43 **** Incremental Build of configuration Debug for project Motherboard ****
make -j12 all 
arm-none-eabi-gcc "../Core/Src/main.c" -mcpu=cortex-m3 -std=gnu11 -g3 -DDEBUG -DUSE_HAL_DRIVER -DSTM32F103xB -c -I../Core/Inc -I../Drivers/STM32F1xx_HAL_Driver/Inc/Legacy -I../Drivers/STM32F1xx_HAL_Driver/Inc -I../Drivers/CMSIS/Device/ST/STM32F1xx/Include -I../Drivers/CMSIS/Include -I../USB_DEVICE/App -I../USB_DEVICE/Target -I../Middlewares/ST/STM32_USB_Device_Library/Core/Inc -I../Middlewares/ST/STM32_USB_Device_Library/Class/CDC/Inc -O0 -ffunction-sections -fdata-sections -Wall -fstack-usage -fcyclomatic-complexity -MMD -MP -MF"Core/Src/main.d" -MT"Core/Src/main.o" --specs=nano.specs -mfloat-abi=soft -mthumb -o "Core/Src/main.o"
../Core/Src/main.c: In function 'main':
../Core/Src/main.c:84:13: error: 'ADS1115_PGA_4_099V' undeclared (first use in this function); did you mean 'ADS1115_PGA_4_096V'?
   84 |   adc.pga = ADS1115_PGA_4_099V;
      |             ^~~~~~~~~~~~~~~~~~
      |             ADS1115_PGA_4_096V
../Core/Src/main.c:84:13: note: each undeclared identifier is reported only once for each function it appears in
make: *** [Core/Src/subdir.mk:40: Core/Src/main.o] Error 1
"make -j12 all" terminated with exit code 2. Build might be incomplete.
11:17:52 **** Incremental Build of configuration Debug for project Keyboard ****
make -j12 all 
arm-none-eabi-size  Keyboard.elf 
   text	   data	    bss	    dec	    hex	filename
   8580	     12	   1684	  10276	   2824	Keyboard.elf
Finished building: default.size.stdout
 
11:17:53 **** Incremental Build of configuration Debug for project Motherboard ****
make -j12 all 
arm-none-eabi-gcc "../Core/Src/main.c" -mcpu=cortex-m3 -std=gnu11 -g3 -DDEBUG -DUSE_HAL_DRIVER -DSTM32F103xB -c -I../Core/Inc -I../Drivers/STM32F1xx_HAL_Driver/Inc/Legacy -I../Drivers/STM32F1xx_HAL_Driver/Inc -I../Drivers/CMSIS/Device/ST/STM32F1xx/Include -I../Drivers/CMSIS/Include -I../USB_DEVICE/App -I../USB_DEVICE/Target -I../Middlewares/ST/STM32_USB_Device_Library/Core/Inc -I../Middlewares/ST/STM32_USB_Device_Library/Class/CDC/Inc -O0 -ffunction-sections -fdata-sections -Wall -fstack-usage -fcyclomatic-complexity -MMD -MP -MF"Core/Src/main.d" -MT"Core/Src/main.o" --specs=nano.specs -mfloat-abi=soft -mthumb -o "Core/Src/main.o"
arm-none-eabi-gcc -o "Motherboard.elf" @"objects.list"   -mcpu=cortex-m3 -T"C:\STM32\SausageMixer\Motherboard\STM32F103C8TX_FLASH.ld" --specs=nosys.specs -Wl,-Map="Motherboard.map" -Wl,--gc-sections -static --specs=nano.specs -mfloat-abi=soft -mthumb -Wl,--start-group -lc -lm -Wl,--end-group
Finished building target: Motherboard.elf
 
arm-none-eabi-size  Motherboard.elf 
arm-none-eabi-objdump -h -S Motherboard.elf  > "Motherboard.list"
   text	   data	    bss	    dec	    hex	filename
  46860	    380	   6468	  53708	   d1cc	Motherboard.elf
Finished building: default.size.stdout
 
Finished building: Motherboard.list
 
11:17:58 **** Incremental Build of configuration Debug for project Motherboard ****
make -j12 all 
arm-none-eabi-size  Motherboard.elf 
   text	   data	    bss	    dec	    hex	filename
  46860	    380	   6468	  53708	   d1cc	Motherboard.elf
Finished building: default.size.stdout
 
11:19:00 **** Incremental Build of configuration Debug for project Motherboard ****
make -j12 all 
arm-none-eabi-gcc "../Core/Src/main.c" -mcpu=cortex-m3 -std=gnu11 -g3 -DDEBUG -DUSE_HAL_DRIVER -DSTM32F103xB -c -I../Core/Inc -I../Drivers/STM32F1xx_HAL_Driver/Inc/Legacy -I../Drivers/STM32F1xx_HAL_Driver/Inc -I../Drivers/CMSIS/Device/ST/STM32F1xx/Include -I../Drivers/CMSIS/Include -I../USB_DEVICE/App -I../USB_DEVICE/Target -I../Middlewares/ST/STM32_USB_Device_Library/Core/Inc -I../Middlewares/ST/STM32_USB_Device_Library/Class/CDC/Inc -O0 -ffunction-sections -fdata-sections -Wall -fstack-usage -fcyclomatic-complexity -MMD -MP -MF"Core/Src/main.d" -MT"Core/Src/main.o" --specs=nano.specs -mfloat-abi=soft -mthumb -o "Core/Src/main.o"
arm-none-eabi-gcc -o "Motherboard.elf" @"objects.list"   -mcpu=cortex-m3 -T"C:\STM32\SausageMixer\Motherboard\STM32F103C8TX_FLASH.ld" --specs=nosys.specs -Wl,-Map="Motherboard.map" -Wl,--gc-sections -static --specs=nano.specs -mfloat-abi=soft -mthumb -Wl,--start-group -lc -lm -Wl,--end-group
Finished building target: Motherboard.elf
 
arm-none-eabi-size  Motherboard.elf 
arm-none-eabi-objdump -h -S Motherboard.elf  > "Motherboard.list"
   text	   data	    bss	    dec	    hex	filename
  46868	    380	   6468	  53716	   d1d4	Motherboard.elf
Finished building: default.size.stdout
 
Finished building: Motherboard.list
 
11:19:19 **** Incremental Build of configuration Debug for project Motherboard ****
make -j12 all 
arm-none-eabi-size  Motherboard.elf 
   text	   data	    bss	    dec	    hex	filename
  46868	    380	   6468	  53716	   d1d4	Motherboard.elf
Finished building: default.size.stdout
 
11:32:16 **** Incremental Build of configuration Debug for project Keyboard ****
make -j12 all 
arm-none-eabi-size  Keyboard.elf 
   text	   data	    bss	    dec	    hex	filename
   8580	     12	   1684	  10276	   2824	Keyboard.elf
Finished building: default.size.stdout
 
11:32:17 **** Incremental Build of configuration Debug for project Motherboard ****
make -j12 all 
arm-none-eabi-gcc "../Core/Src/main.c" -mcpu=cortex-m3 -std=gnu11 -g3 -DDEBUG -DUSE_HAL_DRIVER -DSTM32F103xB -c -I../Core/Inc -I../Drivers/STM32F1xx_HAL_Driver/Inc/Legacy -I../Drivers/STM32F1xx_HAL_Driver/Inc -I../Drivers/CMSIS/Device/ST/STM32F1xx/Include -I../Drivers/CMSIS/Include -I../USB_DEVICE/App -I../USB_DEVICE/Target -I../Middlewares/ST/STM32_USB_Device_Library/Core/Inc -I../Middlewares/ST/STM32_USB_Device_Library/Class/CDC/Inc -O0 -ffunction-sections -fdata-sections -Wall -fstack-usage -fcyclomatic-complexity -MMD -MP -MF"Core/Src/main.d" -MT"Core/Src/main.o" --specs=nano.specs -mfloat-abi=soft -mthumb -o "Core/Src/main.o"
../Core/Src/main.c: In function 'main':
../Core/Src/main.c:84:13: error: 'ADS1115_PGA_6_199V' undeclared (first use in this function); did you mean 'ADS1115_PGA_6_144V'?
   84 |   adc.pga = ADS1115_PGA_6_199V;
      |             ^~~~~~~~~~~~~~~~~~
      |             ADS1115_PGA_6_144V
../Core/Src/main.c:84:13: note: each undeclared identifier is reported only once for each function it appears in
make: *** [Core/Src/subdir.mk:40: Core/Src/main.o] Error 1
"make -j12 all" terminated with exit code 2. Build might be incomplete.
11:32:23 **** Incremental Build of configuration Debug for project Keyboard ****
make -j12 all 
arm-none-eabi-size  Keyboard.elf 
   text	   data	    bss	    dec	    hex	filename
   8580	     12	   1684	  10276	   2824	Keyboard.elf
Finished building: default.size.stdout
 
11:32:23 **** Incremental Build of configuration Debug for project Motherboard ****
make -j12 all 
arm-none-eabi-gcc "../Core/Src/main.c" -mcpu=cortex-m3 -std=gnu11 -g3 -DDEBUG -DUSE_HAL_DRIVER -DSTM32F103xB -c -I../Core/Inc -I../Drivers/STM32F1xx_HAL_Driver/Inc/Legacy -I../Drivers/STM32F1xx_HAL_Driver/Inc -I../Drivers/CMSIS/Device/ST/STM32F1xx/Include -I../Drivers/CMSIS/Include -I../USB_DEVICE/App -I../USB_DEVICE/Target -I../Middlewares/ST/STM32_USB_Device_Library/Core/Inc -I../Middlewares/ST/STM32_USB_Device_Library/Class/CDC/Inc -O0 -ffunction-sections -fdata-sections -Wall -fstack-usage -fcyclomatic-complexity -MMD -MP -MF"Core/Src/main.d" -MT"Core/Src/main.o" --specs=nano.specs -mfloat-abi=soft -mthumb -o "Core/Src/main.o"
arm-none-eabi-gcc -o "Motherboard.elf" @"objects.list"   -mcpu=cortex-m3 -T"C:\STM32\SausageMixer\Motherboard\STM32F103C8TX_FLASH.ld" --specs=nosys.specs -Wl,-Map="Motherboard.map" -Wl,--gc-sections -static --specs=nano.specs -mfloat-abi=soft -mthumb -Wl,--start-group -lc -lm -Wl,--end-group
Finished building target: Motherboard.elf
 
arm-none-eabi-size  Motherboard.elf 
arm-none-eabi-objdump -h -S Motherboard.elf  > "Motherboard.list"
   text	   data	    bss	    dec	    hex	filename
  46860	    380	   6468	  53708	   d1cc	Motherboard.elf
Finished building: default.size.stdout
 
Finished building: Motherboard.list
 
11:32:28 **** Incremental Build of configuration Debug for project Motherboard ****
make -j12 all 
arm-none-eabi-size  Motherboard.elf 
   text	   data	    bss	    dec	    hex	filename
  46860	    380	   6468	  53708	   d1cc	Motherboard.elf
Finished building: default.size.stdout
 
11:37:05 **** Incremental Build of configuration Debug for project Motherboard ****
make -j12 all 
arm-none-eabi-gcc "../Core/Src/main.c" -mcpu=cortex-m3 -std=gnu11 -g3 -DDEBUG -DUSE_HAL_DRIVER -DSTM32F103xB -c -I../Core/Inc -I../Drivers/STM32F1xx_HAL_Driver/Inc/Legacy -I../Drivers/STM32F1xx_HAL_Driver/Inc -I../Drivers/CMSIS/Device/ST/STM32F1xx/Include -I../Drivers/CMSIS/Include -I../USB_DEVICE/App -I../USB_DEVICE/Target -I../Middlewares/ST/STM32_USB_Device_Library/Core/Inc -I../Middlewares/ST/STM32_USB_Device_Library/Class/CDC/Inc -O0 -ffunction-sections -fdata-sections -Wall -fstack-usage -fcyclomatic-complexity -MMD -MP -MF"Core/Src/main.d" -MT"Core/Src/main.o" --specs=nano.specs -mfloat-abi=soft -mthumb -o "Core/Src/main.o"
arm-none-eabi-gcc -o "Motherboard.elf" @"objects.list"   -mcpu=cortex-m3 -T"C:\STM32\SausageMixer\Motherboard\STM32F103C8TX_FLASH.ld" --specs=nosys.specs -Wl,-Map="Motherboard.map" -Wl,--gc-sections -static --specs=nano.specs -mfloat-abi=soft -mthumb -Wl,--start-group -lc -lm -Wl,--end-group
Finished building target: Motherboard.elf
 
arm-none-eabi-size  Motherboard.elf 
arm-none-eabi-objdump -h -S Motherboard.elf  > "Motherboard.list"
   text	   data	    bss	    dec	    hex	filename
  46860	    380	   6468	  53708	   d1cc	Motherboard.elf
Finished building: default.size.stdout
 
Finished building: Motherboard.list
 
11:37:38 **** Incremental Build of configuration Debug for project Motherboard ****
make -j12 all 
arm-none-eabi-size  Motherboard.elf 
   text	   data	    bss	    dec	    hex	filename
  46860	    380	   6468	  53708	   d1cc	Motherboard.elf
Finished building: default.size.stdout
 
11:38:42 **** Incremental Build of configuration Debug for project Motherboard ****
make -j12 all 
arm-none-eabi-gcc "../Core/Src/main.c" -mcpu=cortex-m3 -std=gnu11 -g3 -DDEBUG -DUSE_HAL_DRIVER -DSTM32F103xB -c -I../Core/Inc -I../Drivers/STM32F1xx_HAL_Driver/Inc/Legacy -I../Drivers/STM32F1xx_HAL_Driver/Inc -I../Drivers/CMSIS/Device/ST/STM32F1xx/Include -I../Drivers/CMSIS/Include -I../USB_DEVICE/App -I../USB_DEVICE/Target -I../Middlewares/ST/STM32_USB_Device_Library/Core/Inc -I../Middlewares/ST/STM32_USB_Device_Library/Class/CDC/Inc -O0 -ffunction-sections -fdata-sections -Wall -fstack-usage -fcyclomatic-complexity -MMD -MP -MF"Core/Src/main.d" -MT"Core/Src/main.o" --specs=nano.specs -mfloat-abi=soft -mthumb -o "Core/Src/main.o"
arm-none-eabi-gcc -o "Motherboard.elf" @"objects.list"   -mcpu=cortex-m3 -T"C:\STM32\SausageMixer\Motherboard\STM32F103C8TX_FLASH.ld" --specs=nosys.specs -Wl,-Map="Motherboard.map" -Wl,--gc-sections -static --specs=nano.specs -mfloat-abi=soft -mthumb -Wl,--start-group -lc -lm -Wl,--end-group
Finished building target: Motherboard.elf
 
arm-none-eabi-size  Motherboard.elf 
arm-none-eabi-objdump -h -S Motherboard.elf  > "Motherboard.list"
   text	   data	    bss	    dec	    hex	filename
  46860	    380	   6468	  53708	   d1cc	Motherboard.elf
Finished building: default.size.stdout
 
Finished building: Motherboard.list
 
11:40:55 **** Incremental Build of configuration Debug for project Motherboard ****
make -j12 all 
arm-none-eabi-gcc "../Core/Src/main.c" -mcpu=cortex-m3 -std=gnu11 -g3 -DDEBUG -DUSE_HAL_DRIVER -DSTM32F103xB -c -I../Core/Inc -I../Drivers/STM32F1xx_HAL_Driver/Inc/Legacy -I../Drivers/STM32F1xx_HAL_Driver/Inc -I../Drivers/CMSIS/Device/ST/STM32F1xx/Include -I../Drivers/CMSIS/Include -I../USB_DEVICE/App -I../USB_DEVICE/Target -I../Middlewares/ST/STM32_USB_Device_Library/Core/Inc -I../Middlewares/ST/STM32_USB_Device_Library/Class/CDC/Inc -O0 -ffunction-sections -fdata-sections -Wall -fstack-usage -fcyclomatic-complexity -MMD -MP -MF"Core/Src/main.d" -MT"Core/Src/main.o" --specs=nano.specs -mfloat-abi=soft -mthumb -o "Core/Src/main.o"
arm-none-eabi-gcc -o "Motherboard.elf" @"objects.list"   -mcpu=cortex-m3 -T"C:\STM32\SausageMixer\Motherboard\STM32F103C8TX_FLASH.ld" --specs=nosys.specs -Wl,-Map="Motherboard.map" -Wl,--gc-sections -static --specs=nano.specs -mfloat-abi=soft -mthumb -Wl,--start-group -lc -lm -Wl,--end-group
Finished building target: Motherboard.elf
 
arm-none-eabi-size  Motherboard.elf 
arm-none-eabi-objdump -h -S Motherboard.elf  > "Motherboard.list"
   text	   data	    bss	    dec	    hex	filename
  46860	    380	   6468	  53708	   d1cc	Motherboard.elf
Finished building: default.size.stdout
 
Finished building: Motherboard.list
 
11:42:50 **** Incremental Build of configuration Debug for project Motherboard ****
make -j12 all 
arm-none-eabi-size  Motherboard.elf 
   text	   data	    bss	    dec	    hex	filename
  46860	    380	   6468	  53708	   d1cc	Motherboard.elf
Finished building: default.size.stdout
 
11:44:45 **** Incremental Build of configuration Debug for project Motherboard ****
make -j12 all 
arm-none-eabi-size  Motherboard.elf 
   text	   data	    bss	    dec	    hex	filename
  46860	    380	   6468	  53708	   d1cc	Motherboard.elf
Finished building: default.size.stdout
 
11:47:25 **** Incremental Build of configuration Debug for project Motherboard ****
make -j12 all 
arm-none-eabi-gcc "../Core/Src/main.c" -mcpu=cortex-m3 -std=gnu11 -g3 -DDEBUG -DUSE_HAL_DRIVER -DSTM32F103xB -c -I../Core/Inc -I../Drivers/STM32F1xx_HAL_Driver/Inc/Legacy -I../Drivers/STM32F1xx_HAL_Driver/Inc -I../Drivers/CMSIS/Device/ST/STM32F1xx/Include -I../Drivers/CMSIS/Include -I../USB_DEVICE/App -I../USB_DEVICE/Target -I../Middlewares/ST/STM32_USB_Device_Library/Core/Inc -I../Middlewares/ST/STM32_USB_Device_Library/Class/CDC/Inc -O0 -ffunction-sections -fdata-sections -Wall -fstack-usage -fcyclomatic-complexity -MMD -MP -MF"Core/Src/main.d" -MT"Core/Src/main.o" --specs=nano.specs -mfloat-abi=soft -mthumb -o "Core/Src/main.o"
arm-none-eabi-gcc -o "Motherboard.elf" @"objects.list"   -mcpu=cortex-m3 -T"C:\STM32\SausageMixer\Motherboard\STM32F103C8TX_FLASH.ld" --specs=nosys.specs -Wl,-Map="Motherboard.map" -Wl,--gc-sections -static --specs=nano.specs -mfloat-abi=soft -mthumb -Wl,--start-group -lc -lm -Wl,--end-group
Finished building target: Motherboard.elf
 
arm-none-eabi-size  Motherboard.elf 
arm-none-eabi-objdump -h -S Motherboard.elf  > "Motherboard.list"
   text	   data	    bss	    dec	    hex	filename
  46872	    380	   6468	  53720	   d1d8	Motherboard.elf
Finished building: default.size.stdout
 
Finished building: Motherboard.list
 
11:47:46 **** Incremental Build of configuration Debug for project Motherboard ****
make -j12 all 
arm-none-eabi-size  Motherboard.elf 
   text	   data	    bss	    dec	    hex	filename
  46872	    380	   6468	  53720	   d1d8	Motherboard.elf
Finished building: default.size.stdout
 
11:48:20 **** Incremental Build of configuration Debug for project Motherboard ****
make -j12 all 
arm-none-eabi-size  Motherboard.elf 
   text	   data	    bss	    dec	    hex	filename
  46872	    380	   6468	  53720	   d1d8	Motherboard.elf
Finished building: default.size.stdout
 
11:53:53 **** Incremental Build of configuration Debug for project Motherboard ****
make -j12 all 
arm-none-eabi-size  Motherboard.elf 
   text	   data	    bss	    dec	    hex	filename
  46872	    380	   6468	  53720	   d1d8	Motherboard.elf
Finished building: default.size.stdout
 
11:54:48 **** Incremental Build of configuration Debug for project Motherboard ****
make -j12 all 
arm-none-eabi-size  Motherboard.elf 
   text	   data	    bss	    dec	    hex	filename
  46872	    380	   6468	  53720	   d1d8	Motherboard.elf
Finished building: default.size.stdout
 
11:55:37 **** Incremental Build of configuration Debug for project Motherboard ****
make -j12 all 
arm-none-eabi-size  Motherboard.elf 
   text	   data	    bss	    dec	    hex	filename
  46872	    380	   6468	  53720	   d1d8	Motherboard.elf
Finished building: default.size.stdout
 
12:21:45 **** Incremental Build of configuration Debug for project Motherboard ****
make -j12 all 
arm-none-eabi-gcc "../Core/Src/ad5328.c" -mcpu=cortex-m3 -std=gnu11 -g3 -DDEBUG -DUSE_HAL_DRIVER -DSTM32F103xB -c -I../Core/Inc -I../Drivers/STM32F1xx_HAL_Driver/Inc/Legacy -I../Drivers/STM32F1xx_HAL_Driver/Inc -I../Drivers/CMSIS/Device/ST/STM32F1xx/Include -I../Drivers/CMSIS/Include -I../USB_DEVICE/App -I../USB_DEVICE/Target -I../Middlewares/ST/STM32_USB_Device_Library/Core/Inc -I../Middlewares/ST/STM32_USB_Device_Library/Class/CDC/Inc -O0 -ffunction-sections -fdata-sections -Wall -fstack-usage -fcyclomatic-complexity -MMD -MP -MF"Core/Src/ad5328.d" -MT"Core/Src/ad5328.o" --specs=nano.specs -mfloat-abi=soft -mthumb -o "Core/Src/ad5328.o"
arm-none-eabi-gcc -o "Motherboard.elf" @"objects.list"   -mcpu=cortex-m3 -T"C:\STM32\SausageMixer\Motherboard\STM32F103C8TX_FLASH.ld" --specs=nosys.specs -Wl,-Map="Motherboard.map" -Wl,--gc-sections -static --specs=nano.specs -mfloat-abi=soft -mthumb -Wl,--start-group -lc -lm -Wl,--end-group
Finished building target: Motherboard.elf
 
arm-none-eabi-size  Motherboard.elf 
arm-none-eabi-objdump -h -S Motherboard.elf  > "Motherboard.list"
   text	   data	    bss	    dec	    hex	filename
  46884	    380	   6468	  53732	   d1e4	Motherboard.elf
Finished building: default.size.stdout
 
Finished building: Motherboard.list
 
12:23:21 **** Incremental Build of configuration Debug for project Motherboard ****
make -j12 all 
arm-none-eabi-gcc "../Core/Src/ad5328.c" -mcpu=cortex-m3 -std=gnu11 -g3 -DDEBUG -DUSE_HAL_DRIVER -DSTM32F103xB -c -I../Core/Inc -I../Drivers/STM32F1xx_HAL_Driver/Inc/Legacy -I../Drivers/STM32F1xx_HAL_Driver/Inc -I../Drivers/CMSIS/Device/ST/STM32F1xx/Include -I../Drivers/CMSIS/Include -I../USB_DEVICE/App -I../USB_DEVICE/Target -I../Middlewares/ST/STM32_USB_Device_Library/Core/Inc -I../Middlewares/ST/STM32_USB_Device_Library/Class/CDC/Inc -O0 -ffunction-sections -fdata-sections -Wall -fstack-usage -fcyclomatic-complexity -MMD -MP -MF"Core/Src/ad5328.d" -MT"Core/Src/ad5328.o" --specs=nano.specs -mfloat-abi=soft -mthumb -o "Core/Src/ad5328.o"
arm-none-eabi-gcc -o "Motherboard.elf" @"objects.list"   -mcpu=cortex-m3 -T"C:\STM32\SausageMixer\Motherboard\STM32F103C8TX_FLASH.ld" --specs=nosys.specs -Wl,-Map="Motherboard.map" -Wl,--gc-sections -static --specs=nano.specs -mfloat-abi=soft -mthumb -Wl,--start-group -lc -lm -Wl,--end-group
Finished building target: Motherboard.elf
 
arm-none-eabi-size  Motherboard.elf 
arm-none-eabi-objdump -h -S Motherboard.elf  > "Motherboard.list"
   text	   data	    bss	    dec	    hex	filename
  46868	    380	   6468	  53716	   d1d4	Motherboard.elf
Finished building: default.size.stdout
 
Finished building: Motherboard.list
 
12:24:06 **** Incremental Build of configuration Debug for project Motherboard ****
make -j12 all 
arm-none-eabi-gcc "../Core/Src/ad5328.c" -mcpu=cortex-m3 -std=gnu11 -g3 -DDEBUG -DUSE_HAL_DRIVER -DSTM32F103xB -c -I../Core/Inc -I../Drivers/STM32F1xx_HAL_Driver/Inc/Legacy -I../Drivers/STM32F1xx_HAL_Driver/Inc -I../Drivers/CMSIS/Device/ST/STM32F1xx/Include -I../Drivers/CMSIS/Include -I../USB_DEVICE/App -I../USB_DEVICE/Target -I../Middlewares/ST/STM32_USB_Device_Library/Core/Inc -I../Middlewares/ST/STM32_USB_Device_Library/Class/CDC/Inc -O0 -ffunction-sections -fdata-sections -Wall -fstack-usage -fcyclomatic-complexity -MMD -MP -MF"Core/Src/ad5328.d" -MT"Core/Src/ad5328.o" --specs=nano.specs -mfloat-abi=soft -mthumb -o "Core/Src/ad5328.o"
arm-none-eabi-gcc -o "Motherboard.elf" @"objects.list"   -mcpu=cortex-m3 -T"C:\STM32\SausageMixer\Motherboard\STM32F103C8TX_FLASH.ld" --specs=nosys.specs -Wl,-Map="Motherboard.map" -Wl,--gc-sections -static --specs=nano.specs -mfloat-abi=soft -mthumb -Wl,--start-group -lc -lm -Wl,--end-group
Finished building target: Motherboard.elf
 
arm-none-eabi-size  Motherboard.elf 
arm-none-eabi-objdump -h -S Motherboard.elf  > "Motherboard.list"
   text	   data	    bss	    dec	    hex	filename
  46872	    380	   6468	  53720	   d1d8	Motherboard.elf
Finished building: default.size.stdout
 
Finished building: Motherboard.list
 
12:25:01 **** Incremental Build of configuration Debug for project Motherboard ****
make -j12 all 
arm-none-eabi-gcc "../Core/Src/main.c" -mcpu=cortex-m3 -std=gnu11 -g3 -DDEBUG -DUSE_HAL_DRIVER -DSTM32F103xB -c -I../Core/Inc -I../Drivers/STM32F1xx_HAL_Driver/Inc/Legacy -I../Drivers/STM32F1xx_HAL_Driver/Inc -I../Drivers/CMSIS/Device/ST/STM32F1xx/Include -I../Drivers/CMSIS/Include -I../USB_DEVICE/App -I../USB_DEVICE/Target -I../Middlewares/ST/STM32_USB_Device_Library/Core/Inc -I../Middlewares/ST/STM32_USB_Device_Library/Class/CDC/Inc -O0 -ffunction-sections -fdata-sections -Wall -fstack-usage -fcyclomatic-complexity -MMD -MP -MF"Core/Src/main.d" -MT"Core/Src/main.o" --specs=nano.specs -mfloat-abi=soft -mthumb -o "Core/Src/main.o"
arm-none-eabi-gcc -o "Motherboard.elf" @"objects.list"   -mcpu=cortex-m3 -T"C:\STM32\SausageMixer\Motherboard\STM32F103C8TX_FLASH.ld" --specs=nosys.specs -Wl,-Map="Motherboard.map" -Wl,--gc-sections -static --specs=nano.specs -mfloat-abi=soft -mthumb -Wl,--start-group -lc -lm -Wl,--end-group
Finished building target: Motherboard.elf
 
arm-none-eabi-size  Motherboard.elf 
arm-none-eabi-objdump -h -S Motherboard.elf  > "Motherboard.list"
   text	   data	    bss	    dec	    hex	filename
  46796	    380	   6468	  53644	   d18c	Motherboard.elf
Finished building: default.size.stdout
 
Finished building: Motherboard.list
 
12:25:30 **** Incremental Build of configuration Debug for project Motherboard ****
make -j12 all 
arm-none-eabi-gcc "../Core/Src/main.c" -mcpu=cortex-m3 -std=gnu11 -g3 -DDEBUG -DUSE_HAL_DRIVER -DSTM32F103xB -c -I../Core/Inc -I../Drivers/STM32F1xx_HAL_Driver/Inc/Legacy -I../Drivers/STM32F1xx_HAL_Driver/Inc -I../Drivers/CMSIS/Device/ST/STM32F1xx/Include -I../Drivers/CMSIS/Include -I../USB_DEVICE/App -I../USB_DEVICE/Target -I../Middlewares/ST/STM32_USB_Device_Library/Core/Inc -I../Middlewares/ST/STM32_USB_Device_Library/Class/CDC/Inc -O0 -ffunction-sections -fdata-sections -Wall -fstack-usage -fcyclomatic-complexity -MMD -MP -MF"Core/Src/main.d" -MT"Core/Src/main.o" --specs=nano.specs -mfloat-abi=soft -mthumb -o "Core/Src/main.o"
arm-none-eabi-gcc -o "Motherboard.elf" @"objects.list"   -mcpu=cortex-m3 -T"C:\STM32\SausageMixer\Motherboard\STM32F103C8TX_FLASH.ld" --specs=nosys.specs -Wl,-Map="Motherboard.map" -Wl,--gc-sections -static --specs=nano.specs -mfloat-abi=soft -mthumb -Wl,--start-group -lc -lm -Wl,--end-group
Finished building target: Motherboard.elf
 
arm-none-eabi-size  Motherboard.elf 
arm-none-eabi-objdump -h -S Motherboard.elf  > "Motherboard.list"
   text	   data	    bss	    dec	    hex	filename
  46824	    380	   6468	  53672	   d1a8	Motherboard.elf
Finished building: default.size.stdout
 
Finished building: Motherboard.list
 
12:26:13 **** Incremental Build of configuration Debug for project Motherboard ****
make -j12 all 
arm-none-eabi-gcc "../Core/Src/main.c" -mcpu=cortex-m3 -std=gnu11 -g3 -DDEBUG -DUSE_HAL_DRIVER -DSTM32F103xB -c -I../Core/Inc -I../Drivers/STM32F1xx_HAL_Driver/Inc/Legacy -I../Drivers/STM32F1xx_HAL_Driver/Inc -I../Drivers/CMSIS/Device/ST/STM32F1xx/Include -I../Drivers/CMSIS/Include -I../USB_DEVICE/App -I../USB_DEVICE/Target -I../Middlewares/ST/STM32_USB_Device_Library/Core/Inc -I../Middlewares/ST/STM32_USB_Device_Library/Class/CDC/Inc -O0 -ffunction-sections -fdata-sections -Wall -fstack-usage -fcyclomatic-complexity -MMD -MP -MF"Core/Src/main.d" -MT"Core/Src/main.o" --specs=nano.specs -mfloat-abi=soft -mthumb -o "Core/Src/main.o"
arm-none-eabi-gcc -o "Motherboard.elf" @"objects.list"   -mcpu=cortex-m3 -T"C:\STM32\SausageMixer\Motherboard\STM32F103C8TX_FLASH.ld" --specs=nosys.specs -Wl,-Map="Motherboard.map" -Wl,--gc-sections -static --specs=nano.specs -mfloat-abi=soft -mthumb -Wl,--start-group -lc -lm -Wl,--end-group
Finished building target: Motherboard.elf
 
arm-none-eabi-size  Motherboard.elf 
arm-none-eabi-objdump -h -S Motherboard.elf  > "Motherboard.list"
   text	   data	    bss	    dec	    hex	filename
  46808	    380	   6460	  53648	   d190	Motherboard.elf
Finished building: default.size.stdout
 
Finished building: Motherboard.list
 
12:27:54 **** Incremental Build of configuration Debug for project Motherboard ****
make -j12 all 
arm-none-eabi-size  Motherboard.elf 
   text	   data	    bss	    dec	    hex	filename
  46808	    380	   6460	  53648	   d190	Motherboard.elf
Finished building: default.size.stdout
 
12:28:09 **** Incremental Build of configuration Debug for project Motherboard ****
make -j12 all 
arm-none-eabi-size  Motherboard.elf 
   text	   data	    bss	    dec	    hex	filename
  46808	    380	   6460	  53648	   d190	Motherboard.elf
Finished building: default.size.stdout
 
12:29:35 **** Incremental Build of configuration Debug for project Motherboard ****
make -j12 all 
arm-none-eabi-size  Motherboard.elf 
   text	   data	    bss	    dec	    hex	filename
  46808	    380	   6460	  53648	   d190	Motherboard.elf
Finished building: default.size.stdout
 
12:30:36 **** Incremental Build of configuration Debug for project Motherboard ****
make -j12 all 
arm-none-eabi-gcc "../Core/Src/main.c" -mcpu=cortex-m3 -std=gnu11 -g3 -DDEBUG -DUSE_HAL_DRIVER -DSTM32F103xB -c -I../Core/Inc -I../Drivers/STM32F1xx_HAL_Driver/Inc/Legacy -I../Drivers/STM32F1xx_HAL_Driver/Inc -I../Drivers/CMSIS/Device/ST/STM32F1xx/Include -I../Drivers/CMSIS/Include -I../USB_DEVICE/App -I../USB_DEVICE/Target -I../Middlewares/ST/STM32_USB_Device_Library/Core/Inc -I../Middlewares/ST/STM32_USB_Device_Library/Class/CDC/Inc -O0 -ffunction-sections -fdata-sections -Wall -fstack-usage -fcyclomatic-complexity -MMD -MP -MF"Core/Src/main.d" -MT"Core/Src/main.o" --specs=nano.specs -mfloat-abi=soft -mthumb -o "Core/Src/main.o"
arm-none-eabi-gcc -o "Motherboard.elf" @"objects.list"   -mcpu=cortex-m3 -T"C:\STM32\SausageMixer\Motherboard\STM32F103C8TX_FLASH.ld" --specs=nosys.specs -Wl,-Map="Motherboard.map" -Wl,--gc-sections -static --specs=nano.specs -mfloat-abi=soft -mthumb -Wl,--start-group -lc -lm -Wl,--end-group
Finished building target: Motherboard.elf
 
arm-none-eabi-size  Motherboard.elf 
arm-none-eabi-objdump -h -S Motherboard.elf  > "Motherboard.list"
   text	   data	    bss	    dec	    hex	filename
  46808	    380	   6460	  53648	   d190	Motherboard.elf
Finished building: default.size.stdout
 
Finished building: Motherboard.list
 
12:32:05 **** Incremental Build of configuration Debug for project Motherboard ****
make -j12 all 
arm-none-eabi-gcc "../Core/Src/main.c" -mcpu=cortex-m3 -std=gnu11 -g3 -DDEBUG -DUSE_HAL_DRIVER -DSTM32F103xB -c -I../Core/Inc -I../Drivers/STM32F1xx_HAL_Driver/Inc/Legacy -I../Drivers/STM32F1xx_HAL_Driver/Inc -I../Drivers/CMSIS/Device/ST/STM32F1xx/Include -I../Drivers/CMSIS/Include -I../USB_DEVICE/App -I../USB_DEVICE/Target -I../Middlewares/ST/STM32_USB_Device_Library/Core/Inc -I../Middlewares/ST/STM32_USB_Device_Library/Class/CDC/Inc -O0 -ffunction-sections -fdata-sections -Wall -fstack-usage -fcyclomatic-complexity -MMD -MP -MF"Core/Src/main.d" -MT"Core/Src/main.o" --specs=nano.specs -mfloat-abi=soft -mthumb -o "Core/Src/main.o"
arm-none-eabi-gcc -o "Motherboard.elf" @"objects.list"   -mcpu=cortex-m3 -T"C:\STM32\SausageMixer\Motherboard\STM32F103C8TX_FLASH.ld" --specs=nosys.specs -Wl,-Map="Motherboard.map" -Wl,--gc-sections -static --specs=nano.specs -mfloat-abi=soft -mthumb -Wl,--start-group -lc -lm -Wl,--end-group
Finished building target: Motherboard.elf
 
arm-none-eabi-size  Motherboard.elf 
arm-none-eabi-objdump -h -S Motherboard.elf  > "Motherboard.list"
   text	   data	    bss	    dec	    hex	filename
  46860	    380	   6468	  53708	   d1cc	Motherboard.elf
Finished building: default.size.stdout
 
Finished building: Motherboard.list
 
12:33:23 **** Incremental Build of configuration Debug for project Motherboard ****
make -j12 all 
arm-none-eabi-gcc "../Core/Src/main.c" -mcpu=cortex-m3 -std=gnu11 -g3 -DDEBUG -DUSE_HAL_DRIVER -DSTM32F103xB -c -I../Core/Inc -I../Drivers/STM32F1xx_HAL_Driver/Inc/Legacy -I../Drivers/STM32F1xx_HAL_Driver/Inc -I../Drivers/CMSIS/Device/ST/STM32F1xx/Include -I../Drivers/CMSIS/Include -I../USB_DEVICE/App -I../USB_DEVICE/Target -I../Middlewares/ST/STM32_USB_Device_Library/Core/Inc -I../Middlewares/ST/STM32_USB_Device_Library/Class/CDC/Inc -O0 -ffunction-sections -fdata-sections -Wall -fstack-usage -fcyclomatic-complexity -MMD -MP -MF"Core/Src/main.d" -MT"Core/Src/main.o" --specs=nano.specs -mfloat-abi=soft -mthumb -o "Core/Src/main.o"
arm-none-eabi-gcc -o "Motherboard.elf" @"objects.list"   -mcpu=cortex-m3 -T"C:\STM32\SausageMixer\Motherboard\STM32F103C8TX_FLASH.ld" --specs=nosys.specs -Wl,-Map="Motherboard.map" -Wl,--gc-sections -static --specs=nano.specs -mfloat-abi=soft -mthumb -Wl,--start-group -lc -lm -Wl,--end-group
Finished building target: Motherboard.elf
 
arm-none-eabi-size  Motherboard.elf 
arm-none-eabi-objdump -h -S Motherboard.elf  > "Motherboard.list"
   text	   data	    bss	    dec	    hex	filename
  46836	    380	   6468	  53684	   d1b4	Motherboard.elf
Finished building: default.size.stdout
 
Finished building: Motherboard.list
 
12:34:19 **** Incremental Build of configuration Debug for project Motherboard ****
make -j12 all 
arm-none-eabi-gcc "../Core/Src/main.c" -mcpu=cortex-m3 -std=gnu11 -g3 -DDEBUG -DUSE_HAL_DRIVER -DSTM32F103xB -c -I../Core/Inc -I../Drivers/STM32F1xx_HAL_Driver/Inc/Legacy -I../Drivers/STM32F1xx_HAL_Driver/Inc -I../Drivers/CMSIS/Device/ST/STM32F1xx/Include -I../Drivers/CMSIS/Include -I../USB_DEVICE/App -I../USB_DEVICE/Target -I../Middlewares/ST/STM32_USB_Device_Library/Core/Inc -I../Middlewares/ST/STM32_USB_Device_Library/Class/CDC/Inc -O0 -ffunction-sections -fdata-sections -Wall -fstack-usage -fcyclomatic-complexity -MMD -MP -MF"Core/Src/main.d" -MT"Core/Src/main.o" --specs=nano.specs -mfloat-abi=soft -mthumb -o "Core/Src/main.o"
arm-none-eabi-gcc -o "Motherboard.elf" @"objects.list"   -mcpu=cortex-m3 -T"C:\STM32\SausageMixer\Motherboard\STM32F103C8TX_FLASH.ld" --specs=nosys.specs -Wl,-Map="Motherboard.map" -Wl,--gc-sections -static --specs=nano.specs -mfloat-abi=soft -mthumb -Wl,--start-group -lc -lm -Wl,--end-group
Finished building target: Motherboard.elf
 
arm-none-eabi-size  Motherboard.elf 
arm-none-eabi-objdump -h -S Motherboard.elf  > "Motherboard.list"
   text	   data	    bss	    dec	    hex	filename
  46836	    380	   6468	  53684	   d1b4	Motherboard.elf
Finished building: default.size.stdout
 
Finished building: Motherboard.list
 
12:35:35 **** Incremental Build of configuration Debug for project Motherboard ****
make -j12 all 
arm-none-eabi-gcc "../Core/Src/main.c" -mcpu=cortex-m3 -std=gnu11 -g3 -DDEBUG -DUSE_HAL_DRIVER -DSTM32F103xB -c -I../Core/Inc -I../Drivers/STM32F1xx_HAL_Driver/Inc/Legacy -I../Drivers/STM32F1xx_HAL_Driver/Inc -I../Drivers/CMSIS/Device/ST/STM32F1xx/Include -I../Drivers/CMSIS/Include -I../USB_DEVICE/App -I../USB_DEVICE/Target -I../Middlewares/ST/STM32_USB_Device_Library/Core/Inc -I../Middlewares/ST/STM32_USB_Device_Library/Class/CDC/Inc -O0 -ffunction-sections -fdata-sections -Wall -fstack-usage -fcyclomatic-complexity -MMD -MP -MF"Core/Src/main.d" -MT"Core/Src/main.o" --specs=nano.specs -mfloat-abi=soft -mthumb -o "Core/Src/main.o"
arm-none-eabi-gcc -o "Motherboard.elf" @"objects.list"   -mcpu=cortex-m3 -T"C:\STM32\SausageMixer\Motherboard\STM32F103C8TX_FLASH.ld" --specs=nosys.specs -Wl,-Map="Motherboard.map" -Wl,--gc-sections -static --specs=nano.specs -mfloat-abi=soft -mthumb -Wl,--start-group -lc -lm -Wl,--end-group
Finished building target: Motherboard.elf
 
arm-none-eabi-size  Motherboard.elf 
arm-none-eabi-objdump -h -S Motherboard.elf  > "Motherboard.list"
   text	   data	    bss	    dec	    hex	filename
  46844	    380	   6468	  53692	   d1bc	Motherboard.elf
Finished building: default.size.stdout
 
Finished building: Motherboard.list
 
12:36:12 **** Incremental Build of configuration Debug for project Motherboard ****
make -j12 all 
arm-none-eabi-size  Motherboard.elf 
   text	   data	    bss	    dec	    hex	filename
  46844	    380	   6468	  53692	   d1bc	Motherboard.elf
Finished building: default.size.stdout
 
12:42:47 **** Incremental Build of configuration Debug for project Motherboard ****
make -j12 all 
arm-none-eabi-gcc "../Core/Src/main.c" -mcpu=cortex-m3 -std=gnu11 -g3 -DDEBUG -DUSE_HAL_DRIVER -DSTM32F103xB -c -I../Core/Inc -I../Drivers/STM32F1xx_HAL_Driver/Inc/Legacy -I../Drivers/STM32F1xx_HAL_Driver/Inc -I../Drivers/CMSIS/Device/ST/STM32F1xx/Include -I../Drivers/CMSIS/Include -I../USB_DEVICE/App -I../USB_DEVICE/Target -I../Middlewares/ST/STM32_USB_Device_Library/Core/Inc -I../Middlewares/ST/STM32_USB_Device_Library/Class/CDC/Inc -O0 -ffunction-sections -fdata-sections -Wall -fstack-usage -fcyclomatic-complexity -MMD -MP -MF"Core/Src/main.d" -MT"Core/Src/main.o" --specs=nano.specs -mfloat-abi=soft -mthumb -o "Core/Src/main.o"
arm-none-eabi-gcc -o "Motherboard.elf" @"objects.list"   -mcpu=cortex-m3 -T"C:\STM32\SausageMixer\Motherboard\STM32F103C8TX_FLASH.ld" --specs=nosys.specs -Wl,-Map="Motherboard.map" -Wl,--gc-sections -static --specs=nano.specs -mfloat-abi=soft -mthumb -Wl,--start-group -lc -lm -Wl,--end-group
Finished building target: Motherboard.elf
 
arm-none-eabi-size  Motherboard.elf 
arm-none-eabi-objdump -h -S Motherboard.elf  > "Motherboard.list"
   text	   data	    bss	    dec	    hex	filename
  42388	    380	   6444	  49212	   c03c	Motherboard.elf
Finished building: default.size.stdout
 
Finished building: Motherboard.list
 
12:43:53 **** Incremental Build of configuration Debug for project Motherboard ****
make -j12 all 
arm-none-eabi-gcc "../Core/Src/main.c" -mcpu=cortex-m3 -std=gnu11 -g3 -DDEBUG -DUSE_HAL_DRIVER -DSTM32F103xB -c -I../Core/Inc -I../Drivers/STM32F1xx_HAL_Driver/Inc/Legacy -I../Drivers/STM32F1xx_HAL_Driver/Inc -I../Drivers/CMSIS/Device/ST/STM32F1xx/Include -I../Drivers/CMSIS/Include -I../USB_DEVICE/App -I../USB_DEVICE/Target -I../Middlewares/ST/STM32_USB_Device_Library/Core/Inc -I../Middlewares/ST/STM32_USB_Device_Library/Class/CDC/Inc -O0 -ffunction-sections -fdata-sections -Wall -fstack-usage -fcyclomatic-complexity -MMD -MP -MF"Core/Src/main.d" -MT"Core/Src/main.o" --specs=nano.specs -mfloat-abi=soft -mthumb -o "Core/Src/main.o"
arm-none-eabi-gcc -o "Motherboard.elf" @"objects.list"   -mcpu=cortex-m3 -T"C:\STM32\SausageMixer\Motherboard\STM32F103C8TX_FLASH.ld" --specs=nosys.specs -Wl,-Map="Motherboard.map" -Wl,--gc-sections -static --specs=nano.specs -mfloat-abi=soft -mthumb -Wl,--start-group -lc -lm -Wl,--end-group
Finished building target: Motherboard.elf
 
arm-none-eabi-size  Motherboard.elf 
arm-none-eabi-objdump -h -S Motherboard.elf  > "Motherboard.list"
   text	   data	    bss	    dec	    hex	filename
  46844	    380	   6468	  53692	   d1bc	Motherboard.elf
Finished building: default.size.stdout
 
Finished building: Motherboard.list
 
12:44:48 **** Incremental Build of configuration Debug for project Motherboard ****
make -j12 all 
arm-none-eabi-gcc "../Core/Src/main.c" -mcpu=cortex-m3 -std=gnu11 -g3 -DDEBUG -DUSE_HAL_DRIVER -DSTM32F103xB -c -I../Core/Inc -I../Drivers/STM32F1xx_HAL_Driver/Inc/Legacy -I../Drivers/STM32F1xx_HAL_Driver/Inc -I../Drivers/CMSIS/Device/ST/STM32F1xx/Include -I../Drivers/CMSIS/Include -I../USB_DEVICE/App -I../USB_DEVICE/Target -I../Middlewares/ST/STM32_USB_Device_Library/Core/Inc -I../Middlewares/ST/STM32_USB_Device_Library/Class/CDC/Inc -O0 -ffunction-sections -fdata-sections -Wall -fstack-usage -fcyclomatic-complexity -MMD -MP -MF"Core/Src/main.d" -MT"Core/Src/main.o" --specs=nano.specs -mfloat-abi=soft -mthumb -o "Core/Src/main.o"
arm-none-eabi-gcc -o "Motherboard.elf" @"objects.list"   -mcpu=cortex-m3 -T"C:\STM32\SausageMixer\Motherboard\STM32F103C8TX_FLASH.ld" --specs=nosys.specs -Wl,-Map="Motherboard.map" -Wl,--gc-sections -static --specs=nano.specs -mfloat-abi=soft -mthumb -Wl,--start-group -lc -lm -Wl,--end-group
Finished building target: Motherboard.elf
 
arm-none-eabi-size  Motherboard.elf 
arm-none-eabi-objdump -h -S Motherboard.elf  > "Motherboard.list"
   text	   data	    bss	    dec	    hex	filename
  46852	    380	   6468	  53700	   d1c4	Motherboard.elf
Finished building: default.size.stdout
 
Finished building: Motherboard.list
 
12:45:34 **** Incremental Build of configuration Debug for project Motherboard ****
make -j12 all 
arm-none-eabi-gcc "../Core/Src/main.c" -mcpu=cortex-m3 -std=gnu11 -g3 -DDEBUG -DUSE_HAL_DRIVER -DSTM32F103xB -c -I../Core/Inc -I../Drivers/STM32F1xx_HAL_Driver/Inc/Legacy -I../Drivers/STM32F1xx_HAL_Driver/Inc -I../Drivers/CMSIS/Device/ST/STM32F1xx/Include -I../Drivers/CMSIS/Include -I../USB_DEVICE/App -I../USB_DEVICE/Target -I../Middlewares/ST/STM32_USB_Device_Library/Core/Inc -I../Middlewares/ST/STM32_USB_Device_Library/Class/CDC/Inc -O0 -ffunction-sections -fdata-sections -Wall -fstack-usage -fcyclomatic-complexity -MMD -MP -MF"Core/Src/main.d" -MT"Core/Src/main.o" --specs=nano.specs -mfloat-abi=soft -mthumb -o "Core/Src/main.o"
arm-none-eabi-gcc -o "Motherboard.elf" @"objects.list"   -mcpu=cortex-m3 -T"C:\STM32\SausageMixer\Motherboard\STM32F103C8TX_FLASH.ld" --specs=nosys.specs -Wl,-Map="Motherboard.map" -Wl,--gc-sections -static --specs=nano.specs -mfloat-abi=soft -mthumb -Wl,--start-group -lc -lm -Wl,--end-group
Finished building target: Motherboard.elf
 
arm-none-eabi-size  Motherboard.elf 
arm-none-eabi-objdump -h -S Motherboard.elf  > "Motherboard.list"
   text	   data	    bss	    dec	    hex	filename
  46804	    380	   6468	  53652	   d194	Motherboard.elf
Finished building: default.size.stdout
 
Finished building: Motherboard.list
 
12:46:10 **** Incremental Build of configuration Debug for project Motherboard ****
make -j12 all 
arm-none-eabi-gcc "../Core/Src/main.c" -mcpu=cortex-m3 -std=gnu11 -g3 -DDEBUG -DUSE_HAL_DRIVER -DSTM32F103xB -c -I../Core/Inc -I../Drivers/STM32F1xx_HAL_Driver/Inc/Legacy -I../Drivers/STM32F1xx_HAL_Driver/Inc -I../Drivers/CMSIS/Device/ST/STM32F1xx/Include -I../Drivers/CMSIS/Include -I../USB_DEVICE/App -I../USB_DEVICE/Target -I../Middlewares/ST/STM32_USB_Device_Library/Core/Inc -I../Middlewares/ST/STM32_USB_Device_Library/Class/CDC/Inc -O0 -ffunction-sections -fdata-sections -Wall -fstack-usage -fcyclomatic-complexity -MMD -MP -MF"Core/Src/main.d" -MT"Core/Src/main.o" --specs=nano.specs -mfloat-abi=soft -mthumb -o "Core/Src/main.o"
arm-none-eabi-gcc -o "Motherboard.elf" @"objects.list"   -mcpu=cortex-m3 -T"C:\STM32\SausageMixer\Motherboard\STM32F103C8TX_FLASH.ld" --specs=nosys.specs -Wl,-Map="Motherboard.map" -Wl,--gc-sections -static --specs=nano.specs -mfloat-abi=soft -mthumb -Wl,--start-group -lc -lm -Wl,--end-group
Finished building target: Motherboard.elf
 
arm-none-eabi-size  Motherboard.elf 
arm-none-eabi-objdump -h -S Motherboard.elf  > "Motherboard.list"
   text	   data	    bss	    dec	    hex	filename
  42608	    380	   6452	  49440	   c120	Motherboard.elf
Finished building: default.size.stdout
 
Finished building: Motherboard.list
 
12:47:02 **** Incremental Build of configuration Debug for project Motherboard ****
make -j12 all 
arm-none-eabi-gcc "../Core/Src/main.c" -mcpu=cortex-m3 -std=gnu11 -g3 -DDEBUG -DUSE_HAL_DRIVER -DSTM32F103xB -c -I../Core/Inc -I../Drivers/STM32F1xx_HAL_Driver/Inc/Legacy -I../Drivers/STM32F1xx_HAL_Driver/Inc -I../Drivers/CMSIS/Device/ST/STM32F1xx/Include -I../Drivers/CMSIS/Include -I../USB_DEVICE/App -I../USB_DEVICE/Target -I../Middlewares/ST/STM32_USB_Device_Library/Core/Inc -I../Middlewares/ST/STM32_USB_Device_Library/Class/CDC/Inc -O0 -ffunction-sections -fdata-sections -Wall -fstack-usage -fcyclomatic-complexity -MMD -MP -MF"Core/Src/main.d" -MT"Core/Src/main.o" --specs=nano.specs -mfloat-abi=soft -mthumb -o "Core/Src/main.o"
arm-none-eabi-gcc -o "Motherboard.elf" @"objects.list"   -mcpu=cortex-m3 -T"C:\STM32\SausageMixer\Motherboard\STM32F103C8TX_FLASH.ld" --specs=nosys.specs -Wl,-Map="Motherboard.map" -Wl,--gc-sections -static --specs=nano.specs -mfloat-abi=soft -mthumb -Wl,--start-group -lc -lm -Wl,--end-group
Finished building target: Motherboard.elf
 
arm-none-eabi-size  Motherboard.elf 
arm-none-eabi-objdump -h -S Motherboard.elf  > "Motherboard.list"
   text	   data	    bss	    dec	    hex	filename
  46776	    380	   6452	  53608	   d168	Motherboard.elf
Finished building: default.size.stdout
 
Finished building: Motherboard.list
 
12:47:32 **** Incremental Build of configuration Debug for project Motherboard ****
make -j12 all 
arm-none-eabi-gcc "../Core/Src/main.c" -mcpu=cortex-m3 -std=gnu11 -g3 -DDEBUG -DUSE_HAL_DRIVER -DSTM32F103xB -c -I../Core/Inc -I../Drivers/STM32F1xx_HAL_Driver/Inc/Legacy -I../Drivers/STM32F1xx_HAL_Driver/Inc -I../Drivers/CMSIS/Device/ST/STM32F1xx/Include -I../Drivers/CMSIS/Include -I../USB_DEVICE/App -I../USB_DEVICE/Target -I../Middlewares/ST/STM32_USB_Device_Library/Core/Inc -I../Middlewares/ST/STM32_USB_Device_Library/Class/CDC/Inc -O0 -ffunction-sections -fdata-sections -Wall -fstack-usage -fcyclomatic-complexity -MMD -MP -MF"Core/Src/main.d" -MT"Core/Src/main.o" --specs=nano.specs -mfloat-abi=soft -mthumb -o "Core/Src/main.o"
../Core/Src/main.c: In function 'main':
../Core/Src/main.c:101:47: error: invalid operands to binary / (have 'float *' and 'int')
  101 |                           0.0f, &REG_CAROUSEL / 2, 0.0f, 0.8f);
      |                                 ~~~~~~~~~~~~~ ^
      |                                 |
      |                                 float *
make: *** [Core/Src/subdir.mk:40: Core/Src/main.o] Error 1
"make -j12 all" terminated with exit code 2. Build might be incomplete.
12:47:54 **** Incremental Build of configuration Debug for project Keyboard ****
make -j12 all 
arm-none-eabi-size  Keyboard.elf 
   text	   data	    bss	    dec	    hex	filename
   8580	     12	   1684	  10276	   2824	Keyboard.elf
Finished building: default.size.stdout
 
12:47:55 **** Incremental Build of configuration Debug for project Motherboard ****
make -j12 all 
arm-none-eabi-gcc "../Core/Src/main.c" -mcpu=cortex-m3 -std=gnu11 -g3 -DDEBUG -DUSE_HAL_DRIVER -DSTM32F103xB -c -I../Core/Inc -I../Drivers/STM32F1xx_HAL_Driver/Inc/Legacy -I../Drivers/STM32F1xx_HAL_Driver/Inc -I../Drivers/CMSIS/Device/ST/STM32F1xx/Include -I../Drivers/CMSIS/Include -I../USB_DEVICE/App -I../USB_DEVICE/Target -I../Middlewares/ST/STM32_USB_Device_Library/Core/Inc -I../Middlewares/ST/STM32_USB_Device_Library/Class/CDC/Inc -O0 -ffunction-sections -fdata-sections -Wall -fstack-usage -fcyclomatic-complexity -MMD -MP -MF"Core/Src/main.d" -MT"Core/Src/main.o" --specs=nano.specs -mfloat-abi=soft -mthumb -o "Core/Src/main.o"
arm-none-eabi-gcc -o "Motherboard.elf" @"objects.list"   -mcpu=cortex-m3 -T"C:\STM32\SausageMixer\Motherboard\STM32F103C8TX_FLASH.ld" --specs=nosys.specs -Wl,-Map="Motherboard.map" -Wl,--gc-sections -static --specs=nano.specs -mfloat-abi=soft -mthumb -Wl,--start-group -lc -lm -Wl,--end-group
Finished building target: Motherboard.elf
 
arm-none-eabi-size  Motherboard.elf 
arm-none-eabi-objdump -h -S Motherboard.elf  > "Motherboard.list"
   text	   data	    bss	    dec	    hex	filename
  46776	    380	   6452	  53608	   d168	Motherboard.elf
Finished building: default.size.stdout
 
Finished building: Motherboard.list
 
12:48:04 **** Incremental Build of configuration Debug for project Motherboard ****
make -j12 all 
arm-none-eabi-gcc "../Core/Src/main.c" -mcpu=cortex-m3 -std=gnu11 -g3 -DDEBUG -DUSE_HAL_DRIVER -DSTM32F103xB -c -I../Core/Inc -I../Drivers/STM32F1xx_HAL_Driver/Inc/Legacy -I../Drivers/STM32F1xx_HAL_Driver/Inc -I../Drivers/CMSIS/Device/ST/STM32F1xx/Include -I../Drivers/CMSIS/Include -I../USB_DEVICE/App -I../USB_DEVICE/Target -I../Middlewares/ST/STM32_USB_Device_Library/Core/Inc -I../Middlewares/ST/STM32_USB_Device_Library/Class/CDC/Inc -O0 -ffunction-sections -fdata-sections -Wall -fstack-usage -fcyclomatic-complexity -MMD -MP -MF"Core/Src/main.d" -MT"Core/Src/main.o" --specs=nano.specs -mfloat-abi=soft -mthumb -o "Core/Src/main.o"
arm-none-eabi-gcc -o "Motherboard.elf" @"objects.list"   -mcpu=cortex-m3 -T"C:\STM32\SausageMixer\Motherboard\STM32F103C8TX_FLASH.ld" --specs=nosys.specs -Wl,-Map="Motherboard.map" -Wl,--gc-sections -static --specs=nano.specs -mfloat-abi=soft -mthumb -Wl,--start-group -lc -lm -Wl,--end-group
Finished building target: Motherboard.elf
 
arm-none-eabi-size  Motherboard.elf 
arm-none-eabi-objdump -h -S Motherboard.elf  > "Motherboard.list"
   text	   data	    bss	    dec	    hex	filename
  46760	    380	   6452	  53592	   d158	Motherboard.elf
Finished building: default.size.stdout
 
Finished building: Motherboard.list
 
12:48:41 **** Incremental Build of configuration Debug for project Motherboard ****
make -j12 all 
arm-none-eabi-gcc "../Core/Src/main.c" -mcpu=cortex-m3 -std=gnu11 -g3 -DDEBUG -DUSE_HAL_DRIVER -DSTM32F103xB -c -I../Core/Inc -I../Drivers/STM32F1xx_HAL_Driver/Inc/Legacy -I../Drivers/STM32F1xx_HAL_Driver/Inc -I../Drivers/CMSIS/Device/ST/STM32F1xx/Include -I../Drivers/CMSIS/Include -I../USB_DEVICE/App -I../USB_DEVICE/Target -I../Middlewares/ST/STM32_USB_Device_Library/Core/Inc -I../Middlewares/ST/STM32_USB_Device_Library/Class/CDC/Inc -O0 -ffunction-sections -fdata-sections -Wall -fstack-usage -fcyclomatic-complexity -MMD -MP -MF"Core/Src/main.d" -MT"Core/Src/main.o" --specs=nano.specs -mfloat-abi=soft -mthumb -o "Core/Src/main.o"
arm-none-eabi-gcc -o "Motherboard.elf" @"objects.list"   -mcpu=cortex-m3 -T"C:\STM32\SausageMixer\Motherboard\STM32F103C8TX_FLASH.ld" --specs=nosys.specs -Wl,-Map="Motherboard.map" -Wl,--gc-sections -static --specs=nano.specs -mfloat-abi=soft -mthumb -Wl,--start-group -lc -lm -Wl,--end-group
Finished building target: Motherboard.elf
 
arm-none-eabi-size  Motherboard.elf 
arm-none-eabi-objdump -h -S Motherboard.elf  > "Motherboard.list"
   text	   data	    bss	    dec	    hex	filename
  46760	    380	   6452	  53592	   d158	Motherboard.elf
Finished building: default.size.stdout
 
Finished building: Motherboard.list
 
12:49:28 **** Incremental Build of configuration Debug for project Motherboard ****
make -j12 all 
arm-none-eabi-gcc "../Core/Src/main.c" -mcpu=cortex-m3 -std=gnu11 -g3 -DDEBUG -DUSE_HAL_DRIVER -DSTM32F103xB -c -I../Core/Inc -I../Drivers/STM32F1xx_HAL_Driver/Inc/Legacy -I../Drivers/STM32F1xx_HAL_Driver/Inc -I../Drivers/CMSIS/Device/ST/STM32F1xx/Include -I../Drivers/CMSIS/Include -I../USB_DEVICE/App -I../USB_DEVICE/Target -I../Middlewares/ST/STM32_USB_Device_Library/Core/Inc -I../Middlewares/ST/STM32_USB_Device_Library/Class/CDC/Inc -O0 -ffunction-sections -fdata-sections -Wall -fstack-usage -fcyclomatic-complexity -MMD -MP -MF"Core/Src/main.d" -MT"Core/Src/main.o" --specs=nano.specs -mfloat-abi=soft -mthumb -o "Core/Src/main.o"
arm-none-eabi-gcc -o "Motherboard.elf" @"objects.list"   -mcpu=cortex-m3 -T"C:\STM32\SausageMixer\Motherboard\STM32F103C8TX_FLASH.ld" --specs=nosys.specs -Wl,-Map="Motherboard.map" -Wl,--gc-sections -static --specs=nano.specs -mfloat-abi=soft -mthumb -Wl,--start-group -lc -lm -Wl,--end-group
Finished building target: Motherboard.elf
 
arm-none-eabi-size  Motherboard.elf 
arm-none-eabi-objdump -h -S Motherboard.elf  > "Motherboard.list"
   text	   data	    bss	    dec	    hex	filename
  46752	    380	   6452	  53584	   d150	Motherboard.elf
Finished building: default.size.stdout
 
Finished building: Motherboard.list
 
12:50:14 **** Incremental Build of configuration Debug for project Motherboard ****
make -j12 all 
arm-none-eabi-size  Motherboard.elf 
   text	   data	    bss	    dec	    hex	filename
  46752	    380	   6452	  53584	   d150	Motherboard.elf
Finished building: default.size.stdout
 
12:51:13 **** Incremental Build of configuration Debug for project Motherboard ****
make -j12 all 
arm-none-eabi-gcc "../Core/Src/main.c" -mcpu=cortex-m3 -std=gnu11 -g3 -DDEBUG -DUSE_HAL_DRIVER -DSTM32F103xB -c -I../Core/Inc -I../Drivers/STM32F1xx_HAL_Driver/Inc/Legacy -I../Drivers/STM32F1xx_HAL_Driver/Inc -I../Drivers/CMSIS/Device/ST/STM32F1xx/Include -I../Drivers/CMSIS/Include -I../USB_DEVICE/App -I../USB_DEVICE/Target -I../Middlewares/ST/STM32_USB_Device_Library/Core/Inc -I../Middlewares/ST/STM32_USB_Device_Library/Class/CDC/Inc -O0 -ffunction-sections -fdata-sections -Wall -fstack-usage -fcyclomatic-complexity -MMD -MP -MF"Core/Src/main.d" -MT"Core/Src/main.o" --specs=nano.specs -mfloat-abi=soft -mthumb -o "Core/Src/main.o"
arm-none-eabi-gcc -o "Motherboard.elf" @"objects.list"   -mcpu=cortex-m3 -T"C:\STM32\SausageMixer\Motherboard\STM32F103C8TX_FLASH.ld" --specs=nosys.specs -Wl,-Map="Motherboard.map" -Wl,--gc-sections -static --specs=nano.specs -mfloat-abi=soft -mthumb -Wl,--start-group -lc -lm -Wl,--end-group
Finished building target: Motherboard.elf
 
arm-none-eabi-size  Motherboard.elf 
arm-none-eabi-objdump -h -S Motherboard.elf  > "Motherboard.list"
   text	   data	    bss	    dec	    hex	filename
  46764	    380	   6460	  53604	   d164	Motherboard.elf
Finished building: default.size.stdout
 
Finished building: Motherboard.list
 
12:52:59 **** Incremental Build of configuration Debug for project Motherboard ****
make -j12 all 
arm-none-eabi-size  Motherboard.elf 
   text	   data	    bss	    dec	    hex	filename
  46764	    380	   6460	  53604	   d164	Motherboard.elf
Finished building: default.size.stdout
 
12:54:53 **** Incremental Build of configuration Debug for project Keyboard ****
make -j12 all 
arm-none-eabi-size  Keyboard.elf 
   text	   data	    bss	    dec	    hex	filename
   8580	     12	   1684	  10276	   2824	Keyboard.elf
Finished building: default.size.stdout
 
12:54:53 **** Incremental Build of configuration Debug for project Motherboard ****
make -j12 all 
arm-none-eabi-gcc "../Core/Src/ad5328.c" -mcpu=cortex-m3 -std=gnu11 -g3 -DDEBUG -DUSE_HAL_DRIVER -DSTM32F103xB -c -I../Core/Inc -I../Drivers/STM32F1xx_HAL_Driver/Inc/Legacy -I../Drivers/STM32F1xx_HAL_Driver/Inc -I../Drivers/CMSIS/Device/ST/STM32F1xx/Include -I../Drivers/CMSIS/Include -I../USB_DEVICE/App -I../USB_DEVICE/Target -I../Middlewares/ST/STM32_USB_Device_Library/Core/Inc -I../Middlewares/ST/STM32_USB_Device_Library/Class/CDC/Inc -O0 -ffunction-sections -fdata-sections -Wall -fstack-usage -fcyclomatic-complexity -MMD -MP -MF"Core/Src/ad5328.d" -MT"Core/Src/ad5328.o" --specs=nano.specs -mfloat-abi=soft -mthumb -o "Core/Src/ad5328.o"
arm-none-eabi-gcc "../Core/Src/main.c" -mcpu=cortex-m3 -std=gnu11 -g3 -DDEBUG -DUSE_HAL_DRIVER -DSTM32F103xB -c -I../Core/Inc -I../Drivers/STM32F1xx_HAL_Driver/Inc/Legacy -I../Drivers/STM32F1xx_HAL_Driver/Inc -I../Drivers/CMSIS/Device/ST/STM32F1xx/Include -I../Drivers/CMSIS/Include -I../USB_DEVICE/App -I../USB_DEVICE/Target -I../Middlewares/ST/STM32_USB_Device_Library/Core/Inc -I../Middlewares/ST/STM32_USB_Device_Library/Class/CDC/Inc -O0 -ffunction-sections -fdata-sections -Wall -fstack-usage -fcyclomatic-complexity -MMD -MP -MF"Core/Src/main.d" -MT"Core/Src/main.o" --specs=nano.specs -mfloat-abi=soft -mthumb -o "Core/Src/main.o"
arm-none-eabi-gcc -o "Motherboard.elf" @"objects.list"   -mcpu=cortex-m3 -T"C:\STM32\SausageMixer\Motherboard\STM32F103C8TX_FLASH.ld" --specs=nosys.specs -Wl,-Map="Motherboard.map" -Wl,--gc-sections -static --specs=nano.specs -mfloat-abi=soft -mthumb -Wl,--start-group -lc -lm -Wl,--end-group
Finished building target: Motherboard.elf
 
arm-none-eabi-size  Motherboard.elf 
arm-none-eabi-objdump -h -S Motherboard.elf  > "Motherboard.list"
   text	   data	    bss	    dec	    hex	filename
  46700	    380	   6460	  53540	   d124	Motherboard.elf
Finished building: default.size.stdout
 
Finished building: Motherboard.list
 
12:54:58 **** Incremental Build of configuration Debug for project Motherboard ****
make -j12 all 
arm-none-eabi-size  Motherboard.elf 
   text	   data	    bss	    dec	    hex	filename
  46700	    380	   6460	  53540	   d124	Motherboard.elf
Finished building: default.size.stdout
 
12:55:52 **** Incremental Build of configuration Debug for project Motherboard ****
make -j12 all 
arm-none-eabi-gcc "../Core/Src/main.c" -mcpu=cortex-m3 -std=gnu11 -g3 -DDEBUG -DUSE_HAL_DRIVER -DSTM32F103xB -c -I../Core/Inc -I../Drivers/STM32F1xx_HAL_Driver/Inc/Legacy -I../Drivers/STM32F1xx_HAL_Driver/Inc -I../Drivers/CMSIS/Device/ST/STM32F1xx/Include -I../Drivers/CMSIS/Include -I../USB_DEVICE/App -I../USB_DEVICE/Target -I../Middlewares/ST/STM32_USB_Device_Library/Core/Inc -I../Middlewares/ST/STM32_USB_Device_Library/Class/CDC/Inc -O0 -ffunction-sections -fdata-sections -Wall -fstack-usage -fcyclomatic-complexity -MMD -MP -MF"Core/Src/main.d" -MT"Core/Src/main.o" --specs=nano.specs -mfloat-abi=soft -mthumb -o "Core/Src/main.o"
arm-none-eabi-gcc -o "Motherboard.elf" @"objects.list"   -mcpu=cortex-m3 -T"C:\STM32\SausageMixer\Motherboard\STM32F103C8TX_FLASH.ld" --specs=nosys.specs -Wl,-Map="Motherboard.map" -Wl,--gc-sections -static --specs=nano.specs -mfloat-abi=soft -mthumb -Wl,--start-group -lc -lm -Wl,--end-group
Finished building target: Motherboard.elf
 
arm-none-eabi-size  Motherboard.elf 
arm-none-eabi-objdump -h -S Motherboard.elf  > "Motherboard.list"
   text	   data	    bss	    dec	    hex	filename
  46700	    380	   6460	  53540	   d124	Motherboard.elf
Finished building: default.size.stdout
 
Finished building: Motherboard.list
 
12:56:20 **** Incremental Build of configuration Debug for project Motherboard ****
make -j12 all 
arm-none-eabi-gcc "../Core/Src/main.c" -mcpu=cortex-m3 -std=gnu11 -g3 -DDEBUG -DUSE_HAL_DRIVER -DSTM32F103xB -c -I../Core/Inc -I../Drivers/STM32F1xx_HAL_Driver/Inc/Legacy -I../Drivers/STM32F1xx_HAL_Driver/Inc -I../Drivers/CMSIS/Device/ST/STM32F1xx/Include -I../Drivers/CMSIS/Include -I../USB_DEVICE/App -I../USB_DEVICE/Target -I../Middlewares/ST/STM32_USB_Device_Library/Core/Inc -I../Middlewares/ST/STM32_USB_Device_Library/Class/CDC/Inc -O0 -ffunction-sections -fdata-sections -Wall -fstack-usage -fcyclomatic-complexity -MMD -MP -MF"Core/Src/main.d" -MT"Core/Src/main.o" --specs=nano.specs -mfloat-abi=soft -mthumb -o "Core/Src/main.o"
arm-none-eabi-gcc -o "Motherboard.elf" @"objects.list"   -mcpu=cortex-m3 -T"C:\STM32\SausageMixer\Motherboard\STM32F103C8TX_FLASH.ld" --specs=nosys.specs -Wl,-Map="Motherboard.map" -Wl,--gc-sections -static --specs=nano.specs -mfloat-abi=soft -mthumb -Wl,--start-group -lc -lm -Wl,--end-group
Finished building target: Motherboard.elf
 
arm-none-eabi-size  Motherboard.elf 
arm-none-eabi-objdump -h -S Motherboard.elf  > "Motherboard.list"
   text	   data	    bss	    dec	    hex	filename
  46744	    380	   6468	  53592	   d158	Motherboard.elf
Finished building: default.size.stdout
 
Finished building: Motherboard.list
 
12:57:56 **** Incremental Build of configuration Debug for project Motherboard ****
make -j12 all 
arm-none-eabi-gcc "../Core/Src/main.c" -mcpu=cortex-m3 -std=gnu11 -g3 -DDEBUG -DUSE_HAL_DRIVER -DSTM32F103xB -c -I../Core/Inc -I../Drivers/STM32F1xx_HAL_Driver/Inc/Legacy -I../Drivers/STM32F1xx_HAL_Driver/Inc -I../Drivers/CMSIS/Device/ST/STM32F1xx/Include -I../Drivers/CMSIS/Include -I../USB_DEVICE/App -I../USB_DEVICE/Target -I../Middlewares/ST/STM32_USB_Device_Library/Core/Inc -I../Middlewares/ST/STM32_USB_Device_Library/Class/CDC/Inc -O0 -ffunction-sections -fdata-sections -Wall -fstack-usage -fcyclomatic-complexity -MMD -MP -MF"Core/Src/main.d" -MT"Core/Src/main.o" --specs=nano.specs -mfloat-abi=soft -mthumb -o "Core/Src/main.o"
arm-none-eabi-gcc -o "Motherboard.elf" @"objects.list"   -mcpu=cortex-m3 -T"C:\STM32\SausageMixer\Motherboard\STM32F103C8TX_FLASH.ld" --specs=nosys.specs -Wl,-Map="Motherboard.map" -Wl,--gc-sections -static --specs=nano.specs -mfloat-abi=soft -mthumb -Wl,--start-group -lc -lm -Wl,--end-group
Finished building target: Motherboard.elf
 
arm-none-eabi-size  Motherboard.elf 
arm-none-eabi-objdump -h -S Motherboard.elf  > "Motherboard.list"
   text	   data	    bss	    dec	    hex	filename
  46772	    380	   6468	  53620	   d174	Motherboard.elf
Finished building: default.size.stdout
 
Finished building: Motherboard.list
 
13:02:55 **** Incremental Build of configuration Debug for project Motherboard ****
make -j12 all 
arm-none-eabi-gcc "../Core/Src/main.c" -mcpu=cortex-m3 -std=gnu11 -g3 -DDEBUG -DUSE_HAL_DRIVER -DSTM32F103xB -c -I../Core/Inc -I../Drivers/STM32F1xx_HAL_Driver/Inc/Legacy -I../Drivers/STM32F1xx_HAL_Driver/Inc -I../Drivers/CMSIS/Device/ST/STM32F1xx/Include -I../Drivers/CMSIS/Include -I../USB_DEVICE/App -I../USB_DEVICE/Target -I../Middlewares/ST/STM32_USB_Device_Library/Core/Inc -I../Middlewares/ST/STM32_USB_Device_Library/Class/CDC/Inc -O0 -ffunction-sections -fdata-sections -Wall -fstack-usage -fcyclomatic-complexity -MMD -MP -MF"Core/Src/main.d" -MT"Core/Src/main.o" --specs=nano.specs -mfloat-abi=soft -mthumb -o "Core/Src/main.o"
arm-none-eabi-gcc -o "Motherboard.elf" @"objects.list"   -mcpu=cortex-m3 -T"C:\STM32\SausageMixer\Motherboard\STM32F103C8TX_FLASH.ld" --specs=nosys.specs -Wl,-Map="Motherboard.map" -Wl,--gc-sections -static --specs=nano.specs -mfloat-abi=soft -mthumb -Wl,--start-group -lc -lm -Wl,--end-group
Finished building target: Motherboard.elf
 
arm-none-eabi-size  Motherboard.elf 
arm-none-eabi-objdump -h -S Motherboard.elf  > "Motherboard.list"
   text	   data	    bss	    dec	    hex	filename
  46772	    380	   6468	  53620	   d174	Motherboard.elf
Finished building: default.size.stdout
 
Finished building: Motherboard.list
 
13:03:14 **** Incremental Build of configuration Debug for project Motherboard ****
make -j12 all 
arm-none-eabi-size  Motherboard.elf 
   text	   data	    bss	    dec	    hex	filename
  46772	    380	   6468	  53620	   d174	Motherboard.elf
Finished building: default.size.stdout
 
13:03:41 **** Incremental Build of configuration Debug for project Motherboard ****
make -j12 all 
arm-none-eabi-size  Motherboard.elf 
   text	   data	    bss	    dec	    hex	filename
  46772	    380	   6468	  53620	   d174	Motherboard.elf
Finished building: default.size.stdout
 
13:17:10 **** Incremental Build of configuration Debug for project Motherboard ****
make -j12 all 
arm-none-eabi-gcc "../Core/Src/main.c" -mcpu=cortex-m3 -std=gnu11 -g3 -DDEBUG -DUSE_HAL_DRIVER -DSTM32F103xB -c -I../Core/Inc -I../Drivers/STM32F1xx_HAL_Driver/Inc/Legacy -I../Drivers/STM32F1xx_HAL_Driver/Inc -I../Drivers/CMSIS/Device/ST/STM32F1xx/Include -I../Drivers/CMSIS/Include -I../USB_DEVICE/App -I../USB_DEVICE/Target -I../Middlewares/ST/STM32_USB_Device_Library/Core/Inc -I../Middlewares/ST/STM32_USB_Device_Library/Class/CDC/Inc -O0 -ffunction-sections -fdata-sections -Wall -fstack-usage -fcyclomatic-complexity -MMD -MP -MF"Core/Src/main.d" -MT"Core/Src/main.o" --specs=nano.specs -mfloat-abi=soft -mthumb -o "Core/Src/main.o"
arm-none-eabi-gcc -o "Motherboard.elf" @"objects.list"   -mcpu=cortex-m3 -T"C:\STM32\SausageMixer\Motherboard\STM32F103C8TX_FLASH.ld" --specs=nosys.specs -Wl,-Map="Motherboard.map" -Wl,--gc-sections -static --specs=nano.specs -mfloat-abi=soft -mthumb -Wl,--start-group -lc -lm -Wl,--end-group
Finished building target: Motherboard.elf
 
arm-none-eabi-size  Motherboard.elf 
arm-none-eabi-objdump -h -S Motherboard.elf  > "Motherboard.list"
   text	   data	    bss	    dec	    hex	filename
  46772	    380	   6468	  53620	   d174	Motherboard.elf
Finished building: default.size.stdout
 
Finished building: Motherboard.list
 
13:17:30 **** Incremental Build of configuration Debug for project Motherboard ****
make -j12 all 
arm-none-eabi-size  Motherboard.elf 
   text	   data	    bss	    dec	    hex	filename
  46772	    380	   6468	  53620	   d174	Motherboard.elf
Finished building: default.size.stdout
 
13:19:50 **** Incremental Build of configuration Debug for project Motherboard ****
make -j12 all 
arm-none-eabi-size  Motherboard.elf 
   text	   data	    bss	    dec	    hex	filename
  46772	    380	   6468	  53620	   d174	Motherboard.elf
Finished building: default.size.stdout
 
13:20:48 **** Incremental Build of configuration Debug for project Motherboard ****
make -j12 all 
arm-none-eabi-gcc "../Core/Src/main.c" -mcpu=cortex-m3 -std=gnu11 -g3 -DDEBUG -DUSE_HAL_DRIVER -DSTM32F103xB -c -I../Core/Inc -I../Drivers/STM32F1xx_HAL_Driver/Inc/Legacy -I../Drivers/STM32F1xx_HAL_Driver/Inc -I../Drivers/CMSIS/Device/ST/STM32F1xx/Include -I../Drivers/CMSIS/Include -I../USB_DEVICE/App -I../USB_DEVICE/Target -I../Middlewares/ST/STM32_USB_Device_Library/Core/Inc -I../Middlewares/ST/STM32_USB_Device_Library/Class/CDC/Inc -O0 -ffunction-sections -fdata-sections -Wall -fstack-usage -fcyclomatic-complexity -MMD -MP -MF"Core/Src/main.d" -MT"Core/Src/main.o" --specs=nano.specs -mfloat-abi=soft -mthumb -o "Core/Src/main.o"
arm-none-eabi-gcc -o "Motherboard.elf" @"objects.list"   -mcpu=cortex-m3 -T"C:\STM32\SausageMixer\Motherboard\STM32F103C8TX_FLASH.ld" --specs=nosys.specs -Wl,-Map="Motherboard.map" -Wl,--gc-sections -static --specs=nano.specs -mfloat-abi=soft -mthumb -Wl,--start-group -lc -lm -Wl,--end-group
Finished building target: Motherboard.elf
 
arm-none-eabi-size  Motherboard.elf 
arm-none-eabi-objdump -h -S Motherboard.elf  > "Motherboard.list"
   text	   data	    bss	    dec	    hex	filename
  46772	    380	   6468	  53620	   d174	Motherboard.elf
Finished building: default.size.stdout
 
Finished building: Motherboard.list
 
13:29:35 **** Incremental Build of configuration Debug for project Motherboard ****
make -j12 all 
arm-none-eabi-size  Motherboard.elf 
   text	   data	    bss	    dec	    hex	filename
  46772	    380	   6468	  53620	   d174	Motherboard.elf
Finished building: default.size.stdout
 
13:35:22 **** Incremental Build of configuration Debug for project Motherboard ****
make -j12 all 
arm-none-eabi-size  Motherboard.elf 
   text	   data	    bss	    dec	    hex	filename
  46772	    380	   6468	  53620	   d174	Motherboard.elf
Finished building: default.size.stdout
 
13:35:47 **** Incremental Build of configuration Debug for project Motherboard ****
make -j12 all 
arm-none-eabi-size  Motherboard.elf 
   text	   data	    bss	    dec	    hex	filename
  46772	    380	   6468	  53620	   d174	Motherboard.elf
Finished building: default.size.stdout
 
13:36:14 **** Incremental Build of configuration Debug for project Motherboard ****
make -j12 all 
arm-none-eabi-size  Motherboard.elf 
   text	   data	    bss	    dec	    hex	filename
  46772	    380	   6468	  53620	   d174	Motherboard.elf
Finished building: default.size.stdout
 
13:36:50 **** Incremental Build of configuration Debug for project Motherboard ****
make -j12 all 
arm-none-eabi-size  Motherboard.elf 
   text	   data	    bss	    dec	    hex	filename
  46772	    380	   6468	  53620	   d174	Motherboard.elf
Finished building: default.size.stdout
 
13:37:08 **** Incremental Build of configuration Debug for project Motherboard ****
make -j12 all 
arm-none-eabi-size  Motherboard.elf 
   text	   data	    bss	    dec	    hex	filename
  46772	    380	   6468	  53620	   d174	Motherboard.elf
Finished building: default.size.stdout
 
13:37:42 **** Incremental Build of configuration Debug for project Motherboard ****
make -j12 all 
arm-none-eabi-size  Motherboard.elf 
   text	   data	    bss	    dec	    hex	filename
  46772	    380	   6468	  53620	   d174	Motherboard.elf
Finished building: default.size.stdout
 
13:38:10 **** Incremental Build of configuration Debug for project Motherboard ****
make -j12 all 
arm-none-eabi-size  Motherboard.elf 
   text	   data	    bss	    dec	    hex	filename
  46772	    380	   6468	  53620	   d174	Motherboard.elf
Finished building: default.size.stdout
 
13:38:35 **** Incremental Build of configuration Debug for project Motherboard ****
make -j12 all 
arm-none-eabi-size  Motherboard.elf 
   text	   data	    bss	    dec	    hex	filename
  46772	    380	   6468	  53620	   d174	Motherboard.elf
Finished building: default.size.stdout
 
13:39:48 **** Incremental Build of configuration Debug for project Motherboard ****
make -j12 all 
arm-none-eabi-size  Motherboard.elf 
   text	   data	    bss	    dec	    hex	filename
  46772	    380	   6468	  53620	   d174	Motherboard.elf
Finished building: default.size.stdout
 
13:40:06 **** Incremental Build of configuration Debug for project Motherboard ****
make -j12 all 
arm-none-eabi-size  Motherboard.elf 
   text	   data	    bss	    dec	    hex	filename
  46772	    380	   6468	  53620	   d174	Motherboard.elf
Finished building: default.size.stdout
 
13:56:12 **** Incremental Build of configuration Debug for project Motherboard ****
make -j12 all 
arm-none-eabi-gcc "../Core/Src/main.c" -mcpu=cortex-m3 -std=gnu11 -g3 -DDEBUG -DUSE_HAL_DRIVER -DSTM32F103xB -c -I../Core/Inc -I../Drivers/STM32F1xx_HAL_Driver/Inc/Legacy -I../Drivers/STM32F1xx_HAL_Driver/Inc -I../Drivers/CMSIS/Device/ST/STM32F1xx/Include -I../Drivers/CMSIS/Include -I../USB_DEVICE/App -I../USB_DEVICE/Target -I../Middlewares/ST/STM32_USB_Device_Library/Core/Inc -I../Middlewares/ST/STM32_USB_Device_Library/Class/CDC/Inc -O0 -ffunction-sections -fdata-sections -Wall -fstack-usage -fcyclomatic-complexity -MMD -MP -MF"Core/Src/main.d" -MT"Core/Src/main.o" --specs=nano.specs -mfloat-abi=soft -mthumb -o "Core/Src/main.o"
arm-none-eabi-gcc -o "Motherboard.elf" @"objects.list"   -mcpu=cortex-m3 -T"C:\STM32\SausageMixer\Motherboard\STM32F103C8TX_FLASH.ld" --specs=nosys.specs -Wl,-Map="Motherboard.map" -Wl,--gc-sections -static --specs=nano.specs -mfloat-abi=soft -mthumb -Wl,--start-group -lc -lm -Wl,--end-group
Finished building target: Motherboard.elf
 
arm-none-eabi-size  Motherboard.elf 
arm-none-eabi-objdump -h -S Motherboard.elf  > "Motherboard.list"
   text	   data	    bss	    dec	    hex	filename
  46792	    380	   6468	  53640	   d188	Motherboard.elf
Finished building: default.size.stdout
 
Finished building: Motherboard.list
 
14:12:10 **** Incremental Build of configuration Debug for project Motherboard ****
make -j12 all 
arm-none-eabi-size  Motherboard.elf 
   text	   data	    bss	    dec	    hex	filename
  46792	    380	   6468	  53640	   d188	Motherboard.elf
Finished building: default.size.stdout
 
14:21:24 **** Incremental Build of configuration Debug for project Motherboard ****
make -j12 all 
arm-none-eabi-size  Motherboard.elf 
   text	   data	    bss	    dec	    hex	filename
  46792	    380	   6468	  53640	   d188	Motherboard.elf
Finished building: default.size.stdout
 
14:25:15 **** Incremental Build of configuration Debug for project Motherboard ****
make -j12 all 
arm-none-eabi-gcc "../Core/Src/main.c" -mcpu=cortex-m3 -std=gnu11 -g3 -DDEBUG -DUSE_HAL_DRIVER -DSTM32F103xB -c -I../Core/Inc -I../Drivers/STM32F1xx_HAL_Driver/Inc/Legacy -I../Drivers/STM32F1xx_HAL_Driver/Inc -I../Drivers/CMSIS/Device/ST/STM32F1xx/Include -I../Drivers/CMSIS/Include -I../USB_DEVICE/App -I../USB_DEVICE/Target -I../Middlewares/ST/STM32_USB_Device_Library/Core/Inc -I../Middlewares/ST/STM32_USB_Device_Library/Class/CDC/Inc -O0 -ffunction-sections -fdata-sections -Wall -fstack-usage -fcyclomatic-complexity -MMD -MP -MF"Core/Src/main.d" -MT"Core/Src/main.o" --specs=nano.specs -mfloat-abi=soft -mthumb -o "Core/Src/main.o"
arm-none-eabi-gcc -o "Motherboard.elf" @"objects.list"   -mcpu=cortex-m3 -T"C:\STM32\SausageMixer\Motherboard\STM32F103C8TX_FLASH.ld" --specs=nosys.specs -Wl,-Map="Motherboard.map" -Wl,--gc-sections -static --specs=nano.specs -mfloat-abi=soft -mthumb -Wl,--start-group -lc -lm -Wl,--end-group
Finished building target: Motherboard.elf
 
arm-none-eabi-size  Motherboard.elf 
arm-none-eabi-objdump -h -S Motherboard.elf  > "Motherboard.list"
   text	   data	    bss	    dec	    hex	filename
  46804	    380	   6468	  53652	   d194	Motherboard.elf
Finished building: default.size.stdout
 
Finished building: Motherboard.list
 
14:25:45 **** Incremental Build of configuration Debug for project Motherboard ****
make -j12 all 
arm-none-eabi-size  Motherboard.elf 
   text	   data	    bss	    dec	    hex	filename
  46804	    380	   6468	  53652	   d194	Motherboard.elf
Finished building: default.size.stdout
 
14:28:09 **** Incremental Build of configuration Debug for project Motherboard ****
make -j12 all 
arm-none-eabi-gcc "../Core/Src/main.c" -mcpu=cortex-m3 -std=gnu11 -g3 -DDEBUG -DUSE_HAL_DRIVER -DSTM32F103xB -c -I../Core/Inc -I../Drivers/STM32F1xx_HAL_Driver/Inc/Legacy -I../Drivers/STM32F1xx_HAL_Driver/Inc -I../Drivers/CMSIS/Device/ST/STM32F1xx/Include -I../Drivers/CMSIS/Include -I../USB_DEVICE/App -I../USB_DEVICE/Target -I../Middlewares/ST/STM32_USB_Device_Library/Core/Inc -I../Middlewares/ST/STM32_USB_Device_Library/Class/CDC/Inc -O0 -ffunction-sections -fdata-sections -Wall -fstack-usage -fcyclomatic-complexity -MMD -MP -MF"Core/Src/main.d" -MT"Core/Src/main.o" --specs=nano.specs -mfloat-abi=soft -mthumb -o "Core/Src/main.o"
arm-none-eabi-gcc -o "Motherboard.elf" @"objects.list"   -mcpu=cortex-m3 -T"C:\STM32\SausageMixer\Motherboard\STM32F103C8TX_FLASH.ld" --specs=nosys.specs -Wl,-Map="Motherboard.map" -Wl,--gc-sections -static --specs=nano.specs -mfloat-abi=soft -mthumb -Wl,--start-group -lc -lm -Wl,--end-group
Finished building target: Motherboard.elf
 
arm-none-eabi-size  Motherboard.elf 
arm-none-eabi-objdump -h -S Motherboard.elf  > "Motherboard.list"
   text	   data	    bss	    dec	    hex	filename
  46836	    380	   6468	  53684	   d1b4	Motherboard.elf
Finished building: default.size.stdout
 
Finished building: Motherboard.list
 
14:47:25 **** Incremental Build of configuration Debug for project Motherboard ****
make -j12 all 
arm-none-eabi-gcc "../Core/Src/main.c" -mcpu=cortex-m3 -std=gnu11 -g3 -DDEBUG -DUSE_HAL_DRIVER -DSTM32F103xB -c -I../Core/Inc -I../Drivers/STM32F1xx_HAL_Driver/Inc/Legacy -I../Drivers/STM32F1xx_HAL_Driver/Inc -I../Drivers/CMSIS/Device/ST/STM32F1xx/Include -I../Drivers/CMSIS/Include -I../USB_DEVICE/App -I../USB_DEVICE/Target -I../Middlewares/ST/STM32_USB_Device_Library/Core/Inc -I../Middlewares/ST/STM32_USB_Device_Library/Class/CDC/Inc -O0 -ffunction-sections -fdata-sections -Wall -fstack-usage -fcyclomatic-complexity -MMD -MP -MF"Core/Src/main.d" -MT"Core/Src/main.o" --specs=nano.specs -mfloat-abi=soft -mthumb -o "Core/Src/main.o"
arm-none-eabi-gcc -o "Motherboard.elf" @"objects.list"   -mcpu=cortex-m3 -T"C:\STM32\SausageMixer\Motherboard\STM32F103C8TX_FLASH.ld" --specs=nosys.specs -Wl,-Map="Motherboard.map" -Wl,--gc-sections -static --specs=nano.specs -mfloat-abi=soft -mthumb -Wl,--start-group -lc -lm -Wl,--end-group
Finished building target: Motherboard.elf
 
arm-none-eabi-size  Motherboard.elf 
arm-none-eabi-objdump -h -S Motherboard.elf  > "Motherboard.list"
   text	   data	    bss	    dec	    hex	filename
  46860	    380	   6468	  53708	   d1cc	Motherboard.elf
Finished building: default.size.stdout
 
Finished building: Motherboard.list
 
08:00:06 **** Incremental Build of configuration Debug for project Keyboard ****
make -j12 all 
arm-none-eabi-size  Keyboard.elf 
   text	   data	    bss	    dec	    hex	filename
   8580	     12	   1684	  10276	   2824	Keyboard.elf
Finished building: default.size.stdout
 
08:00:07 **** Incremental Build of configuration Debug for project Motherboard ****
make -j12 all 
arm-none-eabi-gcc "../Core/Src/main.c" -mcpu=cortex-m3 -std=gnu11 -g3 -DDEBUG -DUSE_HAL_DRIVER -DSTM32F103xB -c -I../Core/Inc -I../Drivers/STM32F1xx_HAL_Driver/Inc/Legacy -I../Drivers/STM32F1xx_HAL_Driver/Inc -I../Drivers/CMSIS/Device/ST/STM32F1xx/Include -I../Drivers/CMSIS/Include -I../USB_DEVICE/App -I../USB_DEVICE/Target -I../Middlewares/ST/STM32_USB_Device_Library/Core/Inc -I../Middlewares/ST/STM32_USB_Device_Library/Class/CDC/Inc -O0 -ffunction-sections -fdata-sections -Wall -fstack-usage -fcyclomatic-complexity -MMD -MP -MF"Core/Src/main.d" -MT"Core/Src/main.o" --specs=nano.specs -mfloat-abi=soft -mthumb -o "Core/Src/main.o"
../Core/Src/main.c: In function 'main':
../Core/Src/main.c:114:27: warning: unused variable 'FARSENSOR' [-Wunused-variable]
  114 |                   uint8_t FARSENSOR = HAL_GPIO_ReadPin(FARSENSOR_GPIO_Port, FARSENSOR_Pin);
      |                           ^~~~~~~~~
../Core/Src/main.c:113:27: warning: unused variable 'NEARSENSOR' [-Wunused-variable]
  113 |                   uint8_t NEARSENSOR = HAL_GPIO_ReadPin(NEARSENSOR_GPIO_Port, NEARSENSOR_Pin);
      |                           ^~~~~~~~~~
../Core/Src/main.c:112:27: warning: unused variable 'CNTSENSOR' [-Wunused-variable]
  112 |                   uint8_t CNTSENSOR = HAL_GPIO_ReadPin(CNTSENSOR_GPIO_Port, CNTSENSOR_Pin);
      |                           ^~~~~~~~~
../Core/Src/main.c:111:27: warning: unused variable 'HOMESENSOR' [-Wunused-variable]
  111 |                   uint8_t HOMESENSOR = HAL_GPIO_ReadPin(HMSENSOR_GPIO_Port, HMSENSOR_Pin);
      |                           ^~~~~~~~~~
arm-none-eabi-gcc -o "Motherboard.elf" @"objects.list"   -mcpu=cortex-m3 -T"C:\STM32\SausageMixer\Motherboard\STM32F103C8TX_FLASH.ld" --specs=nosys.specs -Wl,-Map="Motherboard.map" -Wl,--gc-sections -static --specs=nano.specs -mfloat-abi=soft -mthumb -Wl,--start-group -lc -lm -Wl,--end-group
Finished building target: Motherboard.elf
 
arm-none-eabi-size  Motherboard.elf 
arm-none-eabi-objdump -h -S Motherboard.elf  > "Motherboard.list"
   text	   data	    bss	    dec	    hex	filename
  46948	    380	   6468	  53796	   d224	Motherboard.elf
Finished building: default.size.stdout
 
Finished building: Motherboard.list
 
08:00:18 **** Incremental Build of configuration Debug for project Motherboard ****
make -j12 all 
arm-none-eabi-size  Motherboard.elf 
   text	   data	    bss	    dec	    hex	filename
  46948	    380	   6468	  53796	   d224	Motherboard.elf
Finished building: default.size.stdout
 
08:02:00 **** Incremental Build of configuration Debug for project Motherboard ****
make -j12 all 
arm-none-eabi-gcc "../Core/Src/main.c" -mcpu=cortex-m3 -std=gnu11 -g3 -DDEBUG -DUSE_HAL_DRIVER -DSTM32F103xB -c -I../Core/Inc -I../Drivers/STM32F1xx_HAL_Driver/Inc/Legacy -I../Drivers/STM32F1xx_HAL_Driver/Inc -I../Drivers/CMSIS/Device/ST/STM32F1xx/Include -I../Drivers/CMSIS/Include -I../USB_DEVICE/App -I../USB_DEVICE/Target -I../Middlewares/ST/STM32_USB_Device_Library/Core/Inc -I../Middlewares/ST/STM32_USB_Device_Library/Class/CDC/Inc -O0 -ffunction-sections -fdata-sections -Wall -fstack-usage -fcyclomatic-complexity -MMD -MP -MF"Core/Src/main.d" -MT"Core/Src/main.o" --specs=nano.specs -mfloat-abi=soft -mthumb -o "Core/Src/main.o"
arm-none-eabi-gcc -o "Motherboard.elf" @"objects.list"   -mcpu=cortex-m3 -T"C:\STM32\SausageMixer\Motherboard\STM32F103C8TX_FLASH.ld" --specs=nosys.specs -Wl,-Map="Motherboard.map" -Wl,--gc-sections -static --specs=nano.specs -mfloat-abi=soft -mthumb -Wl,--start-group -lc -lm -Wl,--end-group
Finished building target: Motherboard.elf
 
arm-none-eabi-size  Motherboard.elf 
arm-none-eabi-objdump -h -S Motherboard.elf  > "Motherboard.list"
   text	   data	    bss	    dec	    hex	filename
  46984	    380	   6468	  53832	   d248	Motherboard.elf
Finished building: default.size.stdout
 
Finished building: Motherboard.list
 
08:03:18 **** Incremental Build of configuration Debug for project Motherboard ****
make -j12 all 
arm-none-eabi-size  Motherboard.elf 
   text	   data	    bss	    dec	    hex	filename
  46984	    380	   6468	  53832	   d248	Motherboard.elf
Finished building: default.size.stdout
 
08:10:31 **** Incremental Build of configuration Debug for project Motherboard ****
make -j12 all 
arm-none-eabi-size  Motherboard.elf 
   text	   data	    bss	    dec	    hex	filename
  46984	    380	   6468	  53832	   d248	Motherboard.elf
Finished building: default.size.stdout
 
08:12:47 **** Incremental Build of configuration Debug for project Motherboard ****
make -j12 all 
arm-none-eabi-size  Motherboard.elf 
   text	   data	    bss	    dec	    hex	filename
  46984	    380	   6468	  53832	   d248	Motherboard.elf
Finished building: default.size.stdout
 
08:16:04 **** Incremental Build of configuration Debug for project Motherboard ****
make -j12 all 
arm-none-eabi-gcc "../Core/Src/main.c" -mcpu=cortex-m3 -std=gnu11 -g3 -DDEBUG -DUSE_HAL_DRIVER -DSTM32F103xB -c -I../Core/Inc -I../Drivers/STM32F1xx_HAL_Driver/Inc/Legacy -I../Drivers/STM32F1xx_HAL_Driver/Inc -I../Drivers/CMSIS/Device/ST/STM32F1xx/Include -I../Drivers/CMSIS/Include -I../USB_DEVICE/App -I../USB_DEVICE/Target -I../Middlewares/ST/STM32_USB_Device_Library/Core/Inc -I../Middlewares/ST/STM32_USB_Device_Library/Class/CDC/Inc -O0 -ffunction-sections -fdata-sections -Wall -fstack-usage -fcyclomatic-complexity -MMD -MP -MF"Core/Src/main.d" -MT"Core/Src/main.o" --specs=nano.specs -mfloat-abi=soft -mthumb -o "Core/Src/main.o"
arm-none-eabi-gcc -o "Motherboard.elf" @"objects.list"   -mcpu=cortex-m3 -T"C:\STM32\SausageMixer\Motherboard\STM32F103C8TX_FLASH.ld" --specs=nosys.specs -Wl,-Map="Motherboard.map" -Wl,--gc-sections -static --specs=nano.specs -mfloat-abi=soft -mthumb -Wl,--start-group -lc -lm -Wl,--end-group
Finished building target: Motherboard.elf
 
arm-none-eabi-size  Motherboard.elf 
arm-none-eabi-objdump -h -S Motherboard.elf  > "Motherboard.list"
   text	   data	    bss	    dec	    hex	filename
  47012	    380	   6468	  53860	   d264	Motherboard.elf
Finished building: default.size.stdout
 
Finished building: Motherboard.list
 
08:21:02 **** Incremental Build of configuration Debug for project Motherboard ****
make -j12 all 
arm-none-eabi-gcc "../Core/Src/main.c" -mcpu=cortex-m3 -std=gnu11 -g3 -DDEBUG -DUSE_HAL_DRIVER -DSTM32F103xB -c -I../Core/Inc -I../Drivers/STM32F1xx_HAL_Driver/Inc/Legacy -I../Drivers/STM32F1xx_HAL_Driver/Inc -I../Drivers/CMSIS/Device/ST/STM32F1xx/Include -I../Drivers/CMSIS/Include -I../USB_DEVICE/App -I../USB_DEVICE/Target -I../Middlewares/ST/STM32_USB_Device_Library/Core/Inc -I../Middlewares/ST/STM32_USB_Device_Library/Class/CDC/Inc -O0 -ffunction-sections -fdata-sections -Wall -fstack-usage -fcyclomatic-complexity -MMD -MP -MF"Core/Src/main.d" -MT"Core/Src/main.o" --specs=nano.specs -mfloat-abi=soft -mthumb -o "Core/Src/main.o"
arm-none-eabi-gcc -o "Motherboard.elf" @"objects.list"   -mcpu=cortex-m3 -T"C:\STM32\SausageMixer\Motherboard\STM32F103C8TX_FLASH.ld" --specs=nosys.specs -Wl,-Map="Motherboard.map" -Wl,--gc-sections -static --specs=nano.specs -mfloat-abi=soft -mthumb -Wl,--start-group -lc -lm -Wl,--end-group
Finished building target: Motherboard.elf
 
arm-none-eabi-size  Motherboard.elf 
arm-none-eabi-objdump -h -S Motherboard.elf  > "Motherboard.list"
   text	   data	    bss	    dec	    hex	filename
  47024	    380	   6468	  53872	   d270	Motherboard.elf
Finished building: default.size.stdout
 
Finished building: Motherboard.list
 
08:21:38 **** Incremental Build of configuration Debug for project Motherboard ****
make -j12 all 
arm-none-eabi-size  Motherboard.elf 
   text	   data	    bss	    dec	    hex	filename
  47024	    380	   6468	  53872	   d270	Motherboard.elf
Finished building: default.size.stdout
 
08:22:07 **** Incremental Build of configuration Debug for project Motherboard ****
make -j12 all 
arm-none-eabi-gcc "../Core/Src/main.c" -mcpu=cortex-m3 -std=gnu11 -g3 -DDEBUG -DUSE_HAL_DRIVER -DSTM32F103xB -c -I../Core/Inc -I../Drivers/STM32F1xx_HAL_Driver/Inc/Legacy -I../Drivers/STM32F1xx_HAL_Driver/Inc -I../Drivers/CMSIS/Device/ST/STM32F1xx/Include -I../Drivers/CMSIS/Include -I../USB_DEVICE/App -I../USB_DEVICE/Target -I../Middlewares/ST/STM32_USB_Device_Library/Core/Inc -I../Middlewares/ST/STM32_USB_Device_Library/Class/CDC/Inc -O0 -ffunction-sections -fdata-sections -Wall -fstack-usage -fcyclomatic-complexity -MMD -MP -MF"Core/Src/main.d" -MT"Core/Src/main.o" --specs=nano.specs -mfloat-abi=soft -mthumb -o "Core/Src/main.o"
arm-none-eabi-gcc -o "Motherboard.elf" @"objects.list"   -mcpu=cortex-m3 -T"C:\STM32\SausageMixer\Motherboard\STM32F103C8TX_FLASH.ld" --specs=nosys.specs -Wl,-Map="Motherboard.map" -Wl,--gc-sections -static --specs=nano.specs -mfloat-abi=soft -mthumb -Wl,--start-group -lc -lm -Wl,--end-group
Finished building target: Motherboard.elf
 
arm-none-eabi-size  Motherboard.elf 
arm-none-eabi-objdump -h -S Motherboard.elf  > "Motherboard.list"
   text	   data	    bss	    dec	    hex	filename
  47024	    380	   6468	  53872	   d270	Motherboard.elf
Finished building: default.size.stdout
 
Finished building: Motherboard.list
 
08:40:41 **** Incremental Build of configuration Debug for project Keyboard ****
make -j12 all 
arm-none-eabi-size  Keyboard.elf 
   text	   data	    bss	    dec	    hex	filename
   8580	     12	   1684	  10276	   2824	Keyboard.elf
Finished building: default.size.stdout
 
08:40:41 **** Incremental Build of configuration Debug for project Motherboard ****
make -j12 all 
arm-none-eabi-gcc "../USB_DEVICE/Target/usbd_conf.c" -mcpu=cortex-m3 -std=gnu11 -g3 -DDEBUG -DUSE_HAL_DRIVER -DSTM32F103xB -c -I../Core/Inc -I../Drivers/STM32F1xx_HAL_Driver/Inc/Legacy -I../Drivers/STM32F1xx_HAL_Driver/Inc -I../Drivers/CMSIS/Device/ST/STM32F1xx/Include -I../Drivers/CMSIS/Include -I../USB_DEVICE/App -I../USB_DEVICE/Target -I../Middlewares/ST/STM32_USB_Device_Library/Core/Inc -I../Middlewares/ST/STM32_USB_Device_Library/Class/CDC/Inc -O0 -ffunction-sections -fdata-sections -Wall -fstack-usage -fcyclomatic-complexity -MMD -MP -MF"USB_DEVICE/Target/usbd_conf.d" -MT"USB_DEVICE/Target/usbd_conf.o" --specs=nano.specs -mfloat-abi=soft -mthumb -o "USB_DEVICE/Target/usbd_conf.o"
arm-none-eabi-gcc "../USB_DEVICE/App/usb_device.c" -mcpu=cortex-m3 -std=gnu11 -g3 -DDEBUG -DUSE_HAL_DRIVER -DSTM32F103xB -c -I../Core/Inc -I../Drivers/STM32F1xx_HAL_Driver/Inc/Legacy -I../Drivers/STM32F1xx_HAL_Driver/Inc -I../Drivers/CMSIS/Device/ST/STM32F1xx/Include -I../Drivers/CMSIS/Include -I../USB_DEVICE/App -I../USB_DEVICE/Target -I../Middlewares/ST/STM32_USB_Device_Library/Core/Inc -I../Middlewares/ST/STM32_USB_Device_Library/Class/CDC/Inc -O0 -ffunction-sections -fdata-sections -Wall -fstack-usage -fcyclomatic-complexity -MMD -MP -MF"USB_DEVICE/App/usb_device.d" -MT"USB_DEVICE/App/usb_device.o" --specs=nano.specs -mfloat-abi=soft -mthumb -o "USB_DEVICE/App/usb_device.o"
arm-none-eabi-gcc "../USB_DEVICE/App/usbd_cdc_if.c" -mcpu=cortex-m3 -std=gnu11 -g3 -DDEBUG -DUSE_HAL_DRIVER -DSTM32F103xB -c -I../Core/Inc -I../Drivers/STM32F1xx_HAL_Driver/Inc/Legacy -I../Drivers/STM32F1xx_HAL_Driver/Inc -I../Drivers/CMSIS/Device/ST/STM32F1xx/Include -I../Drivers/CMSIS/Include -I../USB_DEVICE/App -I../USB_DEVICE/Target -I../Middlewares/ST/STM32_USB_Device_Library/Core/Inc -I../Middlewares/ST/STM32_USB_Device_Library/Class/CDC/Inc -O0 -ffunction-sections -fdata-sections -Wall -fstack-usage -fcyclomatic-complexity -MMD -MP -MF"USB_DEVICE/App/usbd_cdc_if.d" -MT"USB_DEVICE/App/usbd_cdc_if.o" --specs=nano.specs -mfloat-abi=soft -mthumb -o "USB_DEVICE/App/usbd_cdc_if.o"
arm-none-eabi-gcc "../USB_DEVICE/App/usbd_desc.c" -mcpu=cortex-m3 -std=gnu11 -g3 -DDEBUG -DUSE_HAL_DRIVER -DSTM32F103xB -c -I../Core/Inc -I../Drivers/STM32F1xx_HAL_Driver/Inc/Legacy -I../Drivers/STM32F1xx_HAL_Driver/Inc -I../Drivers/CMSIS/Device/ST/STM32F1xx/Include -I../Drivers/CMSIS/Include -I../USB_DEVICE/App -I../USB_DEVICE/Target -I../Middlewares/ST/STM32_USB_Device_Library/Core/Inc -I../Middlewares/ST/STM32_USB_Device_Library/Class/CDC/Inc -O0 -ffunction-sections -fdata-sections -Wall -fstack-usage -fcyclomatic-complexity -MMD -MP -MF"USB_DEVICE/App/usbd_desc.d" -MT"USB_DEVICE/App/usbd_desc.o" --specs=nano.specs -mfloat-abi=soft -mthumb -o "USB_DEVICE/App/usbd_desc.o"
arm-none-eabi-gcc "../Middlewares/ST/STM32_USB_Device_Library/Core/Src/usbd_core.c" -mcpu=cortex-m3 -std=gnu11 -g3 -DDEBUG -DUSE_HAL_DRIVER -DSTM32F103xB -c -I../Core/Inc -I../Drivers/STM32F1xx_HAL_Driver/Inc/Legacy -I../Drivers/STM32F1xx_HAL_Driver/Inc -I../Drivers/CMSIS/Device/ST/STM32F1xx/Include -I../Drivers/CMSIS/Include -I../USB_DEVICE/App -I../USB_DEVICE/Target -I../Middlewares/ST/STM32_USB_Device_Library/Core/Inc -I../Middlewares/ST/STM32_USB_Device_Library/Class/CDC/Inc -O0 -ffunction-sections -fdata-sections -Wall -fstack-usage -fcyclomatic-complexity -MMD -MP -MF"Middlewares/ST/STM32_USB_Device_Library/Core/Src/usbd_core.d" -MT"Middlewares/ST/STM32_USB_Device_Library/Core/Src/usbd_core.o" --specs=nano.specs -mfloat-abi=soft -mthumb -o "Middlewares/ST/STM32_USB_Device_Library/Core/Src/usbd_core.o"
arm-none-eabi-gcc "../Middlewares/ST/STM32_USB_Device_Library/Core/Src/usbd_ctlreq.c" -mcpu=cortex-m3 -std=gnu11 -g3 -DDEBUG -DUSE_HAL_DRIVER -DSTM32F103xB -c -I../Core/Inc -I../Drivers/STM32F1xx_HAL_Driver/Inc/Legacy -I../Drivers/STM32F1xx_HAL_Driver/Inc -I../Drivers/CMSIS/Device/ST/STM32F1xx/Include -I../Drivers/CMSIS/Include -I../USB_DEVICE/App -I../USB_DEVICE/Target -I../Middlewares/ST/STM32_USB_Device_Library/Core/Inc -I../Middlewares/ST/STM32_USB_Device_Library/Class/CDC/Inc -O0 -ffunction-sections -fdata-sections -Wall -fstack-usage -fcyclomatic-complexity -MMD -MP -MF"Middlewares/ST/STM32_USB_Device_Library/Core/Src/usbd_ctlreq.d" -MT"Middlewares/ST/STM32_USB_Device_Library/Core/Src/usbd_ctlreq.o" --specs=nano.specs -mfloat-abi=soft -mthumb -o "Middlewares/ST/STM32_USB_Device_Library/Core/Src/usbd_ctlreq.o"
arm-none-eabi-gcc "../Middlewares/ST/STM32_USB_Device_Library/Core/Src/usbd_ioreq.c" -mcpu=cortex-m3 -std=gnu11 -g3 -DDEBUG -DUSE_HAL_DRIVER -DSTM32F103xB -c -I../Core/Inc -I../Drivers/STM32F1xx_HAL_Driver/Inc/Legacy -I../Drivers/STM32F1xx_HAL_Driver/Inc -I../Drivers/CMSIS/Device/ST/STM32F1xx/Include -I../Drivers/CMSIS/Include -I../USB_DEVICE/App -I../USB_DEVICE/Target -I../Middlewares/ST/STM32_USB_Device_Library/Core/Inc -I../Middlewares/ST/STM32_USB_Device_Library/Class/CDC/Inc -O0 -ffunction-sections -fdata-sections -Wall -fstack-usage -fcyclomatic-complexity -MMD -MP -MF"Middlewares/ST/STM32_USB_Device_Library/Core/Src/usbd_ioreq.d" -MT"Middlewares/ST/STM32_USB_Device_Library/Core/Src/usbd_ioreq.o" --specs=nano.specs -mfloat-abi=soft -mthumb -o "Middlewares/ST/STM32_USB_Device_Library/Core/Src/usbd_ioreq.o"
arm-none-eabi-gcc "../Middlewares/ST/STM32_USB_Device_Library/Class/CDC/Src/usbd_cdc.c" -mcpu=cortex-m3 -std=gnu11 -g3 -DDEBUG -DUSE_HAL_DRIVER -DSTM32F103xB -c -I../Core/Inc -I../Drivers/STM32F1xx_HAL_Driver/Inc/Legacy -I../Drivers/STM32F1xx_HAL_Driver/Inc -I../Drivers/CMSIS/Device/ST/STM32F1xx/Include -I../Drivers/CMSIS/Include -I../USB_DEVICE/App -I../USB_DEVICE/Target -I../Middlewares/ST/STM32_USB_Device_Library/Core/Inc -I../Middlewares/ST/STM32_USB_Device_Library/Class/CDC/Inc -O0 -ffunction-sections -fdata-sections -Wall -fstack-usage -fcyclomatic-complexity -MMD -MP -MF"Middlewares/ST/STM32_USB_Device_Library/Class/CDC/Src/usbd_cdc.d" -MT"Middlewares/ST/STM32_USB_Device_Library/Class/CDC/Src/usbd_cdc.o" --specs=nano.specs -mfloat-abi=soft -mthumb -o "Middlewares/ST/STM32_USB_Device_Library/Class/CDC/Src/usbd_cdc.o"
arm-none-eabi-gcc "../Drivers/STM32F1xx_HAL_Driver/Src/stm32f1xx_hal.c" -mcpu=cortex-m3 -std=gnu11 -g3 -DDEBUG -DUSE_HAL_DRIVER -DSTM32F103xB -c -I../Core/Inc -I../Drivers/STM32F1xx_HAL_Driver/Inc/Legacy -I../Drivers/STM32F1xx_HAL_Driver/Inc -I../Drivers/CMSIS/Device/ST/STM32F1xx/Include -I../Drivers/CMSIS/Include -I../USB_DEVICE/App -I../USB_DEVICE/Target -I../Middlewares/ST/STM32_USB_Device_Library/Core/Inc -I../Middlewares/ST/STM32_USB_Device_Library/Class/CDC/Inc -O0 -ffunction-sections -fdata-sections -Wall -fstack-usage -fcyclomatic-complexity -MMD -MP -MF"Drivers/STM32F1xx_HAL_Driver/Src/stm32f1xx_hal.d" -MT"Drivers/STM32F1xx_HAL_Driver/Src/stm32f1xx_hal.o" --specs=nano.specs -mfloat-abi=soft -mthumb -o "Drivers/STM32F1xx_HAL_Driver/Src/stm32f1xx_hal.o"
arm-none-eabi-gcc "../Drivers/STM32F1xx_HAL_Driver/Src/stm32f1xx_hal_cortex.c" -mcpu=cortex-m3 -std=gnu11 -g3 -DDEBUG -DUSE_HAL_DRIVER -DSTM32F103xB -c -I../Core/Inc -I../Drivers/STM32F1xx_HAL_Driver/Inc/Legacy -I../Drivers/STM32F1xx_HAL_Driver/Inc -I../Drivers/CMSIS/Device/ST/STM32F1xx/Include -I../Drivers/CMSIS/Include -I../USB_DEVICE/App -I../USB_DEVICE/Target -I../Middlewares/ST/STM32_USB_Device_Library/Core/Inc -I../Middlewares/ST/STM32_USB_Device_Library/Class/CDC/Inc -O0 -ffunction-sections -fdata-sections -Wall -fstack-usage -fcyclomatic-complexity -MMD -MP -MF"Drivers/STM32F1xx_HAL_Driver/Src/stm32f1xx_hal_cortex.d" -MT"Drivers/STM32F1xx_HAL_Driver/Src/stm32f1xx_hal_cortex.o" --specs=nano.specs -mfloat-abi=soft -mthumb -o "Drivers/STM32F1xx_HAL_Driver/Src/stm32f1xx_hal_cortex.o"
arm-none-eabi-gcc "../Drivers/STM32F1xx_HAL_Driver/Src/stm32f1xx_hal_dma.c" -mcpu=cortex-m3 -std=gnu11 -g3 -DDEBUG -DUSE_HAL_DRIVER -DSTM32F103xB -c -I../Core/Inc -I../Drivers/STM32F1xx_HAL_Driver/Inc/Legacy -I../Drivers/STM32F1xx_HAL_Driver/Inc -I../Drivers/CMSIS/Device/ST/STM32F1xx/Include -I../Drivers/CMSIS/Include -I../USB_DEVICE/App -I../USB_DEVICE/Target -I../Middlewares/ST/STM32_USB_Device_Library/Core/Inc -I../Middlewares/ST/STM32_USB_Device_Library/Class/CDC/Inc -O0 -ffunction-sections -fdata-sections -Wall -fstack-usage -fcyclomatic-complexity -MMD -MP -MF"Drivers/STM32F1xx_HAL_Driver/Src/stm32f1xx_hal_dma.d" -MT"Drivers/STM32F1xx_HAL_Driver/Src/stm32f1xx_hal_dma.o" --specs=nano.specs -mfloat-abi=soft -mthumb -o "Drivers/STM32F1xx_HAL_Driver/Src/stm32f1xx_hal_dma.o"
arm-none-eabi-gcc "../Drivers/STM32F1xx_HAL_Driver/Src/stm32f1xx_hal_exti.c" -mcpu=cortex-m3 -std=gnu11 -g3 -DDEBUG -DUSE_HAL_DRIVER -DSTM32F103xB -c -I../Core/Inc -I../Drivers/STM32F1xx_HAL_Driver/Inc/Legacy -I../Drivers/STM32F1xx_HAL_Driver/Inc -I../Drivers/CMSIS/Device/ST/STM32F1xx/Include -I../Drivers/CMSIS/Include -I../USB_DEVICE/App -I../USB_DEVICE/Target -I../Middlewares/ST/STM32_USB_Device_Library/Core/Inc -I../Middlewares/ST/STM32_USB_Device_Library/Class/CDC/Inc -O0 -ffunction-sections -fdata-sections -Wall -fstack-usage -fcyclomatic-complexity -MMD -MP -MF"Drivers/STM32F1xx_HAL_Driver/Src/stm32f1xx_hal_exti.d" -MT"Drivers/STM32F1xx_HAL_Driver/Src/stm32f1xx_hal_exti.o" --specs=nano.specs -mfloat-abi=soft -mthumb -o "Drivers/STM32F1xx_HAL_Driver/Src/stm32f1xx_hal_exti.o"
In file included from ../Drivers/STM32F1xx_HAL_Driver/Inc/stm32f1xx_hal.h:29,
                 from ../Drivers/CMSIS/Device/ST/STM32F1xx/Include/stm32f1xx.h:254,
                 from ../USB_DEVICE/Target/usbd_conf.c:22:
../Core/Inc/stm32f1xx_hal_conf.h:334:10: fatal error: stm32f1xx_hal_tim.h: No such file or directory
  334 | #include "stm32f1xx_hal_tim.h"
      |          ^~~~~~~~~~~~~~~~~~~~~
In file included from ../Drivers/STM32F1xx_HAL_Driver/Inc/stm32f1xx_hal.h:29,
                 from ../Drivers/CMSIS/Device/ST/STM32F1xx/Include/stm32f1xx.h:254,
                 from ../USB_DEVICE/App/usb_device.h:30,
                 from ../USB_DEVICE/App/usb_device.c:23:
../Core/Inc/stm32f1xx_hal_conf.h:334:10: fatal error: stm32f1xx_hal_tim.h: No such file or directory
  334 | #include "stm32f1xx_hal_tim.h"
      |          ^~~~~~~~~~~~~~~~~~~~~
compilation terminated.
compilation terminated.
In file included from ../Drivers/STM32F1xx_HAL_Driver/Inc/stm32f1xx_hal.h:29,
                 from ../Core/Inc/main.h:30,
                 from ../USB_DEVICE/Target/usbd_conf.h:33,
                 from ../Middlewares/ST/STM32_USB_Device_Library/Core/Inc/usbd_def.h:29,
                 from ../Middlewares/ST/STM32_USB_Device_Library/Core/Inc/usbd_ioreq.h:29,
                 from ../Middlewares/ST/STM32_USB_Device_Library/Class/CDC/Inc/usbd_cdc.h:29,
                 from ../USB_DEVICE/App/usbd_cdc_if.h:31,
                 from ../USB_DEVICE/App/usbd_cdc_if.c:22:
../Core/Inc/stm32f1xx_hal_conf.h:334:10: fatal error: stm32f1xx_hal_tim.h: No such file or directory
  334 | #include "stm32f1xx_hal_tim.h"
      |          ^~~~~~~~~~~~~~~~~~~~~
compilation terminated.
In file included from ../Drivers/STM32F1xx_HAL_Driver/Inc/stm32f1xx_hal.h:29,
                 from ../Drivers/STM32F1xx_HAL_Driver/Src/stm32f1xx_hal.c:36:
../Core/Inc/stm32f1xx_hal_conf.h:334:10: fatal error: stm32f1xx_hal_tim.h: No such file or directory
  334 | #include "stm32f1xx_hal_tim.h"
      |          ^~~~~~~~~~~~~~~~~~~~~
compilation terminated.
In file included from ../Drivers/STM32F1xx_HAL_Driver/Inc/stm32f1xx_hal.h:29,
                 from ../Core/Inc/main.h:30,
                 from ../USB_DEVICE/Target/usbd_conf.h:33,
                 from ../Middlewares/ST/STM32_USB_Device_Library/Core/Inc/usbd_core.h:29,
                 from ../Middlewares/ST/STM32_USB_Device_Library/Core/Src/usbd_core.c:21:
../Core/Inc/stm32f1xx_hal_conf.h:334:10: fatal error: stm32f1xx_hal_tim.h: No such file or directory
  334 | #include "stm32f1xx_hal_tim.h"
      |          ^~~~~~~~~~~~~~~~~~~~~
compilation terminated.
In file included from ../Drivers/STM32F1xx_HAL_Driver/Inc/stm32f1xx_hal.h:29,
                 from ../Core/Inc/main.h:30,
                 from ../USB_DEVICE/Target/usbd_conf.h:33,
                 from ../Middlewares/ST/STM32_USB_Device_Library/Core/Inc/usbd_core.h:29,
                 from ../USB_DEVICE/App/usbd_desc.c:22:
../Core/Inc/stm32f1xx_hal_conf.h:334:10: fatal error: stm32f1xx_hal_tim.h: No such file or directory
  334 | #include "stm32f1xx_hal_tim.h"
      |          ^~~~~~~~~~~~~~~~~~~~~
compilation terminated.
In file included from ../Drivers/STM32F1xx_HAL_Driver/Inc/stm32f1xx_hal.h:29,
                 from ../Drivers/STM32F1xx_HAL_Driver/Src/stm32f1xx_hal_cortex.c:82:
../Core/Inc/stm32f1xx_hal_conf.h:334:10: fatal error: stm32f1xx_hal_tim.h: No such file or directory
  334 | #include "stm32f1xx_hal_tim.h"
      |          ^~~~~~~~~~~~~~~~~~~~~
compilation terminated.
In file included from ../Drivers/STM32F1xx_HAL_Driver/Inc/stm32f1xx_hal.h:29,
                 from ../Core/Inc/main.h:30,
                 from ../USB_DEVICE/Target/usbd_conf.h:33,
                 from ../Middlewares/ST/STM32_USB_Device_Library/Core/Inc/usbd_def.h:29,
                 from ../Middlewares/ST/STM32_USB_Device_Library/Core/Inc/usbd_ctlreq.h:29,
                 from ../Middlewares/ST/STM32_USB_Device_Library/Core/Src/usbd_ctlreq.c:21:
../Core/Inc/stm32f1xx_hal_conf.h:334:10: fatal error: stm32f1xx_hal_tim.h: No such file or directory
  334 | #include "stm32f1xx_hal_tim.h"
      |          ^~~~~~~~~~~~~~~~~~~~~
compilation terminated.
In file included from ../Drivers/STM32F1xx_HAL_Driver/Inc/stm32f1xx_hal.h:29,
                 from ../Drivers/STM32F1xx_HAL_Driver/Src/stm32f1xx_hal_dma.c:84:
../Core/Inc/stm32f1xx_hal_conf.h:334:10: fatal error: stm32f1xx_hal_tim.h: No such file or directory
  334 | #include "stm32f1xx_hal_tim.h"
      |          ^~~~~~~~~~~~~~~~~~~~~
compilation terminated.
In file included from ../Drivers/STM32F1xx_HAL_Driver/Inc/stm32f1xx_hal.h:29,
                 from ../Core/Inc/main.h:30,
                 from ../USB_DEVICE/Target/usbd_conf.h:33,
                 from ../Middlewares/ST/STM32_USB_Device_Library/Core/Inc/usbd_def.h:29,
                 from ../Middlewares/ST/STM32_USB_Device_Library/Core/Inc/usbd_ioreq.h:29,
                 from ../Middlewares/ST/STM32_USB_Device_Library/Class/CDC/Inc/usbd_cdc.h:29,
                 from ../Middlewares/ST/STM32_USB_Device_Library/Class/CDC/Src/usbd_cdc.c:59:
../Core/Inc/stm32f1xx_hal_conf.h:334:10: fatal error: stm32f1xx_hal_tim.h: No such file or directory
  334 | #include "stm32f1xx_hal_tim.h"
      |          ^~~~~~~~~~~~~~~~~~~~~
compilation terminated.
In file included from ../Drivers/STM32F1xx_HAL_Driver/Inc/stm32f1xx_hal.h:29,
                 from ../Core/Inc/main.h:30,
                 from ../USB_DEVICE/Target/usbd_conf.h:33,
                 from ../Middlewares/ST/STM32_USB_Device_Library/Core/Inc/usbd_def.h:29,
                 from ../Middlewares/ST/STM32_USB_Device_Library/Core/Inc/usbd_ioreq.h:29,
                 from ../Middlewares/ST/STM32_USB_Device_Library/Core/Src/usbd_ioreq.c:21:
../Core/Inc/stm32f1xx_hal_conf.h:334:10: fatal error: stm32f1xx_hal_tim.h: No such file or directory
  334 | #include "stm32f1xx_hal_tim.h"
      |          ^~~~~~~~~~~~~~~~~~~~~
compilation terminated.
In file included from ../Drivers/STM32F1xx_HAL_Driver/Inc/stm32f1xx_hal.h:29,
                 from ../Drivers/STM32F1xx_HAL_Driver/Src/stm32f1xx_hal_exti.c:86:
../Core/Inc/stm32f1xx_hal_conf.h:334:10: fatal error: stm32f1xx_hal_tim.h: No such file or directory
  334 | #include "stm32f1xx_hal_tim.h"
      |          ^~~~~~~~~~~~~~~~~~~~~
compilation terminated.
make: *** [USB_DEVICE/App/subdir.mk:25: USB_DEVICE/App/usbd_desc.o] Error 1
make: *** Waiting for unfinished jobs....
make: *** [Drivers/STM32F1xx_HAL_Driver/Src/subdir.mk:70: Drivers/STM32F1xx_HAL_Driver/Src/stm32f1xx_hal_cortex.o] Error 1
make: *** [Middlewares/ST/STM32_USB_Device_Library/Core/Src/subdir.mk:25: Middlewares/ST/STM32_USB_Device_Library/Core/Src/usbd_ctlreq.o] Error 1
make: *** [Drivers/STM32F1xx_HAL_Driver/Src/subdir.mk:70: Drivers/STM32F1xx_HAL_Driver/Src/stm32f1xx_hal.o] Error 1
make: *** [Middlewares/ST/STM32_USB_Device_Library/Class/CDC/Src/subdir.mk:19: Middlewares/ST/STM32_USB_Device_Library/Class/CDC/Src/usbd_cdc.o] Error 1
make: *** [Drivers/STM32F1xx_HAL_Driver/Src/subdir.mk:70: Drivers/STM32F1xx_HAL_Driver/Src/stm32f1xx_hal_exti.o] Error 1
make: *** [Middlewares/ST/STM32_USB_Device_Library/Core/Src/subdir.mk:25: Middlewares/ST/STM32_USB_Device_Library/Core/Src/usbd_ioreq.o] Error 1
make: *** [Drivers/STM32F1xx_HAL_Driver/Src/subdir.mk:70: Drivers/STM32F1xx_HAL_Driver/Src/stm32f1xx_hal_dma.o] Error 1
make: *** [USB_DEVICE/App/subdir.mk:25: USB_DEVICE/App/usb_device.o] Error 1
make: *** [Middlewares/ST/STM32_USB_Device_Library/Core/Src/subdir.mk:25: Middlewares/ST/STM32_USB_Device_Library/Core/Src/usbd_core.o] Error 1
make: *** [USB_DEVICE/App/subdir.mk:25: USB_DEVICE/App/usbd_cdc_if.o] Error 1
make: *** [USB_DEVICE/Target/subdir.mk:19: USB_DEVICE/Target/usbd_conf.o] Error 1
"make -j12 all" terminated with exit code 2. Build might be incomplete.
08:46:11 **** Incremental Build of configuration Debug for project Keyboard ****
make -j12 all 
arm-none-eabi-size  Keyboard.elf 
   text	   data	    bss	    dec	    hex	filename
   8580	     12	   1684	  10276	   2824	Keyboard.elf
Finished building: default.size.stdout
 
08:46:12 **** Incremental Build of configuration Debug for project Motherboard ****
make -j12 all 
arm-none-eabi-gcc "../USB_DEVICE/Target/usbd_conf.c" -mcpu=cortex-m3 -std=gnu11 -g3 -DDEBUG -DUSE_HAL_DRIVER -DSTM32F103xB -c -I../Core/Inc -I../Drivers/STM32F1xx_HAL_Driver/Inc/Legacy -I../Drivers/STM32F1xx_HAL_Driver/Inc -I../Drivers/CMSIS/Device/ST/STM32F1xx/Include -I../Drivers/CMSIS/Include -I../USB_DEVICE/App -I../USB_DEVICE/Target -I../Middlewares/ST/STM32_USB_Device_Library/Core/Inc -I../Middlewares/ST/STM32_USB_Device_Library/Class/CDC/Inc -O0 -ffunction-sections -fdata-sections -Wall -fstack-usage -fcyclomatic-complexity -MMD -MP -MF"USB_DEVICE/Target/usbd_conf.d" -MT"USB_DEVICE/Target/usbd_conf.o" --specs=nano.specs -mfloat-abi=soft -mthumb -o "USB_DEVICE/Target/usbd_conf.o"
arm-none-eabi-gcc "../USB_DEVICE/App/usb_device.c" -mcpu=cortex-m3 -std=gnu11 -g3 -DDEBUG -DUSE_HAL_DRIVER -DSTM32F103xB -c -I../Core/Inc -I../Drivers/STM32F1xx_HAL_Driver/Inc/Legacy -I../Drivers/STM32F1xx_HAL_Driver/Inc -I../Drivers/CMSIS/Device/ST/STM32F1xx/Include -I../Drivers/CMSIS/Include -I../USB_DEVICE/App -I../USB_DEVICE/Target -I../Middlewares/ST/STM32_USB_Device_Library/Core/Inc -I../Middlewares/ST/STM32_USB_Device_Library/Class/CDC/Inc -O0 -ffunction-sections -fdata-sections -Wall -fstack-usage -fcyclomatic-complexity -MMD -MP -MF"USB_DEVICE/App/usb_device.d" -MT"USB_DEVICE/App/usb_device.o" --specs=nano.specs -mfloat-abi=soft -mthumb -o "USB_DEVICE/App/usb_device.o"
arm-none-eabi-gcc "../USB_DEVICE/App/usbd_cdc_if.c" -mcpu=cortex-m3 -std=gnu11 -g3 -DDEBUG -DUSE_HAL_DRIVER -DSTM32F103xB -c -I../Core/Inc -I../Drivers/STM32F1xx_HAL_Driver/Inc/Legacy -I../Drivers/STM32F1xx_HAL_Driver/Inc -I../Drivers/CMSIS/Device/ST/STM32F1xx/Include -I../Drivers/CMSIS/Include -I../USB_DEVICE/App -I../USB_DEVICE/Target -I../Middlewares/ST/STM32_USB_Device_Library/Core/Inc -I../Middlewares/ST/STM32_USB_Device_Library/Class/CDC/Inc -O0 -ffunction-sections -fdata-sections -Wall -fstack-usage -fcyclomatic-complexity -MMD -MP -MF"USB_DEVICE/App/usbd_cdc_if.d" -MT"USB_DEVICE/App/usbd_cdc_if.o" --specs=nano.specs -mfloat-abi=soft -mthumb -o "USB_DEVICE/App/usbd_cdc_if.o"
arm-none-eabi-gcc "../USB_DEVICE/App/usbd_desc.c" -mcpu=cortex-m3 -std=gnu11 -g3 -DDEBUG -DUSE_HAL_DRIVER -DSTM32F103xB -c -I../Core/Inc -I../Drivers/STM32F1xx_HAL_Driver/Inc/Legacy -I../Drivers/STM32F1xx_HAL_Driver/Inc -I../Drivers/CMSIS/Device/ST/STM32F1xx/Include -I../Drivers/CMSIS/Include -I../USB_DEVICE/App -I../USB_DEVICE/Target -I../Middlewares/ST/STM32_USB_Device_Library/Core/Inc -I../Middlewares/ST/STM32_USB_Device_Library/Class/CDC/Inc -O0 -ffunction-sections -fdata-sections -Wall -fstack-usage -fcyclomatic-complexity -MMD -MP -MF"USB_DEVICE/App/usbd_desc.d" -MT"USB_DEVICE/App/usbd_desc.o" --specs=nano.specs -mfloat-abi=soft -mthumb -o "USB_DEVICE/App/usbd_desc.o"
arm-none-eabi-gcc "../Middlewares/ST/STM32_USB_Device_Library/Core/Src/usbd_core.c" -mcpu=cortex-m3 -std=gnu11 -g3 -DDEBUG -DUSE_HAL_DRIVER -DSTM32F103xB -c -I../Core/Inc -I../Drivers/STM32F1xx_HAL_Driver/Inc/Legacy -I../Drivers/STM32F1xx_HAL_Driver/Inc -I../Drivers/CMSIS/Device/ST/STM32F1xx/Include -I../Drivers/CMSIS/Include -I../USB_DEVICE/App -I../USB_DEVICE/Target -I../Middlewares/ST/STM32_USB_Device_Library/Core/Inc -I../Middlewares/ST/STM32_USB_Device_Library/Class/CDC/Inc -O0 -ffunction-sections -fdata-sections -Wall -fstack-usage -fcyclomatic-complexity -MMD -MP -MF"Middlewares/ST/STM32_USB_Device_Library/Core/Src/usbd_core.d" -MT"Middlewares/ST/STM32_USB_Device_Library/Core/Src/usbd_core.o" --specs=nano.specs -mfloat-abi=soft -mthumb -o "Middlewares/ST/STM32_USB_Device_Library/Core/Src/usbd_core.o"
arm-none-eabi-gcc "../Middlewares/ST/STM32_USB_Device_Library/Core/Src/usbd_ctlreq.c" -mcpu=cortex-m3 -std=gnu11 -g3 -DDEBUG -DUSE_HAL_DRIVER -DSTM32F103xB -c -I../Core/Inc -I../Drivers/STM32F1xx_HAL_Driver/Inc/Legacy -I../Drivers/STM32F1xx_HAL_Driver/Inc -I../Drivers/CMSIS/Device/ST/STM32F1xx/Include -I../Drivers/CMSIS/Include -I../USB_DEVICE/App -I../USB_DEVICE/Target -I../Middlewares/ST/STM32_USB_Device_Library/Core/Inc -I../Middlewares/ST/STM32_USB_Device_Library/Class/CDC/Inc -O0 -ffunction-sections -fdata-sections -Wall -fstack-usage -fcyclomatic-complexity -MMD -MP -MF"Middlewares/ST/STM32_USB_Device_Library/Core/Src/usbd_ctlreq.d" -MT"Middlewares/ST/STM32_USB_Device_Library/Core/Src/usbd_ctlreq.o" --specs=nano.specs -mfloat-abi=soft -mthumb -o "Middlewares/ST/STM32_USB_Device_Library/Core/Src/usbd_ctlreq.o"
arm-none-eabi-gcc "../Middlewares/ST/STM32_USB_Device_Library/Core/Src/usbd_ioreq.c" -mcpu=cortex-m3 -std=gnu11 -g3 -DDEBUG -DUSE_HAL_DRIVER -DSTM32F103xB -c -I../Core/Inc -I../Drivers/STM32F1xx_HAL_Driver/Inc/Legacy -I../Drivers/STM32F1xx_HAL_Driver/Inc -I../Drivers/CMSIS/Device/ST/STM32F1xx/Include -I../Drivers/CMSIS/Include -I../USB_DEVICE/App -I../USB_DEVICE/Target -I../Middlewares/ST/STM32_USB_Device_Library/Core/Inc -I../Middlewares/ST/STM32_USB_Device_Library/Class/CDC/Inc -O0 -ffunction-sections -fdata-sections -Wall -fstack-usage -fcyclomatic-complexity -MMD -MP -MF"Middlewares/ST/STM32_USB_Device_Library/Core/Src/usbd_ioreq.d" -MT"Middlewares/ST/STM32_USB_Device_Library/Core/Src/usbd_ioreq.o" --specs=nano.specs -mfloat-abi=soft -mthumb -o "Middlewares/ST/STM32_USB_Device_Library/Core/Src/usbd_ioreq.o"
arm-none-eabi-gcc "../Middlewares/ST/STM32_USB_Device_Library/Class/CDC/Src/usbd_cdc.c" -mcpu=cortex-m3 -std=gnu11 -g3 -DDEBUG -DUSE_HAL_DRIVER -DSTM32F103xB -c -I../Core/Inc -I../Drivers/STM32F1xx_HAL_Driver/Inc/Legacy -I../Drivers/STM32F1xx_HAL_Driver/Inc -I../Drivers/CMSIS/Device/ST/STM32F1xx/Include -I../Drivers/CMSIS/Include -I../USB_DEVICE/App -I../USB_DEVICE/Target -I../Middlewares/ST/STM32_USB_Device_Library/Core/Inc -I../Middlewares/ST/STM32_USB_Device_Library/Class/CDC/Inc -O0 -ffunction-sections -fdata-sections -Wall -fstack-usage -fcyclomatic-complexity -MMD -MP -MF"Middlewares/ST/STM32_USB_Device_Library/Class/CDC/Src/usbd_cdc.d" -MT"Middlewares/ST/STM32_USB_Device_Library/Class/CDC/Src/usbd_cdc.o" --specs=nano.specs -mfloat-abi=soft -mthumb -o "Middlewares/ST/STM32_USB_Device_Library/Class/CDC/Src/usbd_cdc.o"
arm-none-eabi-gcc "../Drivers/STM32F1xx_HAL_Driver/Src/stm32f1xx_hal.c" -mcpu=cortex-m3 -std=gnu11 -g3 -DDEBUG -DUSE_HAL_DRIVER -DSTM32F103xB -c -I../Core/Inc -I../Drivers/STM32F1xx_HAL_Driver/Inc/Legacy -I../Drivers/STM32F1xx_HAL_Driver/Inc -I../Drivers/CMSIS/Device/ST/STM32F1xx/Include -I../Drivers/CMSIS/Include -I../USB_DEVICE/App -I../USB_DEVICE/Target -I../Middlewares/ST/STM32_USB_Device_Library/Core/Inc -I../Middlewares/ST/STM32_USB_Device_Library/Class/CDC/Inc -O0 -ffunction-sections -fdata-sections -Wall -fstack-usage -fcyclomatic-complexity -MMD -MP -MF"Drivers/STM32F1xx_HAL_Driver/Src/stm32f1xx_hal.d" -MT"Drivers/STM32F1xx_HAL_Driver/Src/stm32f1xx_hal.o" --specs=nano.specs -mfloat-abi=soft -mthumb -o "Drivers/STM32F1xx_HAL_Driver/Src/stm32f1xx_hal.o"
arm-none-eabi-gcc "../Drivers/STM32F1xx_HAL_Driver/Src/stm32f1xx_hal_cortex.c" -mcpu=cortex-m3 -std=gnu11 -g3 -DDEBUG -DUSE_HAL_DRIVER -DSTM32F103xB -c -I../Core/Inc -I../Drivers/STM32F1xx_HAL_Driver/Inc/Legacy -I../Drivers/STM32F1xx_HAL_Driver/Inc -I../Drivers/CMSIS/Device/ST/STM32F1xx/Include -I../Drivers/CMSIS/Include -I../USB_DEVICE/App -I../USB_DEVICE/Target -I../Middlewares/ST/STM32_USB_Device_Library/Core/Inc -I../Middlewares/ST/STM32_USB_Device_Library/Class/CDC/Inc -O0 -ffunction-sections -fdata-sections -Wall -fstack-usage -fcyclomatic-complexity -MMD -MP -MF"Drivers/STM32F1xx_HAL_Driver/Src/stm32f1xx_hal_cortex.d" -MT"Drivers/STM32F1xx_HAL_Driver/Src/stm32f1xx_hal_cortex.o" --specs=nano.specs -mfloat-abi=soft -mthumb -o "Drivers/STM32F1xx_HAL_Driver/Src/stm32f1xx_hal_cortex.o"
arm-none-eabi-gcc "../Drivers/STM32F1xx_HAL_Driver/Src/stm32f1xx_hal_dma.c" -mcpu=cortex-m3 -std=gnu11 -g3 -DDEBUG -DUSE_HAL_DRIVER -DSTM32F103xB -c -I../Core/Inc -I../Drivers/STM32F1xx_HAL_Driver/Inc/Legacy -I../Drivers/STM32F1xx_HAL_Driver/Inc -I../Drivers/CMSIS/Device/ST/STM32F1xx/Include -I../Drivers/CMSIS/Include -I../USB_DEVICE/App -I../USB_DEVICE/Target -I../Middlewares/ST/STM32_USB_Device_Library/Core/Inc -I../Middlewares/ST/STM32_USB_Device_Library/Class/CDC/Inc -O0 -ffunction-sections -fdata-sections -Wall -fstack-usage -fcyclomatic-complexity -MMD -MP -MF"Drivers/STM32F1xx_HAL_Driver/Src/stm32f1xx_hal_dma.d" -MT"Drivers/STM32F1xx_HAL_Driver/Src/stm32f1xx_hal_dma.o" --specs=nano.specs -mfloat-abi=soft -mthumb -o "Drivers/STM32F1xx_HAL_Driver/Src/stm32f1xx_hal_dma.o"
arm-none-eabi-gcc "../Drivers/STM32F1xx_HAL_Driver/Src/stm32f1xx_hal_exti.c" -mcpu=cortex-m3 -std=gnu11 -g3 -DDEBUG -DUSE_HAL_DRIVER -DSTM32F103xB -c -I../Core/Inc -I../Drivers/STM32F1xx_HAL_Driver/Inc/Legacy -I../Drivers/STM32F1xx_HAL_Driver/Inc -I../Drivers/CMSIS/Device/ST/STM32F1xx/Include -I../Drivers/CMSIS/Include -I../USB_DEVICE/App -I../USB_DEVICE/Target -I../Middlewares/ST/STM32_USB_Device_Library/Core/Inc -I../Middlewares/ST/STM32_USB_Device_Library/Class/CDC/Inc -O0 -ffunction-sections -fdata-sections -Wall -fstack-usage -fcyclomatic-complexity -MMD -MP -MF"Drivers/STM32F1xx_HAL_Driver/Src/stm32f1xx_hal_exti.d" -MT"Drivers/STM32F1xx_HAL_Driver/Src/stm32f1xx_hal_exti.o" --specs=nano.specs -mfloat-abi=soft -mthumb -o "Drivers/STM32F1xx_HAL_Driver/Src/stm32f1xx_hal_exti.o"
arm-none-eabi-gcc "../Drivers/STM32F1xx_HAL_Driver/Src/stm32f1xx_hal_flash.c" -mcpu=cortex-m3 -std=gnu11 -g3 -DDEBUG -DUSE_HAL_DRIVER -DSTM32F103xB -c -I../Core/Inc -I../Drivers/STM32F1xx_HAL_Driver/Inc/Legacy -I../Drivers/STM32F1xx_HAL_Driver/Inc -I../Drivers/CMSIS/Device/ST/STM32F1xx/Include -I../Drivers/CMSIS/Include -I../USB_DEVICE/App -I../USB_DEVICE/Target -I../Middlewares/ST/STM32_USB_Device_Library/Core/Inc -I../Middlewares/ST/STM32_USB_Device_Library/Class/CDC/Inc -O0 -ffunction-sections -fdata-sections -Wall -fstack-usage -fcyclomatic-complexity -MMD -MP -MF"Drivers/STM32F1xx_HAL_Driver/Src/stm32f1xx_hal_flash.d" -MT"Drivers/STM32F1xx_HAL_Driver/Src/stm32f1xx_hal_flash.o" --specs=nano.specs -mfloat-abi=soft -mthumb -o "Drivers/STM32F1xx_HAL_Driver/Src/stm32f1xx_hal_flash.o"
arm-none-eabi-gcc "../Drivers/STM32F1xx_HAL_Driver/Src/stm32f1xx_hal_flash_ex.c" -mcpu=cortex-m3 -std=gnu11 -g3 -DDEBUG -DUSE_HAL_DRIVER -DSTM32F103xB -c -I../Core/Inc -I../Drivers/STM32F1xx_HAL_Driver/Inc/Legacy -I../Drivers/STM32F1xx_HAL_Driver/Inc -I../Drivers/CMSIS/Device/ST/STM32F1xx/Include -I../Drivers/CMSIS/Include -I../USB_DEVICE/App -I../USB_DEVICE/Target -I../Middlewares/ST/STM32_USB_Device_Library/Core/Inc -I../Middlewares/ST/STM32_USB_Device_Library/Class/CDC/Inc -O0 -ffunction-sections -fdata-sections -Wall -fstack-usage -fcyclomatic-complexity -MMD -MP -MF"Drivers/STM32F1xx_HAL_Driver/Src/stm32f1xx_hal_flash_ex.d" -MT"Drivers/STM32F1xx_HAL_Driver/Src/stm32f1xx_hal_flash_ex.o" --specs=nano.specs -mfloat-abi=soft -mthumb -o "Drivers/STM32F1xx_HAL_Driver/Src/stm32f1xx_hal_flash_ex.o"
arm-none-eabi-gcc "../Drivers/STM32F1xx_HAL_Driver/Src/stm32f1xx_hal_gpio.c" -mcpu=cortex-m3 -std=gnu11 -g3 -DDEBUG -DUSE_HAL_DRIVER -DSTM32F103xB -c -I../Core/Inc -I../Drivers/STM32F1xx_HAL_Driver/Inc/Legacy -I../Drivers/STM32F1xx_HAL_Driver/Inc -I../Drivers/CMSIS/Device/ST/STM32F1xx/Include -I../Drivers/CMSIS/Include -I../USB_DEVICE/App -I../USB_DEVICE/Target -I../Middlewares/ST/STM32_USB_Device_Library/Core/Inc -I../Middlewares/ST/STM32_USB_Device_Library/Class/CDC/Inc -O0 -ffunction-sections -fdata-sections -Wall -fstack-usage -fcyclomatic-complexity -MMD -MP -MF"Drivers/STM32F1xx_HAL_Driver/Src/stm32f1xx_hal_gpio.d" -MT"Drivers/STM32F1xx_HAL_Driver/Src/stm32f1xx_hal_gpio.o" --specs=nano.specs -mfloat-abi=soft -mthumb -o "Drivers/STM32F1xx_HAL_Driver/Src/stm32f1xx_hal_gpio.o"
arm-none-eabi-gcc "../Drivers/STM32F1xx_HAL_Driver/Src/stm32f1xx_hal_gpio_ex.c" -mcpu=cortex-m3 -std=gnu11 -g3 -DDEBUG -DUSE_HAL_DRIVER -DSTM32F103xB -c -I../Core/Inc -I../Drivers/STM32F1xx_HAL_Driver/Inc/Legacy -I../Drivers/STM32F1xx_HAL_Driver/Inc -I../Drivers/CMSIS/Device/ST/STM32F1xx/Include -I../Drivers/CMSIS/Include -I../USB_DEVICE/App -I../USB_DEVICE/Target -I../Middlewares/ST/STM32_USB_Device_Library/Core/Inc -I../Middlewares/ST/STM32_USB_Device_Library/Class/CDC/Inc -O0 -ffunction-sections -fdata-sections -Wall -fstack-usage -fcyclomatic-complexity -MMD -MP -MF"Drivers/STM32F1xx_HAL_Driver/Src/stm32f1xx_hal_gpio_ex.d" -MT"Drivers/STM32F1xx_HAL_Driver/Src/stm32f1xx_hal_gpio_ex.o" --specs=nano.specs -mfloat-abi=soft -mthumb -o "Drivers/STM32F1xx_HAL_Driver/Src/stm32f1xx_hal_gpio_ex.o"
arm-none-eabi-gcc "../Drivers/STM32F1xx_HAL_Driver/Src/stm32f1xx_hal_i2c.c" -mcpu=cortex-m3 -std=gnu11 -g3 -DDEBUG -DUSE_HAL_DRIVER -DSTM32F103xB -c -I../Core/Inc -I../Drivers/STM32F1xx_HAL_Driver/Inc/Legacy -I../Drivers/STM32F1xx_HAL_Driver/Inc -I../Drivers/CMSIS/Device/ST/STM32F1xx/Include -I../Drivers/CMSIS/Include -I../USB_DEVICE/App -I../USB_DEVICE/Target -I../Middlewares/ST/STM32_USB_Device_Library/Core/Inc -I../Middlewares/ST/STM32_USB_Device_Library/Class/CDC/Inc -O0 -ffunction-sections -fdata-sections -Wall -fstack-usage -fcyclomatic-complexity -MMD -MP -MF"Drivers/STM32F1xx_HAL_Driver/Src/stm32f1xx_hal_i2c.d" -MT"Drivers/STM32F1xx_HAL_Driver/Src/stm32f1xx_hal_i2c.o" --specs=nano.specs -mfloat-abi=soft -mthumb -o "Drivers/STM32F1xx_HAL_Driver/Src/stm32f1xx_hal_i2c.o"
arm-none-eabi-gcc "../Drivers/STM32F1xx_HAL_Driver/Src/stm32f1xx_hal_pcd.c" -mcpu=cortex-m3 -std=gnu11 -g3 -DDEBUG -DUSE_HAL_DRIVER -DSTM32F103xB -c -I../Core/Inc -I../Drivers/STM32F1xx_HAL_Driver/Inc/Legacy -I../Drivers/STM32F1xx_HAL_Driver/Inc -I../Drivers/CMSIS/Device/ST/STM32F1xx/Include -I../Drivers/CMSIS/Include -I../USB_DEVICE/App -I../USB_DEVICE/Target -I../Middlewares/ST/STM32_USB_Device_Library/Core/Inc -I../Middlewares/ST/STM32_USB_Device_Library/Class/CDC/Inc -O0 -ffunction-sections -fdata-sections -Wall -fstack-usage -fcyclomatic-complexity -MMD -MP -MF"Drivers/STM32F1xx_HAL_Driver/Src/stm32f1xx_hal_pcd.d" -MT"Drivers/STM32F1xx_HAL_Driver/Src/stm32f1xx_hal_pcd.o" --specs=nano.specs -mfloat-abi=soft -mthumb -o "Drivers/STM32F1xx_HAL_Driver/Src/stm32f1xx_hal_pcd.o"
arm-none-eabi-gcc "../Drivers/STM32F1xx_HAL_Driver/Src/stm32f1xx_hal_pcd_ex.c" -mcpu=cortex-m3 -std=gnu11 -g3 -DDEBUG -DUSE_HAL_DRIVER -DSTM32F103xB -c -I../Core/Inc -I../Drivers/STM32F1xx_HAL_Driver/Inc/Legacy -I../Drivers/STM32F1xx_HAL_Driver/Inc -I../Drivers/CMSIS/Device/ST/STM32F1xx/Include -I../Drivers/CMSIS/Include -I../USB_DEVICE/App -I../USB_DEVICE/Target -I../Middlewares/ST/STM32_USB_Device_Library/Core/Inc -I../Middlewares/ST/STM32_USB_Device_Library/Class/CDC/Inc -O0 -ffunction-sections -fdata-sections -Wall -fstack-usage -fcyclomatic-complexity -MMD -MP -MF"Drivers/STM32F1xx_HAL_Driver/Src/stm32f1xx_hal_pcd_ex.d" -MT"Drivers/STM32F1xx_HAL_Driver/Src/stm32f1xx_hal_pcd_ex.o" --specs=nano.specs -mfloat-abi=soft -mthumb -o "Drivers/STM32F1xx_HAL_Driver/Src/stm32f1xx_hal_pcd_ex.o"
arm-none-eabi-gcc "../Drivers/STM32F1xx_HAL_Driver/Src/stm32f1xx_hal_pwr.c" -mcpu=cortex-m3 -std=gnu11 -g3 -DDEBUG -DUSE_HAL_DRIVER -DSTM32F103xB -c -I../Core/Inc -I../Drivers/STM32F1xx_HAL_Driver/Inc/Legacy -I../Drivers/STM32F1xx_HAL_Driver/Inc -I../Drivers/CMSIS/Device/ST/STM32F1xx/Include -I../Drivers/CMSIS/Include -I../USB_DEVICE/App -I../USB_DEVICE/Target -I../Middlewares/ST/STM32_USB_Device_Library/Core/Inc -I../Middlewares/ST/STM32_USB_Device_Library/Class/CDC/Inc -O0 -ffunction-sections -fdata-sections -Wall -fstack-usage -fcyclomatic-complexity -MMD -MP -MF"Drivers/STM32F1xx_HAL_Driver/Src/stm32f1xx_hal_pwr.d" -MT"Drivers/STM32F1xx_HAL_Driver/Src/stm32f1xx_hal_pwr.o" --specs=nano.specs -mfloat-abi=soft -mthumb -o "Drivers/STM32F1xx_HAL_Driver/Src/stm32f1xx_hal_pwr.o"
arm-none-eabi-gcc "../Drivers/STM32F1xx_HAL_Driver/Src/stm32f1xx_hal_rcc.c" -mcpu=cortex-m3 -std=gnu11 -g3 -DDEBUG -DUSE_HAL_DRIVER -DSTM32F103xB -c -I../Core/Inc -I../Drivers/STM32F1xx_HAL_Driver/Inc/Legacy -I../Drivers/STM32F1xx_HAL_Driver/Inc -I../Drivers/CMSIS/Device/ST/STM32F1xx/Include -I../Drivers/CMSIS/Include -I../USB_DEVICE/App -I../USB_DEVICE/Target -I../Middlewares/ST/STM32_USB_Device_Library/Core/Inc -I../Middlewares/ST/STM32_USB_Device_Library/Class/CDC/Inc -O0 -ffunction-sections -fdata-sections -Wall -fstack-usage -fcyclomatic-complexity -MMD -MP -MF"Drivers/STM32F1xx_HAL_Driver/Src/stm32f1xx_hal_rcc.d" -MT"Drivers/STM32F1xx_HAL_Driver/Src/stm32f1xx_hal_rcc.o" --specs=nano.specs -mfloat-abi=soft -mthumb -o "Drivers/STM32F1xx_HAL_Driver/Src/stm32f1xx_hal_rcc.o"
arm-none-eabi-gcc "../Drivers/STM32F1xx_HAL_Driver/Src/stm32f1xx_hal_rcc_ex.c" -mcpu=cortex-m3 -std=gnu11 -g3 -DDEBUG -DUSE_HAL_DRIVER -DSTM32F103xB -c -I../Core/Inc -I../Drivers/STM32F1xx_HAL_Driver/Inc/Legacy -I../Drivers/STM32F1xx_HAL_Driver/Inc -I../Drivers/CMSIS/Device/ST/STM32F1xx/Include -I../Drivers/CMSIS/Include -I../USB_DEVICE/App -I../USB_DEVICE/Target -I../Middlewares/ST/STM32_USB_Device_Library/Core/Inc -I../Middlewares/ST/STM32_USB_Device_Library/Class/CDC/Inc -O0 -ffunction-sections -fdata-sections -Wall -fstack-usage -fcyclomatic-complexity -MMD -MP -MF"Drivers/STM32F1xx_HAL_Driver/Src/stm32f1xx_hal_rcc_ex.d" -MT"Drivers/STM32F1xx_HAL_Driver/Src/stm32f1xx_hal_rcc_ex.o" --specs=nano.specs -mfloat-abi=soft -mthumb -o "Drivers/STM32F1xx_HAL_Driver/Src/stm32f1xx_hal_rcc_ex.o"
arm-none-eabi-gcc "../Drivers/STM32F1xx_HAL_Driver/Src/stm32f1xx_hal_rtc.c" -mcpu=cortex-m3 -std=gnu11 -g3 -DDEBUG -DUSE_HAL_DRIVER -DSTM32F103xB -c -I../Core/Inc -I../Drivers/STM32F1xx_HAL_Driver/Inc/Legacy -I../Drivers/STM32F1xx_HAL_Driver/Inc -I../Drivers/CMSIS/Device/ST/STM32F1xx/Include -I../Drivers/CMSIS/Include -I../USB_DEVICE/App -I../USB_DEVICE/Target -I../Middlewares/ST/STM32_USB_Device_Library/Core/Inc -I../Middlewares/ST/STM32_USB_Device_Library/Class/CDC/Inc -O0 -ffunction-sections -fdata-sections -Wall -fstack-usage -fcyclomatic-complexity -MMD -MP -MF"Drivers/STM32F1xx_HAL_Driver/Src/stm32f1xx_hal_rtc.d" -MT"Drivers/STM32F1xx_HAL_Driver/Src/stm32f1xx_hal_rtc.o" --specs=nano.specs -mfloat-abi=soft -mthumb -o "Drivers/STM32F1xx_HAL_Driver/Src/stm32f1xx_hal_rtc.o"
arm-none-eabi-gcc "../Drivers/STM32F1xx_HAL_Driver/Src/stm32f1xx_hal_rtc_ex.c" -mcpu=cortex-m3 -std=gnu11 -g3 -DDEBUG -DUSE_HAL_DRIVER -DSTM32F103xB -c -I../Core/Inc -I../Drivers/STM32F1xx_HAL_Driver/Inc/Legacy -I../Drivers/STM32F1xx_HAL_Driver/Inc -I../Drivers/CMSIS/Device/ST/STM32F1xx/Include -I../Drivers/CMSIS/Include -I../USB_DEVICE/App -I../USB_DEVICE/Target -I../Middlewares/ST/STM32_USB_Device_Library/Core/Inc -I../Middlewares/ST/STM32_USB_Device_Library/Class/CDC/Inc -O0 -ffunction-sections -fdata-sections -Wall -fstack-usage -fcyclomatic-complexity -MMD -MP -MF"Drivers/STM32F1xx_HAL_Driver/Src/stm32f1xx_hal_rtc_ex.d" -MT"Drivers/STM32F1xx_HAL_Driver/Src/stm32f1xx_hal_rtc_ex.o" --specs=nano.specs -mfloat-abi=soft -mthumb -o "Drivers/STM32F1xx_HAL_Driver/Src/stm32f1xx_hal_rtc_ex.o"
arm-none-eabi-gcc "../Drivers/STM32F1xx_HAL_Driver/Src/stm32f1xx_hal_spi.c" -mcpu=cortex-m3 -std=gnu11 -g3 -DDEBUG -DUSE_HAL_DRIVER -DSTM32F103xB -c -I../Core/Inc -I../Drivers/STM32F1xx_HAL_Driver/Inc/Legacy -I../Drivers/STM32F1xx_HAL_Driver/Inc -I../Drivers/CMSIS/Device/ST/STM32F1xx/Include -I../Drivers/CMSIS/Include -I../USB_DEVICE/App -I../USB_DEVICE/Target -I../Middlewares/ST/STM32_USB_Device_Library/Core/Inc -I../Middlewares/ST/STM32_USB_Device_Library/Class/CDC/Inc -O0 -ffunction-sections -fdata-sections -Wall -fstack-usage -fcyclomatic-complexity -MMD -MP -MF"Drivers/STM32F1xx_HAL_Driver/Src/stm32f1xx_hal_spi.d" -MT"Drivers/STM32F1xx_HAL_Driver/Src/stm32f1xx_hal_spi.o" --specs=nano.specs -mfloat-abi=soft -mthumb -o "Drivers/STM32F1xx_HAL_Driver/Src/stm32f1xx_hal_spi.o"
arm-none-eabi-gcc "../Drivers/STM32F1xx_HAL_Driver/Src/stm32f1xx_ll_usb.c" -mcpu=cortex-m3 -std=gnu11 -g3 -DDEBUG -DUSE_HAL_DRIVER -DSTM32F103xB -c -I../Core/Inc -I../Drivers/STM32F1xx_HAL_Driver/Inc/Legacy -I../Drivers/STM32F1xx_HAL_Driver/Inc -I../Drivers/CMSIS/Device/ST/STM32F1xx/Include -I../Drivers/CMSIS/Include -I../USB_DEVICE/App -I../USB_DEVICE/Target -I../Middlewares/ST/STM32_USB_Device_Library/Core/Inc -I../Middlewares/ST/STM32_USB_Device_Library/Class/CDC/Inc -O0 -ffunction-sections -fdata-sections -Wall -fstack-usage -fcyclomatic-complexity -MMD -MP -MF"Drivers/STM32F1xx_HAL_Driver/Src/stm32f1xx_ll_usb.d" -MT"Drivers/STM32F1xx_HAL_Driver/Src/stm32f1xx_ll_usb.o" --specs=nano.specs -mfloat-abi=soft -mthumb -o "Drivers/STM32F1xx_HAL_Driver/Src/stm32f1xx_ll_usb.o"
arm-none-eabi-gcc "../Core/Src/ad5328.c" -mcpu=cortex-m3 -std=gnu11 -g3 -DDEBUG -DUSE_HAL_DRIVER -DSTM32F103xB -c -I../Core/Inc -I../Drivers/STM32F1xx_HAL_Driver/Inc/Legacy -I../Drivers/STM32F1xx_HAL_Driver/Inc -I../Drivers/CMSIS/Device/ST/STM32F1xx/Include -I../Drivers/CMSIS/Include -I../USB_DEVICE/App -I../USB_DEVICE/Target -I../Middlewares/ST/STM32_USB_Device_Library/Core/Inc -I../Middlewares/ST/STM32_USB_Device_Library/Class/CDC/Inc -O0 -ffunction-sections -fdata-sections -Wall -fstack-usage -fcyclomatic-complexity -MMD -MP -MF"Core/Src/ad5328.d" -MT"Core/Src/ad5328.o" --specs=nano.specs -mfloat-abi=soft -mthumb -o "Core/Src/ad5328.o"
arm-none-eabi-gcc "../Core/Src/ads1115.c" -mcpu=cortex-m3 -std=gnu11 -g3 -DDEBUG -DUSE_HAL_DRIVER -DSTM32F103xB -c -I../Core/Inc -I../Drivers/STM32F1xx_HAL_Driver/Inc/Legacy -I../Drivers/STM32F1xx_HAL_Driver/Inc -I../Drivers/CMSIS/Device/ST/STM32F1xx/Include -I../Drivers/CMSIS/Include -I../USB_DEVICE/App -I../USB_DEVICE/Target -I../Middlewares/ST/STM32_USB_Device_Library/Core/Inc -I../Middlewares/ST/STM32_USB_Device_Library/Class/CDC/Inc -O0 -ffunction-sections -fdata-sections -Wall -fstack-usage -fcyclomatic-complexity -MMD -MP -MF"Core/Src/ads1115.d" -MT"Core/Src/ads1115.o" --specs=nano.specs -mfloat-abi=soft -mthumb -o "Core/Src/ads1115.o"
arm-none-eabi-gcc "../Core/Src/main.c" -mcpu=cortex-m3 -std=gnu11 -g3 -DDEBUG -DUSE_HAL_DRIVER -DSTM32F103xB -c -I../Core/Inc -I../Drivers/STM32F1xx_HAL_Driver/Inc/Legacy -I../Drivers/STM32F1xx_HAL_Driver/Inc -I../Drivers/CMSIS/Device/ST/STM32F1xx/Include -I../Drivers/CMSIS/Include -I../USB_DEVICE/App -I../USB_DEVICE/Target -I../Middlewares/ST/STM32_USB_Device_Library/Core/Inc -I../Middlewares/ST/STM32_USB_Device_Library/Class/CDC/Inc -O0 -ffunction-sections -fdata-sections -Wall -fstack-usage -fcyclomatic-complexity -MMD -MP -MF"Core/Src/main.d" -MT"Core/Src/main.o" --specs=nano.specs -mfloat-abi=soft -mthumb -o "Core/Src/main.o"
arm-none-eabi-gcc "../Core/Src/stm32f1xx_hal_msp.c" -mcpu=cortex-m3 -std=gnu11 -g3 -DDEBUG -DUSE_HAL_DRIVER -DSTM32F103xB -c -I../Core/Inc -I../Drivers/STM32F1xx_HAL_Driver/Inc/Legacy -I../Drivers/STM32F1xx_HAL_Driver/Inc -I../Drivers/CMSIS/Device/ST/STM32F1xx/Include -I../Drivers/CMSIS/Include -I../USB_DEVICE/App -I../USB_DEVICE/Target -I../Middlewares/ST/STM32_USB_Device_Library/Core/Inc -I../Middlewares/ST/STM32_USB_Device_Library/Class/CDC/Inc -O0 -ffunction-sections -fdata-sections -Wall -fstack-usage -fcyclomatic-complexity -MMD -MP -MF"Core/Src/stm32f1xx_hal_msp.d" -MT"Core/Src/stm32f1xx_hal_msp.o" --specs=nano.specs -mfloat-abi=soft -mthumb -o "Core/Src/stm32f1xx_hal_msp.o"
arm-none-eabi-gcc "../Core/Src/stm32f1xx_hal_tim.c" -mcpu=cortex-m3 -std=gnu11 -g3 -DDEBUG -DUSE_HAL_DRIVER -DSTM32F103xB -c -I../Core/Inc -I../Drivers/STM32F1xx_HAL_Driver/Inc/Legacy -I../Drivers/STM32F1xx_HAL_Driver/Inc -I../Drivers/CMSIS/Device/ST/STM32F1xx/Include -I../Drivers/CMSIS/Include -I../USB_DEVICE/App -I../USB_DEVICE/Target -I../Middlewares/ST/STM32_USB_Device_Library/Core/Inc -I../Middlewares/ST/STM32_USB_Device_Library/Class/CDC/Inc -O0 -ffunction-sections -fdata-sections -Wall -fstack-usage -fcyclomatic-complexity -MMD -MP -MF"Core/Src/stm32f1xx_hal_tim.d" -MT"Core/Src/stm32f1xx_hal_tim.o" --specs=nano.specs -mfloat-abi=soft -mthumb -o "Core/Src/stm32f1xx_hal_tim.o"
arm-none-eabi-gcc "../Core/Src/stm32f1xx_hal_tim_ex.c" -mcpu=cortex-m3 -std=gnu11 -g3 -DDEBUG -DUSE_HAL_DRIVER -DSTM32F103xB -c -I../Core/Inc -I../Drivers/STM32F1xx_HAL_Driver/Inc/Legacy -I../Drivers/STM32F1xx_HAL_Driver/Inc -I../Drivers/CMSIS/Device/ST/STM32F1xx/Include -I../Drivers/CMSIS/Include -I../USB_DEVICE/App -I../USB_DEVICE/Target -I../Middlewares/ST/STM32_USB_Device_Library/Core/Inc -I../Middlewares/ST/STM32_USB_Device_Library/Class/CDC/Inc -O0 -ffunction-sections -fdata-sections -Wall -fstack-usage -fcyclomatic-complexity -MMD -MP -MF"Core/Src/stm32f1xx_hal_tim_ex.d" -MT"Core/Src/stm32f1xx_hal_tim_ex.o" --specs=nano.specs -mfloat-abi=soft -mthumb -o "Core/Src/stm32f1xx_hal_tim_ex.o"
arm-none-eabi-gcc "../Core/Src/stm32f1xx_it.c" -mcpu=cortex-m3 -std=gnu11 -g3 -DDEBUG -DUSE_HAL_DRIVER -DSTM32F103xB -c -I../Core/Inc -I../Drivers/STM32F1xx_HAL_Driver/Inc/Legacy -I../Drivers/STM32F1xx_HAL_Driver/Inc -I../Drivers/CMSIS/Device/ST/STM32F1xx/Include -I../Drivers/CMSIS/Include -I../USB_DEVICE/App -I../USB_DEVICE/Target -I../Middlewares/ST/STM32_USB_Device_Library/Core/Inc -I../Middlewares/ST/STM32_USB_Device_Library/Class/CDC/Inc -O0 -ffunction-sections -fdata-sections -Wall -fstack-usage -fcyclomatic-complexity -MMD -MP -MF"Core/Src/stm32f1xx_it.d" -MT"Core/Src/stm32f1xx_it.o" --specs=nano.specs -mfloat-abi=soft -mthumb -o "Core/Src/stm32f1xx_it.o"
arm-none-eabi-gcc "../Core/Src/syscalls.c" -mcpu=cortex-m3 -std=gnu11 -g3 -DDEBUG -DUSE_HAL_DRIVER -DSTM32F103xB -c -I../Core/Inc -I../Drivers/STM32F1xx_HAL_Driver/Inc/Legacy -I../Drivers/STM32F1xx_HAL_Driver/Inc -I../Drivers/CMSIS/Device/ST/STM32F1xx/Include -I../Drivers/CMSIS/Include -I../USB_DEVICE/App -I../USB_DEVICE/Target -I../Middlewares/ST/STM32_USB_Device_Library/Core/Inc -I../Middlewares/ST/STM32_USB_Device_Library/Class/CDC/Inc -O0 -ffunction-sections -fdata-sections -Wall -fstack-usage -fcyclomatic-complexity -MMD -MP -MF"Core/Src/syscalls.d" -MT"Core/Src/syscalls.o" --specs=nano.specs -mfloat-abi=soft -mthumb -o "Core/Src/syscalls.o"
arm-none-eabi-gcc "../Core/Src/sysmem.c" -mcpu=cortex-m3 -std=gnu11 -g3 -DDEBUG -DUSE_HAL_DRIVER -DSTM32F103xB -c -I../Core/Inc -I../Drivers/STM32F1xx_HAL_Driver/Inc/Legacy -I../Drivers/STM32F1xx_HAL_Driver/Inc -I../Drivers/CMSIS/Device/ST/STM32F1xx/Include -I../Drivers/CMSIS/Include -I../USB_DEVICE/App -I../USB_DEVICE/Target -I../Middlewares/ST/STM32_USB_Device_Library/Core/Inc -I../Middlewares/ST/STM32_USB_Device_Library/Class/CDC/Inc -O0 -ffunction-sections -fdata-sections -Wall -fstack-usage -fcyclomatic-complexity -MMD -MP -MF"Core/Src/sysmem.d" -MT"Core/Src/sysmem.o" --specs=nano.specs -mfloat-abi=soft -mthumb -o "Core/Src/sysmem.o"
arm-none-eabi-gcc "../Core/Src/system_stm32f1xx.c" -mcpu=cortex-m3 -std=gnu11 -g3 -DDEBUG -DUSE_HAL_DRIVER -DSTM32F103xB -c -I../Core/Inc -I../Drivers/STM32F1xx_HAL_Driver/Inc/Legacy -I../Drivers/STM32F1xx_HAL_Driver/Inc -I../Drivers/CMSIS/Device/ST/STM32F1xx/Include -I../Drivers/CMSIS/Include -I../USB_DEVICE/App -I../USB_DEVICE/Target -I../Middlewares/ST/STM32_USB_Device_Library/Core/Inc -I../Middlewares/ST/STM32_USB_Device_Library/Class/CDC/Inc -O0 -ffunction-sections -fdata-sections -Wall -fstack-usage -fcyclomatic-complexity -MMD -MP -MF"Core/Src/system_stm32f1xx.d" -MT"Core/Src/system_stm32f1xx.o" --specs=nano.specs -mfloat-abi=soft -mthumb -o "Core/Src/system_stm32f1xx.o"
arm-none-eabi-gcc -o "Motherboard.elf" @"objects.list"   -mcpu=cortex-m3 -T"C:\STM32\SausageMixer\Motherboard\STM32F103C8TX_FLASH.ld" --specs=nosys.specs -Wl,-Map="Motherboard.map" -Wl,--gc-sections -static --specs=nano.specs -mfloat-abi=soft -mthumb -Wl,--start-group -lc -lm -Wl,--end-group
Finished building target: Motherboard.elf
 
arm-none-eabi-size  Motherboard.elf 
arm-none-eabi-objdump -h -S Motherboard.elf  > "Motherboard.list"
   text	   data	    bss	    dec	    hex	filename
  48916	    380	   6540	  55836	   da1c	Motherboard.elf
Finished building: default.size.stdout
 
Finished building: Motherboard.list
 
08:47:39 **** Incremental Build of configuration Debug for project Motherboard ****
make -j12 all 
arm-none-eabi-gcc "../Core/Src/main.c" -mcpu=cortex-m3 -std=gnu11 -g3 -DDEBUG -DUSE_HAL_DRIVER -DSTM32F103xB -c -I../Core/Inc -I../Drivers/STM32F1xx_HAL_Driver/Inc/Legacy -I../Drivers/STM32F1xx_HAL_Driver/Inc -I../Drivers/CMSIS/Device/ST/STM32F1xx/Include -I../Drivers/CMSIS/Include -I../USB_DEVICE/App -I../USB_DEVICE/Target -I../Middlewares/ST/STM32_USB_Device_Library/Core/Inc -I../Middlewares/ST/STM32_USB_Device_Library/Class/CDC/Inc -O0 -ffunction-sections -fdata-sections -Wall -fstack-usage -fcyclomatic-complexity -MMD -MP -MF"Core/Src/main.d" -MT"Core/Src/main.o" --specs=nano.specs -mfloat-abi=soft -mthumb -o "Core/Src/main.o"
arm-none-eabi-gcc -o "Motherboard.elf" @"objects.list"   -mcpu=cortex-m3 -T"C:\STM32\SausageMixer\Motherboard\STM32F103C8TX_FLASH.ld" --specs=nosys.specs -Wl,-Map="Motherboard.map" -Wl,--gc-sections -static --specs=nano.specs -mfloat-abi=soft -mthumb -Wl,--start-group -lc -lm -Wl,--end-group
Finished building target: Motherboard.elf
 
arm-none-eabi-size  Motherboard.elf 
arm-none-eabi-objdump -h -S Motherboard.elf  > "Motherboard.list"
   text	   data	    bss	    dec	    hex	filename
  49328	    380	   6540	  56248	   dbb8	Motherboard.elf
Finished building: default.size.stdout
 
Finished building: Motherboard.list
 
08:48:34 **** Incremental Build of configuration Debug for project Motherboard ****
make -j12 all 
arm-none-eabi-gcc "../Core/Src/main.c" -mcpu=cortex-m3 -std=gnu11 -g3 -DDEBUG -DUSE_HAL_DRIVER -DSTM32F103xB -c -I../Core/Inc -I../Drivers/STM32F1xx_HAL_Driver/Inc/Legacy -I../Drivers/STM32F1xx_HAL_Driver/Inc -I../Drivers/CMSIS/Device/ST/STM32F1xx/Include -I../Drivers/CMSIS/Include -I../USB_DEVICE/App -I../USB_DEVICE/Target -I../Middlewares/ST/STM32_USB_Device_Library/Core/Inc -I../Middlewares/ST/STM32_USB_Device_Library/Class/CDC/Inc -O0 -ffunction-sections -fdata-sections -Wall -fstack-usage -fcyclomatic-complexity -MMD -MP -MF"Core/Src/main.d" -MT"Core/Src/main.o" --specs=nano.specs -mfloat-abi=soft -mthumb -o "Core/Src/main.o"
arm-none-eabi-gcc -o "Motherboard.elf" @"objects.list"   -mcpu=cortex-m3 -T"C:\STM32\SausageMixer\Motherboard\STM32F103C8TX_FLASH.ld" --specs=nosys.specs -Wl,-Map="Motherboard.map" -Wl,--gc-sections -static --specs=nano.specs -mfloat-abi=soft -mthumb -Wl,--start-group -lc -lm -Wl,--end-group
Finished building target: Motherboard.elf
 
arm-none-eabi-size  Motherboard.elf 
arm-none-eabi-objdump -h -S Motherboard.elf  > "Motherboard.list"
   text	   data	    bss	    dec	    hex	filename
  49304	    380	   6540	  56224	   dba0	Motherboard.elf
Finished building: default.size.stdout
 
Finished building: Motherboard.list
 
08:52:15 **** Incremental Build of configuration Debug for project Motherboard ****
make -j12 all 
arm-none-eabi-gcc "../Core/Src/main.c" -mcpu=cortex-m3 -std=gnu11 -g3 -DDEBUG -DUSE_HAL_DRIVER -DSTM32F103xB -c -I../Core/Inc -I../Drivers/STM32F1xx_HAL_Driver/Inc/Legacy -I../Drivers/STM32F1xx_HAL_Driver/Inc -I../Drivers/CMSIS/Device/ST/STM32F1xx/Include -I../Drivers/CMSIS/Include -I../USB_DEVICE/App -I../USB_DEVICE/Target -I../Middlewares/ST/STM32_USB_Device_Library/Core/Inc -I../Middlewares/ST/STM32_USB_Device_Library/Class/CDC/Inc -O0 -ffunction-sections -fdata-sections -Wall -fstack-usage -fcyclomatic-complexity -MMD -MP -MF"Core/Src/main.d" -MT"Core/Src/main.o" --specs=nano.specs -mfloat-abi=soft -mthumb -o "Core/Src/main.o"
arm-none-eabi-gcc -o "Motherboard.elf" @"objects.list"   -mcpu=cortex-m3 -T"C:\STM32\SausageMixer\Motherboard\STM32F103C8TX_FLASH.ld" --specs=nosys.specs -Wl,-Map="Motherboard.map" -Wl,--gc-sections -static --specs=nano.specs -mfloat-abi=soft -mthumb -Wl,--start-group -lc -lm -Wl,--end-group
Finished building target: Motherboard.elf
 
arm-none-eabi-size  Motherboard.elf 
arm-none-eabi-objdump -h -S Motherboard.elf  > "Motherboard.list"
   text	   data	    bss	    dec	    hex	filename
  49288	    380	   6540	  56208	   db90	Motherboard.elf
Finished building: default.size.stdout
 
Finished building: Motherboard.list
 
08:55:48 **** Incremental Build of configuration Debug for project Motherboard ****
make -j12 all 
arm-none-eabi-gcc "../Core/Src/main.c" -mcpu=cortex-m3 -std=gnu11 -g3 -DDEBUG -DUSE_HAL_DRIVER -DSTM32F103xB -c -I../Core/Inc -I../Drivers/STM32F1xx_HAL_Driver/Inc/Legacy -I../Drivers/STM32F1xx_HAL_Driver/Inc -I../Drivers/CMSIS/Device/ST/STM32F1xx/Include -I../Drivers/CMSIS/Include -I../USB_DEVICE/App -I../USB_DEVICE/Target -I../Middlewares/ST/STM32_USB_Device_Library/Core/Inc -I../Middlewares/ST/STM32_USB_Device_Library/Class/CDC/Inc -O0 -ffunction-sections -fdata-sections -Wall -fstack-usage -fcyclomatic-complexity -MMD -MP -MF"Core/Src/main.d" -MT"Core/Src/main.o" --specs=nano.specs -mfloat-abi=soft -mthumb -o "Core/Src/main.o"
arm-none-eabi-gcc -o "Motherboard.elf" @"objects.list"   -mcpu=cortex-m3 -T"C:\STM32\SausageMixer\Motherboard\STM32F103C8TX_FLASH.ld" --specs=nosys.specs -Wl,-Map="Motherboard.map" -Wl,--gc-sections -static --specs=nano.specs -mfloat-abi=soft -mthumb -Wl,--start-group -lc -lm -Wl,--end-group
Finished building target: Motherboard.elf
 
arm-none-eabi-size  Motherboard.elf 
arm-none-eabi-objdump -h -S Motherboard.elf  > "Motherboard.list"
   text	   data	    bss	    dec	    hex	filename
  49328	    380	   6540	  56248	   dbb8	Motherboard.elf
Finished building: default.size.stdout
 
Finished building: Motherboard.list
 
08:56:13 **** Incremental Build of configuration Debug for project Motherboard ****
make -j12 all 
arm-none-eabi-size  Motherboard.elf 
   text	   data	    bss	    dec	    hex	filename
  49328	    380	   6540	  56248	   dbb8	Motherboard.elf
Finished building: default.size.stdout
 
08:56:41 **** Incremental Build of configuration Debug for project Motherboard ****
make -j12 all 
arm-none-eabi-size  Motherboard.elf 
   text	   data	    bss	    dec	    hex	filename
  49328	    380	   6540	  56248	   dbb8	Motherboard.elf
Finished building: default.size.stdout
 
08:58:49 **** Incremental Build of configuration Debug for project Motherboard ****
make -j12 all 
arm-none-eabi-size  Motherboard.elf 
   text	   data	    bss	    dec	    hex	filename
  49328	    380	   6540	  56248	   dbb8	Motherboard.elf
Finished building: default.size.stdout
 
09:01:47 **** Incremental Build of configuration Debug for project Motherboard ****
make -j12 all 
arm-none-eabi-gcc "../Core/Src/main.c" -mcpu=cortex-m3 -std=gnu11 -g3 -DDEBUG -DUSE_HAL_DRIVER -DSTM32F103xB -c -I../Core/Inc -I../Drivers/STM32F1xx_HAL_Driver/Inc/Legacy -I../Drivers/STM32F1xx_HAL_Driver/Inc -I../Drivers/CMSIS/Device/ST/STM32F1xx/Include -I../Drivers/CMSIS/Include -I../USB_DEVICE/App -I../USB_DEVICE/Target -I../Middlewares/ST/STM32_USB_Device_Library/Core/Inc -I../Middlewares/ST/STM32_USB_Device_Library/Class/CDC/Inc -O0 -ffunction-sections -fdata-sections -Wall -fstack-usage -fcyclomatic-complexity -MMD -MP -MF"Core/Src/main.d" -MT"Core/Src/main.o" --specs=nano.specs -mfloat-abi=soft -mthumb -o "Core/Src/main.o"
arm-none-eabi-gcc -o "Motherboard.elf" @"objects.list"   -mcpu=cortex-m3 -T"C:\STM32\SausageMixer\Motherboard\STM32F103C8TX_FLASH.ld" --specs=nosys.specs -Wl,-Map="Motherboard.map" -Wl,--gc-sections -static --specs=nano.specs -mfloat-abi=soft -mthumb -Wl,--start-group -lc -lm -Wl,--end-group
Finished building target: Motherboard.elf
 
arm-none-eabi-size  Motherboard.elf 
arm-none-eabi-objdump -h -S Motherboard.elf  > "Motherboard.list"
   text	   data	    bss	    dec	    hex	filename
  49328	    380	   6540	  56248	   dbb8	Motherboard.elf
Finished building: default.size.stdout
 
Finished building: Motherboard.list
 
09:02:10 **** Incremental Build of configuration Debug for project Motherboard ****
make -j12 all 
arm-none-eabi-size  Motherboard.elf 
   text	   data	    bss	    dec	    hex	filename
  49328	    380	   6540	  56248	   dbb8	Motherboard.elf
Finished building: default.size.stdout
 
09:04:41 **** Incremental Build of configuration Debug for project Motherboard ****
make -j12 all 
arm-none-eabi-gcc "../Core/Src/main.c" -mcpu=cortex-m3 -std=gnu11 -g3 -DDEBUG -DUSE_HAL_DRIVER -DSTM32F103xB -c -I../Core/Inc -I../Drivers/STM32F1xx_HAL_Driver/Inc/Legacy -I../Drivers/STM32F1xx_HAL_Driver/Inc -I../Drivers/CMSIS/Device/ST/STM32F1xx/Include -I../Drivers/CMSIS/Include -I../USB_DEVICE/App -I../USB_DEVICE/Target -I../Middlewares/ST/STM32_USB_Device_Library/Core/Inc -I../Middlewares/ST/STM32_USB_Device_Library/Class/CDC/Inc -O0 -ffunction-sections -fdata-sections -Wall -fstack-usage -fcyclomatic-complexity -MMD -MP -MF"Core/Src/main.d" -MT"Core/Src/main.o" --specs=nano.specs -mfloat-abi=soft -mthumb -o "Core/Src/main.o"
arm-none-eabi-gcc -o "Motherboard.elf" @"objects.list"   -mcpu=cortex-m3 -T"C:\STM32\SausageMixer\Motherboard\STM32F103C8TX_FLASH.ld" --specs=nosys.specs -Wl,-Map="Motherboard.map" -Wl,--gc-sections -static --specs=nano.specs -mfloat-abi=soft -mthumb -Wl,--start-group -lc -lm -Wl,--end-group
Finished building target: Motherboard.elf
 
arm-none-eabi-size  Motherboard.elf 
arm-none-eabi-objdump -h -S Motherboard.elf  > "Motherboard.list"
   text	   data	    bss	    dec	    hex	filename
  49328	    380	   6540	  56248	   dbb8	Motherboard.elf
Finished building: default.size.stdout
 
Finished building: Motherboard.list
 
09:05:08 **** Incremental Build of configuration Debug for project Motherboard ****
make -j12 all 
arm-none-eabi-size  Motherboard.elf 
   text	   data	    bss	    dec	    hex	filename
  49328	    380	   6540	  56248	   dbb8	Motherboard.elf
Finished building: default.size.stdout
 
09:07:29 **** Incremental Build of configuration Debug for project Motherboard ****
make -j12 all 
arm-none-eabi-gcc "../Core/Src/main.c" -mcpu=cortex-m3 -std=gnu11 -g3 -DDEBUG -DUSE_HAL_DRIVER -DSTM32F103xB -c -I../Core/Inc -I../Drivers/STM32F1xx_HAL_Driver/Inc/Legacy -I../Drivers/STM32F1xx_HAL_Driver/Inc -I../Drivers/CMSIS/Device/ST/STM32F1xx/Include -I../Drivers/CMSIS/Include -I../USB_DEVICE/App -I../USB_DEVICE/Target -I../Middlewares/ST/STM32_USB_Device_Library/Core/Inc -I../Middlewares/ST/STM32_USB_Device_Library/Class/CDC/Inc -O0 -ffunction-sections -fdata-sections -Wall -fstack-usage -fcyclomatic-complexity -MMD -MP -MF"Core/Src/main.d" -MT"Core/Src/main.o" --specs=nano.specs -mfloat-abi=soft -mthumb -o "Core/Src/main.o"
arm-none-eabi-gcc -o "Motherboard.elf" @"objects.list"   -mcpu=cortex-m3 -T"C:\STM32\SausageMixer\Motherboard\STM32F103C8TX_FLASH.ld" --specs=nosys.specs -Wl,-Map="Motherboard.map" -Wl,--gc-sections -static --specs=nano.specs -mfloat-abi=soft -mthumb -Wl,--start-group -lc -lm -Wl,--end-group
Finished building target: Motherboard.elf
 
arm-none-eabi-size  Motherboard.elf 
arm-none-eabi-objdump -h -S Motherboard.elf  > "Motherboard.list"
   text	   data	    bss	    dec	    hex	filename
  49328	    380	   6540	  56248	   dbb8	Motherboard.elf
Finished building: default.size.stdout
 
Finished building: Motherboard.list
 
09:07:55 **** Incremental Build of configuration Debug for project Motherboard ****
make -j12 all 
arm-none-eabi-size  Motherboard.elf 
   text	   data	    bss	    dec	    hex	filename
  49328	    380	   6540	  56248	   dbb8	Motherboard.elf
Finished building: default.size.stdout
 
09:10:38 **** Incremental Build of configuration Debug for project Motherboard ****
make -j12 all 
arm-none-eabi-gcc "../Core/Src/main.c" -mcpu=cortex-m3 -std=gnu11 -g3 -DDEBUG -DUSE_HAL_DRIVER -DSTM32F103xB -c -I../Core/Inc -I../Drivers/STM32F1xx_HAL_Driver/Inc/Legacy -I../Drivers/STM32F1xx_HAL_Driver/Inc -I../Drivers/CMSIS/Device/ST/STM32F1xx/Include -I../Drivers/CMSIS/Include -I../USB_DEVICE/App -I../USB_DEVICE/Target -I../Middlewares/ST/STM32_USB_Device_Library/Core/Inc -I../Middlewares/ST/STM32_USB_Device_Library/Class/CDC/Inc -O0 -ffunction-sections -fdata-sections -Wall -fstack-usage -fcyclomatic-complexity -MMD -MP -MF"Core/Src/main.d" -MT"Core/Src/main.o" --specs=nano.specs -mfloat-abi=soft -mthumb -o "Core/Src/main.o"
arm-none-eabi-gcc -o "Motherboard.elf" @"objects.list"   -mcpu=cortex-m3 -T"C:\STM32\SausageMixer\Motherboard\STM32F103C8TX_FLASH.ld" --specs=nosys.specs -Wl,-Map="Motherboard.map" -Wl,--gc-sections -static --specs=nano.specs -mfloat-abi=soft -mthumb -Wl,--start-group -lc -lm -Wl,--end-group
Finished building target: Motherboard.elf
 
arm-none-eabi-size  Motherboard.elf 
arm-none-eabi-objdump -h -S Motherboard.elf  > "Motherboard.list"
   text	   data	    bss	    dec	    hex	filename
  49676	    380	   6540	  56596	   dd14	Motherboard.elf
Finished building: default.size.stdout
 
Finished building: Motherboard.list
 
09:23:30 **** Incremental Build of configuration Debug for project Motherboard ****
make -j12 all 
arm-none-eabi-gcc "../Core/Src/main.c" -mcpu=cortex-m3 -std=gnu11 -g3 -DDEBUG -DUSE_HAL_DRIVER -DSTM32F103xB -c -I../Core/Inc -I../Drivers/STM32F1xx_HAL_Driver/Inc/Legacy -I../Drivers/STM32F1xx_HAL_Driver/Inc -I../Drivers/CMSIS/Device/ST/STM32F1xx/Include -I../Drivers/CMSIS/Include -I../USB_DEVICE/App -I../USB_DEVICE/Target -I../Middlewares/ST/STM32_USB_Device_Library/Core/Inc -I../Middlewares/ST/STM32_USB_Device_Library/Class/CDC/Inc -O0 -ffunction-sections -fdata-sections -Wall -fstack-usage -fcyclomatic-complexity -MMD -MP -MF"Core/Src/main.d" -MT"Core/Src/main.o" --specs=nano.specs -mfloat-abi=soft -mthumb -o "Core/Src/main.o"
arm-none-eabi-gcc -o "Motherboard.elf" @"objects.list"   -mcpu=cortex-m3 -T"C:\STM32\SausageMixer\Motherboard\STM32F103C8TX_FLASH.ld" --specs=nosys.specs -Wl,-Map="Motherboard.map" -Wl,--gc-sections -static --specs=nano.specs -mfloat-abi=soft -mthumb -Wl,--start-group -lc -lm -Wl,--end-group
Finished building target: Motherboard.elf
 
arm-none-eabi-size  Motherboard.elf 
arm-none-eabi-objdump -h -S Motherboard.elf  > "Motherboard.list"
   text	   data	    bss	    dec	    hex	filename
  49676	    380	   6540	  56596	   dd14	Motherboard.elf
Finished building: default.size.stdout
 
Finished building: Motherboard.list
 
09:25:27 **** Incremental Build of configuration Debug for project Keyboard ****
make -j12 all 
arm-none-eabi-size  Keyboard.elf 
   text	   data	    bss	    dec	    hex	filename
   8580	     12	   1684	  10276	   2824	Keyboard.elf
Finished building: default.size.stdout
 
09:25:27 **** Incremental Build of configuration Debug for project Motherboard ****
make -j12 all 
arm-none-eabi-gcc "../Core/Src/main.c" -mcpu=cortex-m3 -std=gnu11 -g3 -DDEBUG -DUSE_HAL_DRIVER -DSTM32F103xB -c -I../Core/Inc -I../Drivers/STM32F1xx_HAL_Driver/Inc/Legacy -I../Drivers/STM32F1xx_HAL_Driver/Inc -I../Drivers/CMSIS/Device/ST/STM32F1xx/Include -I../Drivers/CMSIS/Include -I../USB_DEVICE/App -I../USB_DEVICE/Target -I../Middlewares/ST/STM32_USB_Device_Library/Core/Inc -I../Middlewares/ST/STM32_USB_Device_Library/Class/CDC/Inc -O0 -ffunction-sections -fdata-sections -Wall -fstack-usage -fcyclomatic-complexity -MMD -MP -MF"Core/Src/main.d" -MT"Core/Src/main.o" --specs=nano.specs -mfloat-abi=soft -mthumb -o "Core/Src/main.o"
../Core/Src/main.c:500:13: warning: 'MX_TIM2_Init' defined but not used [-Wunused-function]
  500 | static void MX_TIM2_Init(void)
      |             ^~~~~~~~~~~~
arm-none-eabi-gcc -o "Motherboard.elf" @"objects.list"   -mcpu=cortex-m3 -T"C:\STM32\SausageMixer\Motherboard\STM32F103C8TX_FLASH.ld" --specs=nosys.specs -Wl,-Map="Motherboard.map" -Wl,--gc-sections -static --specs=nano.specs -mfloat-abi=soft -mthumb -Wl,--start-group -lc -lm -Wl,--end-group
Finished building target: Motherboard.elf
 
arm-none-eabi-size  Motherboard.elf 
arm-none-eabi-objdump -h -S Motherboard.elf  > "Motherboard.list"
   text	   data	    bss	    dec	    hex	filename
  47784	    380	   6540	  54704	   d5b0	Motherboard.elf
Finished building: default.size.stdout
 
Finished building: Motherboard.list
 
09:27:31 **** Incremental Build of configuration Debug for project Motherboard ****
make -j12 all 
arm-none-eabi-gcc "../Core/Src/main.c" -mcpu=cortex-m3 -std=gnu11 -g3 -DDEBUG -DUSE_HAL_DRIVER -DSTM32F103xB -c -I../Core/Inc -I../Drivers/STM32F1xx_HAL_Driver/Inc/Legacy -I../Drivers/STM32F1xx_HAL_Driver/Inc -I../Drivers/CMSIS/Device/ST/STM32F1xx/Include -I../Drivers/CMSIS/Include -I../USB_DEVICE/App -I../USB_DEVICE/Target -I../Middlewares/ST/STM32_USB_Device_Library/Core/Inc -I../Middlewares/ST/STM32_USB_Device_Library/Class/CDC/Inc -O0 -ffunction-sections -fdata-sections -Wall -fstack-usage -fcyclomatic-complexity -MMD -MP -MF"Core/Src/main.d" -MT"Core/Src/main.o" --specs=nano.specs -mfloat-abi=soft -mthumb -o "Core/Src/main.o"
../Core/Src/main.c: In function 'main':
../Core/Src/main.c:134:62: error: 'SRV_PULSE_CTRL_Pin' undeclared (first use in this function); did you mean 'SRV_PULS_CTRL_Pin'?
  134 |                   HAL_GPIO_WritePin(SRV_PULS_CTRL_GPIO_Port, SRV_PULSE_CTRL_Pin, GPIO_PIN_SET);
      |                                                              ^~~~~~~~~~~~~~~~~~
      |                                                              SRV_PULS_CTRL_Pin
../Core/Src/main.c:134:62: note: each undeclared identifier is reported only once for each function it appears in
../Core/Src/main.c: At top level:
../Core/Src/main.c:504:13: warning: 'MX_TIM2_Init' defined but not used [-Wunused-function]
  504 | static void MX_TIM2_Init(void)
      |             ^~~~~~~~~~~~
make: *** [Core/Src/subdir.mk:46: Core/Src/main.o] Error 1
"make -j12 all" terminated with exit code 2. Build might be incomplete.
09:27:45 **** Incremental Build of configuration Debug for project Keyboard ****
make -j12 all 
arm-none-eabi-size  Keyboard.elf 
   text	   data	    bss	    dec	    hex	filename
   8580	     12	   1684	  10276	   2824	Keyboard.elf
Finished building: default.size.stdout
 
09:27:45 **** Incremental Build of configuration Debug for project Motherboard ****
make -j12 all 
arm-none-eabi-gcc "../Core/Src/main.c" -mcpu=cortex-m3 -std=gnu11 -g3 -DDEBUG -DUSE_HAL_DRIVER -DSTM32F103xB -c -I../Core/Inc -I../Drivers/STM32F1xx_HAL_Driver/Inc/Legacy -I../Drivers/STM32F1xx_HAL_Driver/Inc -I../Drivers/CMSIS/Device/ST/STM32F1xx/Include -I../Drivers/CMSIS/Include -I../USB_DEVICE/App -I../USB_DEVICE/Target -I../Middlewares/ST/STM32_USB_Device_Library/Core/Inc -I../Middlewares/ST/STM32_USB_Device_Library/Class/CDC/Inc -O0 -ffunction-sections -fdata-sections -Wall -fstack-usage -fcyclomatic-complexity -MMD -MP -MF"Core/Src/main.d" -MT"Core/Src/main.o" --specs=nano.specs -mfloat-abi=soft -mthumb -o "Core/Src/main.o"
../Core/Src/main.c: In function 'main':
../Core/Src/main.c:136:62: error: 'SRV_PULSE_CTRL_Pin' undeclared (first use in this function); did you mean 'SRV_PULS_CTRL_Pin'?
  136 |                   HAL_GPIO_WritePin(SRV_PULS_CTRL_GPIO_Port, SRV_PULSE_CTRL_Pin, GPIO_PIN_RESET);
      |                                                              ^~~~~~~~~~~~~~~~~~
      |                                                              SRV_PULS_CTRL_Pin
../Core/Src/main.c:136:62: note: each undeclared identifier is reported only once for each function it appears in
../Core/Src/main.c: At top level:
../Core/Src/main.c:504:13: warning: 'MX_TIM2_Init' defined but not used [-Wunused-function]
  504 | static void MX_TIM2_Init(void)
      |             ^~~~~~~~~~~~
make: *** [Core/Src/subdir.mk:46: Core/Src/main.o] Error 1
"make -j12 all" terminated with exit code 2. Build might be incomplete.
09:27:56 **** Incremental Build of configuration Debug for project Motherboard ****
make -j12 all 
arm-none-eabi-gcc "../Core/Src/main.c" -mcpu=cortex-m3 -std=gnu11 -g3 -DDEBUG -DUSE_HAL_DRIVER -DSTM32F103xB -c -I../Core/Inc -I../Drivers/STM32F1xx_HAL_Driver/Inc/Legacy -I../Drivers/STM32F1xx_HAL_Driver/Inc -I../Drivers/CMSIS/Device/ST/STM32F1xx/Include -I../Drivers/CMSIS/Include -I../USB_DEVICE/App -I../USB_DEVICE/Target -I../Middlewares/ST/STM32_USB_Device_Library/Core/Inc -I../Middlewares/ST/STM32_USB_Device_Library/Class/CDC/Inc -O0 -ffunction-sections -fdata-sections -Wall -fstack-usage -fcyclomatic-complexity -MMD -MP -MF"Core/Src/main.d" -MT"Core/Src/main.o" --specs=nano.specs -mfloat-abi=soft -mthumb -o "Core/Src/main.o"
../Core/Src/main.c:504:13: warning: 'MX_TIM2_Init' defined but not used [-Wunused-function]
  504 | static void MX_TIM2_Init(void)
      |             ^~~~~~~~~~~~
arm-none-eabi-gcc -o "Motherboard.elf" @"objects.list"   -mcpu=cortex-m3 -T"C:\STM32\SausageMixer\Motherboard\STM32F103C8TX_FLASH.ld" --specs=nosys.specs -Wl,-Map="Motherboard.map" -Wl,--gc-sections -static --specs=nano.specs -mfloat-abi=soft -mthumb -Wl,--start-group -lc -lm -Wl,--end-group
Finished building target: Motherboard.elf
 
arm-none-eabi-size  Motherboard.elf 
arm-none-eabi-objdump -h -S Motherboard.elf  > "Motherboard.list"
   text	   data	    bss	    dec	    hex	filename
  47060	    380	   6468	  53908	   d294	Motherboard.elf
Finished building: default.size.stdout
 
Finished building: Motherboard.list
 
09:28:26 **** Incremental Build of configuration Debug for project Motherboard ****
make -j12 all 
arm-none-eabi-size  Motherboard.elf 
   text	   data	    bss	    dec	    hex	filename
  47060	    380	   6468	  53908	   d294	Motherboard.elf
Finished building: default.size.stdout
 
09:29:12 **** Incremental Build of configuration Debug for project Motherboard ****
make -j12 all 
arm-none-eabi-size  Motherboard.elf 
   text	   data	    bss	    dec	    hex	filename
  47060	    380	   6468	  53908	   d294	Motherboard.elf
Finished building: default.size.stdout
 
09:30:46 **** Incremental Build of configuration Debug for project Motherboard ****
make -j12 all 
arm-none-eabi-gcc "../Core/Src/main.c" -mcpu=cortex-m3 -std=gnu11 -g3 -DDEBUG -DUSE_HAL_DRIVER -DSTM32F103xB -c -I../Core/Inc -I../Drivers/STM32F1xx_HAL_Driver/Inc/Legacy -I../Drivers/STM32F1xx_HAL_Driver/Inc -I../Drivers/CMSIS/Device/ST/STM32F1xx/Include -I../Drivers/CMSIS/Include -I../USB_DEVICE/App -I../USB_DEVICE/Target -I../Middlewares/ST/STM32_USB_Device_Library/Core/Inc -I../Middlewares/ST/STM32_USB_Device_Library/Class/CDC/Inc -O0 -ffunction-sections -fdata-sections -Wall -fstack-usage -fcyclomatic-complexity -MMD -MP -MF"Core/Src/main.d" -MT"Core/Src/main.o" --specs=nano.specs -mfloat-abi=soft -mthumb -o "Core/Src/main.o"
../Core/Src/main.c:504:13: warning: 'MX_TIM2_Init' defined but not used [-Wunused-function]
  504 | static void MX_TIM2_Init(void)
      |             ^~~~~~~~~~~~
arm-none-eabi-gcc -o "Motherboard.elf" @"objects.list"   -mcpu=cortex-m3 -T"C:\STM32\SausageMixer\Motherboard\STM32F103C8TX_FLASH.ld" --specs=nosys.specs -Wl,-Map="Motherboard.map" -Wl,--gc-sections -static --specs=nano.specs -mfloat-abi=soft -mthumb -Wl,--start-group -lc -lm -Wl,--end-group
Finished building target: Motherboard.elf
 
arm-none-eabi-size  Motherboard.elf 
arm-none-eabi-objdump -h -S Motherboard.elf  > "Motherboard.list"
   text	   data	    bss	    dec	    hex	filename
  47024	    380	   6468	  53872	   d270	Motherboard.elf
Finished building: default.size.stdout
 
Finished building: Motherboard.list
 
09:35:39 **** Incremental Build of configuration Debug for project Motherboard ****
make -j12 all 
arm-none-eabi-gcc "../Core/Src/main.c" -mcpu=cortex-m3 -std=gnu11 -g3 -DDEBUG -DUSE_HAL_DRIVER -DSTM32F103xB -c -I../Core/Inc -I../Drivers/STM32F1xx_HAL_Driver/Inc/Legacy -I../Drivers/STM32F1xx_HAL_Driver/Inc -I../Drivers/CMSIS/Device/ST/STM32F1xx/Include -I../Drivers/CMSIS/Include -I../USB_DEVICE/App -I../USB_DEVICE/Target -I../Middlewares/ST/STM32_USB_Device_Library/Core/Inc -I../Middlewares/ST/STM32_USB_Device_Library/Class/CDC/Inc -O0 -ffunction-sections -fdata-sections -Wall -fstack-usage -fcyclomatic-complexity -MMD -MP -MF"Core/Src/main.d" -MT"Core/Src/main.o" --specs=nano.specs -mfloat-abi=soft -mthumb -o "Core/Src/main.o"
../Core/Src/main.c:26:13: warning: 'MX_TIM2_Init' declared 'static' but never defined [-Wunused-function]
   26 | static void MX_TIM2_Init(void);
      |             ^~~~~~~~~~~~
arm-none-eabi-gcc -o "Motherboard.elf" @"objects.list"   -mcpu=cortex-m3 -T"C:\STM32\SausageMixer\Motherboard\STM32F103C8TX_FLASH.ld" --specs=nosys.specs -Wl,-Map="Motherboard.map" -Wl,--gc-sections -static --specs=nano.specs -mfloat-abi=soft -mthumb -Wl,--start-group -lc -lm -Wl,--end-group
Finished building target: Motherboard.elf
 
arm-none-eabi-size  Motherboard.elf 
arm-none-eabi-objdump -h -S Motherboard.elf  > "Motherboard.list"
   text	   data	    bss	    dec	    hex	filename
  47024	    380	   6468	  53872	   d270	Motherboard.elf
Finished building: default.size.stdout
 
Finished building: Motherboard.list
 
09:37:05 **** Incremental Build of configuration Debug for project Motherboard ****
make -j12 all 
arm-none-eabi-size  Motherboard.elf 
   text	   data	    bss	    dec	    hex	filename
  47024	    380	   6468	  53872	   d270	Motherboard.elf
Finished building: default.size.stdout
 
09:37:50 **** Incremental Build of configuration Debug for project Motherboard ****
make -j12 all 
arm-none-eabi-size  Motherboard.elf 
   text	   data	    bss	    dec	    hex	filename
  47024	    380	   6468	  53872	   d270	Motherboard.elf
Finished building: default.size.stdout
 
09:41:42 **** Incremental Build of configuration Debug for project Motherboard ****
make -j12 all 
arm-none-eabi-size  Motherboard.elf 
   text	   data	    bss	    dec	    hex	filename
  47024	    380	   6468	  53872	   d270	Motherboard.elf
Finished building: default.size.stdout
 
09:43:41 **** Incremental Build of configuration Debug for project Motherboard ****
make -j12 all 
arm-none-eabi-gcc "../Core/Src/main.c" -mcpu=cortex-m3 -std=gnu11 -g3 -DDEBUG -DUSE_HAL_DRIVER -DSTM32F103xB -c -I../Core/Inc -I../Drivers/STM32F1xx_HAL_Driver/Inc/Legacy -I../Drivers/STM32F1xx_HAL_Driver/Inc -I../Drivers/CMSIS/Device/ST/STM32F1xx/Include -I../Drivers/CMSIS/Include -I../USB_DEVICE/App -I../USB_DEVICE/Target -I../Middlewares/ST/STM32_USB_Device_Library/Core/Inc -I../Middlewares/ST/STM32_USB_Device_Library/Class/CDC/Inc -O0 -ffunction-sections -fdata-sections -Wall -fstack-usage -fcyclomatic-complexity -MMD -MP -MF"Core/Src/main.d" -MT"Core/Src/main.o" --specs=nano.specs -mfloat-abi=soft -mthumb -o "Core/Src/main.o"
../Core/Src/main.c:26:13: warning: 'MX_TIM2_Init' declared 'static' but never defined [-Wunused-function]
   26 | static void MX_TIM2_Init(void);
      |             ^~~~~~~~~~~~
arm-none-eabi-gcc -o "Motherboard.elf" @"objects.list"   -mcpu=cortex-m3 -T"C:\STM32\SausageMixer\Motherboard\STM32F103C8TX_FLASH.ld" --specs=nosys.specs -Wl,-Map="Motherboard.map" -Wl,--gc-sections -static --specs=nano.specs -mfloat-abi=soft -mthumb -Wl,--start-group -lc -lm -Wl,--end-group
Finished building target: Motherboard.elf
 
arm-none-eabi-size  Motherboard.elf 
arm-none-eabi-objdump -h -S Motherboard.elf  > "Motherboard.list"
   text	   data	    bss	    dec	    hex	filename
  47060	    380	   6468	  53908	   d294	Motherboard.elf
Finished building: default.size.stdout
 
Finished building: Motherboard.list
 
09:44:25 **** Incremental Build of configuration Debug for project Motherboard ****
make -j12 all 
arm-none-eabi-size  Motherboard.elf 
   text	   data	    bss	    dec	    hex	filename
  47060	    380	   6468	  53908	   d294	Motherboard.elf
Finished building: default.size.stdout
 
09:45:45 **** Incremental Build of configuration Debug for project Motherboard ****
make -j12 all 
arm-none-eabi-gcc "../Core/Src/main.c" -mcpu=cortex-m3 -std=gnu11 -g3 -DDEBUG -DUSE_HAL_DRIVER -DSTM32F103xB -c -I../Core/Inc -I../Drivers/STM32F1xx_HAL_Driver/Inc/Legacy -I../Drivers/STM32F1xx_HAL_Driver/Inc -I../Drivers/CMSIS/Device/ST/STM32F1xx/Include -I../Drivers/CMSIS/Include -I../USB_DEVICE/App -I../USB_DEVICE/Target -I../Middlewares/ST/STM32_USB_Device_Library/Core/Inc -I../Middlewares/ST/STM32_USB_Device_Library/Class/CDC/Inc -O0 -ffunction-sections -fdata-sections -Wall -fstack-usage -fcyclomatic-complexity -MMD -MP -MF"Core/Src/main.d" -MT"Core/Src/main.o" --specs=nano.specs -mfloat-abi=soft -mthumb -o "Core/Src/main.o"
../Core/Src/main.c:26:13: warning: 'MX_TIM2_Init' declared 'static' but never defined [-Wunused-function]
   26 | static void MX_TIM2_Init(void);
      |             ^~~~~~~~~~~~
arm-none-eabi-gcc -o "Motherboard.elf" @"objects.list"   -mcpu=cortex-m3 -T"C:\STM32\SausageMixer\Motherboard\STM32F103C8TX_FLASH.ld" --specs=nosys.specs -Wl,-Map="Motherboard.map" -Wl,--gc-sections -static --specs=nano.specs -mfloat-abi=soft -mthumb -Wl,--start-group -lc -lm -Wl,--end-group
Finished building target: Motherboard.elf
 
arm-none-eabi-size  Motherboard.elf 
arm-none-eabi-objdump -h -S Motherboard.elf  > "Motherboard.list"
   text	   data	    bss	    dec	    hex	filename
  47060	    380	   6468	  53908	   d294	Motherboard.elf
Finished building: default.size.stdout
 
Finished building: Motherboard.list
 
10:35:45 **** Incremental Build of configuration Debug for project Keyboard ****
make -j12 all 
arm-none-eabi-size  Keyboard.elf 
   text	   data	    bss	    dec	    hex	filename
   8580	     12	   1684	  10276	   2824	Keyboard.elf
Finished building: default.size.stdout
 
10:35:45 **** Incremental Build of configuration Debug for project Motherboard ****
make -j12 all 
arm-none-eabi-gcc "../Core/Src/main.c" -mcpu=cortex-m3 -std=gnu11 -g3 -DDEBUG -DUSE_HAL_DRIVER -DSTM32F103xB -c -I../Core/Inc -I../Drivers/STM32F1xx_HAL_Driver/Inc/Legacy -I../Drivers/STM32F1xx_HAL_Driver/Inc -I../Drivers/CMSIS/Device/ST/STM32F1xx/Include -I../Drivers/CMSIS/Include -I../USB_DEVICE/App -I../USB_DEVICE/Target -I../Middlewares/ST/STM32_USB_Device_Library/Core/Inc -I../Middlewares/ST/STM32_USB_Device_Library/Class/CDC/Inc -O0 -ffunction-sections -fdata-sections -Wall -fstack-usage -fcyclomatic-complexity -MMD -MP -MF"Core/Src/main.d" -MT"Core/Src/main.o" --specs=nano.specs -mfloat-abi=soft -mthumb -o "Core/Src/main.o"
../Core/Src/main.c: In function 'main':
../Core/Src/main.c:108:3: error: expected expression before 'while'
  108 |   while (1)
      |   ^~~~~
make: *** [Core/Src/subdir.mk:46: Core/Src/main.o] Error 1
"make -j12 all" terminated with exit code 2. Build might be incomplete.
10:35:53 **** Incremental Build of configuration Debug for project Keyboard ****
make -j12 all 
arm-none-eabi-size  Keyboard.elf 
   text	   data	    bss	    dec	    hex	filename
   8580	     12	   1684	  10276	   2824	Keyboard.elf
Finished building: default.size.stdout
 
10:35:54 **** Incremental Build of configuration Debug for project Motherboard ****
make -j12 all 
arm-none-eabi-gcc "../Core/Src/main.c" -mcpu=cortex-m3 -std=gnu11 -g3 -DDEBUG -DUSE_HAL_DRIVER -DSTM32F103xB -c -I../Core/Inc -I../Drivers/STM32F1xx_HAL_Driver/Inc/Legacy -I../Drivers/STM32F1xx_HAL_Driver/Inc -I../Drivers/CMSIS/Device/ST/STM32F1xx/Include -I../Drivers/CMSIS/Include -I../USB_DEVICE/App -I../USB_DEVICE/Target -I../Middlewares/ST/STM32_USB_Device_Library/Core/Inc -I../Middlewares/ST/STM32_USB_Device_Library/Class/CDC/Inc -O0 -ffunction-sections -fdata-sections -Wall -fstack-usage -fcyclomatic-complexity -MMD -MP -MF"Core/Src/main.d" -MT"Core/Src/main.o" --specs=nano.specs -mfloat-abi=soft -mthumb -o "Core/Src/main.o"
arm-none-eabi-gcc -o "Motherboard.elf" @"objects.list"   -mcpu=cortex-m3 -T"C:\STM32\SausageMixer\Motherboard\STM32F103C8TX_FLASH.ld" --specs=nosys.specs -Wl,-Map="Motherboard.map" -Wl,--gc-sections -static --specs=nano.specs -mfloat-abi=soft -mthumb -Wl,--start-group -lc -lm -Wl,--end-group
Finished building target: Motherboard.elf
 
arm-none-eabi-size  Motherboard.elf 
arm-none-eabi-objdump -h -S Motherboard.elf  > "Motherboard.list"
   text	   data	    bss	    dec	    hex	filename
  49676	    380	   6540	  56596	   dd14	Motherboard.elf
Finished building: default.size.stdout
 
Finished building: Motherboard.list
 
10:36:31 **** Incremental Build of configuration Debug for project Motherboard ****
make -j12 all 
arm-none-eabi-size  Motherboard.elf 
   text	   data	    bss	    dec	    hex	filename
  49676	    380	   6540	  56596	   dd14	Motherboard.elf
Finished building: default.size.stdout
 
10:36:57 **** Incremental Build of configuration Debug for project Motherboard ****
make -j12 all 
arm-none-eabi-size  Motherboard.elf 
   text	   data	    bss	    dec	    hex	filename
  49676	    380	   6540	  56596	   dd14	Motherboard.elf
Finished building: default.size.stdout
 
10:37:18 **** Incremental Build of configuration Debug for project Motherboard ****
make -j12 all 
arm-none-eabi-size  Motherboard.elf 
   text	   data	    bss	    dec	    hex	filename
  49676	    380	   6540	  56596	   dd14	Motherboard.elf
Finished building: default.size.stdout
 
10:38:05 **** Incremental Build of configuration Debug for project Motherboard ****
make -j12 all 
arm-none-eabi-size  Motherboard.elf 
   text	   data	    bss	    dec	    hex	filename
  49676	    380	   6540	  56596	   dd14	Motherboard.elf
Finished building: default.size.stdout
 
10:39:48 **** Incremental Build of configuration Debug for project Motherboard ****
make -j12 all 
arm-none-eabi-gcc "../Core/Src/main.c" -mcpu=cortex-m3 -std=gnu11 -g3 -DDEBUG -DUSE_HAL_DRIVER -DSTM32F103xB -c -I../Core/Inc -I../Drivers/STM32F1xx_HAL_Driver/Inc/Legacy -I../Drivers/STM32F1xx_HAL_Driver/Inc -I../Drivers/CMSIS/Device/ST/STM32F1xx/Include -I../Drivers/CMSIS/Include -I../USB_DEVICE/App -I../USB_DEVICE/Target -I../Middlewares/ST/STM32_USB_Device_Library/Core/Inc -I../Middlewares/ST/STM32_USB_Device_Library/Class/CDC/Inc -O0 -ffunction-sections -fdata-sections -Wall -fstack-usage -fcyclomatic-complexity -MMD -MP -MF"Core/Src/main.d" -MT"Core/Src/main.o" --specs=nano.specs -mfloat-abi=soft -mthumb -o "Core/Src/main.o"
arm-none-eabi-gcc -o "Motherboard.elf" @"objects.list"   -mcpu=cortex-m3 -T"C:\STM32\SausageMixer\Motherboard\STM32F103C8TX_FLASH.ld" --specs=nosys.specs -Wl,-Map="Motherboard.map" -Wl,--gc-sections -static --specs=nano.specs -mfloat-abi=soft -mthumb -Wl,--start-group -lc -lm -Wl,--end-group
Finished building target: Motherboard.elf
 
arm-none-eabi-size  Motherboard.elf 
arm-none-eabi-objdump -h -S Motherboard.elf  > "Motherboard.list"
   text	   data	    bss	    dec	    hex	filename
  49676	    380	   6540	  56596	   dd14	Motherboard.elf
Finished building: default.size.stdout
 
Finished building: Motherboard.list
 
10:40:08 **** Incremental Build of configuration Debug for project Motherboard ****
make -j12 all 
arm-none-eabi-size  Motherboard.elf 
   text	   data	    bss	    dec	    hex	filename
  49676	    380	   6540	  56596	   dd14	Motherboard.elf
Finished building: default.size.stdout
 
10:40:24 **** Incremental Build of configuration Debug for project Motherboard ****
make -j12 all 
arm-none-eabi-size  Motherboard.elf 
   text	   data	    bss	    dec	    hex	filename
  49676	    380	   6540	  56596	   dd14	Motherboard.elf
Finished building: default.size.stdout
 
10:40:50 **** Incremental Build of configuration Debug for project Motherboard ****
make -j12 all 
arm-none-eabi-size  Motherboard.elf 
   text	   data	    bss	    dec	    hex	filename
  49676	    380	   6540	  56596	   dd14	Motherboard.elf
Finished building: default.size.stdout
 
10:41:09 **** Incremental Build of configuration Debug for project Motherboard ****
make -j12 all 
arm-none-eabi-size  Motherboard.elf 
   text	   data	    bss	    dec	    hex	filename
  49676	    380	   6540	  56596	   dd14	Motherboard.elf
Finished building: default.size.stdout
 
10:41:30 **** Incremental Build of configuration Debug for project Motherboard ****
make -j12 all 
arm-none-eabi-size  Motherboard.elf 
   text	   data	    bss	    dec	    hex	filename
  49676	    380	   6540	  56596	   dd14	Motherboard.elf
Finished building: default.size.stdout
 
10:41:59 **** Incremental Build of configuration Debug for project Motherboard ****
make -j12 all 
arm-none-eabi-size  Motherboard.elf 
   text	   data	    bss	    dec	    hex	filename
  49676	    380	   6540	  56596	   dd14	Motherboard.elf
Finished building: default.size.stdout
 
10:42:20 **** Incremental Build of configuration Debug for project Motherboard ****
make -j12 all 
arm-none-eabi-size  Motherboard.elf 
   text	   data	    bss	    dec	    hex	filename
  49676	    380	   6540	  56596	   dd14	Motherboard.elf
Finished building: default.size.stdout
 
10:42:56 **** Incremental Build of configuration Debug for project Motherboard ****
make -j12 all 
arm-none-eabi-gcc "../Core/Src/main.c" -mcpu=cortex-m3 -std=gnu11 -g3 -DDEBUG -DUSE_HAL_DRIVER -DSTM32F103xB -c -I../Core/Inc -I../Drivers/STM32F1xx_HAL_Driver/Inc/Legacy -I../Drivers/STM32F1xx_HAL_Driver/Inc -I../Drivers/CMSIS/Device/ST/STM32F1xx/Include -I../Drivers/CMSIS/Include -I../USB_DEVICE/App -I../USB_DEVICE/Target -I../Middlewares/ST/STM32_USB_Device_Library/Core/Inc -I../Middlewares/ST/STM32_USB_Device_Library/Class/CDC/Inc -O0 -ffunction-sections -fdata-sections -Wall -fstack-usage -fcyclomatic-complexity -MMD -MP -MF"Core/Src/main.d" -MT"Core/Src/main.o" --specs=nano.specs -mfloat-abi=soft -mthumb -o "Core/Src/main.o"
arm-none-eabi-gcc -o "Motherboard.elf" @"objects.list"   -mcpu=cortex-m3 -T"C:\STM32\SausageMixer\Motherboard\STM32F103C8TX_FLASH.ld" --specs=nosys.specs -Wl,-Map="Motherboard.map" -Wl,--gc-sections -static --specs=nano.specs -mfloat-abi=soft -mthumb -Wl,--start-group -lc -lm -Wl,--end-group
Finished building target: Motherboard.elf
 
arm-none-eabi-size  Motherboard.elf 
arm-none-eabi-objdump -h -S Motherboard.elf  > "Motherboard.list"
   text	   data	    bss	    dec	    hex	filename
  49676	    380	   6540	  56596	   dd14	Motherboard.elf
Finished building: default.size.stdout
 
Finished building: Motherboard.list
 
10:43:25 **** Incremental Build of configuration Debug for project Motherboard ****
make -j12 all 
arm-none-eabi-size  Motherboard.elf 
   text	   data	    bss	    dec	    hex	filename
  49676	    380	   6540	  56596	   dd14	Motherboard.elf
Finished building: default.size.stdout
 
10:43:42 **** Incremental Build of configuration Debug for project Motherboard ****
make -j12 all 
arm-none-eabi-size  Motherboard.elf 
   text	   data	    bss	    dec	    hex	filename
  49676	    380	   6540	  56596	   dd14	Motherboard.elf
Finished building: default.size.stdout
 
10:44:31 **** Incremental Build of configuration Debug for project Motherboard ****
make -j12 all 
arm-none-eabi-size  Motherboard.elf 
   text	   data	    bss	    dec	    hex	filename
  49676	    380	   6540	  56596	   dd14	Motherboard.elf
Finished building: default.size.stdout
 
10:49:09 **** Incremental Build of configuration Debug for project Motherboard ****
make -j12 all 
arm-none-eabi-size  Motherboard.elf 
   text	   data	    bss	    dec	    hex	filename
  49676	    380	   6540	  56596	   dd14	Motherboard.elf
Finished building: default.size.stdout
 
10:49:38 **** Incremental Build of configuration Debug for project Motherboard ****
make -j12 all 
arm-none-eabi-size  Motherboard.elf 
   text	   data	    bss	    dec	    hex	filename
  49676	    380	   6540	  56596	   dd14	Motherboard.elf
Finished building: default.size.stdout
 
10:50:14 **** Incremental Build of configuration Debug for project Motherboard ****
make -j12 all 
arm-none-eabi-size  Motherboard.elf 
   text	   data	    bss	    dec	    hex	filename
  49676	    380	   6540	  56596	   dd14	Motherboard.elf
Finished building: default.size.stdout
 
10:50:36 **** Incremental Build of configuration Debug for project Motherboard ****
make -j12 all 
arm-none-eabi-size  Motherboard.elf 
   text	   data	    bss	    dec	    hex	filename
  49676	    380	   6540	  56596	   dd14	Motherboard.elf
Finished building: default.size.stdout
 
10:51:09 **** Incremental Build of configuration Debug for project Motherboard ****
make -j12 all 
arm-none-eabi-size  Motherboard.elf 
   text	   data	    bss	    dec	    hex	filename
  49676	    380	   6540	  56596	   dd14	Motherboard.elf
Finished building: default.size.stdout
 
10:51:25 **** Incremental Build of configuration Debug for project Motherboard ****
make -j12 all 
arm-none-eabi-size  Motherboard.elf 
   text	   data	    bss	    dec	    hex	filename
  49676	    380	   6540	  56596	   dd14	Motherboard.elf
Finished building: default.size.stdout
 
10:51:40 **** Incremental Build of configuration Debug for project Motherboard ****
make -j12 all 
arm-none-eabi-size  Motherboard.elf 
   text	   data	    bss	    dec	    hex	filename
  49676	    380	   6540	  56596	   dd14	Motherboard.elf
Finished building: default.size.stdout
 
10:52:21 **** Incremental Build of configuration Debug for project Motherboard ****
make -j12 all 
arm-none-eabi-size  Motherboard.elf 
   text	   data	    bss	    dec	    hex	filename
  49676	    380	   6540	  56596	   dd14	Motherboard.elf
Finished building: default.size.stdout
 
10:56:44 **** Incremental Build of configuration Debug for project Motherboard ****
make -j12 all 
arm-none-eabi-gcc "../Core/Src/main.c" -mcpu=cortex-m3 -std=gnu11 -g3 -DDEBUG -DUSE_HAL_DRIVER -DSTM32F103xB -c -I../Core/Inc -I../Drivers/STM32F1xx_HAL_Driver/Inc/Legacy -I../Drivers/STM32F1xx_HAL_Driver/Inc -I../Drivers/CMSIS/Device/ST/STM32F1xx/Include -I../Drivers/CMSIS/Include -I../USB_DEVICE/App -I../USB_DEVICE/Target -I../Middlewares/ST/STM32_USB_Device_Library/Core/Inc -I../Middlewares/ST/STM32_USB_Device_Library/Class/CDC/Inc -O0 -ffunction-sections -fdata-sections -Wall -fstack-usage -fcyclomatic-complexity -MMD -MP -MF"Core/Src/main.d" -MT"Core/Src/main.o" --specs=nano.specs -mfloat-abi=soft -mthumb -o "Core/Src/main.o"
arm-none-eabi-gcc -o "Motherboard.elf" @"objects.list"   -mcpu=cortex-m3 -T"C:\STM32\SausageMixer\Motherboard\STM32F103C8TX_FLASH.ld" --specs=nosys.specs -Wl,-Map="Motherboard.map" -Wl,--gc-sections -static --specs=nano.specs -mfloat-abi=soft -mthumb -Wl,--start-group -lc -lm -Wl,--end-group
Finished building target: Motherboard.elf
 
arm-none-eabi-size  Motherboard.elf 
arm-none-eabi-objdump -h -S Motherboard.elf  > "Motherboard.list"
   text	   data	    bss	    dec	    hex	filename
  49748	    380	   6540	  56668	   dd5c	Motherboard.elf
Finished building: default.size.stdout
 
Finished building: Motherboard.list
 
10:57:13 **** Incremental Build of configuration Debug for project Motherboard ****
make -j12 all 
arm-none-eabi-size  Motherboard.elf 
   text	   data	    bss	    dec	    hex	filename
  49748	    380	   6540	  56668	   dd5c	Motherboard.elf
Finished building: default.size.stdout
 
10:57:39 **** Incremental Build of configuration Debug for project Motherboard ****
make -j12 all 
arm-none-eabi-size  Motherboard.elf 
   text	   data	    bss	    dec	    hex	filename
  49748	    380	   6540	  56668	   dd5c	Motherboard.elf
Finished building: default.size.stdout
 
10:58:07 **** Incremental Build of configuration Debug for project Motherboard ****
make -j12 all 
arm-none-eabi-size  Motherboard.elf 
   text	   data	    bss	    dec	    hex	filename
  49748	    380	   6540	  56668	   dd5c	Motherboard.elf
Finished building: default.size.stdout
 
10:58:15 **** Incremental Build of configuration Debug for project Motherboard ****
make -j12 all 
arm-none-eabi-size  Motherboard.elf 
   text	   data	    bss	    dec	    hex	filename
  49748	    380	   6540	  56668	   dd5c	Motherboard.elf
Finished building: default.size.stdout
 
10:58:53 **** Incremental Build of configuration Debug for project Motherboard ****
make -j12 all 
arm-none-eabi-size  Motherboard.elf 
   text	   data	    bss	    dec	    hex	filename
  49748	    380	   6540	  56668	   dd5c	Motherboard.elf
Finished building: default.size.stdout
 
10:59:22 **** Incremental Build of configuration Debug for project Motherboard ****
make -j12 all 
arm-none-eabi-size  Motherboard.elf 
   text	   data	    bss	    dec	    hex	filename
  49748	    380	   6540	  56668	   dd5c	Motherboard.elf
Finished building: default.size.stdout
 
11:01:12 **** Incremental Build of configuration Debug for project Motherboard ****
make -j12 all 
arm-none-eabi-size  Motherboard.elf 
   text	   data	    bss	    dec	    hex	filename
  49748	    380	   6540	  56668	   dd5c	Motherboard.elf
Finished building: default.size.stdout
 
11:02:38 **** Incremental Build of configuration Debug for project Motherboard ****
make -j12 all 
arm-none-eabi-gcc "../Core/Src/main.c" -mcpu=cortex-m3 -std=gnu11 -g3 -DDEBUG -DUSE_HAL_DRIVER -DSTM32F103xB -c -I../Core/Inc -I../Drivers/STM32F1xx_HAL_Driver/Inc/Legacy -I../Drivers/STM32F1xx_HAL_Driver/Inc -I../Drivers/CMSIS/Device/ST/STM32F1xx/Include -I../Drivers/CMSIS/Include -I../USB_DEVICE/App -I../USB_DEVICE/Target -I../Middlewares/ST/STM32_USB_Device_Library/Core/Inc -I../Middlewares/ST/STM32_USB_Device_Library/Class/CDC/Inc -O0 -ffunction-sections -fdata-sections -Wall -fstack-usage -fcyclomatic-complexity -MMD -MP -MF"Core/Src/main.d" -MT"Core/Src/main.o" --specs=nano.specs -mfloat-abi=soft -mthumb -o "Core/Src/main.o"
arm-none-eabi-gcc -o "Motherboard.elf" @"objects.list"   -mcpu=cortex-m3 -T"C:\STM32\SausageMixer\Motherboard\STM32F103C8TX_FLASH.ld" --specs=nosys.specs -Wl,-Map="Motherboard.map" -Wl,--gc-sections -static --specs=nano.specs -mfloat-abi=soft -mthumb -Wl,--start-group -lc -lm -Wl,--end-group
Finished building target: Motherboard.elf
 
arm-none-eabi-size  Motherboard.elf 
arm-none-eabi-objdump -h -S Motherboard.elf  > "Motherboard.list"
   text	   data	    bss	    dec	    hex	filename
  49748	    380	   6540	  56668	   dd5c	Motherboard.elf
Finished building: default.size.stdout
 
Finished building: Motherboard.list
 
11:03:16 **** Incremental Build of configuration Debug for project Motherboard ****
make -j12 all 
arm-none-eabi-size  Motherboard.elf 
   text	   data	    bss	    dec	    hex	filename
  49748	    380	   6540	  56668	   dd5c	Motherboard.elf
Finished building: default.size.stdout
 
11:05:32 **** Incremental Build of configuration Debug for project Motherboard ****
make -j12 all 
arm-none-eabi-size  Motherboard.elf 
   text	   data	    bss	    dec	    hex	filename
  49748	    380	   6540	  56668	   dd5c	Motherboard.elf
Finished building: default.size.stdout
 
11:06:11 **** Incremental Build of configuration Debug for project Keyboard ****
make -j12 all 
arm-none-eabi-size  Keyboard.elf 
   text	   data	    bss	    dec	    hex	filename
   8580	     12	   1684	  10276	   2824	Keyboard.elf
Finished building: default.size.stdout
 
11:06:12 **** Incremental Build of configuration Debug for project Motherboard ****
make -j12 all 
arm-none-eabi-size  Motherboard.elf 
   text	   data	    bss	    dec	    hex	filename
  49748	    380	   6540	  56668	   dd5c	Motherboard.elf
Finished building: default.size.stdout
 
11:06:41 **** Clean-only build of configuration Debug for project Keyboard ****
make -j12 clean 
rm -rf ./Drivers/STM32F0xx_HAL_Driver/Src/stm32f0xx_hal.cyclo ./Drivers/STM32F0xx_HAL_Driver/Src/stm32f0xx_hal.d ./Drivers/STM32F0xx_HAL_Driver/Src/stm32f0xx_hal.o ./Drivers/STM32F0xx_HAL_Driver/Src/stm32f0xx_hal.su ./Drivers/STM32F0xx_HAL_Driver/Src/stm32f0xx_hal_cortex.cyclo ./Drivers/STM32F0xx_HAL_Driver/Src/stm32f0xx_hal_cortex.d ./Drivers/STM32F0xx_HAL_Driver/Src/stm32f0xx_hal_cortex.o ./Drivers/STM32F0xx_HAL_Driver/Src/stm32f0xx_hal_cortex.su ./Drivers/STM32F0xx_HAL_Driver/Src/stm32f0xx_hal_dma.cyclo ./Drivers/STM32F0xx_HAL_Driver/Src/stm32f0xx_hal_dma.d ./Drivers/STM32F0xx_HAL_Driver/Src/stm32f0xx_hal_dma.o ./Drivers/STM32F0xx_HAL_Driver/Src/stm32f0xx_hal_dma.su ./Drivers/STM32F0xx_HAL_Driver/Src/stm32f0xx_hal_exti.cyclo ./Drivers/STM32F0xx_HAL_Driver/Src/stm32f0xx_hal_exti.d ./Drivers/STM32F0xx_HAL_Driver/Src/stm32f0xx_hal_exti.o ./Drivers/STM32F0xx_HAL_Driver/Src/stm32f0xx_hal_exti.su ./Drivers/STM32F0xx_HAL_Driver/Src/stm32f0xx_hal_flash.cyclo ./Drivers/STM32F0xx_HAL_Driver/Src/stm32f0xx_hal_flash.d ./Drivers/STM32F0xx_HAL_Driver/Src/stm32f0xx_hal_flash.o ./Drivers/STM32F0xx_HAL_Driver/Src/stm32f0xx_hal_flash.su ./Drivers/STM32F0xx_HAL_Driver/Src/stm32f0xx_hal_flash_ex.cyclo ./Drivers/STM32F0xx_HAL_Driver/Src/stm32f0xx_hal_flash_ex.d ./Drivers/STM32F0xx_HAL_Driver/Src/stm32f0xx_hal_flash_ex.o ./Drivers/STM32F0xx_HAL_Driver/Src/stm32f0xx_hal_flash_ex.su ./Drivers/STM32F0xx_HAL_Driver/Src/stm32f0xx_hal_gpio.cyclo ./Drivers/STM32F0xx_HAL_Driver/Src/stm32f0xx_hal_gpio.d ./Drivers/STM32F0xx_HAL_Driver/Src/stm32f0xx_hal_gpio.o ./Drivers/STM32F0xx_HAL_Driver/Src/stm32f0xx_hal_gpio.su ./Drivers/STM32F0xx_HAL_Driver/Src/stm32f0xx_hal_i2c.cyclo ./Drivers/STM32F0xx_HAL_Driver/Src/stm32f0xx_hal_i2c.d ./Drivers/STM32F0xx_HAL_Driver/Src/stm32f0xx_hal_i2c.o ./Drivers/STM32F0xx_HAL_Driver/Src/stm32f0xx_hal_i2c.su ./Drivers/STM32F0xx_HAL_Driver/Src/stm32f0xx_hal_i2c_ex.cyclo ./Drivers/STM32F0xx_HAL_Driver/Src/stm32f0xx_hal_i2c_ex.d ./Drivers/STM32F0xx_HAL_Driver/Src/stm32f0xx_hal_i2c_ex.o ./Drivers/STM32F0xx_HAL_Driver/Src/stm32f0xx_hal_i2c_ex.su ./Drivers/STM32F0xx_HAL_Driver/Src/stm32f0xx_hal_pwr.cyclo ./Drivers/STM32F0xx_HAL_Driver/Src/stm32f0xx_hal_pwr.d ./Drivers/STM32F0xx_HAL_Driver/Src/stm32f0xx_hal_pwr.o ./Drivers/STM32F0xx_HAL_Driver/Src/stm32f0xx_hal_pwr.su ./Drivers/STM32F0xx_HAL_Driver/Src/stm32f0xx_hal_pwr_ex.cyclo ./Drivers/STM32F0xx_HAL_Driver/Src/stm32f0xx_hal_pwr_ex.d ./Drivers/STM32F0xx_HAL_Driver/Src/stm32f0xx_hal_pwr_ex.o ./Drivers/STM32F0xx_HAL_Driver/Src/stm32f0xx_hal_pwr_ex.su ./Drivers/STM32F0xx_HAL_Driver/Src/stm32f0xx_hal_rcc.cyclo ./Drivers/STM32F0xx_HAL_Driver/Src/stm32f0xx_hal_rcc.d ./Drivers/STM32F0xx_HAL_Driver/Src/stm32f0xx_hal_rcc.o ./Drivers/STM32F0xx_HAL_Driver/Src/stm32f0xx_hal_rcc.su ./Drivers/STM32F0xx_HAL_Driver/Src/stm32f0xx_hal_rcc_ex.cyclo ./Drivers/STM32F0xx_HAL_Driver/Src/stm32f0xx_hal_rcc_ex.d ./Drivers/STM32F0xx_HAL_Driver/Src/stm32f0xx_hal_rcc_ex.o ./Drivers/STM32F0xx_HAL_Driver/Src/stm32f0xx_hal_rcc_ex.su ./Drivers/STM32F0xx_HAL_Driver/Src/stm32f0xx_hal_spi.cyclo ./Drivers/STM32F0xx_HAL_Driver/Src/stm32f0xx_hal_spi.d ./Drivers/STM32F0xx_HAL_Driver/Src/stm32f0xx_hal_spi.o ./Drivers/STM32F0xx_HAL_Driver/Src/stm32f0xx_hal_spi.su ./Drivers/STM32F0xx_HAL_Driver/Src/stm32f0xx_hal_spi_ex.cyclo ./Drivers/STM32F0xx_HAL_Driver/Src/stm32f0xx_hal_spi_ex.d ./Drivers/STM32F0xx_HAL_Driver/Src/stm32f0xx_hal_spi_ex.o ./Drivers/STM32F0xx_HAL_Driver/Src/stm32f0xx_hal_spi_ex.su
rm -rf ./Core/Startup/startup_stm32f030c8tx.d ./Core/Startup/startup_stm32f030c8tx.o
rm -rf ./Core/Src/main.cyclo ./Core/Src/main.d ./Core/Src/main.o ./Core/Src/main.su ./Core/Src/stm32f0xx_hal_msp.cyclo ./Core/Src/stm32f0xx_hal_msp.d ./Core/Src/stm32f0xx_hal_msp.o ./Core/Src/stm32f0xx_hal_msp.su ./Core/Src/stm32f0xx_it.cyclo ./Core/Src/stm32f0xx_it.d ./Core/Src/stm32f0xx_it.o ./Core/Src/stm32f0xx_it.su ./Core/Src/syscalls.cyclo ./Core/Src/syscalls.d ./Core/Src/syscalls.o ./Core/Src/syscalls.su ./Core/Src/sysmem.cyclo ./Core/Src/sysmem.d ./Core/Src/sysmem.o ./Core/Src/sysmem.su ./Core/Src/system_stm32f0xx.cyclo ./Core/Src/system_stm32f0xx.d ./Core/Src/system_stm32f0xx.o ./Core/Src/system_stm32f0xx.su ./Core/Src/wh0802d.cyclo ./Core/Src/wh0802d.d ./Core/Src/wh0802d.o ./Core/Src/wh0802d.su
rm -rf Keyboard.elf Keyboard.list Keyboard.map default.size.stdout
 
11:06:41 **** Clean-only build of configuration Debug for project Motherboard ****
make -j12 clean 
rm -rf ./USB_DEVICE/Target/usbd_conf.cyclo ./USB_DEVICE/Target/usbd_conf.d ./USB_DEVICE/Target/usbd_conf.o ./USB_DEVICE/Target/usbd_conf.su
rm -rf ./USB_DEVICE/App/usb_device.cyclo ./USB_DEVICE/App/usb_device.d ./USB_DEVICE/App/usb_device.o ./USB_DEVICE/App/usb_device.su ./USB_DEVICE/App/usbd_cdc_if.cyclo ./USB_DEVICE/App/usbd_cdc_if.d ./USB_DEVICE/App/usbd_cdc_if.o ./USB_DEVICE/App/usbd_cdc_if.su ./USB_DEVICE/App/usbd_desc.cyclo ./USB_DEVICE/App/usbd_desc.d ./USB_DEVICE/App/usbd_desc.o ./USB_DEVICE/App/usbd_desc.su
rm -rf ./Middlewares/ST/STM32_USB_Device_Library/Core/Src/usbd_core.cyclo ./Middlewares/ST/STM32_USB_Device_Library/Core/Src/usbd_core.d ./Middlewares/ST/STM32_USB_Device_Library/Core/Src/usbd_core.o ./Middlewares/ST/STM32_USB_Device_Library/Core/Src/usbd_core.su ./Middlewares/ST/STM32_USB_Device_Library/Core/Src/usbd_ctlreq.cyclo ./Middlewares/ST/STM32_USB_Device_Library/Core/Src/usbd_ctlreq.d ./Middlewares/ST/STM32_USB_Device_Library/Core/Src/usbd_ctlreq.o ./Middlewares/ST/STM32_USB_Device_Library/Core/Src/usbd_ctlreq.su ./Middlewares/ST/STM32_USB_Device_Library/Core/Src/usbd_ioreq.cyclo ./Middlewares/ST/STM32_USB_Device_Library/Core/Src/usbd_ioreq.d ./Middlewares/ST/STM32_USB_Device_Library/Core/Src/usbd_ioreq.o ./Middlewares/ST/STM32_USB_Device_Library/Core/Src/usbd_ioreq.su
rm -rf ./Middlewares/ST/STM32_USB_Device_Library/Class/CDC/Src/usbd_cdc.cyclo ./Middlewares/ST/STM32_USB_Device_Library/Class/CDC/Src/usbd_cdc.d ./Middlewares/ST/STM32_USB_Device_Library/Class/CDC/Src/usbd_cdc.o ./Middlewares/ST/STM32_USB_Device_Library/Class/CDC/Src/usbd_cdc.su
rm -rf ./Drivers/STM32F1xx_HAL_Driver/Src/stm32f1xx_hal.cyclo ./Drivers/STM32F1xx_HAL_Driver/Src/stm32f1xx_hal.d ./Drivers/STM32F1xx_HAL_Driver/Src/stm32f1xx_hal.o ./Drivers/STM32F1xx_HAL_Driver/Src/stm32f1xx_hal.su ./Drivers/STM32F1xx_HAL_Driver/Src/stm32f1xx_hal_cortex.cyclo ./Drivers/STM32F1xx_HAL_Driver/Src/stm32f1xx_hal_cortex.d ./Drivers/STM32F1xx_HAL_Driver/Src/stm32f1xx_hal_cortex.o ./Drivers/STM32F1xx_HAL_Driver/Src/stm32f1xx_hal_cortex.su ./Drivers/STM32F1xx_HAL_Driver/Src/stm32f1xx_hal_dma.cyclo ./Drivers/STM32F1xx_HAL_Driver/Src/stm32f1xx_hal_dma.d ./Drivers/STM32F1xx_HAL_Driver/Src/stm32f1xx_hal_dma.o ./Drivers/STM32F1xx_HAL_Driver/Src/stm32f1xx_hal_dma.su ./Drivers/STM32F1xx_HAL_Driver/Src/stm32f1xx_hal_exti.cyclo ./Drivers/STM32F1xx_HAL_Driver/Src/stm32f1xx_hal_exti.d ./Drivers/STM32F1xx_HAL_Driver/Src/stm32f1xx_hal_exti.o ./Drivers/STM32F1xx_HAL_Driver/Src/stm32f1xx_hal_exti.su ./Drivers/STM32F1xx_HAL_Driver/Src/stm32f1xx_hal_flash.cyclo ./Drivers/STM32F1xx_HAL_Driver/Src/stm32f1xx_hal_flash.d ./Drivers/STM32F1xx_HAL_Driver/Src/stm32f1xx_hal_flash.o ./Drivers/STM32F1xx_HAL_Driver/Src/stm32f1xx_hal_flash.su ./Drivers/STM32F1xx_HAL_Driver/Src/stm32f1xx_hal_flash_ex.cyclo ./Drivers/STM32F1xx_HAL_Driver/Src/stm32f1xx_hal_flash_ex.d ./Drivers/STM32F1xx_HAL_Driver/Src/stm32f1xx_hal_flash_ex.o ./Drivers/STM32F1xx_HAL_Driver/Src/stm32f1xx_hal_flash_ex.su ./Drivers/STM32F1xx_HAL_Driver/Src/stm32f1xx_hal_gpio.cyclo ./Drivers/STM32F1xx_HAL_Driver/Src/stm32f1xx_hal_gpio.d ./Drivers/STM32F1xx_HAL_Driver/Src/stm32f1xx_hal_gpio.o ./Drivers/STM32F1xx_HAL_Driver/Src/stm32f1xx_hal_gpio.su ./Drivers/STM32F1xx_HAL_Driver/Src/stm32f1xx_hal_gpio_ex.cyclo ./Drivers/STM32F1xx_HAL_Driver/Src/stm32f1xx_hal_gpio_ex.d ./Drivers/STM32F1xx_HAL_Driver/Src/stm32f1xx_hal_gpio_ex.o ./Drivers/STM32F1xx_HAL_Driver/Src/stm32f1xx_hal_gpio_ex.su ./Drivers/STM32F1xx_HAL_Driver/Src/stm32f1xx_hal_i2c.cyclo ./Drivers/STM32F1xx_HAL_Driver/Src/stm32f1xx_hal_i2c.d ./Drivers/STM32F1xx_HAL_Driver/Src/stm32f1xx_hal_i2c.o ./Drivers/STM32F1xx_HAL_Driver/Src/stm32f1xx_hal_i2c.su ./Drivers/STM32F1xx_HAL_Driver/Src/stm32f1xx_hal_pcd.cyclo ./Drivers/STM32F1xx_HAL_Driver/Src/stm32f1xx_hal_pcd.d ./Drivers/STM32F1xx_HAL_Driver/Src/stm32f1xx_hal_pcd.o ./Drivers/STM32F1xx_HAL_Driver/Src/stm32f1xx_hal_pcd.su ./Drivers/STM32F1xx_HAL_Driver/Src/stm32f1xx_hal_pcd_ex.cyclo ./Drivers/STM32F1xx_HAL_Driver/Src/stm32f1xx_hal_pcd_ex.d ./Drivers/STM32F1xx_HAL_Driver/Src/stm32f1xx_hal_pcd_ex.o ./Drivers/STM32F1xx_HAL_Driver/Src/stm32f1xx_hal_pcd_ex.su ./Drivers/STM32F1xx_HAL_Driver/Src/stm32f1xx_hal_pwr.cyclo ./Drivers/STM32F1xx_HAL_Driver/Src/stm32f1xx_hal_pwr.d ./Drivers/STM32F1xx_HAL_Driver/Src/stm32f1xx_hal_pwr.o ./Drivers/STM32F1xx_HAL_Driver/Src/stm32f1xx_hal_pwr.su ./Drivers/STM32F1xx_HAL_Driver/Src/stm32f1xx_hal_rcc.cyclo ./Drivers/STM32F1xx_HAL_Driver/Src/stm32f1xx_hal_rcc.d ./Drivers/STM32F1xx_HAL_Driver/Src/stm32f1xx_hal_rcc.o ./Drivers/STM32F1xx_HAL_Driver/Src/stm32f1xx_hal_rcc.su ./Drivers/STM32F1xx_HAL_Driver/Src/stm32f1xx_hal_rcc_ex.cyclo ./Drivers/STM32F1xx_HAL_Driver/Src/stm32f1xx_hal_rcc_ex.d ./Drivers/STM32F1xx_HAL_Driver/Src/stm32f1xx_hal_rcc_ex.o ./Drivers/STM32F1xx_HAL_Driver/Src/stm32f1xx_hal_rcc_ex.su ./Drivers/STM32F1xx_HAL_Driver/Src/stm32f1xx_hal_rtc.cyclo ./Drivers/STM32F1xx_HAL_Driver/Src/stm32f1xx_hal_rtc.d ./Drivers/STM32F1xx_HAL_Driver/Src/stm32f1xx_hal_rtc.o ./Drivers/STM32F1xx_HAL_Driver/Src/stm32f1xx_hal_rtc.su ./Drivers/STM32F1xx_HAL_Driver/Src/stm32f1xx_hal_rtc_ex.cyclo ./Drivers/STM32F1xx_HAL_Driver/Src/stm32f1xx_hal_rtc_ex.d ./Drivers/STM32F1xx_HAL_Driver/Src/stm32f1xx_hal_rtc_ex.o ./Drivers/STM32F1xx_HAL_Driver/Src/stm32f1xx_hal_rtc_ex.su ./Drivers/STM32F1xx_HAL_Driver/Src/stm32f1xx_hal_spi.cyclo ./Drivers/STM32F1xx_HAL_Driver/Src/stm32f1xx_hal_spi.d ./Drivers/STM32F1xx_HAL_Driver/Src/stm32f1xx_hal_spi.o ./Drivers/STM32F1xx_HAL_Driver/Src/stm32f1xx_hal_spi.su ./Drivers/STM32F1xx_HAL_Driver/Src/stm32f1xx_ll_usb.cyclo ./Drivers/STM32F1xx_HAL_Driver/Src/stm32f1xx_ll_usb.d ./Drivers/STM32F1xx_HAL_Driver/Src/stm32f1xx_ll_usb.o ./Drivers/STM32F1xx_HAL_Driver/Src/stm32f1xx_ll_usb.su
rm -rf ./Core/Startup/startup_stm32f103c8tx.d ./Core/Startup/startup_stm32f103c8tx.o
rm -rf ./Core/Src/ad5328.cyclo ./Core/Src/ad5328.d ./Core/Src/ad5328.o ./Core/Src/ad5328.su ./Core/Src/ads1115.cyclo ./Core/Src/ads1115.d ./Core/Src/ads1115.o ./Core/Src/ads1115.su ./Core/Src/main.cyclo ./Core/Src/main.d ./Core/Src/main.o ./Core/Src/main.su ./Core/Src/stm32f1xx_hal_msp.cyclo ./Core/Src/stm32f1xx_hal_msp.d ./Core/Src/stm32f1xx_hal_msp.o ./Core/Src/stm32f1xx_hal_msp.su ./Core/Src/stm32f1xx_hal_tim.cyclo ./Core/Src/stm32f1xx_hal_tim.d ./Core/Src/stm32f1xx_hal_tim.o ./Core/Src/stm32f1xx_hal_tim.su ./Core/Src/stm32f1xx_hal_tim_ex.cyclo ./Core/Src/stm32f1xx_hal_tim_ex.d ./Core/Src/stm32f1xx_hal_tim_ex.o ./Core/Src/stm32f1xx_hal_tim_ex.su ./Core/Src/stm32f1xx_it.cyclo ./Core/Src/stm32f1xx_it.d ./Core/Src/stm32f1xx_it.o ./Core/Src/stm32f1xx_it.su ./Core/Src/syscalls.cyclo ./Core/Src/syscalls.d ./Core/Src/syscalls.o ./Core/Src/syscalls.su ./Core/Src/sysmem.cyclo ./Core/Src/sysmem.d ./Core/Src/sysmem.o ./Core/Src/sysmem.su ./Core/Src/system_stm32f1xx.cyclo ./Core/Src/system_stm32f1xx.d ./Core/Src/system_stm32f1xx.o ./Core/Src/system_stm32f1xx.su
rm -rf Motherboard.elf Motherboard.list Motherboard.map default.size.stdout
 
11:06:42 **** Build of configuration Debug for project Keyboard ****
make -j12 all 
arm-none-eabi-gcc "../Drivers/STM32F0xx_HAL_Driver/Src/stm32f0xx_hal.c" -mcpu=cortex-m0 -std=gnu11 -g3 -DDEBUG -DUSE_HAL_DRIVER -DSTM32F030x8 -c -I../Core/Inc -I../Drivers/STM32F0xx_HAL_Driver/Inc -I../Drivers/STM32F0xx_HAL_Driver/Inc/Legacy -I../Drivers/CMSIS/Device/ST/STM32F0xx/Include -I../Drivers/CMSIS/Include -O0 -ffunction-sections -fdata-sections -Wall -fstack-usage -fcyclomatic-complexity -MMD -MP -MF"Drivers/STM32F0xx_HAL_Driver/Src/stm32f0xx_hal.d" -MT"Drivers/STM32F0xx_HAL_Driver/Src/stm32f0xx_hal.o" --specs=nano.specs -mfloat-abi=soft -mthumb -o "Drivers/STM32F0xx_HAL_Driver/Src/stm32f0xx_hal.o"
arm-none-eabi-gcc "../Drivers/STM32F0xx_HAL_Driver/Src/stm32f0xx_hal_cortex.c" -mcpu=cortex-m0 -std=gnu11 -g3 -DDEBUG -DUSE_HAL_DRIVER -DSTM32F030x8 -c -I../Core/Inc -I../Drivers/STM32F0xx_HAL_Driver/Inc -I../Drivers/STM32F0xx_HAL_Driver/Inc/Legacy -I../Drivers/CMSIS/Device/ST/STM32F0xx/Include -I../Drivers/CMSIS/Include -O0 -ffunction-sections -fdata-sections -Wall -fstack-usage -fcyclomatic-complexity -MMD -MP -MF"Drivers/STM32F0xx_HAL_Driver/Src/stm32f0xx_hal_cortex.d" -MT"Drivers/STM32F0xx_HAL_Driver/Src/stm32f0xx_hal_cortex.o" --specs=nano.specs -mfloat-abi=soft -mthumb -o "Drivers/STM32F0xx_HAL_Driver/Src/stm32f0xx_hal_cortex.o"
arm-none-eabi-gcc "../Drivers/STM32F0xx_HAL_Driver/Src/stm32f0xx_hal_dma.c" -mcpu=cortex-m0 -std=gnu11 -g3 -DDEBUG -DUSE_HAL_DRIVER -DSTM32F030x8 -c -I../Core/Inc -I../Drivers/STM32F0xx_HAL_Driver/Inc -I../Drivers/STM32F0xx_HAL_Driver/Inc/Legacy -I../Drivers/CMSIS/Device/ST/STM32F0xx/Include -I../Drivers/CMSIS/Include -O0 -ffunction-sections -fdata-sections -Wall -fstack-usage -fcyclomatic-complexity -MMD -MP -MF"Drivers/STM32F0xx_HAL_Driver/Src/stm32f0xx_hal_dma.d" -MT"Drivers/STM32F0xx_HAL_Driver/Src/stm32f0xx_hal_dma.o" --specs=nano.specs -mfloat-abi=soft -mthumb -o "Drivers/STM32F0xx_HAL_Driver/Src/stm32f0xx_hal_dma.o"
arm-none-eabi-gcc "../Drivers/STM32F0xx_HAL_Driver/Src/stm32f0xx_hal_exti.c" -mcpu=cortex-m0 -std=gnu11 -g3 -DDEBUG -DUSE_HAL_DRIVER -DSTM32F030x8 -c -I../Core/Inc -I../Drivers/STM32F0xx_HAL_Driver/Inc -I../Drivers/STM32F0xx_HAL_Driver/Inc/Legacy -I../Drivers/CMSIS/Device/ST/STM32F0xx/Include -I../Drivers/CMSIS/Include -O0 -ffunction-sections -fdata-sections -Wall -fstack-usage -fcyclomatic-complexity -MMD -MP -MF"Drivers/STM32F0xx_HAL_Driver/Src/stm32f0xx_hal_exti.d" -MT"Drivers/STM32F0xx_HAL_Driver/Src/stm32f0xx_hal_exti.o" --specs=nano.specs -mfloat-abi=soft -mthumb -o "Drivers/STM32F0xx_HAL_Driver/Src/stm32f0xx_hal_exti.o"
arm-none-eabi-gcc "../Drivers/STM32F0xx_HAL_Driver/Src/stm32f0xx_hal_flash.c" -mcpu=cortex-m0 -std=gnu11 -g3 -DDEBUG -DUSE_HAL_DRIVER -DSTM32F030x8 -c -I../Core/Inc -I../Drivers/STM32F0xx_HAL_Driver/Inc -I../Drivers/STM32F0xx_HAL_Driver/Inc/Legacy -I../Drivers/CMSIS/Device/ST/STM32F0xx/Include -I../Drivers/CMSIS/Include -O0 -ffunction-sections -fdata-sections -Wall -fstack-usage -fcyclomatic-complexity -MMD -MP -MF"Drivers/STM32F0xx_HAL_Driver/Src/stm32f0xx_hal_flash.d" -MT"Drivers/STM32F0xx_HAL_Driver/Src/stm32f0xx_hal_flash.o" --specs=nano.specs -mfloat-abi=soft -mthumb -o "Drivers/STM32F0xx_HAL_Driver/Src/stm32f0xx_hal_flash.o"
arm-none-eabi-gcc "../Drivers/STM32F0xx_HAL_Driver/Src/stm32f0xx_hal_flash_ex.c" -mcpu=cortex-m0 -std=gnu11 -g3 -DDEBUG -DUSE_HAL_DRIVER -DSTM32F030x8 -c -I../Core/Inc -I../Drivers/STM32F0xx_HAL_Driver/Inc -I../Drivers/STM32F0xx_HAL_Driver/Inc/Legacy -I../Drivers/CMSIS/Device/ST/STM32F0xx/Include -I../Drivers/CMSIS/Include -O0 -ffunction-sections -fdata-sections -Wall -fstack-usage -fcyclomatic-complexity -MMD -MP -MF"Drivers/STM32F0xx_HAL_Driver/Src/stm32f0xx_hal_flash_ex.d" -MT"Drivers/STM32F0xx_HAL_Driver/Src/stm32f0xx_hal_flash_ex.o" --specs=nano.specs -mfloat-abi=soft -mthumb -o "Drivers/STM32F0xx_HAL_Driver/Src/stm32f0xx_hal_flash_ex.o"
arm-none-eabi-gcc "../Drivers/STM32F0xx_HAL_Driver/Src/stm32f0xx_hal_gpio.c" -mcpu=cortex-m0 -std=gnu11 -g3 -DDEBUG -DUSE_HAL_DRIVER -DSTM32F030x8 -c -I../Core/Inc -I../Drivers/STM32F0xx_HAL_Driver/Inc -I../Drivers/STM32F0xx_HAL_Driver/Inc/Legacy -I../Drivers/CMSIS/Device/ST/STM32F0xx/Include -I../Drivers/CMSIS/Include -O0 -ffunction-sections -fdata-sections -Wall -fstack-usage -fcyclomatic-complexity -MMD -MP -MF"Drivers/STM32F0xx_HAL_Driver/Src/stm32f0xx_hal_gpio.d" -MT"Drivers/STM32F0xx_HAL_Driver/Src/stm32f0xx_hal_gpio.o" --specs=nano.specs -mfloat-abi=soft -mthumb -o "Drivers/STM32F0xx_HAL_Driver/Src/stm32f0xx_hal_gpio.o"
arm-none-eabi-gcc "../Drivers/STM32F0xx_HAL_Driver/Src/stm32f0xx_hal_i2c.c" -mcpu=cortex-m0 -std=gnu11 -g3 -DDEBUG -DUSE_HAL_DRIVER -DSTM32F030x8 -c -I../Core/Inc -I../Drivers/STM32F0xx_HAL_Driver/Inc -I../Drivers/STM32F0xx_HAL_Driver/Inc/Legacy -I../Drivers/CMSIS/Device/ST/STM32F0xx/Include -I../Drivers/CMSIS/Include -O0 -ffunction-sections -fdata-sections -Wall -fstack-usage -fcyclomatic-complexity -MMD -MP -MF"Drivers/STM32F0xx_HAL_Driver/Src/stm32f0xx_hal_i2c.d" -MT"Drivers/STM32F0xx_HAL_Driver/Src/stm32f0xx_hal_i2c.o" --specs=nano.specs -mfloat-abi=soft -mthumb -o "Drivers/STM32F0xx_HAL_Driver/Src/stm32f0xx_hal_i2c.o"
arm-none-eabi-gcc "../Drivers/STM32F0xx_HAL_Driver/Src/stm32f0xx_hal_i2c_ex.c" -mcpu=cortex-m0 -std=gnu11 -g3 -DDEBUG -DUSE_HAL_DRIVER -DSTM32F030x8 -c -I../Core/Inc -I../Drivers/STM32F0xx_HAL_Driver/Inc -I../Drivers/STM32F0xx_HAL_Driver/Inc/Legacy -I../Drivers/CMSIS/Device/ST/STM32F0xx/Include -I../Drivers/CMSIS/Include -O0 -ffunction-sections -fdata-sections -Wall -fstack-usage -fcyclomatic-complexity -MMD -MP -MF"Drivers/STM32F0xx_HAL_Driver/Src/stm32f0xx_hal_i2c_ex.d" -MT"Drivers/STM32F0xx_HAL_Driver/Src/stm32f0xx_hal_i2c_ex.o" --specs=nano.specs -mfloat-abi=soft -mthumb -o "Drivers/STM32F0xx_HAL_Driver/Src/stm32f0xx_hal_i2c_ex.o"
arm-none-eabi-gcc "../Drivers/STM32F0xx_HAL_Driver/Src/stm32f0xx_hal_pwr.c" -mcpu=cortex-m0 -std=gnu11 -g3 -DDEBUG -DUSE_HAL_DRIVER -DSTM32F030x8 -c -I../Core/Inc -I../Drivers/STM32F0xx_HAL_Driver/Inc -I../Drivers/STM32F0xx_HAL_Driver/Inc/Legacy -I../Drivers/CMSIS/Device/ST/STM32F0xx/Include -I../Drivers/CMSIS/Include -O0 -ffunction-sections -fdata-sections -Wall -fstack-usage -fcyclomatic-complexity -MMD -MP -MF"Drivers/STM32F0xx_HAL_Driver/Src/stm32f0xx_hal_pwr.d" -MT"Drivers/STM32F0xx_HAL_Driver/Src/stm32f0xx_hal_pwr.o" --specs=nano.specs -mfloat-abi=soft -mthumb -o "Drivers/STM32F0xx_HAL_Driver/Src/stm32f0xx_hal_pwr.o"
arm-none-eabi-gcc "../Drivers/STM32F0xx_HAL_Driver/Src/stm32f0xx_hal_pwr_ex.c" -mcpu=cortex-m0 -std=gnu11 -g3 -DDEBUG -DUSE_HAL_DRIVER -DSTM32F030x8 -c -I../Core/Inc -I../Drivers/STM32F0xx_HAL_Driver/Inc -I../Drivers/STM32F0xx_HAL_Driver/Inc/Legacy -I../Drivers/CMSIS/Device/ST/STM32F0xx/Include -I../Drivers/CMSIS/Include -O0 -ffunction-sections -fdata-sections -Wall -fstack-usage -fcyclomatic-complexity -MMD -MP -MF"Drivers/STM32F0xx_HAL_Driver/Src/stm32f0xx_hal_pwr_ex.d" -MT"Drivers/STM32F0xx_HAL_Driver/Src/stm32f0xx_hal_pwr_ex.o" --specs=nano.specs -mfloat-abi=soft -mthumb -o "Drivers/STM32F0xx_HAL_Driver/Src/stm32f0xx_hal_pwr_ex.o"
arm-none-eabi-gcc "../Drivers/STM32F0xx_HAL_Driver/Src/stm32f0xx_hal_rcc.c" -mcpu=cortex-m0 -std=gnu11 -g3 -DDEBUG -DUSE_HAL_DRIVER -DSTM32F030x8 -c -I../Core/Inc -I../Drivers/STM32F0xx_HAL_Driver/Inc -I../Drivers/STM32F0xx_HAL_Driver/Inc/Legacy -I../Drivers/CMSIS/Device/ST/STM32F0xx/Include -I../Drivers/CMSIS/Include -O0 -ffunction-sections -fdata-sections -Wall -fstack-usage -fcyclomatic-complexity -MMD -MP -MF"Drivers/STM32F0xx_HAL_Driver/Src/stm32f0xx_hal_rcc.d" -MT"Drivers/STM32F0xx_HAL_Driver/Src/stm32f0xx_hal_rcc.o" --specs=nano.specs -mfloat-abi=soft -mthumb -o "Drivers/STM32F0xx_HAL_Driver/Src/stm32f0xx_hal_rcc.o"
arm-none-eabi-gcc "../Drivers/STM32F0xx_HAL_Driver/Src/stm32f0xx_hal_rcc_ex.c" -mcpu=cortex-m0 -std=gnu11 -g3 -DDEBUG -DUSE_HAL_DRIVER -DSTM32F030x8 -c -I../Core/Inc -I../Drivers/STM32F0xx_HAL_Driver/Inc -I../Drivers/STM32F0xx_HAL_Driver/Inc/Legacy -I../Drivers/CMSIS/Device/ST/STM32F0xx/Include -I../Drivers/CMSIS/Include -O0 -ffunction-sections -fdata-sections -Wall -fstack-usage -fcyclomatic-complexity -MMD -MP -MF"Drivers/STM32F0xx_HAL_Driver/Src/stm32f0xx_hal_rcc_ex.d" -MT"Drivers/STM32F0xx_HAL_Driver/Src/stm32f0xx_hal_rcc_ex.o" --specs=nano.specs -mfloat-abi=soft -mthumb -o "Drivers/STM32F0xx_HAL_Driver/Src/stm32f0xx_hal_rcc_ex.o"
arm-none-eabi-gcc "../Drivers/STM32F0xx_HAL_Driver/Src/stm32f0xx_hal_spi.c" -mcpu=cortex-m0 -std=gnu11 -g3 -DDEBUG -DUSE_HAL_DRIVER -DSTM32F030x8 -c -I../Core/Inc -I../Drivers/STM32F0xx_HAL_Driver/Inc -I../Drivers/STM32F0xx_HAL_Driver/Inc/Legacy -I../Drivers/CMSIS/Device/ST/STM32F0xx/Include -I../Drivers/CMSIS/Include -O0 -ffunction-sections -fdata-sections -Wall -fstack-usage -fcyclomatic-complexity -MMD -MP -MF"Drivers/STM32F0xx_HAL_Driver/Src/stm32f0xx_hal_spi.d" -MT"Drivers/STM32F0xx_HAL_Driver/Src/stm32f0xx_hal_spi.o" --specs=nano.specs -mfloat-abi=soft -mthumb -o "Drivers/STM32F0xx_HAL_Driver/Src/stm32f0xx_hal_spi.o"
arm-none-eabi-gcc "../Drivers/STM32F0xx_HAL_Driver/Src/stm32f0xx_hal_spi_ex.c" -mcpu=cortex-m0 -std=gnu11 -g3 -DDEBUG -DUSE_HAL_DRIVER -DSTM32F030x8 -c -I../Core/Inc -I../Drivers/STM32F0xx_HAL_Driver/Inc -I../Drivers/STM32F0xx_HAL_Driver/Inc/Legacy -I../Drivers/CMSIS/Device/ST/STM32F0xx/Include -I../Drivers/CMSIS/Include -O0 -ffunction-sections -fdata-sections -Wall -fstack-usage -fcyclomatic-complexity -MMD -MP -MF"Drivers/STM32F0xx_HAL_Driver/Src/stm32f0xx_hal_spi_ex.d" -MT"Drivers/STM32F0xx_HAL_Driver/Src/stm32f0xx_hal_spi_ex.o" --specs=nano.specs -mfloat-abi=soft -mthumb -o "Drivers/STM32F0xx_HAL_Driver/Src/stm32f0xx_hal_spi_ex.o"
arm-none-eabi-gcc -mcpu=cortex-m0 -g3 -DDEBUG -c -x assembler-with-cpp -MMD -MP -MF"Core/Startup/startup_stm32f030c8tx.d" -MT"Core/Startup/startup_stm32f030c8tx.o" --specs=nano.specs -mfloat-abi=soft -mthumb -o "Core/Startup/startup_stm32f030c8tx.o" "../Core/Startup/startup_stm32f030c8tx.s"
arm-none-eabi-gcc "../Core/Src/main.c" -mcpu=cortex-m0 -std=gnu11 -g3 -DDEBUG -DUSE_HAL_DRIVER -DSTM32F030x8 -c -I../Core/Inc -I../Drivers/STM32F0xx_HAL_Driver/Inc -I../Drivers/STM32F0xx_HAL_Driver/Inc/Legacy -I../Drivers/CMSIS/Device/ST/STM32F0xx/Include -I../Drivers/CMSIS/Include -O0 -ffunction-sections -fdata-sections -Wall -fstack-usage -fcyclomatic-complexity -MMD -MP -MF"Core/Src/main.d" -MT"Core/Src/main.o" --specs=nano.specs -mfloat-abi=soft -mthumb -o "Core/Src/main.o"
arm-none-eabi-gcc "../Core/Src/stm32f0xx_hal_msp.c" -mcpu=cortex-m0 -std=gnu11 -g3 -DDEBUG -DUSE_HAL_DRIVER -DSTM32F030x8 -c -I../Core/Inc -I../Drivers/STM32F0xx_HAL_Driver/Inc -I../Drivers/STM32F0xx_HAL_Driver/Inc/Legacy -I../Drivers/CMSIS/Device/ST/STM32F0xx/Include -I../Drivers/CMSIS/Include -O0 -ffunction-sections -fdata-sections -Wall -fstack-usage -fcyclomatic-complexity -MMD -MP -MF"Core/Src/stm32f0xx_hal_msp.d" -MT"Core/Src/stm32f0xx_hal_msp.o" --specs=nano.specs -mfloat-abi=soft -mthumb -o "Core/Src/stm32f0xx_hal_msp.o"
arm-none-eabi-gcc "../Core/Src/stm32f0xx_it.c" -mcpu=cortex-m0 -std=gnu11 -g3 -DDEBUG -DUSE_HAL_DRIVER -DSTM32F030x8 -c -I../Core/Inc -I../Drivers/STM32F0xx_HAL_Driver/Inc -I../Drivers/STM32F0xx_HAL_Driver/Inc/Legacy -I../Drivers/CMSIS/Device/ST/STM32F0xx/Include -I../Drivers/CMSIS/Include -O0 -ffunction-sections -fdata-sections -Wall -fstack-usage -fcyclomatic-complexity -MMD -MP -MF"Core/Src/stm32f0xx_it.d" -MT"Core/Src/stm32f0xx_it.o" --specs=nano.specs -mfloat-abi=soft -mthumb -o "Core/Src/stm32f0xx_it.o"
arm-none-eabi-gcc "../Core/Src/syscalls.c" -mcpu=cortex-m0 -std=gnu11 -g3 -DDEBUG -DUSE_HAL_DRIVER -DSTM32F030x8 -c -I../Core/Inc -I../Drivers/STM32F0xx_HAL_Driver/Inc -I../Drivers/STM32F0xx_HAL_Driver/Inc/Legacy -I../Drivers/CMSIS/Device/ST/STM32F0xx/Include -I../Drivers/CMSIS/Include -O0 -ffunction-sections -fdata-sections -Wall -fstack-usage -fcyclomatic-complexity -MMD -MP -MF"Core/Src/syscalls.d" -MT"Core/Src/syscalls.o" --specs=nano.specs -mfloat-abi=soft -mthumb -o "Core/Src/syscalls.o"
arm-none-eabi-gcc "../Core/Src/sysmem.c" -mcpu=cortex-m0 -std=gnu11 -g3 -DDEBUG -DUSE_HAL_DRIVER -DSTM32F030x8 -c -I../Core/Inc -I../Drivers/STM32F0xx_HAL_Driver/Inc -I../Drivers/STM32F0xx_HAL_Driver/Inc/Legacy -I../Drivers/CMSIS/Device/ST/STM32F0xx/Include -I../Drivers/CMSIS/Include -O0 -ffunction-sections -fdata-sections -Wall -fstack-usage -fcyclomatic-complexity -MMD -MP -MF"Core/Src/sysmem.d" -MT"Core/Src/sysmem.o" --specs=nano.specs -mfloat-abi=soft -mthumb -o "Core/Src/sysmem.o"
arm-none-eabi-gcc "../Core/Src/system_stm32f0xx.c" -mcpu=cortex-m0 -std=gnu11 -g3 -DDEBUG -DUSE_HAL_DRIVER -DSTM32F030x8 -c -I../Core/Inc -I../Drivers/STM32F0xx_HAL_Driver/Inc -I../Drivers/STM32F0xx_HAL_Driver/Inc/Legacy -I../Drivers/CMSIS/Device/ST/STM32F0xx/Include -I../Drivers/CMSIS/Include -O0 -ffunction-sections -fdata-sections -Wall -fstack-usage -fcyclomatic-complexity -MMD -MP -MF"Core/Src/system_stm32f0xx.d" -MT"Core/Src/system_stm32f0xx.o" --specs=nano.specs -mfloat-abi=soft -mthumb -o "Core/Src/system_stm32f0xx.o"
arm-none-eabi-gcc "../Core/Src/wh0802d.c" -mcpu=cortex-m0 -std=gnu11 -g3 -DDEBUG -DUSE_HAL_DRIVER -DSTM32F030x8 -c -I../Core/Inc -I../Drivers/STM32F0xx_HAL_Driver/Inc -I../Drivers/STM32F0xx_HAL_Driver/Inc/Legacy -I../Drivers/CMSIS/Device/ST/STM32F0xx/Include -I../Drivers/CMSIS/Include -O0 -ffunction-sections -fdata-sections -Wall -fstack-usage -fcyclomatic-complexity -MMD -MP -MF"Core/Src/wh0802d.d" -MT"Core/Src/wh0802d.o" --specs=nano.specs -mfloat-abi=soft -mthumb -o "Core/Src/wh0802d.o"
arm-none-eabi-gcc -o "Keyboard.elf" @"objects.list"   -mcpu=cortex-m0 -T"C:\STM32\SausageMixer\Keyboard\STM32F030C8TX_FLASH.ld" --specs=nosys.specs -Wl,-Map="Keyboard.map" -Wl,--gc-sections -static --specs=nano.specs -mfloat-abi=soft -mthumb -Wl,--start-group -lc -lm -Wl,--end-group
Finished building target: Keyboard.elf
 
arm-none-eabi-size  Keyboard.elf 
arm-none-eabi-objdump -h -S Keyboard.elf  > "Keyboard.list"
   text	   data	    bss	    dec	    hex	filename
   8580	     12	   1684	  10276	   2824	Keyboard.elf
Finished building: default.size.stdout
 
Finished building: Keyboard.list
 
11:06:46 **** Build of configuration Debug for project Motherboard ****
make -j12 all 
arm-none-eabi-gcc "../USB_DEVICE/Target/usbd_conf.c" -mcpu=cortex-m3 -std=gnu11 -g3 -DDEBUG -DUSE_HAL_DRIVER -DSTM32F103xB -c -I../Core/Inc -I../Drivers/STM32F1xx_HAL_Driver/Inc/Legacy -I../Drivers/STM32F1xx_HAL_Driver/Inc -I../Drivers/CMSIS/Device/ST/STM32F1xx/Include -I../Drivers/CMSIS/Include -I../USB_DEVICE/App -I../USB_DEVICE/Target -I../Middlewares/ST/STM32_USB_Device_Library/Core/Inc -I../Middlewares/ST/STM32_USB_Device_Library/Class/CDC/Inc -O0 -ffunction-sections -fdata-sections -Wall -fstack-usage -fcyclomatic-complexity -MMD -MP -MF"USB_DEVICE/Target/usbd_conf.d" -MT"USB_DEVICE/Target/usbd_conf.o" --specs=nano.specs -mfloat-abi=soft -mthumb -o "USB_DEVICE/Target/usbd_conf.o"
arm-none-eabi-gcc "../USB_DEVICE/App/usb_device.c" -mcpu=cortex-m3 -std=gnu11 -g3 -DDEBUG -DUSE_HAL_DRIVER -DSTM32F103xB -c -I../Core/Inc -I../Drivers/STM32F1xx_HAL_Driver/Inc/Legacy -I../Drivers/STM32F1xx_HAL_Driver/Inc -I../Drivers/CMSIS/Device/ST/STM32F1xx/Include -I../Drivers/CMSIS/Include -I../USB_DEVICE/App -I../USB_DEVICE/Target -I../Middlewares/ST/STM32_USB_Device_Library/Core/Inc -I../Middlewares/ST/STM32_USB_Device_Library/Class/CDC/Inc -O0 -ffunction-sections -fdata-sections -Wall -fstack-usage -fcyclomatic-complexity -MMD -MP -MF"USB_DEVICE/App/usb_device.d" -MT"USB_DEVICE/App/usb_device.o" --specs=nano.specs -mfloat-abi=soft -mthumb -o "USB_DEVICE/App/usb_device.o"
arm-none-eabi-gcc "../USB_DEVICE/App/usbd_cdc_if.c" -mcpu=cortex-m3 -std=gnu11 -g3 -DDEBUG -DUSE_HAL_DRIVER -DSTM32F103xB -c -I../Core/Inc -I../Drivers/STM32F1xx_HAL_Driver/Inc/Legacy -I../Drivers/STM32F1xx_HAL_Driver/Inc -I../Drivers/CMSIS/Device/ST/STM32F1xx/Include -I../Drivers/CMSIS/Include -I../USB_DEVICE/App -I../USB_DEVICE/Target -I../Middlewares/ST/STM32_USB_Device_Library/Core/Inc -I../Middlewares/ST/STM32_USB_Device_Library/Class/CDC/Inc -O0 -ffunction-sections -fdata-sections -Wall -fstack-usage -fcyclomatic-complexity -MMD -MP -MF"USB_DEVICE/App/usbd_cdc_if.d" -MT"USB_DEVICE/App/usbd_cdc_if.o" --specs=nano.specs -mfloat-abi=soft -mthumb -o "USB_DEVICE/App/usbd_cdc_if.o"
arm-none-eabi-gcc "../USB_DEVICE/App/usbd_desc.c" -mcpu=cortex-m3 -std=gnu11 -g3 -DDEBUG -DUSE_HAL_DRIVER -DSTM32F103xB -c -I../Core/Inc -I../Drivers/STM32F1xx_HAL_Driver/Inc/Legacy -I../Drivers/STM32F1xx_HAL_Driver/Inc -I../Drivers/CMSIS/Device/ST/STM32F1xx/Include -I../Drivers/CMSIS/Include -I../USB_DEVICE/App -I../USB_DEVICE/Target -I../Middlewares/ST/STM32_USB_Device_Library/Core/Inc -I../Middlewares/ST/STM32_USB_Device_Library/Class/CDC/Inc -O0 -ffunction-sections -fdata-sections -Wall -fstack-usage -fcyclomatic-complexity -MMD -MP -MF"USB_DEVICE/App/usbd_desc.d" -MT"USB_DEVICE/App/usbd_desc.o" --specs=nano.specs -mfloat-abi=soft -mthumb -o "USB_DEVICE/App/usbd_desc.o"
arm-none-eabi-gcc "../Middlewares/ST/STM32_USB_Device_Library/Core/Src/usbd_core.c" -mcpu=cortex-m3 -std=gnu11 -g3 -DDEBUG -DUSE_HAL_DRIVER -DSTM32F103xB -c -I../Core/Inc -I../Drivers/STM32F1xx_HAL_Driver/Inc/Legacy -I../Drivers/STM32F1xx_HAL_Driver/Inc -I../Drivers/CMSIS/Device/ST/STM32F1xx/Include -I../Drivers/CMSIS/Include -I../USB_DEVICE/App -I../USB_DEVICE/Target -I../Middlewares/ST/STM32_USB_Device_Library/Core/Inc -I../Middlewares/ST/STM32_USB_Device_Library/Class/CDC/Inc -O0 -ffunction-sections -fdata-sections -Wall -fstack-usage -fcyclomatic-complexity -MMD -MP -MF"Middlewares/ST/STM32_USB_Device_Library/Core/Src/usbd_core.d" -MT"Middlewares/ST/STM32_USB_Device_Library/Core/Src/usbd_core.o" --specs=nano.specs -mfloat-abi=soft -mthumb -o "Middlewares/ST/STM32_USB_Device_Library/Core/Src/usbd_core.o"
arm-none-eabi-gcc "../Middlewares/ST/STM32_USB_Device_Library/Core/Src/usbd_ctlreq.c" -mcpu=cortex-m3 -std=gnu11 -g3 -DDEBUG -DUSE_HAL_DRIVER -DSTM32F103xB -c -I../Core/Inc -I../Drivers/STM32F1xx_HAL_Driver/Inc/Legacy -I../Drivers/STM32F1xx_HAL_Driver/Inc -I../Drivers/CMSIS/Device/ST/STM32F1xx/Include -I../Drivers/CMSIS/Include -I../USB_DEVICE/App -I../USB_DEVICE/Target -I../Middlewares/ST/STM32_USB_Device_Library/Core/Inc -I../Middlewares/ST/STM32_USB_Device_Library/Class/CDC/Inc -O0 -ffunction-sections -fdata-sections -Wall -fstack-usage -fcyclomatic-complexity -MMD -MP -MF"Middlewares/ST/STM32_USB_Device_Library/Core/Src/usbd_ctlreq.d" -MT"Middlewares/ST/STM32_USB_Device_Library/Core/Src/usbd_ctlreq.o" --specs=nano.specs -mfloat-abi=soft -mthumb -o "Middlewares/ST/STM32_USB_Device_Library/Core/Src/usbd_ctlreq.o"
arm-none-eabi-gcc "../Middlewares/ST/STM32_USB_Device_Library/Core/Src/usbd_ioreq.c" -mcpu=cortex-m3 -std=gnu11 -g3 -DDEBUG -DUSE_HAL_DRIVER -DSTM32F103xB -c -I../Core/Inc -I../Drivers/STM32F1xx_HAL_Driver/Inc/Legacy -I../Drivers/STM32F1xx_HAL_Driver/Inc -I../Drivers/CMSIS/Device/ST/STM32F1xx/Include -I../Drivers/CMSIS/Include -I../USB_DEVICE/App -I../USB_DEVICE/Target -I../Middlewares/ST/STM32_USB_Device_Library/Core/Inc -I../Middlewares/ST/STM32_USB_Device_Library/Class/CDC/Inc -O0 -ffunction-sections -fdata-sections -Wall -fstack-usage -fcyclomatic-complexity -MMD -MP -MF"Middlewares/ST/STM32_USB_Device_Library/Core/Src/usbd_ioreq.d" -MT"Middlewares/ST/STM32_USB_Device_Library/Core/Src/usbd_ioreq.o" --specs=nano.specs -mfloat-abi=soft -mthumb -o "Middlewares/ST/STM32_USB_Device_Library/Core/Src/usbd_ioreq.o"
arm-none-eabi-gcc "../Middlewares/ST/STM32_USB_Device_Library/Class/CDC/Src/usbd_cdc.c" -mcpu=cortex-m3 -std=gnu11 -g3 -DDEBUG -DUSE_HAL_DRIVER -DSTM32F103xB -c -I../Core/Inc -I../Drivers/STM32F1xx_HAL_Driver/Inc/Legacy -I../Drivers/STM32F1xx_HAL_Driver/Inc -I../Drivers/CMSIS/Device/ST/STM32F1xx/Include -I../Drivers/CMSIS/Include -I../USB_DEVICE/App -I../USB_DEVICE/Target -I../Middlewares/ST/STM32_USB_Device_Library/Core/Inc -I../Middlewares/ST/STM32_USB_Device_Library/Class/CDC/Inc -O0 -ffunction-sections -fdata-sections -Wall -fstack-usage -fcyclomatic-complexity -MMD -MP -MF"Middlewares/ST/STM32_USB_Device_Library/Class/CDC/Src/usbd_cdc.d" -MT"Middlewares/ST/STM32_USB_Device_Library/Class/CDC/Src/usbd_cdc.o" --specs=nano.specs -mfloat-abi=soft -mthumb -o "Middlewares/ST/STM32_USB_Device_Library/Class/CDC/Src/usbd_cdc.o"
arm-none-eabi-gcc "../Drivers/STM32F1xx_HAL_Driver/Src/stm32f1xx_hal.c" -mcpu=cortex-m3 -std=gnu11 -g3 -DDEBUG -DUSE_HAL_DRIVER -DSTM32F103xB -c -I../Core/Inc -I../Drivers/STM32F1xx_HAL_Driver/Inc/Legacy -I../Drivers/STM32F1xx_HAL_Driver/Inc -I../Drivers/CMSIS/Device/ST/STM32F1xx/Include -I../Drivers/CMSIS/Include -I../USB_DEVICE/App -I../USB_DEVICE/Target -I../Middlewares/ST/STM32_USB_Device_Library/Core/Inc -I../Middlewares/ST/STM32_USB_Device_Library/Class/CDC/Inc -O0 -ffunction-sections -fdata-sections -Wall -fstack-usage -fcyclomatic-complexity -MMD -MP -MF"Drivers/STM32F1xx_HAL_Driver/Src/stm32f1xx_hal.d" -MT"Drivers/STM32F1xx_HAL_Driver/Src/stm32f1xx_hal.o" --specs=nano.specs -mfloat-abi=soft -mthumb -o "Drivers/STM32F1xx_HAL_Driver/Src/stm32f1xx_hal.o"
arm-none-eabi-gcc "../Drivers/STM32F1xx_HAL_Driver/Src/stm32f1xx_hal_cortex.c" -mcpu=cortex-m3 -std=gnu11 -g3 -DDEBUG -DUSE_HAL_DRIVER -DSTM32F103xB -c -I../Core/Inc -I../Drivers/STM32F1xx_HAL_Driver/Inc/Legacy -I../Drivers/STM32F1xx_HAL_Driver/Inc -I../Drivers/CMSIS/Device/ST/STM32F1xx/Include -I../Drivers/CMSIS/Include -I../USB_DEVICE/App -I../USB_DEVICE/Target -I../Middlewares/ST/STM32_USB_Device_Library/Core/Inc -I../Middlewares/ST/STM32_USB_Device_Library/Class/CDC/Inc -O0 -ffunction-sections -fdata-sections -Wall -fstack-usage -fcyclomatic-complexity -MMD -MP -MF"Drivers/STM32F1xx_HAL_Driver/Src/stm32f1xx_hal_cortex.d" -MT"Drivers/STM32F1xx_HAL_Driver/Src/stm32f1xx_hal_cortex.o" --specs=nano.specs -mfloat-abi=soft -mthumb -o "Drivers/STM32F1xx_HAL_Driver/Src/stm32f1xx_hal_cortex.o"
arm-none-eabi-gcc "../Drivers/STM32F1xx_HAL_Driver/Src/stm32f1xx_hal_dma.c" -mcpu=cortex-m3 -std=gnu11 -g3 -DDEBUG -DUSE_HAL_DRIVER -DSTM32F103xB -c -I../Core/Inc -I../Drivers/STM32F1xx_HAL_Driver/Inc/Legacy -I../Drivers/STM32F1xx_HAL_Driver/Inc -I../Drivers/CMSIS/Device/ST/STM32F1xx/Include -I../Drivers/CMSIS/Include -I../USB_DEVICE/App -I../USB_DEVICE/Target -I../Middlewares/ST/STM32_USB_Device_Library/Core/Inc -I../Middlewares/ST/STM32_USB_Device_Library/Class/CDC/Inc -O0 -ffunction-sections -fdata-sections -Wall -fstack-usage -fcyclomatic-complexity -MMD -MP -MF"Drivers/STM32F1xx_HAL_Driver/Src/stm32f1xx_hal_dma.d" -MT"Drivers/STM32F1xx_HAL_Driver/Src/stm32f1xx_hal_dma.o" --specs=nano.specs -mfloat-abi=soft -mthumb -o "Drivers/STM32F1xx_HAL_Driver/Src/stm32f1xx_hal_dma.o"
arm-none-eabi-gcc "../Drivers/STM32F1xx_HAL_Driver/Src/stm32f1xx_hal_exti.c" -mcpu=cortex-m3 -std=gnu11 -g3 -DDEBUG -DUSE_HAL_DRIVER -DSTM32F103xB -c -I../Core/Inc -I../Drivers/STM32F1xx_HAL_Driver/Inc/Legacy -I../Drivers/STM32F1xx_HAL_Driver/Inc -I../Drivers/CMSIS/Device/ST/STM32F1xx/Include -I../Drivers/CMSIS/Include -I../USB_DEVICE/App -I../USB_DEVICE/Target -I../Middlewares/ST/STM32_USB_Device_Library/Core/Inc -I../Middlewares/ST/STM32_USB_Device_Library/Class/CDC/Inc -O0 -ffunction-sections -fdata-sections -Wall -fstack-usage -fcyclomatic-complexity -MMD -MP -MF"Drivers/STM32F1xx_HAL_Driver/Src/stm32f1xx_hal_exti.d" -MT"Drivers/STM32F1xx_HAL_Driver/Src/stm32f1xx_hal_exti.o" --specs=nano.specs -mfloat-abi=soft -mthumb -o "Drivers/STM32F1xx_HAL_Driver/Src/stm32f1xx_hal_exti.o"
arm-none-eabi-gcc "../Drivers/STM32F1xx_HAL_Driver/Src/stm32f1xx_hal_flash.c" -mcpu=cortex-m3 -std=gnu11 -g3 -DDEBUG -DUSE_HAL_DRIVER -DSTM32F103xB -c -I../Core/Inc -I../Drivers/STM32F1xx_HAL_Driver/Inc/Legacy -I../Drivers/STM32F1xx_HAL_Driver/Inc -I../Drivers/CMSIS/Device/ST/STM32F1xx/Include -I../Drivers/CMSIS/Include -I../USB_DEVICE/App -I../USB_DEVICE/Target -I../Middlewares/ST/STM32_USB_Device_Library/Core/Inc -I../Middlewares/ST/STM32_USB_Device_Library/Class/CDC/Inc -O0 -ffunction-sections -fdata-sections -Wall -fstack-usage -fcyclomatic-complexity -MMD -MP -MF"Drivers/STM32F1xx_HAL_Driver/Src/stm32f1xx_hal_flash.d" -MT"Drivers/STM32F1xx_HAL_Driver/Src/stm32f1xx_hal_flash.o" --specs=nano.specs -mfloat-abi=soft -mthumb -o "Drivers/STM32F1xx_HAL_Driver/Src/stm32f1xx_hal_flash.o"
arm-none-eabi-gcc "../Drivers/STM32F1xx_HAL_Driver/Src/stm32f1xx_hal_flash_ex.c" -mcpu=cortex-m3 -std=gnu11 -g3 -DDEBUG -DUSE_HAL_DRIVER -DSTM32F103xB -c -I../Core/Inc -I../Drivers/STM32F1xx_HAL_Driver/Inc/Legacy -I../Drivers/STM32F1xx_HAL_Driver/Inc -I../Drivers/CMSIS/Device/ST/STM32F1xx/Include -I../Drivers/CMSIS/Include -I../USB_DEVICE/App -I../USB_DEVICE/Target -I../Middlewares/ST/STM32_USB_Device_Library/Core/Inc -I../Middlewares/ST/STM32_USB_Device_Library/Class/CDC/Inc -O0 -ffunction-sections -fdata-sections -Wall -fstack-usage -fcyclomatic-complexity -MMD -MP -MF"Drivers/STM32F1xx_HAL_Driver/Src/stm32f1xx_hal_flash_ex.d" -MT"Drivers/STM32F1xx_HAL_Driver/Src/stm32f1xx_hal_flash_ex.o" --specs=nano.specs -mfloat-abi=soft -mthumb -o "Drivers/STM32F1xx_HAL_Driver/Src/stm32f1xx_hal_flash_ex.o"
arm-none-eabi-gcc "../Drivers/STM32F1xx_HAL_Driver/Src/stm32f1xx_hal_gpio.c" -mcpu=cortex-m3 -std=gnu11 -g3 -DDEBUG -DUSE_HAL_DRIVER -DSTM32F103xB -c -I../Core/Inc -I../Drivers/STM32F1xx_HAL_Driver/Inc/Legacy -I../Drivers/STM32F1xx_HAL_Driver/Inc -I../Drivers/CMSIS/Device/ST/STM32F1xx/Include -I../Drivers/CMSIS/Include -I../USB_DEVICE/App -I../USB_DEVICE/Target -I../Middlewares/ST/STM32_USB_Device_Library/Core/Inc -I../Middlewares/ST/STM32_USB_Device_Library/Class/CDC/Inc -O0 -ffunction-sections -fdata-sections -Wall -fstack-usage -fcyclomatic-complexity -MMD -MP -MF"Drivers/STM32F1xx_HAL_Driver/Src/stm32f1xx_hal_gpio.d" -MT"Drivers/STM32F1xx_HAL_Driver/Src/stm32f1xx_hal_gpio.o" --specs=nano.specs -mfloat-abi=soft -mthumb -o "Drivers/STM32F1xx_HAL_Driver/Src/stm32f1xx_hal_gpio.o"
arm-none-eabi-gcc "../Drivers/STM32F1xx_HAL_Driver/Src/stm32f1xx_hal_gpio_ex.c" -mcpu=cortex-m3 -std=gnu11 -g3 -DDEBUG -DUSE_HAL_DRIVER -DSTM32F103xB -c -I../Core/Inc -I../Drivers/STM32F1xx_HAL_Driver/Inc/Legacy -I../Drivers/STM32F1xx_HAL_Driver/Inc -I../Drivers/CMSIS/Device/ST/STM32F1xx/Include -I../Drivers/CMSIS/Include -I../USB_DEVICE/App -I../USB_DEVICE/Target -I../Middlewares/ST/STM32_USB_Device_Library/Core/Inc -I../Middlewares/ST/STM32_USB_Device_Library/Class/CDC/Inc -O0 -ffunction-sections -fdata-sections -Wall -fstack-usage -fcyclomatic-complexity -MMD -MP -MF"Drivers/STM32F1xx_HAL_Driver/Src/stm32f1xx_hal_gpio_ex.d" -MT"Drivers/STM32F1xx_HAL_Driver/Src/stm32f1xx_hal_gpio_ex.o" --specs=nano.specs -mfloat-abi=soft -mthumb -o "Drivers/STM32F1xx_HAL_Driver/Src/stm32f1xx_hal_gpio_ex.o"
arm-none-eabi-gcc "../Drivers/STM32F1xx_HAL_Driver/Src/stm32f1xx_hal_i2c.c" -mcpu=cortex-m3 -std=gnu11 -g3 -DDEBUG -DUSE_HAL_DRIVER -DSTM32F103xB -c -I../Core/Inc -I../Drivers/STM32F1xx_HAL_Driver/Inc/Legacy -I../Drivers/STM32F1xx_HAL_Driver/Inc -I../Drivers/CMSIS/Device/ST/STM32F1xx/Include -I../Drivers/CMSIS/Include -I../USB_DEVICE/App -I../USB_DEVICE/Target -I../Middlewares/ST/STM32_USB_Device_Library/Core/Inc -I../Middlewares/ST/STM32_USB_Device_Library/Class/CDC/Inc -O0 -ffunction-sections -fdata-sections -Wall -fstack-usage -fcyclomatic-complexity -MMD -MP -MF"Drivers/STM32F1xx_HAL_Driver/Src/stm32f1xx_hal_i2c.d" -MT"Drivers/STM32F1xx_HAL_Driver/Src/stm32f1xx_hal_i2c.o" --specs=nano.specs -mfloat-abi=soft -mthumb -o "Drivers/STM32F1xx_HAL_Driver/Src/stm32f1xx_hal_i2c.o"
arm-none-eabi-gcc "../Drivers/STM32F1xx_HAL_Driver/Src/stm32f1xx_hal_pcd.c" -mcpu=cortex-m3 -std=gnu11 -g3 -DDEBUG -DUSE_HAL_DRIVER -DSTM32F103xB -c -I../Core/Inc -I../Drivers/STM32F1xx_HAL_Driver/Inc/Legacy -I../Drivers/STM32F1xx_HAL_Driver/Inc -I../Drivers/CMSIS/Device/ST/STM32F1xx/Include -I../Drivers/CMSIS/Include -I../USB_DEVICE/App -I../USB_DEVICE/Target -I../Middlewares/ST/STM32_USB_Device_Library/Core/Inc -I../Middlewares/ST/STM32_USB_Device_Library/Class/CDC/Inc -O0 -ffunction-sections -fdata-sections -Wall -fstack-usage -fcyclomatic-complexity -MMD -MP -MF"Drivers/STM32F1xx_HAL_Driver/Src/stm32f1xx_hal_pcd.d" -MT"Drivers/STM32F1xx_HAL_Driver/Src/stm32f1xx_hal_pcd.o" --specs=nano.specs -mfloat-abi=soft -mthumb -o "Drivers/STM32F1xx_HAL_Driver/Src/stm32f1xx_hal_pcd.o"
arm-none-eabi-gcc "../Drivers/STM32F1xx_HAL_Driver/Src/stm32f1xx_hal_pcd_ex.c" -mcpu=cortex-m3 -std=gnu11 -g3 -DDEBUG -DUSE_HAL_DRIVER -DSTM32F103xB -c -I../Core/Inc -I../Drivers/STM32F1xx_HAL_Driver/Inc/Legacy -I../Drivers/STM32F1xx_HAL_Driver/Inc -I../Drivers/CMSIS/Device/ST/STM32F1xx/Include -I../Drivers/CMSIS/Include -I../USB_DEVICE/App -I../USB_DEVICE/Target -I../Middlewares/ST/STM32_USB_Device_Library/Core/Inc -I../Middlewares/ST/STM32_USB_Device_Library/Class/CDC/Inc -O0 -ffunction-sections -fdata-sections -Wall -fstack-usage -fcyclomatic-complexity -MMD -MP -MF"Drivers/STM32F1xx_HAL_Driver/Src/stm32f1xx_hal_pcd_ex.d" -MT"Drivers/STM32F1xx_HAL_Driver/Src/stm32f1xx_hal_pcd_ex.o" --specs=nano.specs -mfloat-abi=soft -mthumb -o "Drivers/STM32F1xx_HAL_Driver/Src/stm32f1xx_hal_pcd_ex.o"
arm-none-eabi-gcc "../Drivers/STM32F1xx_HAL_Driver/Src/stm32f1xx_hal_pwr.c" -mcpu=cortex-m3 -std=gnu11 -g3 -DDEBUG -DUSE_HAL_DRIVER -DSTM32F103xB -c -I../Core/Inc -I../Drivers/STM32F1xx_HAL_Driver/Inc/Legacy -I../Drivers/STM32F1xx_HAL_Driver/Inc -I../Drivers/CMSIS/Device/ST/STM32F1xx/Include -I../Drivers/CMSIS/Include -I../USB_DEVICE/App -I../USB_DEVICE/Target -I../Middlewares/ST/STM32_USB_Device_Library/Core/Inc -I../Middlewares/ST/STM32_USB_Device_Library/Class/CDC/Inc -O0 -ffunction-sections -fdata-sections -Wall -fstack-usage -fcyclomatic-complexity -MMD -MP -MF"Drivers/STM32F1xx_HAL_Driver/Src/stm32f1xx_hal_pwr.d" -MT"Drivers/STM32F1xx_HAL_Driver/Src/stm32f1xx_hal_pwr.o" --specs=nano.specs -mfloat-abi=soft -mthumb -o "Drivers/STM32F1xx_HAL_Driver/Src/stm32f1xx_hal_pwr.o"
arm-none-eabi-gcc "../Drivers/STM32F1xx_HAL_Driver/Src/stm32f1xx_hal_rcc.c" -mcpu=cortex-m3 -std=gnu11 -g3 -DDEBUG -DUSE_HAL_DRIVER -DSTM32F103xB -c -I../Core/Inc -I../Drivers/STM32F1xx_HAL_Driver/Inc/Legacy -I../Drivers/STM32F1xx_HAL_Driver/Inc -I../Drivers/CMSIS/Device/ST/STM32F1xx/Include -I../Drivers/CMSIS/Include -I../USB_DEVICE/App -I../USB_DEVICE/Target -I../Middlewares/ST/STM32_USB_Device_Library/Core/Inc -I../Middlewares/ST/STM32_USB_Device_Library/Class/CDC/Inc -O0 -ffunction-sections -fdata-sections -Wall -fstack-usage -fcyclomatic-complexity -MMD -MP -MF"Drivers/STM32F1xx_HAL_Driver/Src/stm32f1xx_hal_rcc.d" -MT"Drivers/STM32F1xx_HAL_Driver/Src/stm32f1xx_hal_rcc.o" --specs=nano.specs -mfloat-abi=soft -mthumb -o "Drivers/STM32F1xx_HAL_Driver/Src/stm32f1xx_hal_rcc.o"
arm-none-eabi-gcc "../Drivers/STM32F1xx_HAL_Driver/Src/stm32f1xx_hal_rcc_ex.c" -mcpu=cortex-m3 -std=gnu11 -g3 -DDEBUG -DUSE_HAL_DRIVER -DSTM32F103xB -c -I../Core/Inc -I../Drivers/STM32F1xx_HAL_Driver/Inc/Legacy -I../Drivers/STM32F1xx_HAL_Driver/Inc -I../Drivers/CMSIS/Device/ST/STM32F1xx/Include -I../Drivers/CMSIS/Include -I../USB_DEVICE/App -I../USB_DEVICE/Target -I../Middlewares/ST/STM32_USB_Device_Library/Core/Inc -I../Middlewares/ST/STM32_USB_Device_Library/Class/CDC/Inc -O0 -ffunction-sections -fdata-sections -Wall -fstack-usage -fcyclomatic-complexity -MMD -MP -MF"Drivers/STM32F1xx_HAL_Driver/Src/stm32f1xx_hal_rcc_ex.d" -MT"Drivers/STM32F1xx_HAL_Driver/Src/stm32f1xx_hal_rcc_ex.o" --specs=nano.specs -mfloat-abi=soft -mthumb -o "Drivers/STM32F1xx_HAL_Driver/Src/stm32f1xx_hal_rcc_ex.o"
arm-none-eabi-gcc "../Drivers/STM32F1xx_HAL_Driver/Src/stm32f1xx_hal_rtc.c" -mcpu=cortex-m3 -std=gnu11 -g3 -DDEBUG -DUSE_HAL_DRIVER -DSTM32F103xB -c -I../Core/Inc -I../Drivers/STM32F1xx_HAL_Driver/Inc/Legacy -I../Drivers/STM32F1xx_HAL_Driver/Inc -I../Drivers/CMSIS/Device/ST/STM32F1xx/Include -I../Drivers/CMSIS/Include -I../USB_DEVICE/App -I../USB_DEVICE/Target -I../Middlewares/ST/STM32_USB_Device_Library/Core/Inc -I../Middlewares/ST/STM32_USB_Device_Library/Class/CDC/Inc -O0 -ffunction-sections -fdata-sections -Wall -fstack-usage -fcyclomatic-complexity -MMD -MP -MF"Drivers/STM32F1xx_HAL_Driver/Src/stm32f1xx_hal_rtc.d" -MT"Drivers/STM32F1xx_HAL_Driver/Src/stm32f1xx_hal_rtc.o" --specs=nano.specs -mfloat-abi=soft -mthumb -o "Drivers/STM32F1xx_HAL_Driver/Src/stm32f1xx_hal_rtc.o"
arm-none-eabi-gcc "../Drivers/STM32F1xx_HAL_Driver/Src/stm32f1xx_hal_rtc_ex.c" -mcpu=cortex-m3 -std=gnu11 -g3 -DDEBUG -DUSE_HAL_DRIVER -DSTM32F103xB -c -I../Core/Inc -I../Drivers/STM32F1xx_HAL_Driver/Inc/Legacy -I../Drivers/STM32F1xx_HAL_Driver/Inc -I../Drivers/CMSIS/Device/ST/STM32F1xx/Include -I../Drivers/CMSIS/Include -I../USB_DEVICE/App -I../USB_DEVICE/Target -I../Middlewares/ST/STM32_USB_Device_Library/Core/Inc -I../Middlewares/ST/STM32_USB_Device_Library/Class/CDC/Inc -O0 -ffunction-sections -fdata-sections -Wall -fstack-usage -fcyclomatic-complexity -MMD -MP -MF"Drivers/STM32F1xx_HAL_Driver/Src/stm32f1xx_hal_rtc_ex.d" -MT"Drivers/STM32F1xx_HAL_Driver/Src/stm32f1xx_hal_rtc_ex.o" --specs=nano.specs -mfloat-abi=soft -mthumb -o "Drivers/STM32F1xx_HAL_Driver/Src/stm32f1xx_hal_rtc_ex.o"
arm-none-eabi-gcc "../Drivers/STM32F1xx_HAL_Driver/Src/stm32f1xx_hal_spi.c" -mcpu=cortex-m3 -std=gnu11 -g3 -DDEBUG -DUSE_HAL_DRIVER -DSTM32F103xB -c -I../Core/Inc -I../Drivers/STM32F1xx_HAL_Driver/Inc/Legacy -I../Drivers/STM32F1xx_HAL_Driver/Inc -I../Drivers/CMSIS/Device/ST/STM32F1xx/Include -I../Drivers/CMSIS/Include -I../USB_DEVICE/App -I../USB_DEVICE/Target -I../Middlewares/ST/STM32_USB_Device_Library/Core/Inc -I../Middlewares/ST/STM32_USB_Device_Library/Class/CDC/Inc -O0 -ffunction-sections -fdata-sections -Wall -fstack-usage -fcyclomatic-complexity -MMD -MP -MF"Drivers/STM32F1xx_HAL_Driver/Src/stm32f1xx_hal_spi.d" -MT"Drivers/STM32F1xx_HAL_Driver/Src/stm32f1xx_hal_spi.o" --specs=nano.specs -mfloat-abi=soft -mthumb -o "Drivers/STM32F1xx_HAL_Driver/Src/stm32f1xx_hal_spi.o"
arm-none-eabi-gcc "../Drivers/STM32F1xx_HAL_Driver/Src/stm32f1xx_ll_usb.c" -mcpu=cortex-m3 -std=gnu11 -g3 -DDEBUG -DUSE_HAL_DRIVER -DSTM32F103xB -c -I../Core/Inc -I../Drivers/STM32F1xx_HAL_Driver/Inc/Legacy -I../Drivers/STM32F1xx_HAL_Driver/Inc -I../Drivers/CMSIS/Device/ST/STM32F1xx/Include -I../Drivers/CMSIS/Include -I../USB_DEVICE/App -I../USB_DEVICE/Target -I../Middlewares/ST/STM32_USB_Device_Library/Core/Inc -I../Middlewares/ST/STM32_USB_Device_Library/Class/CDC/Inc -O0 -ffunction-sections -fdata-sections -Wall -fstack-usage -fcyclomatic-complexity -MMD -MP -MF"Drivers/STM32F1xx_HAL_Driver/Src/stm32f1xx_ll_usb.d" -MT"Drivers/STM32F1xx_HAL_Driver/Src/stm32f1xx_ll_usb.o" --specs=nano.specs -mfloat-abi=soft -mthumb -o "Drivers/STM32F1xx_HAL_Driver/Src/stm32f1xx_ll_usb.o"
arm-none-eabi-gcc -mcpu=cortex-m3 -g3 -DDEBUG -c -x assembler-with-cpp -MMD -MP -MF"Core/Startup/startup_stm32f103c8tx.d" -MT"Core/Startup/startup_stm32f103c8tx.o" --specs=nano.specs -mfloat-abi=soft -mthumb -o "Core/Startup/startup_stm32f103c8tx.o" "../Core/Startup/startup_stm32f103c8tx.s"
arm-none-eabi-gcc "../Core/Src/ad5328.c" -mcpu=cortex-m3 -std=gnu11 -g3 -DDEBUG -DUSE_HAL_DRIVER -DSTM32F103xB -c -I../Core/Inc -I../Drivers/STM32F1xx_HAL_Driver/Inc/Legacy -I../Drivers/STM32F1xx_HAL_Driver/Inc -I../Drivers/CMSIS/Device/ST/STM32F1xx/Include -I../Drivers/CMSIS/Include -I../USB_DEVICE/App -I../USB_DEVICE/Target -I../Middlewares/ST/STM32_USB_Device_Library/Core/Inc -I../Middlewares/ST/STM32_USB_Device_Library/Class/CDC/Inc -O0 -ffunction-sections -fdata-sections -Wall -fstack-usage -fcyclomatic-complexity -MMD -MP -MF"Core/Src/ad5328.d" -MT"Core/Src/ad5328.o" --specs=nano.specs -mfloat-abi=soft -mthumb -o "Core/Src/ad5328.o"
arm-none-eabi-gcc "../Core/Src/ads1115.c" -mcpu=cortex-m3 -std=gnu11 -g3 -DDEBUG -DUSE_HAL_DRIVER -DSTM32F103xB -c -I../Core/Inc -I../Drivers/STM32F1xx_HAL_Driver/Inc/Legacy -I../Drivers/STM32F1xx_HAL_Driver/Inc -I../Drivers/CMSIS/Device/ST/STM32F1xx/Include -I../Drivers/CMSIS/Include -I../USB_DEVICE/App -I../USB_DEVICE/Target -I../Middlewares/ST/STM32_USB_Device_Library/Core/Inc -I../Middlewares/ST/STM32_USB_Device_Library/Class/CDC/Inc -O0 -ffunction-sections -fdata-sections -Wall -fstack-usage -fcyclomatic-complexity -MMD -MP -MF"Core/Src/ads1115.d" -MT"Core/Src/ads1115.o" --specs=nano.specs -mfloat-abi=soft -mthumb -o "Core/Src/ads1115.o"
arm-none-eabi-gcc "../Core/Src/main.c" -mcpu=cortex-m3 -std=gnu11 -g3 -DDEBUG -DUSE_HAL_DRIVER -DSTM32F103xB -c -I../Core/Inc -I../Drivers/STM32F1xx_HAL_Driver/Inc/Legacy -I../Drivers/STM32F1xx_HAL_Driver/Inc -I../Drivers/CMSIS/Device/ST/STM32F1xx/Include -I../Drivers/CMSIS/Include -I../USB_DEVICE/App -I../USB_DEVICE/Target -I../Middlewares/ST/STM32_USB_Device_Library/Core/Inc -I../Middlewares/ST/STM32_USB_Device_Library/Class/CDC/Inc -O0 -ffunction-sections -fdata-sections -Wall -fstack-usage -fcyclomatic-complexity -MMD -MP -MF"Core/Src/main.d" -MT"Core/Src/main.o" --specs=nano.specs -mfloat-abi=soft -mthumb -o "Core/Src/main.o"
arm-none-eabi-gcc "../Core/Src/stm32f1xx_hal_msp.c" -mcpu=cortex-m3 -std=gnu11 -g3 -DDEBUG -DUSE_HAL_DRIVER -DSTM32F103xB -c -I../Core/Inc -I../Drivers/STM32F1xx_HAL_Driver/Inc/Legacy -I../Drivers/STM32F1xx_HAL_Driver/Inc -I../Drivers/CMSIS/Device/ST/STM32F1xx/Include -I../Drivers/CMSIS/Include -I../USB_DEVICE/App -I../USB_DEVICE/Target -I../Middlewares/ST/STM32_USB_Device_Library/Core/Inc -I../Middlewares/ST/STM32_USB_Device_Library/Class/CDC/Inc -O0 -ffunction-sections -fdata-sections -Wall -fstack-usage -fcyclomatic-complexity -MMD -MP -MF"Core/Src/stm32f1xx_hal_msp.d" -MT"Core/Src/stm32f1xx_hal_msp.o" --specs=nano.specs -mfloat-abi=soft -mthumb -o "Core/Src/stm32f1xx_hal_msp.o"
arm-none-eabi-gcc "../Core/Src/stm32f1xx_hal_tim.c" -mcpu=cortex-m3 -std=gnu11 -g3 -DDEBUG -DUSE_HAL_DRIVER -DSTM32F103xB -c -I../Core/Inc -I../Drivers/STM32F1xx_HAL_Driver/Inc/Legacy -I../Drivers/STM32F1xx_HAL_Driver/Inc -I../Drivers/CMSIS/Device/ST/STM32F1xx/Include -I../Drivers/CMSIS/Include -I../USB_DEVICE/App -I../USB_DEVICE/Target -I../Middlewares/ST/STM32_USB_Device_Library/Core/Inc -I../Middlewares/ST/STM32_USB_Device_Library/Class/CDC/Inc -O0 -ffunction-sections -fdata-sections -Wall -fstack-usage -fcyclomatic-complexity -MMD -MP -MF"Core/Src/stm32f1xx_hal_tim.d" -MT"Core/Src/stm32f1xx_hal_tim.o" --specs=nano.specs -mfloat-abi=soft -mthumb -o "Core/Src/stm32f1xx_hal_tim.o"
arm-none-eabi-gcc "../Core/Src/stm32f1xx_hal_tim_ex.c" -mcpu=cortex-m3 -std=gnu11 -g3 -DDEBUG -DUSE_HAL_DRIVER -DSTM32F103xB -c -I../Core/Inc -I../Drivers/STM32F1xx_HAL_Driver/Inc/Legacy -I../Drivers/STM32F1xx_HAL_Driver/Inc -I../Drivers/CMSIS/Device/ST/STM32F1xx/Include -I../Drivers/CMSIS/Include -I../USB_DEVICE/App -I../USB_DEVICE/Target -I../Middlewares/ST/STM32_USB_Device_Library/Core/Inc -I../Middlewares/ST/STM32_USB_Device_Library/Class/CDC/Inc -O0 -ffunction-sections -fdata-sections -Wall -fstack-usage -fcyclomatic-complexity -MMD -MP -MF"Core/Src/stm32f1xx_hal_tim_ex.d" -MT"Core/Src/stm32f1xx_hal_tim_ex.o" --specs=nano.specs -mfloat-abi=soft -mthumb -o "Core/Src/stm32f1xx_hal_tim_ex.o"
arm-none-eabi-gcc "../Core/Src/stm32f1xx_it.c" -mcpu=cortex-m3 -std=gnu11 -g3 -DDEBUG -DUSE_HAL_DRIVER -DSTM32F103xB -c -I../Core/Inc -I../Drivers/STM32F1xx_HAL_Driver/Inc/Legacy -I../Drivers/STM32F1xx_HAL_Driver/Inc -I../Drivers/CMSIS/Device/ST/STM32F1xx/Include -I../Drivers/CMSIS/Include -I../USB_DEVICE/App -I../USB_DEVICE/Target -I../Middlewares/ST/STM32_USB_Device_Library/Core/Inc -I../Middlewares/ST/STM32_USB_Device_Library/Class/CDC/Inc -O0 -ffunction-sections -fdata-sections -Wall -fstack-usage -fcyclomatic-complexity -MMD -MP -MF"Core/Src/stm32f1xx_it.d" -MT"Core/Src/stm32f1xx_it.o" --specs=nano.specs -mfloat-abi=soft -mthumb -o "Core/Src/stm32f1xx_it.o"
arm-none-eabi-gcc "../Core/Src/syscalls.c" -mcpu=cortex-m3 -std=gnu11 -g3 -DDEBUG -DUSE_HAL_DRIVER -DSTM32F103xB -c -I../Core/Inc -I../Drivers/STM32F1xx_HAL_Driver/Inc/Legacy -I../Drivers/STM32F1xx_HAL_Driver/Inc -I../Drivers/CMSIS/Device/ST/STM32F1xx/Include -I../Drivers/CMSIS/Include -I../USB_DEVICE/App -I../USB_DEVICE/Target -I../Middlewares/ST/STM32_USB_Device_Library/Core/Inc -I../Middlewares/ST/STM32_USB_Device_Library/Class/CDC/Inc -O0 -ffunction-sections -fdata-sections -Wall -fstack-usage -fcyclomatic-complexity -MMD -MP -MF"Core/Src/syscalls.d" -MT"Core/Src/syscalls.o" --specs=nano.specs -mfloat-abi=soft -mthumb -o "Core/Src/syscalls.o"
arm-none-eabi-gcc "../Core/Src/sysmem.c" -mcpu=cortex-m3 -std=gnu11 -g3 -DDEBUG -DUSE_HAL_DRIVER -DSTM32F103xB -c -I../Core/Inc -I../Drivers/STM32F1xx_HAL_Driver/Inc/Legacy -I../Drivers/STM32F1xx_HAL_Driver/Inc -I../Drivers/CMSIS/Device/ST/STM32F1xx/Include -I../Drivers/CMSIS/Include -I../USB_DEVICE/App -I../USB_DEVICE/Target -I../Middlewares/ST/STM32_USB_Device_Library/Core/Inc -I../Middlewares/ST/STM32_USB_Device_Library/Class/CDC/Inc -O0 -ffunction-sections -fdata-sections -Wall -fstack-usage -fcyclomatic-complexity -MMD -MP -MF"Core/Src/sysmem.d" -MT"Core/Src/sysmem.o" --specs=nano.specs -mfloat-abi=soft -mthumb -o "Core/Src/sysmem.o"
arm-none-eabi-gcc "../Core/Src/system_stm32f1xx.c" -mcpu=cortex-m3 -std=gnu11 -g3 -DDEBUG -DUSE_HAL_DRIVER -DSTM32F103xB -c -I../Core/Inc -I../Drivers/STM32F1xx_HAL_Driver/Inc/Legacy -I../Drivers/STM32F1xx_HAL_Driver/Inc -I../Drivers/CMSIS/Device/ST/STM32F1xx/Include -I../Drivers/CMSIS/Include -I../USB_DEVICE/App -I../USB_DEVICE/Target -I../Middlewares/ST/STM32_USB_Device_Library/Core/Inc -I../Middlewares/ST/STM32_USB_Device_Library/Class/CDC/Inc -O0 -ffunction-sections -fdata-sections -Wall -fstack-usage -fcyclomatic-complexity -MMD -MP -MF"Core/Src/system_stm32f1xx.d" -MT"Core/Src/system_stm32f1xx.o" --specs=nano.specs -mfloat-abi=soft -mthumb -o "Core/Src/system_stm32f1xx.o"
arm-none-eabi-gcc -o "Motherboard.elf" @"objects.list"   -mcpu=cortex-m3 -T"C:\STM32\SausageMixer\Motherboard\STM32F103C8TX_FLASH.ld" --specs=nosys.specs -Wl,-Map="Motherboard.map" -Wl,--gc-sections -static --specs=nano.specs -mfloat-abi=soft -mthumb -Wl,--start-group -lc -lm -Wl,--end-group
Finished building target: Motherboard.elf
 
arm-none-eabi-size  Motherboard.elf 
arm-none-eabi-objdump -h -S Motherboard.elf  > "Motherboard.list"
   text	   data	    bss	    dec	    hex	filename
  49748	    380	   6540	  56668	   dd5c	Motherboard.elf
Finished building: default.size.stdout
 
Finished building: Motherboard.list
 
11:06:53 **** Incremental Build of configuration Debug for project Keyboard ****
make -j12 all 
arm-none-eabi-size  Keyboard.elf 
   text	   data	    bss	    dec	    hex	filename
   8580	     12	   1684	  10276	   2824	Keyboard.elf
Finished building: default.size.stdout
 
11:06:53 **** Incremental Build of configuration Debug for project Motherboard ****
make -j12 all 
arm-none-eabi-size  Motherboard.elf 
   text	   data	    bss	    dec	    hex	filename
  49748	    380	   6540	  56668	   dd5c	Motherboard.elf
Finished building: default.size.stdout
 
11:08:43 **** Incremental Build of configuration Debug for project Keyboard ****
make -j12 all 
arm-none-eabi-size  Keyboard.elf 
   text	   data	    bss	    dec	    hex	filename
   8580	     12	   1684	  10276	   2824	Keyboard.elf
Finished building: default.size.stdout
 
11:08:44 **** Incremental Build of configuration Debug for project Motherboard ****
make -j12 all 
arm-none-eabi-gcc "../Core/Src/main.c" -mcpu=cortex-m3 -std=gnu11 -g3 -DDEBUG -DUSE_HAL_DRIVER -DSTM32F103xB -c -I../Core/Inc -I../Drivers/STM32F1xx_HAL_Driver/Inc/Legacy -I../Drivers/STM32F1xx_HAL_Driver/Inc -I../Drivers/CMSIS/Device/ST/STM32F1xx/Include -I../Drivers/CMSIS/Include -I../USB_DEVICE/App -I../USB_DEVICE/Target -I../Middlewares/ST/STM32_USB_Device_Library/Core/Inc -I../Middlewares/ST/STM32_USB_Device_Library/Class/CDC/Inc -O0 -ffunction-sections -fdata-sections -Wall -fstack-usage -fcyclomatic-complexity -MMD -MP -MF"Core/Src/main.d" -MT"Core/Src/main.o" --specs=nano.specs -mfloat-abi=soft -mthumb -o "Core/Src/main.o"
arm-none-eabi-gcc -o "Motherboard.elf" @"objects.list"   -mcpu=cortex-m3 -T"C:\STM32\SausageMixer\Motherboard\STM32F103C8TX_FLASH.ld" --specs=nosys.specs -Wl,-Map="Motherboard.map" -Wl,--gc-sections -static --specs=nano.specs -mfloat-abi=soft -mthumb -Wl,--start-group -lc -lm -Wl,--end-group
Finished building target: Motherboard.elf
 
arm-none-eabi-size  Motherboard.elf 
arm-none-eabi-objdump -h -S Motherboard.elf  > "Motherboard.list"
   text	   data	    bss	    dec	    hex	filename
  49752	    380	   6540	  56672	   dd60	Motherboard.elf
Finished building: default.size.stdout
 
Finished building: Motherboard.list
 
11:10:01 **** Incremental Build of configuration Debug for project Keyboard ****
make -j12 all 
arm-none-eabi-size  Keyboard.elf 
   text	   data	    bss	    dec	    hex	filename
   8580	     12	   1684	  10276	   2824	Keyboard.elf
Finished building: default.size.stdout
 
11:10:01 **** Incremental Build of configuration Debug for project Motherboard ****
make -j12 all 
arm-none-eabi-gcc "../Core/Src/main.c" -mcpu=cortex-m3 -std=gnu11 -g3 -DDEBUG -DUSE_HAL_DRIVER -DSTM32F103xB -c -I../Core/Inc -I../Drivers/STM32F1xx_HAL_Driver/Inc/Legacy -I../Drivers/STM32F1xx_HAL_Driver/Inc -I../Drivers/CMSIS/Device/ST/STM32F1xx/Include -I../Drivers/CMSIS/Include -I../USB_DEVICE/App -I../USB_DEVICE/Target -I../Middlewares/ST/STM32_USB_Device_Library/Core/Inc -I../Middlewares/ST/STM32_USB_Device_Library/Class/CDC/Inc -O0 -ffunction-sections -fdata-sections -Wall -fstack-usage -fcyclomatic-complexity -MMD -MP -MF"Core/Src/main.d" -MT"Core/Src/main.o" --specs=nano.specs -mfloat-abi=soft -mthumb -o "Core/Src/main.o"
arm-none-eabi-gcc -o "Motherboard.elf" @"objects.list"   -mcpu=cortex-m3 -T"C:\STM32\SausageMixer\Motherboard\STM32F103C8TX_FLASH.ld" --specs=nosys.specs -Wl,-Map="Motherboard.map" -Wl,--gc-sections -static --specs=nano.specs -mfloat-abi=soft -mthumb -Wl,--start-group -lc -lm -Wl,--end-group
Finished building target: Motherboard.elf
 
arm-none-eabi-size  Motherboard.elf 
arm-none-eabi-objdump -h -S Motherboard.elf  > "Motherboard.list"
   text	   data	    bss	    dec	    hex	filename
  49752	    380	   6540	  56672	   dd60	Motherboard.elf
Finished building: default.size.stdout
 
Finished building: Motherboard.list
 
11:11:46 **** Incremental Build of configuration Debug for project Keyboard ****
make -j12 all 
arm-none-eabi-size  Keyboard.elf 
   text	   data	    bss	    dec	    hex	filename
   8580	     12	   1684	  10276	   2824	Keyboard.elf
Finished building: default.size.stdout
 
11:11:47 **** Incremental Build of configuration Debug for project Motherboard ****
make -j12 all 
arm-none-eabi-size  Motherboard.elf 
   text	   data	    bss	    dec	    hex	filename
  49752	    380	   6540	  56672	   dd60	Motherboard.elf
Finished building: default.size.stdout
 
11:13:21 **** Incremental Build of configuration Debug for project Keyboard ****
make -j12 all 
arm-none-eabi-size  Keyboard.elf 
   text	   data	    bss	    dec	    hex	filename
   8580	     12	   1684	  10276	   2824	Keyboard.elf
Finished building: default.size.stdout
 
11:13:22 **** Incremental Build of configuration Debug for project Motherboard ****
make -j12 all 
arm-none-eabi-gcc "../Core/Src/main.c" -mcpu=cortex-m3 -std=gnu11 -g3 -DDEBUG -DUSE_HAL_DRIVER -DSTM32F103xB -c -I../Core/Inc -I../Drivers/STM32F1xx_HAL_Driver/Inc/Legacy -I../Drivers/STM32F1xx_HAL_Driver/Inc -I../Drivers/CMSIS/Device/ST/STM32F1xx/Include -I../Drivers/CMSIS/Include -I../USB_DEVICE/App -I../USB_DEVICE/Target -I../Middlewares/ST/STM32_USB_Device_Library/Core/Inc -I../Middlewares/ST/STM32_USB_Device_Library/Class/CDC/Inc -O0 -ffunction-sections -fdata-sections -Wall -fstack-usage -fcyclomatic-complexity -MMD -MP -MF"Core/Src/main.d" -MT"Core/Src/main.o" --specs=nano.specs -mfloat-abi=soft -mthumb -o "Core/Src/main.o"
arm-none-eabi-gcc -o "Motherboard.elf" @"objects.list"   -mcpu=cortex-m3 -T"C:\STM32\SausageMixer\Motherboard\STM32F103C8TX_FLASH.ld" --specs=nosys.specs -Wl,-Map="Motherboard.map" -Wl,--gc-sections -static --specs=nano.specs -mfloat-abi=soft -mthumb -Wl,--start-group -lc -lm -Wl,--end-group
Finished building target: Motherboard.elf
 
arm-none-eabi-size  Motherboard.elf 
arm-none-eabi-objdump -h -S Motherboard.elf  > "Motherboard.list"
   text	   data	    bss	    dec	    hex	filename
  49756	    380	   6540	  56676	   dd64	Motherboard.elf
Finished building: default.size.stdout
 
Finished building: Motherboard.list
 
11:14:56 **** Incremental Build of configuration Debug for project Keyboard ****
make -j12 all 
arm-none-eabi-size  Keyboard.elf 
   text	   data	    bss	    dec	    hex	filename
   8580	     12	   1684	  10276	   2824	Keyboard.elf
Finished building: default.size.stdout
 
11:14:57 **** Incremental Build of configuration Debug for project Motherboard ****
make -j12 all 
arm-none-eabi-gcc "../Core/Src/main.c" -mcpu=cortex-m3 -std=gnu11 -g3 -DDEBUG -DUSE_HAL_DRIVER -DSTM32F103xB -c -I../Core/Inc -I../Drivers/STM32F1xx_HAL_Driver/Inc/Legacy -I../Drivers/STM32F1xx_HAL_Driver/Inc -I../Drivers/CMSIS/Device/ST/STM32F1xx/Include -I../Drivers/CMSIS/Include -I../USB_DEVICE/App -I../USB_DEVICE/Target -I../Middlewares/ST/STM32_USB_Device_Library/Core/Inc -I../Middlewares/ST/STM32_USB_Device_Library/Class/CDC/Inc -O0 -ffunction-sections -fdata-sections -Wall -fstack-usage -fcyclomatic-complexity -MMD -MP -MF"Core/Src/main.d" -MT"Core/Src/main.o" --specs=nano.specs -mfloat-abi=soft -mthumb -o "Core/Src/main.o"
arm-none-eabi-gcc -o "Motherboard.elf" @"objects.list"   -mcpu=cortex-m3 -T"C:\STM32\SausageMixer\Motherboard\STM32F103C8TX_FLASH.ld" --specs=nosys.specs -Wl,-Map="Motherboard.map" -Wl,--gc-sections -static --specs=nano.specs -mfloat-abi=soft -mthumb -Wl,--start-group -lc -lm -Wl,--end-group
Finished building target: Motherboard.elf
 
arm-none-eabi-size  Motherboard.elf 
arm-none-eabi-objdump -h -S Motherboard.elf  > "Motherboard.list"
   text	   data	    bss	    dec	    hex	filename
  49756	    380	   6540	  56676	   dd64	Motherboard.elf
Finished building: default.size.stdout
 
Finished building: Motherboard.list
 
11:16:39 **** Incremental Build of configuration Debug for project Keyboard ****
make -j12 all 
arm-none-eabi-size  Keyboard.elf 
   text	   data	    bss	    dec	    hex	filename
   8580	     12	   1684	  10276	   2824	Keyboard.elf
Finished building: default.size.stdout
 
11:16:40 **** Incremental Build of configuration Debug for project Motherboard ****
make -j12 all 
arm-none-eabi-gcc "../Core/Src/main.c" -mcpu=cortex-m3 -std=gnu11 -g3 -DDEBUG -DUSE_HAL_DRIVER -DSTM32F103xB -c -I../Core/Inc -I../Drivers/STM32F1xx_HAL_Driver/Inc/Legacy -I../Drivers/STM32F1xx_HAL_Driver/Inc -I../Drivers/CMSIS/Device/ST/STM32F1xx/Include -I../Drivers/CMSIS/Include -I../USB_DEVICE/App -I../USB_DEVICE/Target -I../Middlewares/ST/STM32_USB_Device_Library/Core/Inc -I../Middlewares/ST/STM32_USB_Device_Library/Class/CDC/Inc -O0 -ffunction-sections -fdata-sections -Wall -fstack-usage -fcyclomatic-complexity -MMD -MP -MF"Core/Src/main.d" -MT"Core/Src/main.o" --specs=nano.specs -mfloat-abi=soft -mthumb -o "Core/Src/main.o"
arm-none-eabi-gcc -o "Motherboard.elf" @"objects.list"   -mcpu=cortex-m3 -T"C:\STM32\SausageMixer\Motherboard\STM32F103C8TX_FLASH.ld" --specs=nosys.specs -Wl,-Map="Motherboard.map" -Wl,--gc-sections -static --specs=nano.specs -mfloat-abi=soft -mthumb -Wl,--start-group -lc -lm -Wl,--end-group
Finished building target: Motherboard.elf
 
arm-none-eabi-size  Motherboard.elf 
arm-none-eabi-objdump -h -S Motherboard.elf  > "Motherboard.list"
   text	   data	    bss	    dec	    hex	filename
  49760	    380	   6540	  56680	   dd68	Motherboard.elf
Finished building: default.size.stdout
 
Finished building: Motherboard.list
 
11:16:55 **** Incremental Build of configuration Debug for project Keyboard ****
make -j12 all 
arm-none-eabi-size  Keyboard.elf 
   text	   data	    bss	    dec	    hex	filename
   8580	     12	   1684	  10276	   2824	Keyboard.elf
Finished building: default.size.stdout
 
11:16:55 **** Incremental Build of configuration Debug for project Motherboard ****
make -j12 all 
arm-none-eabi-gcc "../Core/Src/main.c" -mcpu=cortex-m3 -std=gnu11 -g3 -DDEBUG -DUSE_HAL_DRIVER -DSTM32F103xB -c -I../Core/Inc -I../Drivers/STM32F1xx_HAL_Driver/Inc/Legacy -I../Drivers/STM32F1xx_HAL_Driver/Inc -I../Drivers/CMSIS/Device/ST/STM32F1xx/Include -I../Drivers/CMSIS/Include -I../USB_DEVICE/App -I../USB_DEVICE/Target -I../Middlewares/ST/STM32_USB_Device_Library/Core/Inc -I../Middlewares/ST/STM32_USB_Device_Library/Class/CDC/Inc -O0 -ffunction-sections -fdata-sections -Wall -fstack-usage -fcyclomatic-complexity -MMD -MP -MF"Core/Src/main.d" -MT"Core/Src/main.o" --specs=nano.specs -mfloat-abi=soft -mthumb -o "Core/Src/main.o"
arm-none-eabi-gcc -o "Motherboard.elf" @"objects.list"   -mcpu=cortex-m3 -T"C:\STM32\SausageMixer\Motherboard\STM32F103C8TX_FLASH.ld" --specs=nosys.specs -Wl,-Map="Motherboard.map" -Wl,--gc-sections -static --specs=nano.specs -mfloat-abi=soft -mthumb -Wl,--start-group -lc -lm -Wl,--end-group
Finished building target: Motherboard.elf
 
arm-none-eabi-size  Motherboard.elf 
arm-none-eabi-objdump -h -S Motherboard.elf  > "Motherboard.list"
   text	   data	    bss	    dec	    hex	filename
  49760	    380	   6540	  56680	   dd68	Motherboard.elf
Finished building: default.size.stdout
 
Finished building: Motherboard.list
 
11:18:19 **** Incremental Build of configuration Debug for project Keyboard ****
make -j12 all 
arm-none-eabi-size  Keyboard.elf 
   text	   data	    bss	    dec	    hex	filename
   8580	     12	   1684	  10276	   2824	Keyboard.elf
Finished building: default.size.stdout
 
11:18:19 **** Incremental Build of configuration Debug for project Motherboard ****
make -j12 all 
arm-none-eabi-gcc "../Core/Src/main.c" -mcpu=cortex-m3 -std=gnu11 -g3 -DDEBUG -DUSE_HAL_DRIVER -DSTM32F103xB -c -I../Core/Inc -I../Drivers/STM32F1xx_HAL_Driver/Inc/Legacy -I../Drivers/STM32F1xx_HAL_Driver/Inc -I../Drivers/CMSIS/Device/ST/STM32F1xx/Include -I../Drivers/CMSIS/Include -I../USB_DEVICE/App -I../USB_DEVICE/Target -I../Middlewares/ST/STM32_USB_Device_Library/Core/Inc -I../Middlewares/ST/STM32_USB_Device_Library/Class/CDC/Inc -O0 -ffunction-sections -fdata-sections -Wall -fstack-usage -fcyclomatic-complexity -MMD -MP -MF"Core/Src/main.d" -MT"Core/Src/main.o" --specs=nano.specs -mfloat-abi=soft -mthumb -o "Core/Src/main.o"
arm-none-eabi-gcc -o "Motherboard.elf" @"objects.list"   -mcpu=cortex-m3 -T"C:\STM32\SausageMixer\Motherboard\STM32F103C8TX_FLASH.ld" --specs=nosys.specs -Wl,-Map="Motherboard.map" -Wl,--gc-sections -static --specs=nano.specs -mfloat-abi=soft -mthumb -Wl,--start-group -lc -lm -Wl,--end-group
Finished building target: Motherboard.elf
 
arm-none-eabi-size  Motherboard.elf 
arm-none-eabi-objdump -h -S Motherboard.elf  > "Motherboard.list"
   text	   data	    bss	    dec	    hex	filename
  49672	    380	   6540	  56592	   dd10	Motherboard.elf
Finished building: default.size.stdout
 
Finished building: Motherboard.list
 
11:19:40 **** Incremental Build of configuration Debug for project Keyboard ****
make -j12 all 
arm-none-eabi-size  Keyboard.elf 
   text	   data	    bss	    dec	    hex	filename
   8580	     12	   1684	  10276	   2824	Keyboard.elf
Finished building: default.size.stdout
 
11:19:40 **** Incremental Build of configuration Debug for project Motherboard ****
make -j12 all 
arm-none-eabi-gcc "../Core/Src/main.c" -mcpu=cortex-m3 -std=gnu11 -g3 -DDEBUG -DUSE_HAL_DRIVER -DSTM32F103xB -c -I../Core/Inc -I../Drivers/STM32F1xx_HAL_Driver/Inc/Legacy -I../Drivers/STM32F1xx_HAL_Driver/Inc -I../Drivers/CMSIS/Device/ST/STM32F1xx/Include -I../Drivers/CMSIS/Include -I../USB_DEVICE/App -I../USB_DEVICE/Target -I../Middlewares/ST/STM32_USB_Device_Library/Core/Inc -I../Middlewares/ST/STM32_USB_Device_Library/Class/CDC/Inc -O0 -ffunction-sections -fdata-sections -Wall -fstack-usage -fcyclomatic-complexity -MMD -MP -MF"Core/Src/main.d" -MT"Core/Src/main.o" --specs=nano.specs -mfloat-abi=soft -mthumb -o "Core/Src/main.o"
arm-none-eabi-gcc -o "Motherboard.elf" @"objects.list"   -mcpu=cortex-m3 -T"C:\STM32\SausageMixer\Motherboard\STM32F103C8TX_FLASH.ld" --specs=nosys.specs -Wl,-Map="Motherboard.map" -Wl,--gc-sections -static --specs=nano.specs -mfloat-abi=soft -mthumb -Wl,--start-group -lc -lm -Wl,--end-group
Finished building target: Motherboard.elf
 
arm-none-eabi-size  Motherboard.elf 
arm-none-eabi-objdump -h -S Motherboard.elf  > "Motherboard.list"
   text	   data	    bss	    dec	    hex	filename
  49680	    380	   6540	  56600	   dd18	Motherboard.elf
Finished building: default.size.stdout
 
Finished building: Motherboard.list
 
11:39:53 **** Incremental Build of configuration Debug for project Motherboard ****
make -j12 all 
arm-none-eabi-gcc "../Core/Src/main.c" -mcpu=cortex-m3 -std=gnu11 -g3 -DDEBUG -DUSE_HAL_DRIVER -DSTM32F103xB -c -I../Core/Inc -I../Drivers/STM32F1xx_HAL_Driver/Inc/Legacy -I../Drivers/STM32F1xx_HAL_Driver/Inc -I../Drivers/CMSIS/Device/ST/STM32F1xx/Include -I../Drivers/CMSIS/Include -I../USB_DEVICE/App -I../USB_DEVICE/Target -I../Middlewares/ST/STM32_USB_Device_Library/Core/Inc -I../Middlewares/ST/STM32_USB_Device_Library/Class/CDC/Inc -O0 -ffunction-sections -fdata-sections -Wall -fstack-usage -fcyclomatic-complexity -MMD -MP -MF"Core/Src/main.d" -MT"Core/Src/main.o" --specs=nano.specs -mfloat-abi=soft -mthumb -o "Core/Src/main.o"
arm-none-eabi-gcc -o "Motherboard.elf" @"objects.list"   -mcpu=cortex-m3 -T"C:\STM32\SausageMixer\Motherboard\STM32F103C8TX_FLASH.ld" --specs=nosys.specs -Wl,-Map="Motherboard.map" -Wl,--gc-sections -static --specs=nano.specs -mfloat-abi=soft -mthumb -Wl,--start-group -lc -lm -Wl,--end-group
Finished building target: Motherboard.elf
 
arm-none-eabi-size  Motherboard.elf 
arm-none-eabi-objdump -h -S Motherboard.elf  > "Motherboard.list"
   text	   data	    bss	    dec	    hex	filename
  49696	    380	   6540	  56616	   dd28	Motherboard.elf
Finished building: default.size.stdout
 
Finished building: Motherboard.list
 
11:40:03 **** Incremental Build of configuration Debug for project Motherboard ****
make -j12 all 
arm-none-eabi-size  Motherboard.elf 
   text	   data	    bss	    dec	    hex	filename
  49696	    380	   6540	  56616	   dd28	Motherboard.elf
Finished building: default.size.stdout
 
11:42:31 **** Incremental Build of configuration Debug for project Motherboard ****
make -j12 all 
arm-none-eabi-size  Motherboard.elf 
   text	   data	    bss	    dec	    hex	filename
  49696	    380	   6540	  56616	   dd28	Motherboard.elf
Finished building: default.size.stdout
 
11:47:29 **** Incremental Build of configuration Debug for project Motherboard ****
make -j12 all 
arm-none-eabi-size  Motherboard.elf 
   text	   data	    bss	    dec	    hex	filename
  49696	    380	   6540	  56616	   dd28	Motherboard.elf
Finished building: default.size.stdout
 
11:49:51 **** Incremental Build of configuration Debug for project Keyboard ****
make -j12 all 
arm-none-eabi-size  Keyboard.elf 
   text	   data	    bss	    dec	    hex	filename
   8580	     12	   1684	  10276	   2824	Keyboard.elf
Finished building: default.size.stdout
 
11:49:52 **** Incremental Build of configuration Debug for project Motherboard ****
make -j12 all 
arm-none-eabi-gcc "../Core/Src/main.c" -mcpu=cortex-m3 -std=gnu11 -g3 -DDEBUG -DUSE_HAL_DRIVER -DSTM32F103xB -c -I../Core/Inc -I../Drivers/STM32F1xx_HAL_Driver/Inc/Legacy -I../Drivers/STM32F1xx_HAL_Driver/Inc -I../Drivers/CMSIS/Device/ST/STM32F1xx/Include -I../Drivers/CMSIS/Include -I../USB_DEVICE/App -I../USB_DEVICE/Target -I../Middlewares/ST/STM32_USB_Device_Library/Core/Inc -I../Middlewares/ST/STM32_USB_Device_Library/Class/CDC/Inc -O0 -ffunction-sections -fdata-sections -Wall -fstack-usage -fcyclomatic-complexity -MMD -MP -MF"Core/Src/main.d" -MT"Core/Src/main.o" --specs=nano.specs -mfloat-abi=soft -mthumb -o "Core/Src/main.o"
../Core/Src/main.c: In function 'main':
../Core/Src/main.c:76:3: warning: implicit declaration of function 'MX_TIM2_Init'; did you mean 'MX_SPI2_Init'? [-Wimplicit-function-declaration]
   76 |   MX_TIM2_Init();
      |   ^~~~~~~~~~~~
      |   MX_SPI2_Init
arm-none-eabi-gcc -o "Motherboard.elf" @"objects.list"   -mcpu=cortex-m3 -T"C:\STM32\SausageMixer\Motherboard\STM32F103C8TX_FLASH.ld" --specs=nosys.specs -Wl,-Map="Motherboard.map" -Wl,--gc-sections -static --specs=nano.specs -mfloat-abi=soft -mthumb -Wl,--start-group -lc -lm -Wl,--end-group
C:/ST/STM32CubeIDE_1.13.0/STM32CubeIDE/plugins/com.st.stm32cube.ide.mcu.externaltools.gnu-tools-for-stm32.13.3.rel1.win32_1.0.0.202411081344/tools/bin/../lib/gcc/arm-none-eabi/13.3.1/../../../../arm-none-eabi/bin/ld.exe: ./Core/Src/main.o: in function `main':
C:/STM32/SausageMixer/Motherboard/Debug/../Core/Src/main.c:76:(.text.main+0x26): undefined reference to `MX_TIM2_Init'
collect2.exe: error: ld returned 1 exit status
make: *** [makefile:68: Motherboard.elf] Error 1
"make -j12 all" terminated with exit code 2. Build might be incomplete.
11:49:58 **** Incremental Build of configuration Debug for project Keyboard ****
make -j12 all 
arm-none-eabi-size  Keyboard.elf 
   text	   data	    bss	    dec	    hex	filename
   8580	     12	   1684	  10276	   2824	Keyboard.elf
Finished building: default.size.stdout
 
11:49:59 **** Incremental Build of configuration Debug for project Motherboard ****
make -j12 all 
arm-none-eabi-size  Motherboard.elf 
arm-none-eabi-objdump -h -S Motherboard.elf  > "Motherboard.list"
arm-none-eabi-size: Motherboard.elf: file format not recognized
make: *** [makefile:73: default.size.stdout] Error 3
make: *** Waiting for unfinished jobs....
arm-none-eabi-objdump: Motherboard.elf: file format not recognized
make: *** [makefile:78: Motherboard.list] Error 1
"make -j12 all" terminated with exit code 2. Build might be incomplete.
11:50:07 **** Incremental Build of configuration Debug for project Keyboard ****
make -j12 all 
arm-none-eabi-size  Keyboard.elf 
   text	   data	    bss	    dec	    hex	filename
   8580	     12	   1684	  10276	   2824	Keyboard.elf
Finished building: default.size.stdout
 
11:50:08 **** Incremental Build of configuration Debug for project Motherboard ****
make -j12 all 
arm-none-eabi-size  Motherboard.elf 
arm-none-eabi-size: Motherboard.elf: file format not recognized
make: *** [makefile:73: default.size.stdout] Error 3
"make -j12 all" terminated with exit code 2. Build might be incomplete.
11:50:12 **** Clean-only build of configuration Debug for project Keyboard ****
make -j12 clean 
rm -rf ./Drivers/STM32F0xx_HAL_Driver/Src/stm32f0xx_hal.cyclo ./Drivers/STM32F0xx_HAL_Driver/Src/stm32f0xx_hal.d ./Drivers/STM32F0xx_HAL_Driver/Src/stm32f0xx_hal.o ./Drivers/STM32F0xx_HAL_Driver/Src/stm32f0xx_hal.su ./Drivers/STM32F0xx_HAL_Driver/Src/stm32f0xx_hal_cortex.cyclo ./Drivers/STM32F0xx_HAL_Driver/Src/stm32f0xx_hal_cortex.d ./Drivers/STM32F0xx_HAL_Driver/Src/stm32f0xx_hal_cortex.o ./Drivers/STM32F0xx_HAL_Driver/Src/stm32f0xx_hal_cortex.su ./Drivers/STM32F0xx_HAL_Driver/Src/stm32f0xx_hal_dma.cyclo ./Drivers/STM32F0xx_HAL_Driver/Src/stm32f0xx_hal_dma.d ./Drivers/STM32F0xx_HAL_Driver/Src/stm32f0xx_hal_dma.o ./Drivers/STM32F0xx_HAL_Driver/Src/stm32f0xx_hal_dma.su ./Drivers/STM32F0xx_HAL_Driver/Src/stm32f0xx_hal_exti.cyclo ./Drivers/STM32F0xx_HAL_Driver/Src/stm32f0xx_hal_exti.d ./Drivers/STM32F0xx_HAL_Driver/Src/stm32f0xx_hal_exti.o ./Drivers/STM32F0xx_HAL_Driver/Src/stm32f0xx_hal_exti.su ./Drivers/STM32F0xx_HAL_Driver/Src/stm32f0xx_hal_flash.cyclo ./Drivers/STM32F0xx_HAL_Driver/Src/stm32f0xx_hal_flash.d ./Drivers/STM32F0xx_HAL_Driver/Src/stm32f0xx_hal_flash.o ./Drivers/STM32F0xx_HAL_Driver/Src/stm32f0xx_hal_flash.su ./Drivers/STM32F0xx_HAL_Driver/Src/stm32f0xx_hal_flash_ex.cyclo ./Drivers/STM32F0xx_HAL_Driver/Src/stm32f0xx_hal_flash_ex.d ./Drivers/STM32F0xx_HAL_Driver/Src/stm32f0xx_hal_flash_ex.o ./Drivers/STM32F0xx_HAL_Driver/Src/stm32f0xx_hal_flash_ex.su ./Drivers/STM32F0xx_HAL_Driver/Src/stm32f0xx_hal_gpio.cyclo ./Drivers/STM32F0xx_HAL_Driver/Src/stm32f0xx_hal_gpio.d ./Drivers/STM32F0xx_HAL_Driver/Src/stm32f0xx_hal_gpio.o ./Drivers/STM32F0xx_HAL_Driver/Src/stm32f0xx_hal_gpio.su ./Drivers/STM32F0xx_HAL_Driver/Src/stm32f0xx_hal_i2c.cyclo ./Drivers/STM32F0xx_HAL_Driver/Src/stm32f0xx_hal_i2c.d ./Drivers/STM32F0xx_HAL_Driver/Src/stm32f0xx_hal_i2c.o ./Drivers/STM32F0xx_HAL_Driver/Src/stm32f0xx_hal_i2c.su ./Drivers/STM32F0xx_HAL_Driver/Src/stm32f0xx_hal_i2c_ex.cyclo ./Drivers/STM32F0xx_HAL_Driver/Src/stm32f0xx_hal_i2c_ex.d ./Drivers/STM32F0xx_HAL_Driver/Src/stm32f0xx_hal_i2c_ex.o ./Drivers/STM32F0xx_HAL_Driver/Src/stm32f0xx_hal_i2c_ex.su ./Drivers/STM32F0xx_HAL_Driver/Src/stm32f0xx_hal_pwr.cyclo ./Drivers/STM32F0xx_HAL_Driver/Src/stm32f0xx_hal_pwr.d ./Drivers/STM32F0xx_HAL_Driver/Src/stm32f0xx_hal_pwr.o ./Drivers/STM32F0xx_HAL_Driver/Src/stm32f0xx_hal_pwr.su ./Drivers/STM32F0xx_HAL_Driver/Src/stm32f0xx_hal_pwr_ex.cyclo ./Drivers/STM32F0xx_HAL_Driver/Src/stm32f0xx_hal_pwr_ex.d ./Drivers/STM32F0xx_HAL_Driver/Src/stm32f0xx_hal_pwr_ex.o ./Drivers/STM32F0xx_HAL_Driver/Src/stm32f0xx_hal_pwr_ex.su ./Drivers/STM32F0xx_HAL_Driver/Src/stm32f0xx_hal_rcc.cyclo ./Drivers/STM32F0xx_HAL_Driver/Src/stm32f0xx_hal_rcc.d ./Drivers/STM32F0xx_HAL_Driver/Src/stm32f0xx_hal_rcc.o ./Drivers/STM32F0xx_HAL_Driver/Src/stm32f0xx_hal_rcc.su ./Drivers/STM32F0xx_HAL_Driver/Src/stm32f0xx_hal_rcc_ex.cyclo ./Drivers/STM32F0xx_HAL_Driver/Src/stm32f0xx_hal_rcc_ex.d ./Drivers/STM32F0xx_HAL_Driver/Src/stm32f0xx_hal_rcc_ex.o ./Drivers/STM32F0xx_HAL_Driver/Src/stm32f0xx_hal_rcc_ex.su ./Drivers/STM32F0xx_HAL_Driver/Src/stm32f0xx_hal_spi.cyclo ./Drivers/STM32F0xx_HAL_Driver/Src/stm32f0xx_hal_spi.d ./Drivers/STM32F0xx_HAL_Driver/Src/stm32f0xx_hal_spi.o ./Drivers/STM32F0xx_HAL_Driver/Src/stm32f0xx_hal_spi.su ./Drivers/STM32F0xx_HAL_Driver/Src/stm32f0xx_hal_spi_ex.cyclo ./Drivers/STM32F0xx_HAL_Driver/Src/stm32f0xx_hal_spi_ex.d ./Drivers/STM32F0xx_HAL_Driver/Src/stm32f0xx_hal_spi_ex.o ./Drivers/STM32F0xx_HAL_Driver/Src/stm32f0xx_hal_spi_ex.su
rm -rf ./Core/Startup/startup_stm32f030c8tx.d ./Core/Startup/startup_stm32f030c8tx.o
rm -rf ./Core/Src/main.cyclo ./Core/Src/main.d ./Core/Src/main.o ./Core/Src/main.su ./Core/Src/stm32f0xx_hal_msp.cyclo ./Core/Src/stm32f0xx_hal_msp.d ./Core/Src/stm32f0xx_hal_msp.o ./Core/Src/stm32f0xx_hal_msp.su ./Core/Src/stm32f0xx_it.cyclo ./Core/Src/stm32f0xx_it.d ./Core/Src/stm32f0xx_it.o ./Core/Src/stm32f0xx_it.su ./Core/Src/syscalls.cyclo ./Core/Src/syscalls.d ./Core/Src/syscalls.o ./Core/Src/syscalls.su ./Core/Src/sysmem.cyclo ./Core/Src/sysmem.d ./Core/Src/sysmem.o ./Core/Src/sysmem.su ./Core/Src/system_stm32f0xx.cyclo ./Core/Src/system_stm32f0xx.d ./Core/Src/system_stm32f0xx.o ./Core/Src/system_stm32f0xx.su ./Core/Src/wh0802d.cyclo ./Core/Src/wh0802d.d ./Core/Src/wh0802d.o ./Core/Src/wh0802d.su
rm -rf Keyboard.elf Keyboard.list Keyboard.map default.size.stdout
 
11:50:12 **** Clean-only build of configuration Debug for project Motherboard ****
make -j12 clean 
rm -rf ./USB_DEVICE/Target/usbd_conf.cyclo ./USB_DEVICE/Target/usbd_conf.d ./USB_DEVICE/Target/usbd_conf.o ./USB_DEVICE/Target/usbd_conf.su
rm -rf ./USB_DEVICE/App/usb_device.cyclo ./USB_DEVICE/App/usb_device.d ./USB_DEVICE/App/usb_device.o ./USB_DEVICE/App/usb_device.su ./USB_DEVICE/App/usbd_cdc_if.cyclo ./USB_DEVICE/App/usbd_cdc_if.d ./USB_DEVICE/App/usbd_cdc_if.o ./USB_DEVICE/App/usbd_cdc_if.su ./USB_DEVICE/App/usbd_desc.cyclo ./USB_DEVICE/App/usbd_desc.d ./USB_DEVICE/App/usbd_desc.o ./USB_DEVICE/App/usbd_desc.su
rm -rf ./Middlewares/ST/STM32_USB_Device_Library/Core/Src/usbd_core.cyclo ./Middlewares/ST/STM32_USB_Device_Library/Core/Src/usbd_core.d ./Middlewares/ST/STM32_USB_Device_Library/Core/Src/usbd_core.o ./Middlewares/ST/STM32_USB_Device_Library/Core/Src/usbd_core.su ./Middlewares/ST/STM32_USB_Device_Library/Core/Src/usbd_ctlreq.cyclo ./Middlewares/ST/STM32_USB_Device_Library/Core/Src/usbd_ctlreq.d ./Middlewares/ST/STM32_USB_Device_Library/Core/Src/usbd_ctlreq.o ./Middlewares/ST/STM32_USB_Device_Library/Core/Src/usbd_ctlreq.su ./Middlewares/ST/STM32_USB_Device_Library/Core/Src/usbd_ioreq.cyclo ./Middlewares/ST/STM32_USB_Device_Library/Core/Src/usbd_ioreq.d ./Middlewares/ST/STM32_USB_Device_Library/Core/Src/usbd_ioreq.o ./Middlewares/ST/STM32_USB_Device_Library/Core/Src/usbd_ioreq.su
rm -rf ./Middlewares/ST/STM32_USB_Device_Library/Class/CDC/Src/usbd_cdc.cyclo ./Middlewares/ST/STM32_USB_Device_Library/Class/CDC/Src/usbd_cdc.d ./Middlewares/ST/STM32_USB_Device_Library/Class/CDC/Src/usbd_cdc.o ./Middlewares/ST/STM32_USB_Device_Library/Class/CDC/Src/usbd_cdc.su
rm -rf ./Drivers/STM32F1xx_HAL_Driver/Src/stm32f1xx_hal.cyclo ./Drivers/STM32F1xx_HAL_Driver/Src/stm32f1xx_hal.d ./Drivers/STM32F1xx_HAL_Driver/Src/stm32f1xx_hal.o ./Drivers/STM32F1xx_HAL_Driver/Src/stm32f1xx_hal.su ./Drivers/STM32F1xx_HAL_Driver/Src/stm32f1xx_hal_cortex.cyclo ./Drivers/STM32F1xx_HAL_Driver/Src/stm32f1xx_hal_cortex.d ./Drivers/STM32F1xx_HAL_Driver/Src/stm32f1xx_hal_cortex.o ./Drivers/STM32F1xx_HAL_Driver/Src/stm32f1xx_hal_cortex.su ./Drivers/STM32F1xx_HAL_Driver/Src/stm32f1xx_hal_dma.cyclo ./Drivers/STM32F1xx_HAL_Driver/Src/stm32f1xx_hal_dma.d ./Drivers/STM32F1xx_HAL_Driver/Src/stm32f1xx_hal_dma.o ./Drivers/STM32F1xx_HAL_Driver/Src/stm32f1xx_hal_dma.su ./Drivers/STM32F1xx_HAL_Driver/Src/stm32f1xx_hal_exti.cyclo ./Drivers/STM32F1xx_HAL_Driver/Src/stm32f1xx_hal_exti.d ./Drivers/STM32F1xx_HAL_Driver/Src/stm32f1xx_hal_exti.o ./Drivers/STM32F1xx_HAL_Driver/Src/stm32f1xx_hal_exti.su ./Drivers/STM32F1xx_HAL_Driver/Src/stm32f1xx_hal_flash.cyclo ./Drivers/STM32F1xx_HAL_Driver/Src/stm32f1xx_hal_flash.d ./Drivers/STM32F1xx_HAL_Driver/Src/stm32f1xx_hal_flash.o ./Drivers/STM32F1xx_HAL_Driver/Src/stm32f1xx_hal_flash.su ./Drivers/STM32F1xx_HAL_Driver/Src/stm32f1xx_hal_flash_ex.cyclo ./Drivers/STM32F1xx_HAL_Driver/Src/stm32f1xx_hal_flash_ex.d ./Drivers/STM32F1xx_HAL_Driver/Src/stm32f1xx_hal_flash_ex.o ./Drivers/STM32F1xx_HAL_Driver/Src/stm32f1xx_hal_flash_ex.su ./Drivers/STM32F1xx_HAL_Driver/Src/stm32f1xx_hal_gpio.cyclo ./Drivers/STM32F1xx_HAL_Driver/Src/stm32f1xx_hal_gpio.d ./Drivers/STM32F1xx_HAL_Driver/Src/stm32f1xx_hal_gpio.o ./Drivers/STM32F1xx_HAL_Driver/Src/stm32f1xx_hal_gpio.su ./Drivers/STM32F1xx_HAL_Driver/Src/stm32f1xx_hal_gpio_ex.cyclo ./Drivers/STM32F1xx_HAL_Driver/Src/stm32f1xx_hal_gpio_ex.d ./Drivers/STM32F1xx_HAL_Driver/Src/stm32f1xx_hal_gpio_ex.o ./Drivers/STM32F1xx_HAL_Driver/Src/stm32f1xx_hal_gpio_ex.su ./Drivers/STM32F1xx_HAL_Driver/Src/stm32f1xx_hal_i2c.cyclo ./Drivers/STM32F1xx_HAL_Driver/Src/stm32f1xx_hal_i2c.d ./Drivers/STM32F1xx_HAL_Driver/Src/stm32f1xx_hal_i2c.o ./Drivers/STM32F1xx_HAL_Driver/Src/stm32f1xx_hal_i2c.su ./Drivers/STM32F1xx_HAL_Driver/Src/stm32f1xx_hal_pcd.cyclo ./Drivers/STM32F1xx_HAL_Driver/Src/stm32f1xx_hal_pcd.d ./Drivers/STM32F1xx_HAL_Driver/Src/stm32f1xx_hal_pcd.o ./Drivers/STM32F1xx_HAL_Driver/Src/stm32f1xx_hal_pcd.su ./Drivers/STM32F1xx_HAL_Driver/Src/stm32f1xx_hal_pcd_ex.cyclo ./Drivers/STM32F1xx_HAL_Driver/Src/stm32f1xx_hal_pcd_ex.d ./Drivers/STM32F1xx_HAL_Driver/Src/stm32f1xx_hal_pcd_ex.o ./Drivers/STM32F1xx_HAL_Driver/Src/stm32f1xx_hal_pcd_ex.su ./Drivers/STM32F1xx_HAL_Driver/Src/stm32f1xx_hal_pwr.cyclo ./Drivers/STM32F1xx_HAL_Driver/Src/stm32f1xx_hal_pwr.d ./Drivers/STM32F1xx_HAL_Driver/Src/stm32f1xx_hal_pwr.o ./Drivers/STM32F1xx_HAL_Driver/Src/stm32f1xx_hal_pwr.su ./Drivers/STM32F1xx_HAL_Driver/Src/stm32f1xx_hal_rcc.cyclo ./Drivers/STM32F1xx_HAL_Driver/Src/stm32f1xx_hal_rcc.d ./Drivers/STM32F1xx_HAL_Driver/Src/stm32f1xx_hal_rcc.o ./Drivers/STM32F1xx_HAL_Driver/Src/stm32f1xx_hal_rcc.su ./Drivers/STM32F1xx_HAL_Driver/Src/stm32f1xx_hal_rcc_ex.cyclo ./Drivers/STM32F1xx_HAL_Driver/Src/stm32f1xx_hal_rcc_ex.d ./Drivers/STM32F1xx_HAL_Driver/Src/stm32f1xx_hal_rcc_ex.o ./Drivers/STM32F1xx_HAL_Driver/Src/stm32f1xx_hal_rcc_ex.su ./Drivers/STM32F1xx_HAL_Driver/Src/stm32f1xx_hal_rtc.cyclo ./Drivers/STM32F1xx_HAL_Driver/Src/stm32f1xx_hal_rtc.d ./Drivers/STM32F1xx_HAL_Driver/Src/stm32f1xx_hal_rtc.o ./Drivers/STM32F1xx_HAL_Driver/Src/stm32f1xx_hal_rtc.su ./Drivers/STM32F1xx_HAL_Driver/Src/stm32f1xx_hal_rtc_ex.cyclo ./Drivers/STM32F1xx_HAL_Driver/Src/stm32f1xx_hal_rtc_ex.d ./Drivers/STM32F1xx_HAL_Driver/Src/stm32f1xx_hal_rtc_ex.o ./Drivers/STM32F1xx_HAL_Driver/Src/stm32f1xx_hal_rtc_ex.su ./Drivers/STM32F1xx_HAL_Driver/Src/stm32f1xx_hal_spi.cyclo ./Drivers/STM32F1xx_HAL_Driver/Src/stm32f1xx_hal_spi.d ./Drivers/STM32F1xx_HAL_Driver/Src/stm32f1xx_hal_spi.o ./Drivers/STM32F1xx_HAL_Driver/Src/stm32f1xx_hal_spi.su ./Drivers/STM32F1xx_HAL_Driver/Src/stm32f1xx_ll_usb.cyclo ./Drivers/STM32F1xx_HAL_Driver/Src/stm32f1xx_ll_usb.d ./Drivers/STM32F1xx_HAL_Driver/Src/stm32f1xx_ll_usb.o ./Drivers/STM32F1xx_HAL_Driver/Src/stm32f1xx_ll_usb.su
rm -rf ./Core/Startup/startup_stm32f103c8tx.d ./Core/Startup/startup_stm32f103c8tx.o
rm -rf ./Core/Src/ad5328.cyclo ./Core/Src/ad5328.d ./Core/Src/ad5328.o ./Core/Src/ad5328.su ./Core/Src/ads1115.cyclo ./Core/Src/ads1115.d ./Core/Src/ads1115.o ./Core/Src/ads1115.su ./Core/Src/main.cyclo ./Core/Src/main.d ./Core/Src/main.o ./Core/Src/main.su ./Core/Src/stm32f1xx_hal_msp.cyclo ./Core/Src/stm32f1xx_hal_msp.d ./Core/Src/stm32f1xx_hal_msp.o ./Core/Src/stm32f1xx_hal_msp.su ./Core/Src/stm32f1xx_hal_tim.cyclo ./Core/Src/stm32f1xx_hal_tim.d ./Core/Src/stm32f1xx_hal_tim.o ./Core/Src/stm32f1xx_hal_tim.su ./Core/Src/stm32f1xx_hal_tim_ex.cyclo ./Core/Src/stm32f1xx_hal_tim_ex.d ./Core/Src/stm32f1xx_hal_tim_ex.o ./Core/Src/stm32f1xx_hal_tim_ex.su ./Core/Src/stm32f1xx_it.cyclo ./Core/Src/stm32f1xx_it.d ./Core/Src/stm32f1xx_it.o ./Core/Src/stm32f1xx_it.su ./Core/Src/syscalls.cyclo ./Core/Src/syscalls.d ./Core/Src/syscalls.o ./Core/Src/syscalls.su ./Core/Src/sysmem.cyclo ./Core/Src/sysmem.d ./Core/Src/sysmem.o ./Core/Src/sysmem.su ./Core/Src/system_stm32f1xx.cyclo ./Core/Src/system_stm32f1xx.d ./Core/Src/system_stm32f1xx.o ./Core/Src/system_stm32f1xx.su
rm -rf Motherboard.elf Motherboard.list Motherboard.map default.size.stdout
 
11:50:12 **** Build of configuration Debug for project Keyboard ****
make -j12 all 
arm-none-eabi-gcc "../Drivers/STM32F0xx_HAL_Driver/Src/stm32f0xx_hal.c" -mcpu=cortex-m0 -std=gnu11 -g3 -DDEBUG -DUSE_HAL_DRIVER -DSTM32F030x8 -c -I../Core/Inc -I../Drivers/STM32F0xx_HAL_Driver/Inc -I../Drivers/STM32F0xx_HAL_Driver/Inc/Legacy -I../Drivers/CMSIS/Device/ST/STM32F0xx/Include -I../Drivers/CMSIS/Include -O0 -ffunction-sections -fdata-sections -Wall -fstack-usage -fcyclomatic-complexity -MMD -MP -MF"Drivers/STM32F0xx_HAL_Driver/Src/stm32f0xx_hal.d" -MT"Drivers/STM32F0xx_HAL_Driver/Src/stm32f0xx_hal.o" --specs=nano.specs -mfloat-abi=soft -mthumb -o "Drivers/STM32F0xx_HAL_Driver/Src/stm32f0xx_hal.o"
arm-none-eabi-gcc "../Drivers/STM32F0xx_HAL_Driver/Src/stm32f0xx_hal_cortex.c" -mcpu=cortex-m0 -std=gnu11 -g3 -DDEBUG -DUSE_HAL_DRIVER -DSTM32F030x8 -c -I../Core/Inc -I../Drivers/STM32F0xx_HAL_Driver/Inc -I../Drivers/STM32F0xx_HAL_Driver/Inc/Legacy -I../Drivers/CMSIS/Device/ST/STM32F0xx/Include -I../Drivers/CMSIS/Include -O0 -ffunction-sections -fdata-sections -Wall -fstack-usage -fcyclomatic-complexity -MMD -MP -MF"Drivers/STM32F0xx_HAL_Driver/Src/stm32f0xx_hal_cortex.d" -MT"Drivers/STM32F0xx_HAL_Driver/Src/stm32f0xx_hal_cortex.o" --specs=nano.specs -mfloat-abi=soft -mthumb -o "Drivers/STM32F0xx_HAL_Driver/Src/stm32f0xx_hal_cortex.o"
arm-none-eabi-gcc "../Drivers/STM32F0xx_HAL_Driver/Src/stm32f0xx_hal_dma.c" -mcpu=cortex-m0 -std=gnu11 -g3 -DDEBUG -DUSE_HAL_DRIVER -DSTM32F030x8 -c -I../Core/Inc -I../Drivers/STM32F0xx_HAL_Driver/Inc -I../Drivers/STM32F0xx_HAL_Driver/Inc/Legacy -I../Drivers/CMSIS/Device/ST/STM32F0xx/Include -I../Drivers/CMSIS/Include -O0 -ffunction-sections -fdata-sections -Wall -fstack-usage -fcyclomatic-complexity -MMD -MP -MF"Drivers/STM32F0xx_HAL_Driver/Src/stm32f0xx_hal_dma.d" -MT"Drivers/STM32F0xx_HAL_Driver/Src/stm32f0xx_hal_dma.o" --specs=nano.specs -mfloat-abi=soft -mthumb -o "Drivers/STM32F0xx_HAL_Driver/Src/stm32f0xx_hal_dma.o"
arm-none-eabi-gcc "../Drivers/STM32F0xx_HAL_Driver/Src/stm32f0xx_hal_exti.c" -mcpu=cortex-m0 -std=gnu11 -g3 -DDEBUG -DUSE_HAL_DRIVER -DSTM32F030x8 -c -I../Core/Inc -I../Drivers/STM32F0xx_HAL_Driver/Inc -I../Drivers/STM32F0xx_HAL_Driver/Inc/Legacy -I../Drivers/CMSIS/Device/ST/STM32F0xx/Include -I../Drivers/CMSIS/Include -O0 -ffunction-sections -fdata-sections -Wall -fstack-usage -fcyclomatic-complexity -MMD -MP -MF"Drivers/STM32F0xx_HAL_Driver/Src/stm32f0xx_hal_exti.d" -MT"Drivers/STM32F0xx_HAL_Driver/Src/stm32f0xx_hal_exti.o" --specs=nano.specs -mfloat-abi=soft -mthumb -o "Drivers/STM32F0xx_HAL_Driver/Src/stm32f0xx_hal_exti.o"
arm-none-eabi-gcc "../Drivers/STM32F0xx_HAL_Driver/Src/stm32f0xx_hal_flash.c" -mcpu=cortex-m0 -std=gnu11 -g3 -DDEBUG -DUSE_HAL_DRIVER -DSTM32F030x8 -c -I../Core/Inc -I../Drivers/STM32F0xx_HAL_Driver/Inc -I../Drivers/STM32F0xx_HAL_Driver/Inc/Legacy -I../Drivers/CMSIS/Device/ST/STM32F0xx/Include -I../Drivers/CMSIS/Include -O0 -ffunction-sections -fdata-sections -Wall -fstack-usage -fcyclomatic-complexity -MMD -MP -MF"Drivers/STM32F0xx_HAL_Driver/Src/stm32f0xx_hal_flash.d" -MT"Drivers/STM32F0xx_HAL_Driver/Src/stm32f0xx_hal_flash.o" --specs=nano.specs -mfloat-abi=soft -mthumb -o "Drivers/STM32F0xx_HAL_Driver/Src/stm32f0xx_hal_flash.o"
arm-none-eabi-gcc "../Drivers/STM32F0xx_HAL_Driver/Src/stm32f0xx_hal_flash_ex.c" -mcpu=cortex-m0 -std=gnu11 -g3 -DDEBUG -DUSE_HAL_DRIVER -DSTM32F030x8 -c -I../Core/Inc -I../Drivers/STM32F0xx_HAL_Driver/Inc -I../Drivers/STM32F0xx_HAL_Driver/Inc/Legacy -I../Drivers/CMSIS/Device/ST/STM32F0xx/Include -I../Drivers/CMSIS/Include -O0 -ffunction-sections -fdata-sections -Wall -fstack-usage -fcyclomatic-complexity -MMD -MP -MF"Drivers/STM32F0xx_HAL_Driver/Src/stm32f0xx_hal_flash_ex.d" -MT"Drivers/STM32F0xx_HAL_Driver/Src/stm32f0xx_hal_flash_ex.o" --specs=nano.specs -mfloat-abi=soft -mthumb -o "Drivers/STM32F0xx_HAL_Driver/Src/stm32f0xx_hal_flash_ex.o"
arm-none-eabi-gcc "../Drivers/STM32F0xx_HAL_Driver/Src/stm32f0xx_hal_gpio.c" -mcpu=cortex-m0 -std=gnu11 -g3 -DDEBUG -DUSE_HAL_DRIVER -DSTM32F030x8 -c -I../Core/Inc -I../Drivers/STM32F0xx_HAL_Driver/Inc -I../Drivers/STM32F0xx_HAL_Driver/Inc/Legacy -I../Drivers/CMSIS/Device/ST/STM32F0xx/Include -I../Drivers/CMSIS/Include -O0 -ffunction-sections -fdata-sections -Wall -fstack-usage -fcyclomatic-complexity -MMD -MP -MF"Drivers/STM32F0xx_HAL_Driver/Src/stm32f0xx_hal_gpio.d" -MT"Drivers/STM32F0xx_HAL_Driver/Src/stm32f0xx_hal_gpio.o" --specs=nano.specs -mfloat-abi=soft -mthumb -o "Drivers/STM32F0xx_HAL_Driver/Src/stm32f0xx_hal_gpio.o"
arm-none-eabi-gcc "../Drivers/STM32F0xx_HAL_Driver/Src/stm32f0xx_hal_i2c.c" -mcpu=cortex-m0 -std=gnu11 -g3 -DDEBUG -DUSE_HAL_DRIVER -DSTM32F030x8 -c -I../Core/Inc -I../Drivers/STM32F0xx_HAL_Driver/Inc -I../Drivers/STM32F0xx_HAL_Driver/Inc/Legacy -I../Drivers/CMSIS/Device/ST/STM32F0xx/Include -I../Drivers/CMSIS/Include -O0 -ffunction-sections -fdata-sections -Wall -fstack-usage -fcyclomatic-complexity -MMD -MP -MF"Drivers/STM32F0xx_HAL_Driver/Src/stm32f0xx_hal_i2c.d" -MT"Drivers/STM32F0xx_HAL_Driver/Src/stm32f0xx_hal_i2c.o" --specs=nano.specs -mfloat-abi=soft -mthumb -o "Drivers/STM32F0xx_HAL_Driver/Src/stm32f0xx_hal_i2c.o"
arm-none-eabi-gcc "../Drivers/STM32F0xx_HAL_Driver/Src/stm32f0xx_hal_i2c_ex.c" -mcpu=cortex-m0 -std=gnu11 -g3 -DDEBUG -DUSE_HAL_DRIVER -DSTM32F030x8 -c -I../Core/Inc -I../Drivers/STM32F0xx_HAL_Driver/Inc -I../Drivers/STM32F0xx_HAL_Driver/Inc/Legacy -I../Drivers/CMSIS/Device/ST/STM32F0xx/Include -I../Drivers/CMSIS/Include -O0 -ffunction-sections -fdata-sections -Wall -fstack-usage -fcyclomatic-complexity -MMD -MP -MF"Drivers/STM32F0xx_HAL_Driver/Src/stm32f0xx_hal_i2c_ex.d" -MT"Drivers/STM32F0xx_HAL_Driver/Src/stm32f0xx_hal_i2c_ex.o" --specs=nano.specs -mfloat-abi=soft -mthumb -o "Drivers/STM32F0xx_HAL_Driver/Src/stm32f0xx_hal_i2c_ex.o"
arm-none-eabi-gcc "../Drivers/STM32F0xx_HAL_Driver/Src/stm32f0xx_hal_pwr.c" -mcpu=cortex-m0 -std=gnu11 -g3 -DDEBUG -DUSE_HAL_DRIVER -DSTM32F030x8 -c -I../Core/Inc -I../Drivers/STM32F0xx_HAL_Driver/Inc -I../Drivers/STM32F0xx_HAL_Driver/Inc/Legacy -I../Drivers/CMSIS/Device/ST/STM32F0xx/Include -I../Drivers/CMSIS/Include -O0 -ffunction-sections -fdata-sections -Wall -fstack-usage -fcyclomatic-complexity -MMD -MP -MF"Drivers/STM32F0xx_HAL_Driver/Src/stm32f0xx_hal_pwr.d" -MT"Drivers/STM32F0xx_HAL_Driver/Src/stm32f0xx_hal_pwr.o" --specs=nano.specs -mfloat-abi=soft -mthumb -o "Drivers/STM32F0xx_HAL_Driver/Src/stm32f0xx_hal_pwr.o"
arm-none-eabi-gcc "../Drivers/STM32F0xx_HAL_Driver/Src/stm32f0xx_hal_pwr_ex.c" -mcpu=cortex-m0 -std=gnu11 -g3 -DDEBUG -DUSE_HAL_DRIVER -DSTM32F030x8 -c -I../Core/Inc -I../Drivers/STM32F0xx_HAL_Driver/Inc -I../Drivers/STM32F0xx_HAL_Driver/Inc/Legacy -I../Drivers/CMSIS/Device/ST/STM32F0xx/Include -I../Drivers/CMSIS/Include -O0 -ffunction-sections -fdata-sections -Wall -fstack-usage -fcyclomatic-complexity -MMD -MP -MF"Drivers/STM32F0xx_HAL_Driver/Src/stm32f0xx_hal_pwr_ex.d" -MT"Drivers/STM32F0xx_HAL_Driver/Src/stm32f0xx_hal_pwr_ex.o" --specs=nano.specs -mfloat-abi=soft -mthumb -o "Drivers/STM32F0xx_HAL_Driver/Src/stm32f0xx_hal_pwr_ex.o"
arm-none-eabi-gcc "../Drivers/STM32F0xx_HAL_Driver/Src/stm32f0xx_hal_rcc.c" -mcpu=cortex-m0 -std=gnu11 -g3 -DDEBUG -DUSE_HAL_DRIVER -DSTM32F030x8 -c -I../Core/Inc -I../Drivers/STM32F0xx_HAL_Driver/Inc -I../Drivers/STM32F0xx_HAL_Driver/Inc/Legacy -I../Drivers/CMSIS/Device/ST/STM32F0xx/Include -I../Drivers/CMSIS/Include -O0 -ffunction-sections -fdata-sections -Wall -fstack-usage -fcyclomatic-complexity -MMD -MP -MF"Drivers/STM32F0xx_HAL_Driver/Src/stm32f0xx_hal_rcc.d" -MT"Drivers/STM32F0xx_HAL_Driver/Src/stm32f0xx_hal_rcc.o" --specs=nano.specs -mfloat-abi=soft -mthumb -o "Drivers/STM32F0xx_HAL_Driver/Src/stm32f0xx_hal_rcc.o"
arm-none-eabi-gcc "../Drivers/STM32F0xx_HAL_Driver/Src/stm32f0xx_hal_rcc_ex.c" -mcpu=cortex-m0 -std=gnu11 -g3 -DDEBUG -DUSE_HAL_DRIVER -DSTM32F030x8 -c -I../Core/Inc -I../Drivers/STM32F0xx_HAL_Driver/Inc -I../Drivers/STM32F0xx_HAL_Driver/Inc/Legacy -I../Drivers/CMSIS/Device/ST/STM32F0xx/Include -I../Drivers/CMSIS/Include -O0 -ffunction-sections -fdata-sections -Wall -fstack-usage -fcyclomatic-complexity -MMD -MP -MF"Drivers/STM32F0xx_HAL_Driver/Src/stm32f0xx_hal_rcc_ex.d" -MT"Drivers/STM32F0xx_HAL_Driver/Src/stm32f0xx_hal_rcc_ex.o" --specs=nano.specs -mfloat-abi=soft -mthumb -o "Drivers/STM32F0xx_HAL_Driver/Src/stm32f0xx_hal_rcc_ex.o"
arm-none-eabi-gcc "../Drivers/STM32F0xx_HAL_Driver/Src/stm32f0xx_hal_spi.c" -mcpu=cortex-m0 -std=gnu11 -g3 -DDEBUG -DUSE_HAL_DRIVER -DSTM32F030x8 -c -I../Core/Inc -I../Drivers/STM32F0xx_HAL_Driver/Inc -I../Drivers/STM32F0xx_HAL_Driver/Inc/Legacy -I../Drivers/CMSIS/Device/ST/STM32F0xx/Include -I../Drivers/CMSIS/Include -O0 -ffunction-sections -fdata-sections -Wall -fstack-usage -fcyclomatic-complexity -MMD -MP -MF"Drivers/STM32F0xx_HAL_Driver/Src/stm32f0xx_hal_spi.d" -MT"Drivers/STM32F0xx_HAL_Driver/Src/stm32f0xx_hal_spi.o" --specs=nano.specs -mfloat-abi=soft -mthumb -o "Drivers/STM32F0xx_HAL_Driver/Src/stm32f0xx_hal_spi.o"
arm-none-eabi-gcc "../Drivers/STM32F0xx_HAL_Driver/Src/stm32f0xx_hal_spi_ex.c" -mcpu=cortex-m0 -std=gnu11 -g3 -DDEBUG -DUSE_HAL_DRIVER -DSTM32F030x8 -c -I../Core/Inc -I../Drivers/STM32F0xx_HAL_Driver/Inc -I../Drivers/STM32F0xx_HAL_Driver/Inc/Legacy -I../Drivers/CMSIS/Device/ST/STM32F0xx/Include -I../Drivers/CMSIS/Include -O0 -ffunction-sections -fdata-sections -Wall -fstack-usage -fcyclomatic-complexity -MMD -MP -MF"Drivers/STM32F0xx_HAL_Driver/Src/stm32f0xx_hal_spi_ex.d" -MT"Drivers/STM32F0xx_HAL_Driver/Src/stm32f0xx_hal_spi_ex.o" --specs=nano.specs -mfloat-abi=soft -mthumb -o "Drivers/STM32F0xx_HAL_Driver/Src/stm32f0xx_hal_spi_ex.o"
arm-none-eabi-gcc -mcpu=cortex-m0 -g3 -DDEBUG -c -x assembler-with-cpp -MMD -MP -MF"Core/Startup/startup_stm32f030c8tx.d" -MT"Core/Startup/startup_stm32f030c8tx.o" --specs=nano.specs -mfloat-abi=soft -mthumb -o "Core/Startup/startup_stm32f030c8tx.o" "../Core/Startup/startup_stm32f030c8tx.s"
arm-none-eabi-gcc "../Core/Src/main.c" -mcpu=cortex-m0 -std=gnu11 -g3 -DDEBUG -DUSE_HAL_DRIVER -DSTM32F030x8 -c -I../Core/Inc -I../Drivers/STM32F0xx_HAL_Driver/Inc -I../Drivers/STM32F0xx_HAL_Driver/Inc/Legacy -I../Drivers/CMSIS/Device/ST/STM32F0xx/Include -I../Drivers/CMSIS/Include -O0 -ffunction-sections -fdata-sections -Wall -fstack-usage -fcyclomatic-complexity -MMD -MP -MF"Core/Src/main.d" -MT"Core/Src/main.o" --specs=nano.specs -mfloat-abi=soft -mthumb -o "Core/Src/main.o"
arm-none-eabi-gcc "../Core/Src/stm32f0xx_hal_msp.c" -mcpu=cortex-m0 -std=gnu11 -g3 -DDEBUG -DUSE_HAL_DRIVER -DSTM32F030x8 -c -I../Core/Inc -I../Drivers/STM32F0xx_HAL_Driver/Inc -I../Drivers/STM32F0xx_HAL_Driver/Inc/Legacy -I../Drivers/CMSIS/Device/ST/STM32F0xx/Include -I../Drivers/CMSIS/Include -O0 -ffunction-sections -fdata-sections -Wall -fstack-usage -fcyclomatic-complexity -MMD -MP -MF"Core/Src/stm32f0xx_hal_msp.d" -MT"Core/Src/stm32f0xx_hal_msp.o" --specs=nano.specs -mfloat-abi=soft -mthumb -o "Core/Src/stm32f0xx_hal_msp.o"
arm-none-eabi-gcc "../Core/Src/stm32f0xx_it.c" -mcpu=cortex-m0 -std=gnu11 -g3 -DDEBUG -DUSE_HAL_DRIVER -DSTM32F030x8 -c -I../Core/Inc -I../Drivers/STM32F0xx_HAL_Driver/Inc -I../Drivers/STM32F0xx_HAL_Driver/Inc/Legacy -I../Drivers/CMSIS/Device/ST/STM32F0xx/Include -I../Drivers/CMSIS/Include -O0 -ffunction-sections -fdata-sections -Wall -fstack-usage -fcyclomatic-complexity -MMD -MP -MF"Core/Src/stm32f0xx_it.d" -MT"Core/Src/stm32f0xx_it.o" --specs=nano.specs -mfloat-abi=soft -mthumb -o "Core/Src/stm32f0xx_it.o"
arm-none-eabi-gcc "../Core/Src/syscalls.c" -mcpu=cortex-m0 -std=gnu11 -g3 -DDEBUG -DUSE_HAL_DRIVER -DSTM32F030x8 -c -I../Core/Inc -I../Drivers/STM32F0xx_HAL_Driver/Inc -I../Drivers/STM32F0xx_HAL_Driver/Inc/Legacy -I../Drivers/CMSIS/Device/ST/STM32F0xx/Include -I../Drivers/CMSIS/Include -O0 -ffunction-sections -fdata-sections -Wall -fstack-usage -fcyclomatic-complexity -MMD -MP -MF"Core/Src/syscalls.d" -MT"Core/Src/syscalls.o" --specs=nano.specs -mfloat-abi=soft -mthumb -o "Core/Src/syscalls.o"
arm-none-eabi-gcc "../Core/Src/sysmem.c" -mcpu=cortex-m0 -std=gnu11 -g3 -DDEBUG -DUSE_HAL_DRIVER -DSTM32F030x8 -c -I../Core/Inc -I../Drivers/STM32F0xx_HAL_Driver/Inc -I../Drivers/STM32F0xx_HAL_Driver/Inc/Legacy -I../Drivers/CMSIS/Device/ST/STM32F0xx/Include -I../Drivers/CMSIS/Include -O0 -ffunction-sections -fdata-sections -Wall -fstack-usage -fcyclomatic-complexity -MMD -MP -MF"Core/Src/sysmem.d" -MT"Core/Src/sysmem.o" --specs=nano.specs -mfloat-abi=soft -mthumb -o "Core/Src/sysmem.o"
arm-none-eabi-gcc "../Core/Src/system_stm32f0xx.c" -mcpu=cortex-m0 -std=gnu11 -g3 -DDEBUG -DUSE_HAL_DRIVER -DSTM32F030x8 -c -I../Core/Inc -I../Drivers/STM32F0xx_HAL_Driver/Inc -I../Drivers/STM32F0xx_HAL_Driver/Inc/Legacy -I../Drivers/CMSIS/Device/ST/STM32F0xx/Include -I../Drivers/CMSIS/Include -O0 -ffunction-sections -fdata-sections -Wall -fstack-usage -fcyclomatic-complexity -MMD -MP -MF"Core/Src/system_stm32f0xx.d" -MT"Core/Src/system_stm32f0xx.o" --specs=nano.specs -mfloat-abi=soft -mthumb -o "Core/Src/system_stm32f0xx.o"
arm-none-eabi-gcc "../Core/Src/wh0802d.c" -mcpu=cortex-m0 -std=gnu11 -g3 -DDEBUG -DUSE_HAL_DRIVER -DSTM32F030x8 -c -I../Core/Inc -I../Drivers/STM32F0xx_HAL_Driver/Inc -I../Drivers/STM32F0xx_HAL_Driver/Inc/Legacy -I../Drivers/CMSIS/Device/ST/STM32F0xx/Include -I../Drivers/CMSIS/Include -O0 -ffunction-sections -fdata-sections -Wall -fstack-usage -fcyclomatic-complexity -MMD -MP -MF"Core/Src/wh0802d.d" -MT"Core/Src/wh0802d.o" --specs=nano.specs -mfloat-abi=soft -mthumb -o "Core/Src/wh0802d.o"
arm-none-eabi-gcc -o "Keyboard.elf" @"objects.list"   -mcpu=cortex-m0 -T"C:\STM32\SausageMixer\Keyboard\STM32F030C8TX_FLASH.ld" --specs=nosys.specs -Wl,-Map="Keyboard.map" -Wl,--gc-sections -static --specs=nano.specs -mfloat-abi=soft -mthumb -Wl,--start-group -lc -lm -Wl,--end-group
Finished building target: Keyboard.elf
 
arm-none-eabi-size  Keyboard.elf 
arm-none-eabi-objdump -h -S Keyboard.elf  > "Keyboard.list"
   text	   data	    bss	    dec	    hex	filename
   8580	     12	   1684	  10276	   2824	Keyboard.elf
Finished building: default.size.stdout
 
Finished building: Keyboard.list
 
11:50:16 **** Build of configuration Debug for project Motherboard ****
make -j12 all 
arm-none-eabi-gcc "../USB_DEVICE/Target/usbd_conf.c" -mcpu=cortex-m3 -std=gnu11 -g3 -DDEBUG -DUSE_HAL_DRIVER -DSTM32F103xB -c -I../Core/Inc -I../Drivers/STM32F1xx_HAL_Driver/Inc/Legacy -I../Drivers/STM32F1xx_HAL_Driver/Inc -I../Drivers/CMSIS/Device/ST/STM32F1xx/Include -I../Drivers/CMSIS/Include -I../USB_DEVICE/App -I../USB_DEVICE/Target -I../Middlewares/ST/STM32_USB_Device_Library/Core/Inc -I../Middlewares/ST/STM32_USB_Device_Library/Class/CDC/Inc -O0 -ffunction-sections -fdata-sections -Wall -fstack-usage -fcyclomatic-complexity -MMD -MP -MF"USB_DEVICE/Target/usbd_conf.d" -MT"USB_DEVICE/Target/usbd_conf.o" --specs=nano.specs -mfloat-abi=soft -mthumb -o "USB_DEVICE/Target/usbd_conf.o"
arm-none-eabi-gcc "../USB_DEVICE/App/usb_device.c" -mcpu=cortex-m3 -std=gnu11 -g3 -DDEBUG -DUSE_HAL_DRIVER -DSTM32F103xB -c -I../Core/Inc -I../Drivers/STM32F1xx_HAL_Driver/Inc/Legacy -I../Drivers/STM32F1xx_HAL_Driver/Inc -I../Drivers/CMSIS/Device/ST/STM32F1xx/Include -I../Drivers/CMSIS/Include -I../USB_DEVICE/App -I../USB_DEVICE/Target -I../Middlewares/ST/STM32_USB_Device_Library/Core/Inc -I../Middlewares/ST/STM32_USB_Device_Library/Class/CDC/Inc -O0 -ffunction-sections -fdata-sections -Wall -fstack-usage -fcyclomatic-complexity -MMD -MP -MF"USB_DEVICE/App/usb_device.d" -MT"USB_DEVICE/App/usb_device.o" --specs=nano.specs -mfloat-abi=soft -mthumb -o "USB_DEVICE/App/usb_device.o"
arm-none-eabi-gcc "../USB_DEVICE/App/usbd_cdc_if.c" -mcpu=cortex-m3 -std=gnu11 -g3 -DDEBUG -DUSE_HAL_DRIVER -DSTM32F103xB -c -I../Core/Inc -I../Drivers/STM32F1xx_HAL_Driver/Inc/Legacy -I../Drivers/STM32F1xx_HAL_Driver/Inc -I../Drivers/CMSIS/Device/ST/STM32F1xx/Include -I../Drivers/CMSIS/Include -I../USB_DEVICE/App -I../USB_DEVICE/Target -I../Middlewares/ST/STM32_USB_Device_Library/Core/Inc -I../Middlewares/ST/STM32_USB_Device_Library/Class/CDC/Inc -O0 -ffunction-sections -fdata-sections -Wall -fstack-usage -fcyclomatic-complexity -MMD -MP -MF"USB_DEVICE/App/usbd_cdc_if.d" -MT"USB_DEVICE/App/usbd_cdc_if.o" --specs=nano.specs -mfloat-abi=soft -mthumb -o "USB_DEVICE/App/usbd_cdc_if.o"
arm-none-eabi-gcc "../USB_DEVICE/App/usbd_desc.c" -mcpu=cortex-m3 -std=gnu11 -g3 -DDEBUG -DUSE_HAL_DRIVER -DSTM32F103xB -c -I../Core/Inc -I../Drivers/STM32F1xx_HAL_Driver/Inc/Legacy -I../Drivers/STM32F1xx_HAL_Driver/Inc -I../Drivers/CMSIS/Device/ST/STM32F1xx/Include -I../Drivers/CMSIS/Include -I../USB_DEVICE/App -I../USB_DEVICE/Target -I../Middlewares/ST/STM32_USB_Device_Library/Core/Inc -I../Middlewares/ST/STM32_USB_Device_Library/Class/CDC/Inc -O0 -ffunction-sections -fdata-sections -Wall -fstack-usage -fcyclomatic-complexity -MMD -MP -MF"USB_DEVICE/App/usbd_desc.d" -MT"USB_DEVICE/App/usbd_desc.o" --specs=nano.specs -mfloat-abi=soft -mthumb -o "USB_DEVICE/App/usbd_desc.o"
arm-none-eabi-gcc "../Middlewares/ST/STM32_USB_Device_Library/Core/Src/usbd_core.c" -mcpu=cortex-m3 -std=gnu11 -g3 -DDEBUG -DUSE_HAL_DRIVER -DSTM32F103xB -c -I../Core/Inc -I../Drivers/STM32F1xx_HAL_Driver/Inc/Legacy -I../Drivers/STM32F1xx_HAL_Driver/Inc -I../Drivers/CMSIS/Device/ST/STM32F1xx/Include -I../Drivers/CMSIS/Include -I../USB_DEVICE/App -I../USB_DEVICE/Target -I../Middlewares/ST/STM32_USB_Device_Library/Core/Inc -I../Middlewares/ST/STM32_USB_Device_Library/Class/CDC/Inc -O0 -ffunction-sections -fdata-sections -Wall -fstack-usage -fcyclomatic-complexity -MMD -MP -MF"Middlewares/ST/STM32_USB_Device_Library/Core/Src/usbd_core.d" -MT"Middlewares/ST/STM32_USB_Device_Library/Core/Src/usbd_core.o" --specs=nano.specs -mfloat-abi=soft -mthumb -o "Middlewares/ST/STM32_USB_Device_Library/Core/Src/usbd_core.o"
arm-none-eabi-gcc "../Middlewares/ST/STM32_USB_Device_Library/Core/Src/usbd_ctlreq.c" -mcpu=cortex-m3 -std=gnu11 -g3 -DDEBUG -DUSE_HAL_DRIVER -DSTM32F103xB -c -I../Core/Inc -I../Drivers/STM32F1xx_HAL_Driver/Inc/Legacy -I../Drivers/STM32F1xx_HAL_Driver/Inc -I../Drivers/CMSIS/Device/ST/STM32F1xx/Include -I../Drivers/CMSIS/Include -I../USB_DEVICE/App -I../USB_DEVICE/Target -I../Middlewares/ST/STM32_USB_Device_Library/Core/Inc -I../Middlewares/ST/STM32_USB_Device_Library/Class/CDC/Inc -O0 -ffunction-sections -fdata-sections -Wall -fstack-usage -fcyclomatic-complexity -MMD -MP -MF"Middlewares/ST/STM32_USB_Device_Library/Core/Src/usbd_ctlreq.d" -MT"Middlewares/ST/STM32_USB_Device_Library/Core/Src/usbd_ctlreq.o" --specs=nano.specs -mfloat-abi=soft -mthumb -o "Middlewares/ST/STM32_USB_Device_Library/Core/Src/usbd_ctlreq.o"
arm-none-eabi-gcc "../Middlewares/ST/STM32_USB_Device_Library/Core/Src/usbd_ioreq.c" -mcpu=cortex-m3 -std=gnu11 -g3 -DDEBUG -DUSE_HAL_DRIVER -DSTM32F103xB -c -I../Core/Inc -I../Drivers/STM32F1xx_HAL_Driver/Inc/Legacy -I../Drivers/STM32F1xx_HAL_Driver/Inc -I../Drivers/CMSIS/Device/ST/STM32F1xx/Include -I../Drivers/CMSIS/Include -I../USB_DEVICE/App -I../USB_DEVICE/Target -I../Middlewares/ST/STM32_USB_Device_Library/Core/Inc -I../Middlewares/ST/STM32_USB_Device_Library/Class/CDC/Inc -O0 -ffunction-sections -fdata-sections -Wall -fstack-usage -fcyclomatic-complexity -MMD -MP -MF"Middlewares/ST/STM32_USB_Device_Library/Core/Src/usbd_ioreq.d" -MT"Middlewares/ST/STM32_USB_Device_Library/Core/Src/usbd_ioreq.o" --specs=nano.specs -mfloat-abi=soft -mthumb -o "Middlewares/ST/STM32_USB_Device_Library/Core/Src/usbd_ioreq.o"
arm-none-eabi-gcc "../Middlewares/ST/STM32_USB_Device_Library/Class/CDC/Src/usbd_cdc.c" -mcpu=cortex-m3 -std=gnu11 -g3 -DDEBUG -DUSE_HAL_DRIVER -DSTM32F103xB -c -I../Core/Inc -I../Drivers/STM32F1xx_HAL_Driver/Inc/Legacy -I../Drivers/STM32F1xx_HAL_Driver/Inc -I../Drivers/CMSIS/Device/ST/STM32F1xx/Include -I../Drivers/CMSIS/Include -I../USB_DEVICE/App -I../USB_DEVICE/Target -I../Middlewares/ST/STM32_USB_Device_Library/Core/Inc -I../Middlewares/ST/STM32_USB_Device_Library/Class/CDC/Inc -O0 -ffunction-sections -fdata-sections -Wall -fstack-usage -fcyclomatic-complexity -MMD -MP -MF"Middlewares/ST/STM32_USB_Device_Library/Class/CDC/Src/usbd_cdc.d" -MT"Middlewares/ST/STM32_USB_Device_Library/Class/CDC/Src/usbd_cdc.o" --specs=nano.specs -mfloat-abi=soft -mthumb -o "Middlewares/ST/STM32_USB_Device_Library/Class/CDC/Src/usbd_cdc.o"
arm-none-eabi-gcc "../Drivers/STM32F1xx_HAL_Driver/Src/stm32f1xx_hal.c" -mcpu=cortex-m3 -std=gnu11 -g3 -DDEBUG -DUSE_HAL_DRIVER -DSTM32F103xB -c -I../Core/Inc -I../Drivers/STM32F1xx_HAL_Driver/Inc/Legacy -I../Drivers/STM32F1xx_HAL_Driver/Inc -I../Drivers/CMSIS/Device/ST/STM32F1xx/Include -I../Drivers/CMSIS/Include -I../USB_DEVICE/App -I../USB_DEVICE/Target -I../Middlewares/ST/STM32_USB_Device_Library/Core/Inc -I../Middlewares/ST/STM32_USB_Device_Library/Class/CDC/Inc -O0 -ffunction-sections -fdata-sections -Wall -fstack-usage -fcyclomatic-complexity -MMD -MP -MF"Drivers/STM32F1xx_HAL_Driver/Src/stm32f1xx_hal.d" -MT"Drivers/STM32F1xx_HAL_Driver/Src/stm32f1xx_hal.o" --specs=nano.specs -mfloat-abi=soft -mthumb -o "Drivers/STM32F1xx_HAL_Driver/Src/stm32f1xx_hal.o"
arm-none-eabi-gcc "../Drivers/STM32F1xx_HAL_Driver/Src/stm32f1xx_hal_cortex.c" -mcpu=cortex-m3 -std=gnu11 -g3 -DDEBUG -DUSE_HAL_DRIVER -DSTM32F103xB -c -I../Core/Inc -I../Drivers/STM32F1xx_HAL_Driver/Inc/Legacy -I../Drivers/STM32F1xx_HAL_Driver/Inc -I../Drivers/CMSIS/Device/ST/STM32F1xx/Include -I../Drivers/CMSIS/Include -I../USB_DEVICE/App -I../USB_DEVICE/Target -I../Middlewares/ST/STM32_USB_Device_Library/Core/Inc -I../Middlewares/ST/STM32_USB_Device_Library/Class/CDC/Inc -O0 -ffunction-sections -fdata-sections -Wall -fstack-usage -fcyclomatic-complexity -MMD -MP -MF"Drivers/STM32F1xx_HAL_Driver/Src/stm32f1xx_hal_cortex.d" -MT"Drivers/STM32F1xx_HAL_Driver/Src/stm32f1xx_hal_cortex.o" --specs=nano.specs -mfloat-abi=soft -mthumb -o "Drivers/STM32F1xx_HAL_Driver/Src/stm32f1xx_hal_cortex.o"
arm-none-eabi-gcc "../Drivers/STM32F1xx_HAL_Driver/Src/stm32f1xx_hal_dma.c" -mcpu=cortex-m3 -std=gnu11 -g3 -DDEBUG -DUSE_HAL_DRIVER -DSTM32F103xB -c -I../Core/Inc -I../Drivers/STM32F1xx_HAL_Driver/Inc/Legacy -I../Drivers/STM32F1xx_HAL_Driver/Inc -I../Drivers/CMSIS/Device/ST/STM32F1xx/Include -I../Drivers/CMSIS/Include -I../USB_DEVICE/App -I../USB_DEVICE/Target -I../Middlewares/ST/STM32_USB_Device_Library/Core/Inc -I../Middlewares/ST/STM32_USB_Device_Library/Class/CDC/Inc -O0 -ffunction-sections -fdata-sections -Wall -fstack-usage -fcyclomatic-complexity -MMD -MP -MF"Drivers/STM32F1xx_HAL_Driver/Src/stm32f1xx_hal_dma.d" -MT"Drivers/STM32F1xx_HAL_Driver/Src/stm32f1xx_hal_dma.o" --specs=nano.specs -mfloat-abi=soft -mthumb -o "Drivers/STM32F1xx_HAL_Driver/Src/stm32f1xx_hal_dma.o"
arm-none-eabi-gcc "../Drivers/STM32F1xx_HAL_Driver/Src/stm32f1xx_hal_exti.c" -mcpu=cortex-m3 -std=gnu11 -g3 -DDEBUG -DUSE_HAL_DRIVER -DSTM32F103xB -c -I../Core/Inc -I../Drivers/STM32F1xx_HAL_Driver/Inc/Legacy -I../Drivers/STM32F1xx_HAL_Driver/Inc -I../Drivers/CMSIS/Device/ST/STM32F1xx/Include -I../Drivers/CMSIS/Include -I../USB_DEVICE/App -I../USB_DEVICE/Target -I../Middlewares/ST/STM32_USB_Device_Library/Core/Inc -I../Middlewares/ST/STM32_USB_Device_Library/Class/CDC/Inc -O0 -ffunction-sections -fdata-sections -Wall -fstack-usage -fcyclomatic-complexity -MMD -MP -MF"Drivers/STM32F1xx_HAL_Driver/Src/stm32f1xx_hal_exti.d" -MT"Drivers/STM32F1xx_HAL_Driver/Src/stm32f1xx_hal_exti.o" --specs=nano.specs -mfloat-abi=soft -mthumb -o "Drivers/STM32F1xx_HAL_Driver/Src/stm32f1xx_hal_exti.o"
arm-none-eabi-gcc "../Drivers/STM32F1xx_HAL_Driver/Src/stm32f1xx_hal_flash.c" -mcpu=cortex-m3 -std=gnu11 -g3 -DDEBUG -DUSE_HAL_DRIVER -DSTM32F103xB -c -I../Core/Inc -I../Drivers/STM32F1xx_HAL_Driver/Inc/Legacy -I../Drivers/STM32F1xx_HAL_Driver/Inc -I../Drivers/CMSIS/Device/ST/STM32F1xx/Include -I../Drivers/CMSIS/Include -I../USB_DEVICE/App -I../USB_DEVICE/Target -I../Middlewares/ST/STM32_USB_Device_Library/Core/Inc -I../Middlewares/ST/STM32_USB_Device_Library/Class/CDC/Inc -O0 -ffunction-sections -fdata-sections -Wall -fstack-usage -fcyclomatic-complexity -MMD -MP -MF"Drivers/STM32F1xx_HAL_Driver/Src/stm32f1xx_hal_flash.d" -MT"Drivers/STM32F1xx_HAL_Driver/Src/stm32f1xx_hal_flash.o" --specs=nano.specs -mfloat-abi=soft -mthumb -o "Drivers/STM32F1xx_HAL_Driver/Src/stm32f1xx_hal_flash.o"
arm-none-eabi-gcc "../Drivers/STM32F1xx_HAL_Driver/Src/stm32f1xx_hal_flash_ex.c" -mcpu=cortex-m3 -std=gnu11 -g3 -DDEBUG -DUSE_HAL_DRIVER -DSTM32F103xB -c -I../Core/Inc -I../Drivers/STM32F1xx_HAL_Driver/Inc/Legacy -I../Drivers/STM32F1xx_HAL_Driver/Inc -I../Drivers/CMSIS/Device/ST/STM32F1xx/Include -I../Drivers/CMSIS/Include -I../USB_DEVICE/App -I../USB_DEVICE/Target -I../Middlewares/ST/STM32_USB_Device_Library/Core/Inc -I../Middlewares/ST/STM32_USB_Device_Library/Class/CDC/Inc -O0 -ffunction-sections -fdata-sections -Wall -fstack-usage -fcyclomatic-complexity -MMD -MP -MF"Drivers/STM32F1xx_HAL_Driver/Src/stm32f1xx_hal_flash_ex.d" -MT"Drivers/STM32F1xx_HAL_Driver/Src/stm32f1xx_hal_flash_ex.o" --specs=nano.specs -mfloat-abi=soft -mthumb -o "Drivers/STM32F1xx_HAL_Driver/Src/stm32f1xx_hal_flash_ex.o"
arm-none-eabi-gcc "../Drivers/STM32F1xx_HAL_Driver/Src/stm32f1xx_hal_gpio.c" -mcpu=cortex-m3 -std=gnu11 -g3 -DDEBUG -DUSE_HAL_DRIVER -DSTM32F103xB -c -I../Core/Inc -I../Drivers/STM32F1xx_HAL_Driver/Inc/Legacy -I../Drivers/STM32F1xx_HAL_Driver/Inc -I../Drivers/CMSIS/Device/ST/STM32F1xx/Include -I../Drivers/CMSIS/Include -I../USB_DEVICE/App -I../USB_DEVICE/Target -I../Middlewares/ST/STM32_USB_Device_Library/Core/Inc -I../Middlewares/ST/STM32_USB_Device_Library/Class/CDC/Inc -O0 -ffunction-sections -fdata-sections -Wall -fstack-usage -fcyclomatic-complexity -MMD -MP -MF"Drivers/STM32F1xx_HAL_Driver/Src/stm32f1xx_hal_gpio.d" -MT"Drivers/STM32F1xx_HAL_Driver/Src/stm32f1xx_hal_gpio.o" --specs=nano.specs -mfloat-abi=soft -mthumb -o "Drivers/STM32F1xx_HAL_Driver/Src/stm32f1xx_hal_gpio.o"
arm-none-eabi-gcc "../Drivers/STM32F1xx_HAL_Driver/Src/stm32f1xx_hal_gpio_ex.c" -mcpu=cortex-m3 -std=gnu11 -g3 -DDEBUG -DUSE_HAL_DRIVER -DSTM32F103xB -c -I../Core/Inc -I../Drivers/STM32F1xx_HAL_Driver/Inc/Legacy -I../Drivers/STM32F1xx_HAL_Driver/Inc -I../Drivers/CMSIS/Device/ST/STM32F1xx/Include -I../Drivers/CMSIS/Include -I../USB_DEVICE/App -I../USB_DEVICE/Target -I../Middlewares/ST/STM32_USB_Device_Library/Core/Inc -I../Middlewares/ST/STM32_USB_Device_Library/Class/CDC/Inc -O0 -ffunction-sections -fdata-sections -Wall -fstack-usage -fcyclomatic-complexity -MMD -MP -MF"Drivers/STM32F1xx_HAL_Driver/Src/stm32f1xx_hal_gpio_ex.d" -MT"Drivers/STM32F1xx_HAL_Driver/Src/stm32f1xx_hal_gpio_ex.o" --specs=nano.specs -mfloat-abi=soft -mthumb -o "Drivers/STM32F1xx_HAL_Driver/Src/stm32f1xx_hal_gpio_ex.o"
arm-none-eabi-gcc "../Drivers/STM32F1xx_HAL_Driver/Src/stm32f1xx_hal_i2c.c" -mcpu=cortex-m3 -std=gnu11 -g3 -DDEBUG -DUSE_HAL_DRIVER -DSTM32F103xB -c -I../Core/Inc -I../Drivers/STM32F1xx_HAL_Driver/Inc/Legacy -I../Drivers/STM32F1xx_HAL_Driver/Inc -I../Drivers/CMSIS/Device/ST/STM32F1xx/Include -I../Drivers/CMSIS/Include -I../USB_DEVICE/App -I../USB_DEVICE/Target -I../Middlewares/ST/STM32_USB_Device_Library/Core/Inc -I../Middlewares/ST/STM32_USB_Device_Library/Class/CDC/Inc -O0 -ffunction-sections -fdata-sections -Wall -fstack-usage -fcyclomatic-complexity -MMD -MP -MF"Drivers/STM32F1xx_HAL_Driver/Src/stm32f1xx_hal_i2c.d" -MT"Drivers/STM32F1xx_HAL_Driver/Src/stm32f1xx_hal_i2c.o" --specs=nano.specs -mfloat-abi=soft -mthumb -o "Drivers/STM32F1xx_HAL_Driver/Src/stm32f1xx_hal_i2c.o"
arm-none-eabi-gcc "../Drivers/STM32F1xx_HAL_Driver/Src/stm32f1xx_hal_pcd.c" -mcpu=cortex-m3 -std=gnu11 -g3 -DDEBUG -DUSE_HAL_DRIVER -DSTM32F103xB -c -I../Core/Inc -I../Drivers/STM32F1xx_HAL_Driver/Inc/Legacy -I../Drivers/STM32F1xx_HAL_Driver/Inc -I../Drivers/CMSIS/Device/ST/STM32F1xx/Include -I../Drivers/CMSIS/Include -I../USB_DEVICE/App -I../USB_DEVICE/Target -I../Middlewares/ST/STM32_USB_Device_Library/Core/Inc -I../Middlewares/ST/STM32_USB_Device_Library/Class/CDC/Inc -O0 -ffunction-sections -fdata-sections -Wall -fstack-usage -fcyclomatic-complexity -MMD -MP -MF"Drivers/STM32F1xx_HAL_Driver/Src/stm32f1xx_hal_pcd.d" -MT"Drivers/STM32F1xx_HAL_Driver/Src/stm32f1xx_hal_pcd.o" --specs=nano.specs -mfloat-abi=soft -mthumb -o "Drivers/STM32F1xx_HAL_Driver/Src/stm32f1xx_hal_pcd.o"
arm-none-eabi-gcc "../Drivers/STM32F1xx_HAL_Driver/Src/stm32f1xx_hal_pcd_ex.c" -mcpu=cortex-m3 -std=gnu11 -g3 -DDEBUG -DUSE_HAL_DRIVER -DSTM32F103xB -c -I../Core/Inc -I../Drivers/STM32F1xx_HAL_Driver/Inc/Legacy -I../Drivers/STM32F1xx_HAL_Driver/Inc -I../Drivers/CMSIS/Device/ST/STM32F1xx/Include -I../Drivers/CMSIS/Include -I../USB_DEVICE/App -I../USB_DEVICE/Target -I../Middlewares/ST/STM32_USB_Device_Library/Core/Inc -I../Middlewares/ST/STM32_USB_Device_Library/Class/CDC/Inc -O0 -ffunction-sections -fdata-sections -Wall -fstack-usage -fcyclomatic-complexity -MMD -MP -MF"Drivers/STM32F1xx_HAL_Driver/Src/stm32f1xx_hal_pcd_ex.d" -MT"Drivers/STM32F1xx_HAL_Driver/Src/stm32f1xx_hal_pcd_ex.o" --specs=nano.specs -mfloat-abi=soft -mthumb -o "Drivers/STM32F1xx_HAL_Driver/Src/stm32f1xx_hal_pcd_ex.o"
arm-none-eabi-gcc "../Drivers/STM32F1xx_HAL_Driver/Src/stm32f1xx_hal_pwr.c" -mcpu=cortex-m3 -std=gnu11 -g3 -DDEBUG -DUSE_HAL_DRIVER -DSTM32F103xB -c -I../Core/Inc -I../Drivers/STM32F1xx_HAL_Driver/Inc/Legacy -I../Drivers/STM32F1xx_HAL_Driver/Inc -I../Drivers/CMSIS/Device/ST/STM32F1xx/Include -I../Drivers/CMSIS/Include -I../USB_DEVICE/App -I../USB_DEVICE/Target -I../Middlewares/ST/STM32_USB_Device_Library/Core/Inc -I../Middlewares/ST/STM32_USB_Device_Library/Class/CDC/Inc -O0 -ffunction-sections -fdata-sections -Wall -fstack-usage -fcyclomatic-complexity -MMD -MP -MF"Drivers/STM32F1xx_HAL_Driver/Src/stm32f1xx_hal_pwr.d" -MT"Drivers/STM32F1xx_HAL_Driver/Src/stm32f1xx_hal_pwr.o" --specs=nano.specs -mfloat-abi=soft -mthumb -o "Drivers/STM32F1xx_HAL_Driver/Src/stm32f1xx_hal_pwr.o"
arm-none-eabi-gcc "../Drivers/STM32F1xx_HAL_Driver/Src/stm32f1xx_hal_rcc.c" -mcpu=cortex-m3 -std=gnu11 -g3 -DDEBUG -DUSE_HAL_DRIVER -DSTM32F103xB -c -I../Core/Inc -I../Drivers/STM32F1xx_HAL_Driver/Inc/Legacy -I../Drivers/STM32F1xx_HAL_Driver/Inc -I../Drivers/CMSIS/Device/ST/STM32F1xx/Include -I../Drivers/CMSIS/Include -I../USB_DEVICE/App -I../USB_DEVICE/Target -I../Middlewares/ST/STM32_USB_Device_Library/Core/Inc -I../Middlewares/ST/STM32_USB_Device_Library/Class/CDC/Inc -O0 -ffunction-sections -fdata-sections -Wall -fstack-usage -fcyclomatic-complexity -MMD -MP -MF"Drivers/STM32F1xx_HAL_Driver/Src/stm32f1xx_hal_rcc.d" -MT"Drivers/STM32F1xx_HAL_Driver/Src/stm32f1xx_hal_rcc.o" --specs=nano.specs -mfloat-abi=soft -mthumb -o "Drivers/STM32F1xx_HAL_Driver/Src/stm32f1xx_hal_rcc.o"
arm-none-eabi-gcc "../Drivers/STM32F1xx_HAL_Driver/Src/stm32f1xx_hal_rcc_ex.c" -mcpu=cortex-m3 -std=gnu11 -g3 -DDEBUG -DUSE_HAL_DRIVER -DSTM32F103xB -c -I../Core/Inc -I../Drivers/STM32F1xx_HAL_Driver/Inc/Legacy -I../Drivers/STM32F1xx_HAL_Driver/Inc -I../Drivers/CMSIS/Device/ST/STM32F1xx/Include -I../Drivers/CMSIS/Include -I../USB_DEVICE/App -I../USB_DEVICE/Target -I../Middlewares/ST/STM32_USB_Device_Library/Core/Inc -I../Middlewares/ST/STM32_USB_Device_Library/Class/CDC/Inc -O0 -ffunction-sections -fdata-sections -Wall -fstack-usage -fcyclomatic-complexity -MMD -MP -MF"Drivers/STM32F1xx_HAL_Driver/Src/stm32f1xx_hal_rcc_ex.d" -MT"Drivers/STM32F1xx_HAL_Driver/Src/stm32f1xx_hal_rcc_ex.o" --specs=nano.specs -mfloat-abi=soft -mthumb -o "Drivers/STM32F1xx_HAL_Driver/Src/stm32f1xx_hal_rcc_ex.o"
arm-none-eabi-gcc "../Drivers/STM32F1xx_HAL_Driver/Src/stm32f1xx_hal_rtc.c" -mcpu=cortex-m3 -std=gnu11 -g3 -DDEBUG -DUSE_HAL_DRIVER -DSTM32F103xB -c -I../Core/Inc -I../Drivers/STM32F1xx_HAL_Driver/Inc/Legacy -I../Drivers/STM32F1xx_HAL_Driver/Inc -I../Drivers/CMSIS/Device/ST/STM32F1xx/Include -I../Drivers/CMSIS/Include -I../USB_DEVICE/App -I../USB_DEVICE/Target -I../Middlewares/ST/STM32_USB_Device_Library/Core/Inc -I../Middlewares/ST/STM32_USB_Device_Library/Class/CDC/Inc -O0 -ffunction-sections -fdata-sections -Wall -fstack-usage -fcyclomatic-complexity -MMD -MP -MF"Drivers/STM32F1xx_HAL_Driver/Src/stm32f1xx_hal_rtc.d" -MT"Drivers/STM32F1xx_HAL_Driver/Src/stm32f1xx_hal_rtc.o" --specs=nano.specs -mfloat-abi=soft -mthumb -o "Drivers/STM32F1xx_HAL_Driver/Src/stm32f1xx_hal_rtc.o"
arm-none-eabi-gcc "../Drivers/STM32F1xx_HAL_Driver/Src/stm32f1xx_hal_rtc_ex.c" -mcpu=cortex-m3 -std=gnu11 -g3 -DDEBUG -DUSE_HAL_DRIVER -DSTM32F103xB -c -I../Core/Inc -I../Drivers/STM32F1xx_HAL_Driver/Inc/Legacy -I../Drivers/STM32F1xx_HAL_Driver/Inc -I../Drivers/CMSIS/Device/ST/STM32F1xx/Include -I../Drivers/CMSIS/Include -I../USB_DEVICE/App -I../USB_DEVICE/Target -I../Middlewares/ST/STM32_USB_Device_Library/Core/Inc -I../Middlewares/ST/STM32_USB_Device_Library/Class/CDC/Inc -O0 -ffunction-sections -fdata-sections -Wall -fstack-usage -fcyclomatic-complexity -MMD -MP -MF"Drivers/STM32F1xx_HAL_Driver/Src/stm32f1xx_hal_rtc_ex.d" -MT"Drivers/STM32F1xx_HAL_Driver/Src/stm32f1xx_hal_rtc_ex.o" --specs=nano.specs -mfloat-abi=soft -mthumb -o "Drivers/STM32F1xx_HAL_Driver/Src/stm32f1xx_hal_rtc_ex.o"
arm-none-eabi-gcc "../Drivers/STM32F1xx_HAL_Driver/Src/stm32f1xx_hal_spi.c" -mcpu=cortex-m3 -std=gnu11 -g3 -DDEBUG -DUSE_HAL_DRIVER -DSTM32F103xB -c -I../Core/Inc -I../Drivers/STM32F1xx_HAL_Driver/Inc/Legacy -I../Drivers/STM32F1xx_HAL_Driver/Inc -I../Drivers/CMSIS/Device/ST/STM32F1xx/Include -I../Drivers/CMSIS/Include -I../USB_DEVICE/App -I../USB_DEVICE/Target -I../Middlewares/ST/STM32_USB_Device_Library/Core/Inc -I../Middlewares/ST/STM32_USB_Device_Library/Class/CDC/Inc -O0 -ffunction-sections -fdata-sections -Wall -fstack-usage -fcyclomatic-complexity -MMD -MP -MF"Drivers/STM32F1xx_HAL_Driver/Src/stm32f1xx_hal_spi.d" -MT"Drivers/STM32F1xx_HAL_Driver/Src/stm32f1xx_hal_spi.o" --specs=nano.specs -mfloat-abi=soft -mthumb -o "Drivers/STM32F1xx_HAL_Driver/Src/stm32f1xx_hal_spi.o"
arm-none-eabi-gcc "../Drivers/STM32F1xx_HAL_Driver/Src/stm32f1xx_ll_usb.c" -mcpu=cortex-m3 -std=gnu11 -g3 -DDEBUG -DUSE_HAL_DRIVER -DSTM32F103xB -c -I../Core/Inc -I../Drivers/STM32F1xx_HAL_Driver/Inc/Legacy -I../Drivers/STM32F1xx_HAL_Driver/Inc -I../Drivers/CMSIS/Device/ST/STM32F1xx/Include -I../Drivers/CMSIS/Include -I../USB_DEVICE/App -I../USB_DEVICE/Target -I../Middlewares/ST/STM32_USB_Device_Library/Core/Inc -I../Middlewares/ST/STM32_USB_Device_Library/Class/CDC/Inc -O0 -ffunction-sections -fdata-sections -Wall -fstack-usage -fcyclomatic-complexity -MMD -MP -MF"Drivers/STM32F1xx_HAL_Driver/Src/stm32f1xx_ll_usb.d" -MT"Drivers/STM32F1xx_HAL_Driver/Src/stm32f1xx_ll_usb.o" --specs=nano.specs -mfloat-abi=soft -mthumb -o "Drivers/STM32F1xx_HAL_Driver/Src/stm32f1xx_ll_usb.o"
arm-none-eabi-gcc -mcpu=cortex-m3 -g3 -DDEBUG -c -x assembler-with-cpp -MMD -MP -MF"Core/Startup/startup_stm32f103c8tx.d" -MT"Core/Startup/startup_stm32f103c8tx.o" --specs=nano.specs -mfloat-abi=soft -mthumb -o "Core/Startup/startup_stm32f103c8tx.o" "../Core/Startup/startup_stm32f103c8tx.s"
arm-none-eabi-gcc "../Core/Src/ad5328.c" -mcpu=cortex-m3 -std=gnu11 -g3 -DDEBUG -DUSE_HAL_DRIVER -DSTM32F103xB -c -I../Core/Inc -I../Drivers/STM32F1xx_HAL_Driver/Inc/Legacy -I../Drivers/STM32F1xx_HAL_Driver/Inc -I../Drivers/CMSIS/Device/ST/STM32F1xx/Include -I../Drivers/CMSIS/Include -I../USB_DEVICE/App -I../USB_DEVICE/Target -I../Middlewares/ST/STM32_USB_Device_Library/Core/Inc -I../Middlewares/ST/STM32_USB_Device_Library/Class/CDC/Inc -O0 -ffunction-sections -fdata-sections -Wall -fstack-usage -fcyclomatic-complexity -MMD -MP -MF"Core/Src/ad5328.d" -MT"Core/Src/ad5328.o" --specs=nano.specs -mfloat-abi=soft -mthumb -o "Core/Src/ad5328.o"
arm-none-eabi-gcc "../Core/Src/ads1115.c" -mcpu=cortex-m3 -std=gnu11 -g3 -DDEBUG -DUSE_HAL_DRIVER -DSTM32F103xB -c -I../Core/Inc -I../Drivers/STM32F1xx_HAL_Driver/Inc/Legacy -I../Drivers/STM32F1xx_HAL_Driver/Inc -I../Drivers/CMSIS/Device/ST/STM32F1xx/Include -I../Drivers/CMSIS/Include -I../USB_DEVICE/App -I../USB_DEVICE/Target -I../Middlewares/ST/STM32_USB_Device_Library/Core/Inc -I../Middlewares/ST/STM32_USB_Device_Library/Class/CDC/Inc -O0 -ffunction-sections -fdata-sections -Wall -fstack-usage -fcyclomatic-complexity -MMD -MP -MF"Core/Src/ads1115.d" -MT"Core/Src/ads1115.o" --specs=nano.specs -mfloat-abi=soft -mthumb -o "Core/Src/ads1115.o"
arm-none-eabi-gcc "../Core/Src/main.c" -mcpu=cortex-m3 -std=gnu11 -g3 -DDEBUG -DUSE_HAL_DRIVER -DSTM32F103xB -c -I../Core/Inc -I../Drivers/STM32F1xx_HAL_Driver/Inc/Legacy -I../Drivers/STM32F1xx_HAL_Driver/Inc -I../Drivers/CMSIS/Device/ST/STM32F1xx/Include -I../Drivers/CMSIS/Include -I../USB_DEVICE/App -I../USB_DEVICE/Target -I../Middlewares/ST/STM32_USB_Device_Library/Core/Inc -I../Middlewares/ST/STM32_USB_Device_Library/Class/CDC/Inc -O0 -ffunction-sections -fdata-sections -Wall -fstack-usage -fcyclomatic-complexity -MMD -MP -MF"Core/Src/main.d" -MT"Core/Src/main.o" --specs=nano.specs -mfloat-abi=soft -mthumb -o "Core/Src/main.o"
arm-none-eabi-gcc "../Core/Src/stm32f1xx_hal_msp.c" -mcpu=cortex-m3 -std=gnu11 -g3 -DDEBUG -DUSE_HAL_DRIVER -DSTM32F103xB -c -I../Core/Inc -I../Drivers/STM32F1xx_HAL_Driver/Inc/Legacy -I../Drivers/STM32F1xx_HAL_Driver/Inc -I../Drivers/CMSIS/Device/ST/STM32F1xx/Include -I../Drivers/CMSIS/Include -I../USB_DEVICE/App -I../USB_DEVICE/Target -I../Middlewares/ST/STM32_USB_Device_Library/Core/Inc -I../Middlewares/ST/STM32_USB_Device_Library/Class/CDC/Inc -O0 -ffunction-sections -fdata-sections -Wall -fstack-usage -fcyclomatic-complexity -MMD -MP -MF"Core/Src/stm32f1xx_hal_msp.d" -MT"Core/Src/stm32f1xx_hal_msp.o" --specs=nano.specs -mfloat-abi=soft -mthumb -o "Core/Src/stm32f1xx_hal_msp.o"
arm-none-eabi-gcc "../Core/Src/stm32f1xx_hal_tim.c" -mcpu=cortex-m3 -std=gnu11 -g3 -DDEBUG -DUSE_HAL_DRIVER -DSTM32F103xB -c -I../Core/Inc -I../Drivers/STM32F1xx_HAL_Driver/Inc/Legacy -I../Drivers/STM32F1xx_HAL_Driver/Inc -I../Drivers/CMSIS/Device/ST/STM32F1xx/Include -I../Drivers/CMSIS/Include -I../USB_DEVICE/App -I../USB_DEVICE/Target -I../Middlewares/ST/STM32_USB_Device_Library/Core/Inc -I../Middlewares/ST/STM32_USB_Device_Library/Class/CDC/Inc -O0 -ffunction-sections -fdata-sections -Wall -fstack-usage -fcyclomatic-complexity -MMD -MP -MF"Core/Src/stm32f1xx_hal_tim.d" -MT"Core/Src/stm32f1xx_hal_tim.o" --specs=nano.specs -mfloat-abi=soft -mthumb -o "Core/Src/stm32f1xx_hal_tim.o"
arm-none-eabi-gcc "../Core/Src/stm32f1xx_hal_tim_ex.c" -mcpu=cortex-m3 -std=gnu11 -g3 -DDEBUG -DUSE_HAL_DRIVER -DSTM32F103xB -c -I../Core/Inc -I../Drivers/STM32F1xx_HAL_Driver/Inc/Legacy -I../Drivers/STM32F1xx_HAL_Driver/Inc -I../Drivers/CMSIS/Device/ST/STM32F1xx/Include -I../Drivers/CMSIS/Include -I../USB_DEVICE/App -I../USB_DEVICE/Target -I../Middlewares/ST/STM32_USB_Device_Library/Core/Inc -I../Middlewares/ST/STM32_USB_Device_Library/Class/CDC/Inc -O0 -ffunction-sections -fdata-sections -Wall -fstack-usage -fcyclomatic-complexity -MMD -MP -MF"Core/Src/stm32f1xx_hal_tim_ex.d" -MT"Core/Src/stm32f1xx_hal_tim_ex.o" --specs=nano.specs -mfloat-abi=soft -mthumb -o "Core/Src/stm32f1xx_hal_tim_ex.o"
arm-none-eabi-gcc "../Core/Src/stm32f1xx_it.c" -mcpu=cortex-m3 -std=gnu11 -g3 -DDEBUG -DUSE_HAL_DRIVER -DSTM32F103xB -c -I../Core/Inc -I../Drivers/STM32F1xx_HAL_Driver/Inc/Legacy -I../Drivers/STM32F1xx_HAL_Driver/Inc -I../Drivers/CMSIS/Device/ST/STM32F1xx/Include -I../Drivers/CMSIS/Include -I../USB_DEVICE/App -I../USB_DEVICE/Target -I../Middlewares/ST/STM32_USB_Device_Library/Core/Inc -I../Middlewares/ST/STM32_USB_Device_Library/Class/CDC/Inc -O0 -ffunction-sections -fdata-sections -Wall -fstack-usage -fcyclomatic-complexity -MMD -MP -MF"Core/Src/stm32f1xx_it.d" -MT"Core/Src/stm32f1xx_it.o" --specs=nano.specs -mfloat-abi=soft -mthumb -o "Core/Src/stm32f1xx_it.o"
arm-none-eabi-gcc "../Core/Src/syscalls.c" -mcpu=cortex-m3 -std=gnu11 -g3 -DDEBUG -DUSE_HAL_DRIVER -DSTM32F103xB -c -I../Core/Inc -I../Drivers/STM32F1xx_HAL_Driver/Inc/Legacy -I../Drivers/STM32F1xx_HAL_Driver/Inc -I../Drivers/CMSIS/Device/ST/STM32F1xx/Include -I../Drivers/CMSIS/Include -I../USB_DEVICE/App -I../USB_DEVICE/Target -I../Middlewares/ST/STM32_USB_Device_Library/Core/Inc -I../Middlewares/ST/STM32_USB_Device_Library/Class/CDC/Inc -O0 -ffunction-sections -fdata-sections -Wall -fstack-usage -fcyclomatic-complexity -MMD -MP -MF"Core/Src/syscalls.d" -MT"Core/Src/syscalls.o" --specs=nano.specs -mfloat-abi=soft -mthumb -o "Core/Src/syscalls.o"
../Core/Src/main.c: In function 'main':
../Core/Src/main.c:76:3: warning: implicit declaration of function 'MX_TIM2_Init'; did you mean 'MX_SPI2_Init'? [-Wimplicit-function-declaration]
   76 |   MX_TIM2_Init();
      |   ^~~~~~~~~~~~
      |   MX_SPI2_Init
arm-none-eabi-gcc "../Core/Src/sysmem.c" -mcpu=cortex-m3 -std=gnu11 -g3 -DDEBUG -DUSE_HAL_DRIVER -DSTM32F103xB -c -I../Core/Inc -I../Drivers/STM32F1xx_HAL_Driver/Inc/Legacy -I../Drivers/STM32F1xx_HAL_Driver/Inc -I../Drivers/CMSIS/Device/ST/STM32F1xx/Include -I../Drivers/CMSIS/Include -I../USB_DEVICE/App -I../USB_DEVICE/Target -I../Middlewares/ST/STM32_USB_Device_Library/Core/Inc -I../Middlewares/ST/STM32_USB_Device_Library/Class/CDC/Inc -O0 -ffunction-sections -fdata-sections -Wall -fstack-usage -fcyclomatic-complexity -MMD -MP -MF"Core/Src/sysmem.d" -MT"Core/Src/sysmem.o" --specs=nano.specs -mfloat-abi=soft -mthumb -o "Core/Src/sysmem.o"
arm-none-eabi-gcc "../Core/Src/system_stm32f1xx.c" -mcpu=cortex-m3 -std=gnu11 -g3 -DDEBUG -DUSE_HAL_DRIVER -DSTM32F103xB -c -I../Core/Inc -I../Drivers/STM32F1xx_HAL_Driver/Inc/Legacy -I../Drivers/STM32F1xx_HAL_Driver/Inc -I../Drivers/CMSIS/Device/ST/STM32F1xx/Include -I../Drivers/CMSIS/Include -I../USB_DEVICE/App -I../USB_DEVICE/Target -I../Middlewares/ST/STM32_USB_Device_Library/Core/Inc -I../Middlewares/ST/STM32_USB_Device_Library/Class/CDC/Inc -O0 -ffunction-sections -fdata-sections -Wall -fstack-usage -fcyclomatic-complexity -MMD -MP -MF"Core/Src/system_stm32f1xx.d" -MT"Core/Src/system_stm32f1xx.o" --specs=nano.specs -mfloat-abi=soft -mthumb -o "Core/Src/system_stm32f1xx.o"
arm-none-eabi-gcc -o "Motherboard.elf" @"objects.list"   -mcpu=cortex-m3 -T"C:\STM32\SausageMixer\Motherboard\STM32F103C8TX_FLASH.ld" --specs=nosys.specs -Wl,-Map="Motherboard.map" -Wl,--gc-sections -static --specs=nano.specs -mfloat-abi=soft -mthumb -Wl,--start-group -lc -lm -Wl,--end-group
C:/ST/STM32CubeIDE_1.13.0/STM32CubeIDE/plugins/com.st.stm32cube.ide.mcu.externaltools.gnu-tools-for-stm32.13.3.rel1.win32_1.0.0.202411081344/tools/bin/../lib/gcc/arm-none-eabi/13.3.1/../../../../arm-none-eabi/bin/ld.exe: ./Core/Src/main.o: in function `main':
C:/STM32/SausageMixer/Motherboard/Debug/../Core/Src/main.c:76:(.text.main+0x26): undefined reference to `MX_TIM2_Init'
collect2.exe: error: ld returned 1 exit status
make: *** [makefile:68: Motherboard.elf] Error 1
"make -j12 all" terminated with exit code 2. Build might be incomplete.
11:50:23 **** Incremental Build of configuration Debug for project Keyboard ****
make -j12 all 
arm-none-eabi-size  Keyboard.elf 
   text	   data	    bss	    dec	    hex	filename
   8580	     12	   1684	  10276	   2824	Keyboard.elf
Finished building: default.size.stdout
 
11:50:23 **** Incremental Build of configuration Debug for project Motherboard ****
make -j12 all 
arm-none-eabi-gcc "../Core/Src/main.c" -mcpu=cortex-m3 -std=gnu11 -g3 -DDEBUG -DUSE_HAL_DRIVER -DSTM32F103xB -c -I../Core/Inc -I../Drivers/STM32F1xx_HAL_Driver/Inc/Legacy -I../Drivers/STM32F1xx_HAL_Driver/Inc -I../Drivers/CMSIS/Device/ST/STM32F1xx/Include -I../Drivers/CMSIS/Include -I../USB_DEVICE/App -I../USB_DEVICE/Target -I../Middlewares/ST/STM32_USB_Device_Library/Core/Inc -I../Middlewares/ST/STM32_USB_Device_Library/Class/CDC/Inc -O0 -ffunction-sections -fdata-sections -Wall -fstack-usage -fcyclomatic-complexity -MMD -MP -MF"Core/Src/main.d" -MT"Core/Src/main.o" --specs=nano.specs -mfloat-abi=soft -mthumb -o "Core/Src/main.o"
arm-none-eabi-gcc -o "Motherboard.elf" @"objects.list"   -mcpu=cortex-m3 -T"C:\STM32\SausageMixer\Motherboard\STM32F103C8TX_FLASH.ld" --specs=nosys.specs -Wl,-Map="Motherboard.map" -Wl,--gc-sections -static --specs=nano.specs -mfloat-abi=soft -mthumb -Wl,--start-group -lc -lm -Wl,--end-group
Finished building target: Motherboard.elf
 
arm-none-eabi-size  Motherboard.elf 
arm-none-eabi-objdump -h -S Motherboard.elf  > "Motherboard.list"
   text	   data	    bss	    dec	    hex	filename
  47024	    380	   6468	  53872	   d270	Motherboard.elf
Finished building: default.size.stdout
 
Finished building: Motherboard.list
 
11:51:58 **** Incremental Build of configuration Debug for project Keyboard ****
make -j12 all 
arm-none-eabi-size  Keyboard.elf 
   text	   data	    bss	    dec	    hex	filename
   8580	     12	   1684	  10276	   2824	Keyboard.elf
Finished building: default.size.stdout
 
11:51:59 **** Incremental Build of configuration Debug for project Motherboard ****
make -j12 all 
arm-none-eabi-gcc "../Core/Src/main.c" -mcpu=cortex-m3 -std=gnu11 -g3 -DDEBUG -DUSE_HAL_DRIVER -DSTM32F103xB -c -I../Core/Inc -I../Drivers/STM32F1xx_HAL_Driver/Inc/Legacy -I../Drivers/STM32F1xx_HAL_Driver/Inc -I../Drivers/CMSIS/Device/ST/STM32F1xx/Include -I../Drivers/CMSIS/Include -I../USB_DEVICE/App -I../USB_DEVICE/Target -I../Middlewares/ST/STM32_USB_Device_Library/Core/Inc -I../Middlewares/ST/STM32_USB_Device_Library/Class/CDC/Inc -O0 -ffunction-sections -fdata-sections -Wall -fstack-usage -fcyclomatic-complexity -MMD -MP -MF"Core/Src/main.d" -MT"Core/Src/main.o" --specs=nano.specs -mfloat-abi=soft -mthumb -o "Core/Src/main.o"
arm-none-eabi-gcc -o "Motherboard.elf" @"objects.list"   -mcpu=cortex-m3 -T"C:\STM32\SausageMixer\Motherboard\STM32F103C8TX_FLASH.ld" --specs=nosys.specs -Wl,-Map="Motherboard.map" -Wl,--gc-sections -static --specs=nano.specs -mfloat-abi=soft -mthumb -Wl,--start-group -lc -lm -Wl,--end-group
Finished building target: Motherboard.elf
 
arm-none-eabi-size  Motherboard.elf 
arm-none-eabi-objdump -h -S Motherboard.elf  > "Motherboard.list"
   text	   data	    bss	    dec	    hex	filename
  47060	    380	   6468	  53908	   d294	Motherboard.elf
Finished building: default.size.stdout
 
Finished building: Motherboard.list
 
12:20:33 **** Incremental Build of configuration Debug for project Motherboard ****
make -j12 all 
arm-none-eabi-gcc "../USB_DEVICE/Target/usbd_conf.c" -mcpu=cortex-m3 -std=gnu11 -g3 -DDEBUG -DUSE_HAL_DRIVER -DSTM32F103xB -c -I../Core/Inc -I../Drivers/STM32F1xx_HAL_Driver/Inc/Legacy -I../Drivers/STM32F1xx_HAL_Driver/Inc -I../Drivers/CMSIS/Device/ST/STM32F1xx/Include -I../Drivers/CMSIS/Include -I../USB_DEVICE/App -I../USB_DEVICE/Target -I../Middlewares/ST/STM32_USB_Device_Library/Core/Inc -I../Middlewares/ST/STM32_USB_Device_Library/Class/CDC/Inc -O0 -ffunction-sections -fdata-sections -Wall -fstack-usage -fcyclomatic-complexity -MMD -MP -MF"USB_DEVICE/Target/usbd_conf.d" -MT"USB_DEVICE/Target/usbd_conf.o" --specs=nano.specs -mfloat-abi=soft -mthumb -o "USB_DEVICE/Target/usbd_conf.o"
arm-none-eabi-gcc "../USB_DEVICE/App/usb_device.c" -mcpu=cortex-m3 -std=gnu11 -g3 -DDEBUG -DUSE_HAL_DRIVER -DSTM32F103xB -c -I../Core/Inc -I../Drivers/STM32F1xx_HAL_Driver/Inc/Legacy -I../Drivers/STM32F1xx_HAL_Driver/Inc -I../Drivers/CMSIS/Device/ST/STM32F1xx/Include -I../Drivers/CMSIS/Include -I../USB_DEVICE/App -I../USB_DEVICE/Target -I../Middlewares/ST/STM32_USB_Device_Library/Core/Inc -I../Middlewares/ST/STM32_USB_Device_Library/Class/CDC/Inc -O0 -ffunction-sections -fdata-sections -Wall -fstack-usage -fcyclomatic-complexity -MMD -MP -MF"USB_DEVICE/App/usb_device.d" -MT"USB_DEVICE/App/usb_device.o" --specs=nano.specs -mfloat-abi=soft -mthumb -o "USB_DEVICE/App/usb_device.o"
arm-none-eabi-gcc "../USB_DEVICE/App/usbd_cdc_if.c" -mcpu=cortex-m3 -std=gnu11 -g3 -DDEBUG -DUSE_HAL_DRIVER -DSTM32F103xB -c -I../Core/Inc -I../Drivers/STM32F1xx_HAL_Driver/Inc/Legacy -I../Drivers/STM32F1xx_HAL_Driver/Inc -I../Drivers/CMSIS/Device/ST/STM32F1xx/Include -I../Drivers/CMSIS/Include -I../USB_DEVICE/App -I../USB_DEVICE/Target -I../Middlewares/ST/STM32_USB_Device_Library/Core/Inc -I../Middlewares/ST/STM32_USB_Device_Library/Class/CDC/Inc -O0 -ffunction-sections -fdata-sections -Wall -fstack-usage -fcyclomatic-complexity -MMD -MP -MF"USB_DEVICE/App/usbd_cdc_if.d" -MT"USB_DEVICE/App/usbd_cdc_if.o" --specs=nano.specs -mfloat-abi=soft -mthumb -o "USB_DEVICE/App/usbd_cdc_if.o"
arm-none-eabi-gcc "../USB_DEVICE/App/usbd_desc.c" -mcpu=cortex-m3 -std=gnu11 -g3 -DDEBUG -DUSE_HAL_DRIVER -DSTM32F103xB -c -I../Core/Inc -I../Drivers/STM32F1xx_HAL_Driver/Inc/Legacy -I../Drivers/STM32F1xx_HAL_Driver/Inc -I../Drivers/CMSIS/Device/ST/STM32F1xx/Include -I../Drivers/CMSIS/Include -I../USB_DEVICE/App -I../USB_DEVICE/Target -I../Middlewares/ST/STM32_USB_Device_Library/Core/Inc -I../Middlewares/ST/STM32_USB_Device_Library/Class/CDC/Inc -O0 -ffunction-sections -fdata-sections -Wall -fstack-usage -fcyclomatic-complexity -MMD -MP -MF"USB_DEVICE/App/usbd_desc.d" -MT"USB_DEVICE/App/usbd_desc.o" --specs=nano.specs -mfloat-abi=soft -mthumb -o "USB_DEVICE/App/usbd_desc.o"
arm-none-eabi-gcc "../Middlewares/ST/STM32_USB_Device_Library/Core/Src/usbd_core.c" -mcpu=cortex-m3 -std=gnu11 -g3 -DDEBUG -DUSE_HAL_DRIVER -DSTM32F103xB -c -I../Core/Inc -I../Drivers/STM32F1xx_HAL_Driver/Inc/Legacy -I../Drivers/STM32F1xx_HAL_Driver/Inc -I../Drivers/CMSIS/Device/ST/STM32F1xx/Include -I../Drivers/CMSIS/Include -I../USB_DEVICE/App -I../USB_DEVICE/Target -I../Middlewares/ST/STM32_USB_Device_Library/Core/Inc -I../Middlewares/ST/STM32_USB_Device_Library/Class/CDC/Inc -O0 -ffunction-sections -fdata-sections -Wall -fstack-usage -fcyclomatic-complexity -MMD -MP -MF"Middlewares/ST/STM32_USB_Device_Library/Core/Src/usbd_core.d" -MT"Middlewares/ST/STM32_USB_Device_Library/Core/Src/usbd_core.o" --specs=nano.specs -mfloat-abi=soft -mthumb -o "Middlewares/ST/STM32_USB_Device_Library/Core/Src/usbd_core.o"
arm-none-eabi-gcc "../Middlewares/ST/STM32_USB_Device_Library/Core/Src/usbd_ctlreq.c" -mcpu=cortex-m3 -std=gnu11 -g3 -DDEBUG -DUSE_HAL_DRIVER -DSTM32F103xB -c -I../Core/Inc -I../Drivers/STM32F1xx_HAL_Driver/Inc/Legacy -I../Drivers/STM32F1xx_HAL_Driver/Inc -I../Drivers/CMSIS/Device/ST/STM32F1xx/Include -I../Drivers/CMSIS/Include -I../USB_DEVICE/App -I../USB_DEVICE/Target -I../Middlewares/ST/STM32_USB_Device_Library/Core/Inc -I../Middlewares/ST/STM32_USB_Device_Library/Class/CDC/Inc -O0 -ffunction-sections -fdata-sections -Wall -fstack-usage -fcyclomatic-complexity -MMD -MP -MF"Middlewares/ST/STM32_USB_Device_Library/Core/Src/usbd_ctlreq.d" -MT"Middlewares/ST/STM32_USB_Device_Library/Core/Src/usbd_ctlreq.o" --specs=nano.specs -mfloat-abi=soft -mthumb -o "Middlewares/ST/STM32_USB_Device_Library/Core/Src/usbd_ctlreq.o"
arm-none-eabi-gcc "../Middlewares/ST/STM32_USB_Device_Library/Core/Src/usbd_ioreq.c" -mcpu=cortex-m3 -std=gnu11 -g3 -DDEBUG -DUSE_HAL_DRIVER -DSTM32F103xB -c -I../Core/Inc -I../Drivers/STM32F1xx_HAL_Driver/Inc/Legacy -I../Drivers/STM32F1xx_HAL_Driver/Inc -I../Drivers/CMSIS/Device/ST/STM32F1xx/Include -I../Drivers/CMSIS/Include -I../USB_DEVICE/App -I../USB_DEVICE/Target -I../Middlewares/ST/STM32_USB_Device_Library/Core/Inc -I../Middlewares/ST/STM32_USB_Device_Library/Class/CDC/Inc -O0 -ffunction-sections -fdata-sections -Wall -fstack-usage -fcyclomatic-complexity -MMD -MP -MF"Middlewares/ST/STM32_USB_Device_Library/Core/Src/usbd_ioreq.d" -MT"Middlewares/ST/STM32_USB_Device_Library/Core/Src/usbd_ioreq.o" --specs=nano.specs -mfloat-abi=soft -mthumb -o "Middlewares/ST/STM32_USB_Device_Library/Core/Src/usbd_ioreq.o"
arm-none-eabi-gcc "../Middlewares/ST/STM32_USB_Device_Library/Class/CDC/Src/usbd_cdc.c" -mcpu=cortex-m3 -std=gnu11 -g3 -DDEBUG -DUSE_HAL_DRIVER -DSTM32F103xB -c -I../Core/Inc -I../Drivers/STM32F1xx_HAL_Driver/Inc/Legacy -I../Drivers/STM32F1xx_HAL_Driver/Inc -I../Drivers/CMSIS/Device/ST/STM32F1xx/Include -I../Drivers/CMSIS/Include -I../USB_DEVICE/App -I../USB_DEVICE/Target -I../Middlewares/ST/STM32_USB_Device_Library/Core/Inc -I../Middlewares/ST/STM32_USB_Device_Library/Class/CDC/Inc -O0 -ffunction-sections -fdata-sections -Wall -fstack-usage -fcyclomatic-complexity -MMD -MP -MF"Middlewares/ST/STM32_USB_Device_Library/Class/CDC/Src/usbd_cdc.d" -MT"Middlewares/ST/STM32_USB_Device_Library/Class/CDC/Src/usbd_cdc.o" --specs=nano.specs -mfloat-abi=soft -mthumb -o "Middlewares/ST/STM32_USB_Device_Library/Class/CDC/Src/usbd_cdc.o"
arm-none-eabi-gcc "../Drivers/STM32F1xx_HAL_Driver/Src/stm32f1xx_hal.c" -mcpu=cortex-m3 -std=gnu11 -g3 -DDEBUG -DUSE_HAL_DRIVER -DSTM32F103xB -c -I../Core/Inc -I../Drivers/STM32F1xx_HAL_Driver/Inc/Legacy -I../Drivers/STM32F1xx_HAL_Driver/Inc -I../Drivers/CMSIS/Device/ST/STM32F1xx/Include -I../Drivers/CMSIS/Include -I../USB_DEVICE/App -I../USB_DEVICE/Target -I../Middlewares/ST/STM32_USB_Device_Library/Core/Inc -I../Middlewares/ST/STM32_USB_Device_Library/Class/CDC/Inc -O0 -ffunction-sections -fdata-sections -Wall -fstack-usage -fcyclomatic-complexity -MMD -MP -MF"Drivers/STM32F1xx_HAL_Driver/Src/stm32f1xx_hal.d" -MT"Drivers/STM32F1xx_HAL_Driver/Src/stm32f1xx_hal.o" --specs=nano.specs -mfloat-abi=soft -mthumb -o "Drivers/STM32F1xx_HAL_Driver/Src/stm32f1xx_hal.o"
arm-none-eabi-gcc "../Drivers/STM32F1xx_HAL_Driver/Src/stm32f1xx_hal_cortex.c" -mcpu=cortex-m3 -std=gnu11 -g3 -DDEBUG -DUSE_HAL_DRIVER -DSTM32F103xB -c -I../Core/Inc -I../Drivers/STM32F1xx_HAL_Driver/Inc/Legacy -I../Drivers/STM32F1xx_HAL_Driver/Inc -I../Drivers/CMSIS/Device/ST/STM32F1xx/Include -I../Drivers/CMSIS/Include -I../USB_DEVICE/App -I../USB_DEVICE/Target -I../Middlewares/ST/STM32_USB_Device_Library/Core/Inc -I../Middlewares/ST/STM32_USB_Device_Library/Class/CDC/Inc -O0 -ffunction-sections -fdata-sections -Wall -fstack-usage -fcyclomatic-complexity -MMD -MP -MF"Drivers/STM32F1xx_HAL_Driver/Src/stm32f1xx_hal_cortex.d" -MT"Drivers/STM32F1xx_HAL_Driver/Src/stm32f1xx_hal_cortex.o" --specs=nano.specs -mfloat-abi=soft -mthumb -o "Drivers/STM32F1xx_HAL_Driver/Src/stm32f1xx_hal_cortex.o"
arm-none-eabi-gcc "../Drivers/STM32F1xx_HAL_Driver/Src/stm32f1xx_hal_dma.c" -mcpu=cortex-m3 -std=gnu11 -g3 -DDEBUG -DUSE_HAL_DRIVER -DSTM32F103xB -c -I../Core/Inc -I../Drivers/STM32F1xx_HAL_Driver/Inc/Legacy -I../Drivers/STM32F1xx_HAL_Driver/Inc -I../Drivers/CMSIS/Device/ST/STM32F1xx/Include -I../Drivers/CMSIS/Include -I../USB_DEVICE/App -I../USB_DEVICE/Target -I../Middlewares/ST/STM32_USB_Device_Library/Core/Inc -I../Middlewares/ST/STM32_USB_Device_Library/Class/CDC/Inc -O0 -ffunction-sections -fdata-sections -Wall -fstack-usage -fcyclomatic-complexity -MMD -MP -MF"Drivers/STM32F1xx_HAL_Driver/Src/stm32f1xx_hal_dma.d" -MT"Drivers/STM32F1xx_HAL_Driver/Src/stm32f1xx_hal_dma.o" --specs=nano.specs -mfloat-abi=soft -mthumb -o "Drivers/STM32F1xx_HAL_Driver/Src/stm32f1xx_hal_dma.o"
arm-none-eabi-gcc "../Drivers/STM32F1xx_HAL_Driver/Src/stm32f1xx_hal_exti.c" -mcpu=cortex-m3 -std=gnu11 -g3 -DDEBUG -DUSE_HAL_DRIVER -DSTM32F103xB -c -I../Core/Inc -I../Drivers/STM32F1xx_HAL_Driver/Inc/Legacy -I../Drivers/STM32F1xx_HAL_Driver/Inc -I../Drivers/CMSIS/Device/ST/STM32F1xx/Include -I../Drivers/CMSIS/Include -I../USB_DEVICE/App -I../USB_DEVICE/Target -I../Middlewares/ST/STM32_USB_Device_Library/Core/Inc -I../Middlewares/ST/STM32_USB_Device_Library/Class/CDC/Inc -O0 -ffunction-sections -fdata-sections -Wall -fstack-usage -fcyclomatic-complexity -MMD -MP -MF"Drivers/STM32F1xx_HAL_Driver/Src/stm32f1xx_hal_exti.d" -MT"Drivers/STM32F1xx_HAL_Driver/Src/stm32f1xx_hal_exti.o" --specs=nano.specs -mfloat-abi=soft -mthumb -o "Drivers/STM32F1xx_HAL_Driver/Src/stm32f1xx_hal_exti.o"
arm-none-eabi-gcc "../Drivers/STM32F1xx_HAL_Driver/Src/stm32f1xx_hal_flash.c" -mcpu=cortex-m3 -std=gnu11 -g3 -DDEBUG -DUSE_HAL_DRIVER -DSTM32F103xB -c -I../Core/Inc -I../Drivers/STM32F1xx_HAL_Driver/Inc/Legacy -I../Drivers/STM32F1xx_HAL_Driver/Inc -I../Drivers/CMSIS/Device/ST/STM32F1xx/Include -I../Drivers/CMSIS/Include -I../USB_DEVICE/App -I../USB_DEVICE/Target -I../Middlewares/ST/STM32_USB_Device_Library/Core/Inc -I../Middlewares/ST/STM32_USB_Device_Library/Class/CDC/Inc -O0 -ffunction-sections -fdata-sections -Wall -fstack-usage -fcyclomatic-complexity -MMD -MP -MF"Drivers/STM32F1xx_HAL_Driver/Src/stm32f1xx_hal_flash.d" -MT"Drivers/STM32F1xx_HAL_Driver/Src/stm32f1xx_hal_flash.o" --specs=nano.specs -mfloat-abi=soft -mthumb -o "Drivers/STM32F1xx_HAL_Driver/Src/stm32f1xx_hal_flash.o"
arm-none-eabi-gcc "../Drivers/STM32F1xx_HAL_Driver/Src/stm32f1xx_hal_flash_ex.c" -mcpu=cortex-m3 -std=gnu11 -g3 -DDEBUG -DUSE_HAL_DRIVER -DSTM32F103xB -c -I../Core/Inc -I../Drivers/STM32F1xx_HAL_Driver/Inc/Legacy -I../Drivers/STM32F1xx_HAL_Driver/Inc -I../Drivers/CMSIS/Device/ST/STM32F1xx/Include -I../Drivers/CMSIS/Include -I../USB_DEVICE/App -I../USB_DEVICE/Target -I../Middlewares/ST/STM32_USB_Device_Library/Core/Inc -I../Middlewares/ST/STM32_USB_Device_Library/Class/CDC/Inc -O0 -ffunction-sections -fdata-sections -Wall -fstack-usage -fcyclomatic-complexity -MMD -MP -MF"Drivers/STM32F1xx_HAL_Driver/Src/stm32f1xx_hal_flash_ex.d" -MT"Drivers/STM32F1xx_HAL_Driver/Src/stm32f1xx_hal_flash_ex.o" --specs=nano.specs -mfloat-abi=soft -mthumb -o "Drivers/STM32F1xx_HAL_Driver/Src/stm32f1xx_hal_flash_ex.o"
arm-none-eabi-gcc "../Drivers/STM32F1xx_HAL_Driver/Src/stm32f1xx_hal_gpio.c" -mcpu=cortex-m3 -std=gnu11 -g3 -DDEBUG -DUSE_HAL_DRIVER -DSTM32F103xB -c -I../Core/Inc -I../Drivers/STM32F1xx_HAL_Driver/Inc/Legacy -I../Drivers/STM32F1xx_HAL_Driver/Inc -I../Drivers/CMSIS/Device/ST/STM32F1xx/Include -I../Drivers/CMSIS/Include -I../USB_DEVICE/App -I../USB_DEVICE/Target -I../Middlewares/ST/STM32_USB_Device_Library/Core/Inc -I../Middlewares/ST/STM32_USB_Device_Library/Class/CDC/Inc -O0 -ffunction-sections -fdata-sections -Wall -fstack-usage -fcyclomatic-complexity -MMD -MP -MF"Drivers/STM32F1xx_HAL_Driver/Src/stm32f1xx_hal_gpio.d" -MT"Drivers/STM32F1xx_HAL_Driver/Src/stm32f1xx_hal_gpio.o" --specs=nano.specs -mfloat-abi=soft -mthumb -o "Drivers/STM32F1xx_HAL_Driver/Src/stm32f1xx_hal_gpio.o"
arm-none-eabi-gcc "../Drivers/STM32F1xx_HAL_Driver/Src/stm32f1xx_hal_gpio_ex.c" -mcpu=cortex-m3 -std=gnu11 -g3 -DDEBUG -DUSE_HAL_DRIVER -DSTM32F103xB -c -I../Core/Inc -I../Drivers/STM32F1xx_HAL_Driver/Inc/Legacy -I../Drivers/STM32F1xx_HAL_Driver/Inc -I../Drivers/CMSIS/Device/ST/STM32F1xx/Include -I../Drivers/CMSIS/Include -I../USB_DEVICE/App -I../USB_DEVICE/Target -I../Middlewares/ST/STM32_USB_Device_Library/Core/Inc -I../Middlewares/ST/STM32_USB_Device_Library/Class/CDC/Inc -O0 -ffunction-sections -fdata-sections -Wall -fstack-usage -fcyclomatic-complexity -MMD -MP -MF"Drivers/STM32F1xx_HAL_Driver/Src/stm32f1xx_hal_gpio_ex.d" -MT"Drivers/STM32F1xx_HAL_Driver/Src/stm32f1xx_hal_gpio_ex.o" --specs=nano.specs -mfloat-abi=soft -mthumb -o "Drivers/STM32F1xx_HAL_Driver/Src/stm32f1xx_hal_gpio_ex.o"
arm-none-eabi-gcc "../Drivers/STM32F1xx_HAL_Driver/Src/stm32f1xx_hal_i2c.c" -mcpu=cortex-m3 -std=gnu11 -g3 -DDEBUG -DUSE_HAL_DRIVER -DSTM32F103xB -c -I../Core/Inc -I../Drivers/STM32F1xx_HAL_Driver/Inc/Legacy -I../Drivers/STM32F1xx_HAL_Driver/Inc -I../Drivers/CMSIS/Device/ST/STM32F1xx/Include -I../Drivers/CMSIS/Include -I../USB_DEVICE/App -I../USB_DEVICE/Target -I../Middlewares/ST/STM32_USB_Device_Library/Core/Inc -I../Middlewares/ST/STM32_USB_Device_Library/Class/CDC/Inc -O0 -ffunction-sections -fdata-sections -Wall -fstack-usage -fcyclomatic-complexity -MMD -MP -MF"Drivers/STM32F1xx_HAL_Driver/Src/stm32f1xx_hal_i2c.d" -MT"Drivers/STM32F1xx_HAL_Driver/Src/stm32f1xx_hal_i2c.o" --specs=nano.specs -mfloat-abi=soft -mthumb -o "Drivers/STM32F1xx_HAL_Driver/Src/stm32f1xx_hal_i2c.o"
arm-none-eabi-gcc "../Drivers/STM32F1xx_HAL_Driver/Src/stm32f1xx_hal_pcd.c" -mcpu=cortex-m3 -std=gnu11 -g3 -DDEBUG -DUSE_HAL_DRIVER -DSTM32F103xB -c -I../Core/Inc -I../Drivers/STM32F1xx_HAL_Driver/Inc/Legacy -I../Drivers/STM32F1xx_HAL_Driver/Inc -I../Drivers/CMSIS/Device/ST/STM32F1xx/Include -I../Drivers/CMSIS/Include -I../USB_DEVICE/App -I../USB_DEVICE/Target -I../Middlewares/ST/STM32_USB_Device_Library/Core/Inc -I../Middlewares/ST/STM32_USB_Device_Library/Class/CDC/Inc -O0 -ffunction-sections -fdata-sections -Wall -fstack-usage -fcyclomatic-complexity -MMD -MP -MF"Drivers/STM32F1xx_HAL_Driver/Src/stm32f1xx_hal_pcd.d" -MT"Drivers/STM32F1xx_HAL_Driver/Src/stm32f1xx_hal_pcd.o" --specs=nano.specs -mfloat-abi=soft -mthumb -o "Drivers/STM32F1xx_HAL_Driver/Src/stm32f1xx_hal_pcd.o"
arm-none-eabi-gcc "../Drivers/STM32F1xx_HAL_Driver/Src/stm32f1xx_hal_pcd_ex.c" -mcpu=cortex-m3 -std=gnu11 -g3 -DDEBUG -DUSE_HAL_DRIVER -DSTM32F103xB -c -I../Core/Inc -I../Drivers/STM32F1xx_HAL_Driver/Inc/Legacy -I../Drivers/STM32F1xx_HAL_Driver/Inc -I../Drivers/CMSIS/Device/ST/STM32F1xx/Include -I../Drivers/CMSIS/Include -I../USB_DEVICE/App -I../USB_DEVICE/Target -I../Middlewares/ST/STM32_USB_Device_Library/Core/Inc -I../Middlewares/ST/STM32_USB_Device_Library/Class/CDC/Inc -O0 -ffunction-sections -fdata-sections -Wall -fstack-usage -fcyclomatic-complexity -MMD -MP -MF"Drivers/STM32F1xx_HAL_Driver/Src/stm32f1xx_hal_pcd_ex.d" -MT"Drivers/STM32F1xx_HAL_Driver/Src/stm32f1xx_hal_pcd_ex.o" --specs=nano.specs -mfloat-abi=soft -mthumb -o "Drivers/STM32F1xx_HAL_Driver/Src/stm32f1xx_hal_pcd_ex.o"
arm-none-eabi-gcc "../Drivers/STM32F1xx_HAL_Driver/Src/stm32f1xx_hal_pwr.c" -mcpu=cortex-m3 -std=gnu11 -g3 -DDEBUG -DUSE_HAL_DRIVER -DSTM32F103xB -c -I../Core/Inc -I../Drivers/STM32F1xx_HAL_Driver/Inc/Legacy -I../Drivers/STM32F1xx_HAL_Driver/Inc -I../Drivers/CMSIS/Device/ST/STM32F1xx/Include -I../Drivers/CMSIS/Include -I../USB_DEVICE/App -I../USB_DEVICE/Target -I../Middlewares/ST/STM32_USB_Device_Library/Core/Inc -I../Middlewares/ST/STM32_USB_Device_Library/Class/CDC/Inc -O0 -ffunction-sections -fdata-sections -Wall -fstack-usage -fcyclomatic-complexity -MMD -MP -MF"Drivers/STM32F1xx_HAL_Driver/Src/stm32f1xx_hal_pwr.d" -MT"Drivers/STM32F1xx_HAL_Driver/Src/stm32f1xx_hal_pwr.o" --specs=nano.specs -mfloat-abi=soft -mthumb -o "Drivers/STM32F1xx_HAL_Driver/Src/stm32f1xx_hal_pwr.o"
arm-none-eabi-gcc "../Drivers/STM32F1xx_HAL_Driver/Src/stm32f1xx_hal_rcc.c" -mcpu=cortex-m3 -std=gnu11 -g3 -DDEBUG -DUSE_HAL_DRIVER -DSTM32F103xB -c -I../Core/Inc -I../Drivers/STM32F1xx_HAL_Driver/Inc/Legacy -I../Drivers/STM32F1xx_HAL_Driver/Inc -I../Drivers/CMSIS/Device/ST/STM32F1xx/Include -I../Drivers/CMSIS/Include -I../USB_DEVICE/App -I../USB_DEVICE/Target -I../Middlewares/ST/STM32_USB_Device_Library/Core/Inc -I../Middlewares/ST/STM32_USB_Device_Library/Class/CDC/Inc -O0 -ffunction-sections -fdata-sections -Wall -fstack-usage -fcyclomatic-complexity -MMD -MP -MF"Drivers/STM32F1xx_HAL_Driver/Src/stm32f1xx_hal_rcc.d" -MT"Drivers/STM32F1xx_HAL_Driver/Src/stm32f1xx_hal_rcc.o" --specs=nano.specs -mfloat-abi=soft -mthumb -o "Drivers/STM32F1xx_HAL_Driver/Src/stm32f1xx_hal_rcc.o"
arm-none-eabi-gcc "../Drivers/STM32F1xx_HAL_Driver/Src/stm32f1xx_hal_rcc_ex.c" -mcpu=cortex-m3 -std=gnu11 -g3 -DDEBUG -DUSE_HAL_DRIVER -DSTM32F103xB -c -I../Core/Inc -I../Drivers/STM32F1xx_HAL_Driver/Inc/Legacy -I../Drivers/STM32F1xx_HAL_Driver/Inc -I../Drivers/CMSIS/Device/ST/STM32F1xx/Include -I../Drivers/CMSIS/Include -I../USB_DEVICE/App -I../USB_DEVICE/Target -I../Middlewares/ST/STM32_USB_Device_Library/Core/Inc -I../Middlewares/ST/STM32_USB_Device_Library/Class/CDC/Inc -O0 -ffunction-sections -fdata-sections -Wall -fstack-usage -fcyclomatic-complexity -MMD -MP -MF"Drivers/STM32F1xx_HAL_Driver/Src/stm32f1xx_hal_rcc_ex.d" -MT"Drivers/STM32F1xx_HAL_Driver/Src/stm32f1xx_hal_rcc_ex.o" --specs=nano.specs -mfloat-abi=soft -mthumb -o "Drivers/STM32F1xx_HAL_Driver/Src/stm32f1xx_hal_rcc_ex.o"
arm-none-eabi-gcc "../Drivers/STM32F1xx_HAL_Driver/Src/stm32f1xx_hal_rtc.c" -mcpu=cortex-m3 -std=gnu11 -g3 -DDEBUG -DUSE_HAL_DRIVER -DSTM32F103xB -c -I../Core/Inc -I../Drivers/STM32F1xx_HAL_Driver/Inc/Legacy -I../Drivers/STM32F1xx_HAL_Driver/Inc -I../Drivers/CMSIS/Device/ST/STM32F1xx/Include -I../Drivers/CMSIS/Include -I../USB_DEVICE/App -I../USB_DEVICE/Target -I../Middlewares/ST/STM32_USB_Device_Library/Core/Inc -I../Middlewares/ST/STM32_USB_Device_Library/Class/CDC/Inc -O0 -ffunction-sections -fdata-sections -Wall -fstack-usage -fcyclomatic-complexity -MMD -MP -MF"Drivers/STM32F1xx_HAL_Driver/Src/stm32f1xx_hal_rtc.d" -MT"Drivers/STM32F1xx_HAL_Driver/Src/stm32f1xx_hal_rtc.o" --specs=nano.specs -mfloat-abi=soft -mthumb -o "Drivers/STM32F1xx_HAL_Driver/Src/stm32f1xx_hal_rtc.o"
arm-none-eabi-gcc "../Drivers/STM32F1xx_HAL_Driver/Src/stm32f1xx_hal_rtc_ex.c" -mcpu=cortex-m3 -std=gnu11 -g3 -DDEBUG -DUSE_HAL_DRIVER -DSTM32F103xB -c -I../Core/Inc -I../Drivers/STM32F1xx_HAL_Driver/Inc/Legacy -I../Drivers/STM32F1xx_HAL_Driver/Inc -I../Drivers/CMSIS/Device/ST/STM32F1xx/Include -I../Drivers/CMSIS/Include -I../USB_DEVICE/App -I../USB_DEVICE/Target -I../Middlewares/ST/STM32_USB_Device_Library/Core/Inc -I../Middlewares/ST/STM32_USB_Device_Library/Class/CDC/Inc -O0 -ffunction-sections -fdata-sections -Wall -fstack-usage -fcyclomatic-complexity -MMD -MP -MF"Drivers/STM32F1xx_HAL_Driver/Src/stm32f1xx_hal_rtc_ex.d" -MT"Drivers/STM32F1xx_HAL_Driver/Src/stm32f1xx_hal_rtc_ex.o" --specs=nano.specs -mfloat-abi=soft -mthumb -o "Drivers/STM32F1xx_HAL_Driver/Src/stm32f1xx_hal_rtc_ex.o"
arm-none-eabi-gcc "../Drivers/STM32F1xx_HAL_Driver/Src/stm32f1xx_hal_spi.c" -mcpu=cortex-m3 -std=gnu11 -g3 -DDEBUG -DUSE_HAL_DRIVER -DSTM32F103xB -c -I../Core/Inc -I../Drivers/STM32F1xx_HAL_Driver/Inc/Legacy -I../Drivers/STM32F1xx_HAL_Driver/Inc -I../Drivers/CMSIS/Device/ST/STM32F1xx/Include -I../Drivers/CMSIS/Include -I../USB_DEVICE/App -I../USB_DEVICE/Target -I../Middlewares/ST/STM32_USB_Device_Library/Core/Inc -I../Middlewares/ST/STM32_USB_Device_Library/Class/CDC/Inc -O0 -ffunction-sections -fdata-sections -Wall -fstack-usage -fcyclomatic-complexity -MMD -MP -MF"Drivers/STM32F1xx_HAL_Driver/Src/stm32f1xx_hal_spi.d" -MT"Drivers/STM32F1xx_HAL_Driver/Src/stm32f1xx_hal_spi.o" --specs=nano.specs -mfloat-abi=soft -mthumb -o "Drivers/STM32F1xx_HAL_Driver/Src/stm32f1xx_hal_spi.o"
arm-none-eabi-gcc "../Drivers/STM32F1xx_HAL_Driver/Src/stm32f1xx_ll_usb.c" -mcpu=cortex-m3 -std=gnu11 -g3 -DDEBUG -DUSE_HAL_DRIVER -DSTM32F103xB -c -I../Core/Inc -I../Drivers/STM32F1xx_HAL_Driver/Inc/Legacy -I../Drivers/STM32F1xx_HAL_Driver/Inc -I../Drivers/CMSIS/Device/ST/STM32F1xx/Include -I../Drivers/CMSIS/Include -I../USB_DEVICE/App -I../USB_DEVICE/Target -I../Middlewares/ST/STM32_USB_Device_Library/Core/Inc -I../Middlewares/ST/STM32_USB_Device_Library/Class/CDC/Inc -O0 -ffunction-sections -fdata-sections -Wall -fstack-usage -fcyclomatic-complexity -MMD -MP -MF"Drivers/STM32F1xx_HAL_Driver/Src/stm32f1xx_ll_usb.d" -MT"Drivers/STM32F1xx_HAL_Driver/Src/stm32f1xx_ll_usb.o" --specs=nano.specs -mfloat-abi=soft -mthumb -o "Drivers/STM32F1xx_HAL_Driver/Src/stm32f1xx_ll_usb.o"
arm-none-eabi-gcc -mcpu=cortex-m3 -g3 -DDEBUG -c -x assembler-with-cpp -MMD -MP -MF"Core/Startup/startup_stm32f103c8tx.d" -MT"Core/Startup/startup_stm32f103c8tx.o" --specs=nano.specs -mfloat-abi=soft -mthumb -o "Core/Startup/startup_stm32f103c8tx.o" "../Core/Startup/startup_stm32f103c8tx.s"
arm-none-eabi-gcc "../Core/Src/ad5328.c" -mcpu=cortex-m3 -std=gnu11 -g3 -DDEBUG -DUSE_HAL_DRIVER -DSTM32F103xB -c -I../Core/Inc -I../Drivers/STM32F1xx_HAL_Driver/Inc/Legacy -I../Drivers/STM32F1xx_HAL_Driver/Inc -I../Drivers/CMSIS/Device/ST/STM32F1xx/Include -I../Drivers/CMSIS/Include -I../USB_DEVICE/App -I../USB_DEVICE/Target -I../Middlewares/ST/STM32_USB_Device_Library/Core/Inc -I../Middlewares/ST/STM32_USB_Device_Library/Class/CDC/Inc -O0 -ffunction-sections -fdata-sections -Wall -fstack-usage -fcyclomatic-complexity -MMD -MP -MF"Core/Src/ad5328.d" -MT"Core/Src/ad5328.o" --specs=nano.specs -mfloat-abi=soft -mthumb -o "Core/Src/ad5328.o"
arm-none-eabi-gcc "../Core/Src/ads1115.c" -mcpu=cortex-m3 -std=gnu11 -g3 -DDEBUG -DUSE_HAL_DRIVER -DSTM32F103xB -c -I../Core/Inc -I../Drivers/STM32F1xx_HAL_Driver/Inc/Legacy -I../Drivers/STM32F1xx_HAL_Driver/Inc -I../Drivers/CMSIS/Device/ST/STM32F1xx/Include -I../Drivers/CMSIS/Include -I../USB_DEVICE/App -I../USB_DEVICE/Target -I../Middlewares/ST/STM32_USB_Device_Library/Core/Inc -I../Middlewares/ST/STM32_USB_Device_Library/Class/CDC/Inc -O0 -ffunction-sections -fdata-sections -Wall -fstack-usage -fcyclomatic-complexity -MMD -MP -MF"Core/Src/ads1115.d" -MT"Core/Src/ads1115.o" --specs=nano.specs -mfloat-abi=soft -mthumb -o "Core/Src/ads1115.o"
arm-none-eabi-gcc "../Core/Src/main.c" -mcpu=cortex-m3 -std=gnu11 -g3 -DDEBUG -DUSE_HAL_DRIVER -DSTM32F103xB -c -I../Core/Inc -I../Drivers/STM32F1xx_HAL_Driver/Inc/Legacy -I../Drivers/STM32F1xx_HAL_Driver/Inc -I../Drivers/CMSIS/Device/ST/STM32F1xx/Include -I../Drivers/CMSIS/Include -I../USB_DEVICE/App -I../USB_DEVICE/Target -I../Middlewares/ST/STM32_USB_Device_Library/Core/Inc -I../Middlewares/ST/STM32_USB_Device_Library/Class/CDC/Inc -O0 -ffunction-sections -fdata-sections -Wall -fstack-usage -fcyclomatic-complexity -MMD -MP -MF"Core/Src/main.d" -MT"Core/Src/main.o" --specs=nano.specs -mfloat-abi=soft -mthumb -o "Core/Src/main.o"
arm-none-eabi-gcc "../Core/Src/stm32f1xx_hal_msp.c" -mcpu=cortex-m3 -std=gnu11 -g3 -DDEBUG -DUSE_HAL_DRIVER -DSTM32F103xB -c -I../Core/Inc -I../Drivers/STM32F1xx_HAL_Driver/Inc/Legacy -I../Drivers/STM32F1xx_HAL_Driver/Inc -I../Drivers/CMSIS/Device/ST/STM32F1xx/Include -I../Drivers/CMSIS/Include -I../USB_DEVICE/App -I../USB_DEVICE/Target -I../Middlewares/ST/STM32_USB_Device_Library/Core/Inc -I../Middlewares/ST/STM32_USB_Device_Library/Class/CDC/Inc -O0 -ffunction-sections -fdata-sections -Wall -fstack-usage -fcyclomatic-complexity -MMD -MP -MF"Core/Src/stm32f1xx_hal_msp.d" -MT"Core/Src/stm32f1xx_hal_msp.o" --specs=nano.specs -mfloat-abi=soft -mthumb -o "Core/Src/stm32f1xx_hal_msp.o"
arm-none-eabi-gcc "../Core/Src/stm32f1xx_hal_tim.c" -mcpu=cortex-m3 -std=gnu11 -g3 -DDEBUG -DUSE_HAL_DRIVER -DSTM32F103xB -c -I../Core/Inc -I../Drivers/STM32F1xx_HAL_Driver/Inc/Legacy -I../Drivers/STM32F1xx_HAL_Driver/Inc -I../Drivers/CMSIS/Device/ST/STM32F1xx/Include -I../Drivers/CMSIS/Include -I../USB_DEVICE/App -I../USB_DEVICE/Target -I../Middlewares/ST/STM32_USB_Device_Library/Core/Inc -I../Middlewares/ST/STM32_USB_Device_Library/Class/CDC/Inc -O0 -ffunction-sections -fdata-sections -Wall -fstack-usage -fcyclomatic-complexity -MMD -MP -MF"Core/Src/stm32f1xx_hal_tim.d" -MT"Core/Src/stm32f1xx_hal_tim.o" --specs=nano.specs -mfloat-abi=soft -mthumb -o "Core/Src/stm32f1xx_hal_tim.o"
arm-none-eabi-gcc "../Core/Src/stm32f1xx_hal_tim_ex.c" -mcpu=cortex-m3 -std=gnu11 -g3 -DDEBUG -DUSE_HAL_DRIVER -DSTM32F103xB -c -I../Core/Inc -I../Drivers/STM32F1xx_HAL_Driver/Inc/Legacy -I../Drivers/STM32F1xx_HAL_Driver/Inc -I../Drivers/CMSIS/Device/ST/STM32F1xx/Include -I../Drivers/CMSIS/Include -I../USB_DEVICE/App -I../USB_DEVICE/Target -I../Middlewares/ST/STM32_USB_Device_Library/Core/Inc -I../Middlewares/ST/STM32_USB_Device_Library/Class/CDC/Inc -O0 -ffunction-sections -fdata-sections -Wall -fstack-usage -fcyclomatic-complexity -MMD -MP -MF"Core/Src/stm32f1xx_hal_tim_ex.d" -MT"Core/Src/stm32f1xx_hal_tim_ex.o" --specs=nano.specs -mfloat-abi=soft -mthumb -o "Core/Src/stm32f1xx_hal_tim_ex.o"
arm-none-eabi-gcc "../Core/Src/stm32f1xx_it.c" -mcpu=cortex-m3 -std=gnu11 -g3 -DDEBUG -DUSE_HAL_DRIVER -DSTM32F103xB -c -I../Core/Inc -I../Drivers/STM32F1xx_HAL_Driver/Inc/Legacy -I../Drivers/STM32F1xx_HAL_Driver/Inc -I../Drivers/CMSIS/Device/ST/STM32F1xx/Include -I../Drivers/CMSIS/Include -I../USB_DEVICE/App -I../USB_DEVICE/Target -I../Middlewares/ST/STM32_USB_Device_Library/Core/Inc -I../Middlewares/ST/STM32_USB_Device_Library/Class/CDC/Inc -O0 -ffunction-sections -fdata-sections -Wall -fstack-usage -fcyclomatic-complexity -MMD -MP -MF"Core/Src/stm32f1xx_it.d" -MT"Core/Src/stm32f1xx_it.o" --specs=nano.specs -mfloat-abi=soft -mthumb -o "Core/Src/stm32f1xx_it.o"
arm-none-eabi-gcc "../Core/Src/syscalls.c" -mcpu=cortex-m3 -std=gnu11 -g3 -DDEBUG -DUSE_HAL_DRIVER -DSTM32F103xB -c -I../Core/Inc -I../Drivers/STM32F1xx_HAL_Driver/Inc/Legacy -I../Drivers/STM32F1xx_HAL_Driver/Inc -I../Drivers/CMSIS/Device/ST/STM32F1xx/Include -I../Drivers/CMSIS/Include -I../USB_DEVICE/App -I../USB_DEVICE/Target -I../Middlewares/ST/STM32_USB_Device_Library/Core/Inc -I../Middlewares/ST/STM32_USB_Device_Library/Class/CDC/Inc -O0 -ffunction-sections -fdata-sections -Wall -fstack-usage -fcyclomatic-complexity -MMD -MP -MF"Core/Src/syscalls.d" -MT"Core/Src/syscalls.o" --specs=nano.specs -mfloat-abi=soft -mthumb -o "Core/Src/syscalls.o"
arm-none-eabi-gcc "../Core/Src/sysmem.c" -mcpu=cortex-m3 -std=gnu11 -g3 -DDEBUG -DUSE_HAL_DRIVER -DSTM32F103xB -c -I../Core/Inc -I../Drivers/STM32F1xx_HAL_Driver/Inc/Legacy -I../Drivers/STM32F1xx_HAL_Driver/Inc -I../Drivers/CMSIS/Device/ST/STM32F1xx/Include -I../Drivers/CMSIS/Include -I../USB_DEVICE/App -I../USB_DEVICE/Target -I../Middlewares/ST/STM32_USB_Device_Library/Core/Inc -I../Middlewares/ST/STM32_USB_Device_Library/Class/CDC/Inc -O0 -ffunction-sections -fdata-sections -Wall -fstack-usage -fcyclomatic-complexity -MMD -MP -MF"Core/Src/sysmem.d" -MT"Core/Src/sysmem.o" --specs=nano.specs -mfloat-abi=soft -mthumb -o "Core/Src/sysmem.o"
arm-none-eabi-gcc "../Core/Src/system_stm32f1xx.c" -mcpu=cortex-m3 -std=gnu11 -g3 -DDEBUG -DUSE_HAL_DRIVER -DSTM32F103xB -c -I../Core/Inc -I../Drivers/STM32F1xx_HAL_Driver/Inc/Legacy -I../Drivers/STM32F1xx_HAL_Driver/Inc -I../Drivers/CMSIS/Device/ST/STM32F1xx/Include -I../Drivers/CMSIS/Include -I../USB_DEVICE/App -I../USB_DEVICE/Target -I../Middlewares/ST/STM32_USB_Device_Library/Core/Inc -I../Middlewares/ST/STM32_USB_Device_Library/Class/CDC/Inc -O0 -ffunction-sections -fdata-sections -Wall -fstack-usage -fcyclomatic-complexity -MMD -MP -MF"Core/Src/system_stm32f1xx.d" -MT"Core/Src/system_stm32f1xx.o" --specs=nano.specs -mfloat-abi=soft -mthumb -o "Core/Src/system_stm32f1xx.o"
arm-none-eabi-gcc -o "Motherboard.elf" @"objects.list"   -mcpu=cortex-m3 -T"C:\STM32\SausageMixer\Motherboard\STM32F103C8TX_FLASH.ld" --specs=nosys.specs -Wl,-Map="Motherboard.map" -Wl,--gc-sections -static --specs=nano.specs -mfloat-abi=soft -mthumb -Wl,--start-group -lc -lm -Wl,--end-group
Finished building target: Motherboard.elf
 
arm-none-eabi-size  Motherboard.elf 
arm-none-eabi-objdump -h -S Motherboard.elf  > "Motherboard.list"
   text	   data	    bss	    dec	    hex	filename
  47060	    380	   6468	  53908	   d294	Motherboard.elf
Finished building: default.size.stdout
 
Finished building: Motherboard.list
 
12:22:43 **** Incremental Build of configuration Debug for project Motherboard ****
make -j12 all 
arm-none-eabi-gcc "../Core/Src/main.c" -mcpu=cortex-m3 -std=gnu11 -g3 -DDEBUG -DUSE_HAL_DRIVER -DSTM32F103xB -c -I../Core/Inc -I../Drivers/STM32F1xx_HAL_Driver/Inc/Legacy -I../Drivers/STM32F1xx_HAL_Driver/Inc -I../Drivers/CMSIS/Device/ST/STM32F1xx/Include -I../Drivers/CMSIS/Include -I../USB_DEVICE/App -I../USB_DEVICE/Target -I../Middlewares/ST/STM32_USB_Device_Library/Core/Inc -I../Middlewares/ST/STM32_USB_Device_Library/Class/CDC/Inc -O0 -ffunction-sections -fdata-sections -Wall -fstack-usage -fcyclomatic-complexity -MMD -MP -MF"Core/Src/main.d" -MT"Core/Src/main.o" --specs=nano.specs -mfloat-abi=soft -mthumb -o "Core/Src/main.o"
arm-none-eabi-gcc -o "Motherboard.elf" @"objects.list"   -mcpu=cortex-m3 -T"C:\STM32\SausageMixer\Motherboard\STM32F103C8TX_FLASH.ld" --specs=nosys.specs -Wl,-Map="Motherboard.map" -Wl,--gc-sections -static --specs=nano.specs -mfloat-abi=soft -mthumb -Wl,--start-group -lc -lm -Wl,--end-group
Finished building target: Motherboard.elf
 
arm-none-eabi-size  Motherboard.elf 
arm-none-eabi-objdump -h -S Motherboard.elf  > "Motherboard.list"
   text	   data	    bss	    dec	    hex	filename
  47024	    380	   6468	  53872	   d270	Motherboard.elf
Finished building: default.size.stdout
 
Finished building: Motherboard.list
 
12:23:06 **** Incremental Build of configuration Debug for project Motherboard ****
make -j12 all 
arm-none-eabi-size  Motherboard.elf 
   text	   data	    bss	    dec	    hex	filename
  47024	    380	   6468	  53872	   d270	Motherboard.elf
Finished building: default.size.stdout
 
12:24:22 **** Incremental Build of configuration Debug for project Motherboard ****
make -j12 all 
arm-none-eabi-size  Motherboard.elf 
   text	   data	    bss	    dec	    hex	filename
  47024	    380	   6468	  53872	   d270	Motherboard.elf
Finished building: default.size.stdout
 
12:26:35 **** Incremental Build of configuration Debug for project Motherboard ****
make -j12 all 
arm-none-eabi-gcc "../Core/Src/main.c" -mcpu=cortex-m3 -std=gnu11 -g3 -DDEBUG -DUSE_HAL_DRIVER -DSTM32F103xB -c -I../Core/Inc -I../Drivers/STM32F1xx_HAL_Driver/Inc/Legacy -I../Drivers/STM32F1xx_HAL_Driver/Inc -I../Drivers/CMSIS/Device/ST/STM32F1xx/Include -I../Drivers/CMSIS/Include -I../USB_DEVICE/App -I../USB_DEVICE/Target -I../Middlewares/ST/STM32_USB_Device_Library/Core/Inc -I../Middlewares/ST/STM32_USB_Device_Library/Class/CDC/Inc -O0 -ffunction-sections -fdata-sections -Wall -fstack-usage -fcyclomatic-complexity -MMD -MP -MF"Core/Src/main.d" -MT"Core/Src/main.o" --specs=nano.specs -mfloat-abi=soft -mthumb -o "Core/Src/main.o"
arm-none-eabi-gcc -o "Motherboard.elf" @"objects.list"   -mcpu=cortex-m3 -T"C:\STM32\SausageMixer\Motherboard\STM32F103C8TX_FLASH.ld" --specs=nosys.specs -Wl,-Map="Motherboard.map" -Wl,--gc-sections -static --specs=nano.specs -mfloat-abi=soft -mthumb -Wl,--start-group -lc -lm -Wl,--end-group
Finished building target: Motherboard.elf
 
arm-none-eabi-size  Motherboard.elf 
arm-none-eabi-objdump -h -S Motherboard.elf  > "Motherboard.list"
   text	   data	    bss	    dec	    hex	filename
  47024	    380	   6468	  53872	   d270	Motherboard.elf
Finished building: default.size.stdout
 
Finished building: Motherboard.list
 
12:36:08 **** Incremental Build of configuration Debug for project Motherboard ****
make -j12 all 
arm-none-eabi-size  Motherboard.elf 
   text	   data	    bss	    dec	    hex	filename
  47024	    380	   6468	  53872	   d270	Motherboard.elf
Finished building: default.size.stdout
 
12:46:59 **** Incremental Build of configuration Debug for project Motherboard ****
make -j12 all 
arm-none-eabi-gcc "../Core/Src/main.c" -mcpu=cortex-m3 -std=gnu11 -g3 -DDEBUG -DUSE_HAL_DRIVER -DSTM32F103xB -c -I../Core/Inc -I../Drivers/STM32F1xx_HAL_Driver/Inc/Legacy -I../Drivers/STM32F1xx_HAL_Driver/Inc -I../Drivers/CMSIS/Device/ST/STM32F1xx/Include -I../Drivers/CMSIS/Include -I../USB_DEVICE/App -I../USB_DEVICE/Target -I../Middlewares/ST/STM32_USB_Device_Library/Core/Inc -I../Middlewares/ST/STM32_USB_Device_Library/Class/CDC/Inc -O0 -ffunction-sections -fdata-sections -Wall -fstack-usage -fcyclomatic-complexity -MMD -MP -MF"Core/Src/main.d" -MT"Core/Src/main.o" --specs=nano.specs -mfloat-abi=soft -mthumb -o "Core/Src/main.o"
../Core/Src/main.c: In function 'HAL_SPI_RxCpltCallback':
../Core/Src/main.c:158:1: error: stray '`' in program
  158 | `        spi_last_cmd = rx_cmd;
      | ^
../Core/Src/main.c: In function 'carriage_move_frw':
../Core/Src/main.c:485:35: error: 'AD5328_CHANNEL_C' undeclared (first use in this function); did you mean 'AD5328_Channel'?
  485 |         AD5328_WriteVoltage(&dac, AD5328_CHANNEL_C, 0.5f);
      |                                   ^~~~~~~~~~~~~~~~
      |                                   AD5328_Channel
../Core/Src/main.c:485:35: note: each undeclared identifier is reported only once for each function it appears in
../Core/Src/main.c:486:27: error: 'SRV_SON_CTRL_GPIO_Port' undeclared (first use in this function); did you mean 'SRV_ON_CTRL_GPIO_Port'?
  486 |         HAL_GPIO_WritePin(SRV_SON_CTRL_GPIO_Port, SRV_SON_CTRL_Pin, GPIO_PIN_SET);
      |                           ^~~~~~~~~~~~~~~~~~~~~~
      |                           SRV_ON_CTRL_GPIO_Port
../Core/Src/main.c:486:51: error: 'SRV_SON_CTRL_Pin' undeclared (first use in this function); did you mean 'SRV_ON_CTRL_Pin'?
  486 |         HAL_GPIO_WritePin(SRV_SON_CTRL_GPIO_Port, SRV_SON_CTRL_Pin, GPIO_PIN_SET);
      |                                                   ^~~~~~~~~~~~~~~~
      |                                                   SRV_ON_CTRL_Pin
../Core/Src/main.c: In function 'carriage_move_rev':
../Core/Src/main.c:491:35: error: 'AD5328_CHANNEL_C' undeclared (first use in this function); did you mean 'AD5328_Channel'?
  491 |         AD5328_WriteVoltage(&dac, AD5328_CHANNEL_C, 0.0f);
      |                                   ^~~~~~~~~~~~~~~~
      |                                   AD5328_Channel
../Core/Src/main.c:492:27: error: 'SRV_SON_CTRL_GPIO_Port' undeclared (first use in this function); did you mean 'SRV_ON_CTRL_GPIO_Port'?
  492 |         HAL_GPIO_WritePin(SRV_SON_CTRL_GPIO_Port, SRV_SON_CTRL_Pin, GPIO_PIN_SET);
      |                           ^~~~~~~~~~~~~~~~~~~~~~
      |                           SRV_ON_CTRL_GPIO_Port
../Core/Src/main.c:492:51: error: 'SRV_SON_CTRL_Pin' undeclared (first use in this function); did you mean 'SRV_ON_CTRL_Pin'?
  492 |         HAL_GPIO_WritePin(SRV_SON_CTRL_GPIO_Port, SRV_SON_CTRL_Pin, GPIO_PIN_SET);
      |                                                   ^~~~~~~~~~~~~~~~
      |                                                   SRV_ON_CTRL_Pin
../Core/Src/main.c: In function 'carriage_stop':
../Core/Src/main.c:497:35: error: 'AD5328_CHANNEL_C' undeclared (first use in this function); did you mean 'AD5328_Channel'?
  497 |         AD5328_WriteVoltage(&dac, AD5328_CHANNEL_C, 0.38f);
      |                                   ^~~~~~~~~~~~~~~~
      |                                   AD5328_Channel
../Core/Src/main.c:498:27: error: 'SRV_SON_CTRL_GPIO_Port' undeclared (first use in this function); did you mean 'SRV_ON_CTRL_GPIO_Port'?
  498 |         HAL_GPIO_WritePin(SRV_SON_CTRL_GPIO_Port, SRV_SON_CTRL_Pin, GPIO_PIN_RESET);
      |                           ^~~~~~~~~~~~~~~~~~~~~~
      |                           SRV_ON_CTRL_GPIO_Port
../Core/Src/main.c:498:51: error: 'SRV_SON_CTRL_Pin' undeclared (first use in this function); did you mean 'SRV_ON_CTRL_Pin'?
  498 |         HAL_GPIO_WritePin(SRV_SON_CTRL_GPIO_Port, SRV_SON_CTRL_Pin, GPIO_PIN_RESET);
      |                                                   ^~~~~~~~~~~~~~~~
      |                                                   SRV_ON_CTRL_Pin
make: *** [Core/Src/subdir.mk:46: Core/Src/main.o] Error 1
"make -j12 all" terminated with exit code 2. Build might be incomplete.
12:47:53 **** Incremental Build of configuration Debug for project Motherboard ****
make -j12 all 
arm-none-eabi-gcc "../Core/Src/main.c" -mcpu=cortex-m3 -std=gnu11 -g3 -DDEBUG -DUSE_HAL_DRIVER -DSTM32F103xB -c -I../Core/Inc -I../Drivers/STM32F1xx_HAL_Driver/Inc/Legacy -I../Drivers/STM32F1xx_HAL_Driver/Inc -I../Drivers/CMSIS/Device/ST/STM32F1xx/Include -I../Drivers/CMSIS/Include -I../USB_DEVICE/App -I../USB_DEVICE/Target -I../Middlewares/ST/STM32_USB_Device_Library/Core/Inc -I../Middlewares/ST/STM32_USB_Device_Library/Class/CDC/Inc -O0 -ffunction-sections -fdata-sections -Wall -fstack-usage -fcyclomatic-complexity -MMD -MP -MF"Core/Src/main.d" -MT"Core/Src/main.o" --specs=nano.specs -mfloat-abi=soft -mthumb -o "Core/Src/main.o"
../Core/Src/main.c: In function 'HAL_SPI_RxCpltCallback':
../Core/Src/main.c:158:1: error: stray '`' in program
  158 | `        spi_last_cmd = rx_cmd;
      | ^
../Core/Src/main.c: In function 'carriage_move_frw':
../Core/Src/main.c:485:35: error: 'AD5328_CHANNEL_C' undeclared (first use in this function); did you mean 'AD5328_Channel'?
  485 |         AD5328_WriteVoltage(&dac, AD5328_CHANNEL_C, 0.5f);
      |                                   ^~~~~~~~~~~~~~~~
      |                                   AD5328_Channel
../Core/Src/main.c:485:35: note: each undeclared identifier is reported only once for each function it appears in
../Core/Src/main.c:486:27: error: 'SRV_SON_CTRL_GPIO_Port' undeclared (first use in this function); did you mean 'SRV_ON_CTRL_GPIO_Port'?
  486 |         HAL_GPIO_WritePin(SRV_SON_CTRL_GPIO_Port, SRV_SON_CTRL_Pin, GPIO_PIN_SET);
      |                           ^~~~~~~~~~~~~~~~~~~~~~
      |                           SRV_ON_CTRL_GPIO_Port
../Core/Src/main.c:486:51: error: 'SRV_SON_CTRL_Pin' undeclared (first use in this function); did you mean 'SRV_ON_CTRL_Pin'?
  486 |         HAL_GPIO_WritePin(SRV_SON_CTRL_GPIO_Port, SRV_SON_CTRL_Pin, GPIO_PIN_SET);
      |                                                   ^~~~~~~~~~~~~~~~
      |                                                   SRV_ON_CTRL_Pin
../Core/Src/main.c: In function 'carriage_move_rev':
../Core/Src/main.c:491:35: error: 'AD5328_CHANNEL_C' undeclared (first use in this function); did you mean 'AD5328_Channel'?
  491 |         AD5328_WriteVoltage(&dac, AD5328_CHANNEL_C, 0.0f);
      |                                   ^~~~~~~~~~~~~~~~
      |                                   AD5328_Channel
../Core/Src/main.c:492:50: error: 'SRV_SON_CTRL_Pin' undeclared (first use in this function); did you mean 'SRV_ON_CTRL_Pin'?
  492 |         HAL_GPIO_WritePin(SRV_ON_CTRL_GPIO_Port, SRV_SON_CTRL_Pin, GPIO_PIN_SET);
      |                                                  ^~~~~~~~~~~~~~~~
      |                                                  SRV_ON_CTRL_Pin
../Core/Src/main.c: In function 'carriage_stop':
../Core/Src/main.c:497:35: error: 'AD5328_CHANNEL_C' undeclared (first use in this function); did you mean 'AD5328_Channel'?
  497 |         AD5328_WriteVoltage(&dac, AD5328_CHANNEL_C, 0.38f);
      |                                   ^~~~~~~~~~~~~~~~
      |                                   AD5328_Channel
../Core/Src/main.c:498:50: error: 'SRV_SON_CTRL_Pin' undeclared (first use in this function); did you mean 'SRV_ON_CTRL_Pin'?
  498 |         HAL_GPIO_WritePin(SRV_ON_CTRL_GPIO_Port, SRV_SON_CTRL_Pin, GPIO_PIN_RESET);
      |                                                  ^~~~~~~~~~~~~~~~
      |                                                  SRV_ON_CTRL_Pin
make: *** [Core/Src/subdir.mk:46: Core/Src/main.o] Error 1
"make -j12 all" terminated with exit code 2. Build might be incomplete.
12:48:04 **** Incremental Build of configuration Debug for project Keyboard ****
make -j12 all 
arm-none-eabi-gcc "../Drivers/STM32F0xx_HAL_Driver/Src/stm32f0xx_hal.c" -mcpu=cortex-m0 -std=gnu11 -g3 -DDEBUG -DUSE_HAL_DRIVER -DSTM32F030x8 -c -I../Core/Inc -I../Drivers/STM32F0xx_HAL_Driver/Inc -I../Drivers/STM32F0xx_HAL_Driver/Inc/Legacy -I../Drivers/CMSIS/Device/ST/STM32F0xx/Include -I../Drivers/CMSIS/Include -O0 -ffunction-sections -fdata-sections -Wall -fstack-usage -fcyclomatic-complexity -MMD -MP -MF"Drivers/STM32F0xx_HAL_Driver/Src/stm32f0xx_hal.d" -MT"Drivers/STM32F0xx_HAL_Driver/Src/stm32f0xx_hal.o" --specs=nano.specs -mfloat-abi=soft -mthumb -o "Drivers/STM32F0xx_HAL_Driver/Src/stm32f0xx_hal.o"
arm-none-eabi-gcc "../Drivers/STM32F0xx_HAL_Driver/Src/stm32f0xx_hal_cortex.c" -mcpu=cortex-m0 -std=gnu11 -g3 -DDEBUG -DUSE_HAL_DRIVER -DSTM32F030x8 -c -I../Core/Inc -I../Drivers/STM32F0xx_HAL_Driver/Inc -I../Drivers/STM32F0xx_HAL_Driver/Inc/Legacy -I../Drivers/CMSIS/Device/ST/STM32F0xx/Include -I../Drivers/CMSIS/Include -O0 -ffunction-sections -fdata-sections -Wall -fstack-usage -fcyclomatic-complexity -MMD -MP -MF"Drivers/STM32F0xx_HAL_Driver/Src/stm32f0xx_hal_cortex.d" -MT"Drivers/STM32F0xx_HAL_Driver/Src/stm32f0xx_hal_cortex.o" --specs=nano.specs -mfloat-abi=soft -mthumb -o "Drivers/STM32F0xx_HAL_Driver/Src/stm32f0xx_hal_cortex.o"
arm-none-eabi-gcc "../Drivers/STM32F0xx_HAL_Driver/Src/stm32f0xx_hal_dma.c" -mcpu=cortex-m0 -std=gnu11 -g3 -DDEBUG -DUSE_HAL_DRIVER -DSTM32F030x8 -c -I../Core/Inc -I../Drivers/STM32F0xx_HAL_Driver/Inc -I../Drivers/STM32F0xx_HAL_Driver/Inc/Legacy -I../Drivers/CMSIS/Device/ST/STM32F0xx/Include -I../Drivers/CMSIS/Include -O0 -ffunction-sections -fdata-sections -Wall -fstack-usage -fcyclomatic-complexity -MMD -MP -MF"Drivers/STM32F0xx_HAL_Driver/Src/stm32f0xx_hal_dma.d" -MT"Drivers/STM32F0xx_HAL_Driver/Src/stm32f0xx_hal_dma.o" --specs=nano.specs -mfloat-abi=soft -mthumb -o "Drivers/STM32F0xx_HAL_Driver/Src/stm32f0xx_hal_dma.o"
arm-none-eabi-gcc "../Drivers/STM32F0xx_HAL_Driver/Src/stm32f0xx_hal_exti.c" -mcpu=cortex-m0 -std=gnu11 -g3 -DDEBUG -DUSE_HAL_DRIVER -DSTM32F030x8 -c -I../Core/Inc -I../Drivers/STM32F0xx_HAL_Driver/Inc -I../Drivers/STM32F0xx_HAL_Driver/Inc/Legacy -I../Drivers/CMSIS/Device/ST/STM32F0xx/Include -I../Drivers/CMSIS/Include -O0 -ffunction-sections -fdata-sections -Wall -fstack-usage -fcyclomatic-complexity -MMD -MP -MF"Drivers/STM32F0xx_HAL_Driver/Src/stm32f0xx_hal_exti.d" -MT"Drivers/STM32F0xx_HAL_Driver/Src/stm32f0xx_hal_exti.o" --specs=nano.specs -mfloat-abi=soft -mthumb -o "Drivers/STM32F0xx_HAL_Driver/Src/stm32f0xx_hal_exti.o"
arm-none-eabi-gcc "../Drivers/STM32F0xx_HAL_Driver/Src/stm32f0xx_hal_flash.c" -mcpu=cortex-m0 -std=gnu11 -g3 -DDEBUG -DUSE_HAL_DRIVER -DSTM32F030x8 -c -I../Core/Inc -I../Drivers/STM32F0xx_HAL_Driver/Inc -I../Drivers/STM32F0xx_HAL_Driver/Inc/Legacy -I../Drivers/CMSIS/Device/ST/STM32F0xx/Include -I../Drivers/CMSIS/Include -O0 -ffunction-sections -fdata-sections -Wall -fstack-usage -fcyclomatic-complexity -MMD -MP -MF"Drivers/STM32F0xx_HAL_Driver/Src/stm32f0xx_hal_flash.d" -MT"Drivers/STM32F0xx_HAL_Driver/Src/stm32f0xx_hal_flash.o" --specs=nano.specs -mfloat-abi=soft -mthumb -o "Drivers/STM32F0xx_HAL_Driver/Src/stm32f0xx_hal_flash.o"
arm-none-eabi-gcc "../Drivers/STM32F0xx_HAL_Driver/Src/stm32f0xx_hal_flash_ex.c" -mcpu=cortex-m0 -std=gnu11 -g3 -DDEBUG -DUSE_HAL_DRIVER -DSTM32F030x8 -c -I../Core/Inc -I../Drivers/STM32F0xx_HAL_Driver/Inc -I../Drivers/STM32F0xx_HAL_Driver/Inc/Legacy -I../Drivers/CMSIS/Device/ST/STM32F0xx/Include -I../Drivers/CMSIS/Include -O0 -ffunction-sections -fdata-sections -Wall -fstack-usage -fcyclomatic-complexity -MMD -MP -MF"Drivers/STM32F0xx_HAL_Driver/Src/stm32f0xx_hal_flash_ex.d" -MT"Drivers/STM32F0xx_HAL_Driver/Src/stm32f0xx_hal_flash_ex.o" --specs=nano.specs -mfloat-abi=soft -mthumb -o "Drivers/STM32F0xx_HAL_Driver/Src/stm32f0xx_hal_flash_ex.o"
arm-none-eabi-gcc "../Drivers/STM32F0xx_HAL_Driver/Src/stm32f0xx_hal_gpio.c" -mcpu=cortex-m0 -std=gnu11 -g3 -DDEBUG -DUSE_HAL_DRIVER -DSTM32F030x8 -c -I../Core/Inc -I../Drivers/STM32F0xx_HAL_Driver/Inc -I../Drivers/STM32F0xx_HAL_Driver/Inc/Legacy -I../Drivers/CMSIS/Device/ST/STM32F0xx/Include -I../Drivers/CMSIS/Include -O0 -ffunction-sections -fdata-sections -Wall -fstack-usage -fcyclomatic-complexity -MMD -MP -MF"Drivers/STM32F0xx_HAL_Driver/Src/stm32f0xx_hal_gpio.d" -MT"Drivers/STM32F0xx_HAL_Driver/Src/stm32f0xx_hal_gpio.o" --specs=nano.specs -mfloat-abi=soft -mthumb -o "Drivers/STM32F0xx_HAL_Driver/Src/stm32f0xx_hal_gpio.o"
arm-none-eabi-gcc "../Drivers/STM32F0xx_HAL_Driver/Src/stm32f0xx_hal_i2c.c" -mcpu=cortex-m0 -std=gnu11 -g3 -DDEBUG -DUSE_HAL_DRIVER -DSTM32F030x8 -c -I../Core/Inc -I../Drivers/STM32F0xx_HAL_Driver/Inc -I../Drivers/STM32F0xx_HAL_Driver/Inc/Legacy -I../Drivers/CMSIS/Device/ST/STM32F0xx/Include -I../Drivers/CMSIS/Include -O0 -ffunction-sections -fdata-sections -Wall -fstack-usage -fcyclomatic-complexity -MMD -MP -MF"Drivers/STM32F0xx_HAL_Driver/Src/stm32f0xx_hal_i2c.d" -MT"Drivers/STM32F0xx_HAL_Driver/Src/stm32f0xx_hal_i2c.o" --specs=nano.specs -mfloat-abi=soft -mthumb -o "Drivers/STM32F0xx_HAL_Driver/Src/stm32f0xx_hal_i2c.o"
arm-none-eabi-gcc "../Drivers/STM32F0xx_HAL_Driver/Src/stm32f0xx_hal_i2c_ex.c" -mcpu=cortex-m0 -std=gnu11 -g3 -DDEBUG -DUSE_HAL_DRIVER -DSTM32F030x8 -c -I../Core/Inc -I../Drivers/STM32F0xx_HAL_Driver/Inc -I../Drivers/STM32F0xx_HAL_Driver/Inc/Legacy -I../Drivers/CMSIS/Device/ST/STM32F0xx/Include -I../Drivers/CMSIS/Include -O0 -ffunction-sections -fdata-sections -Wall -fstack-usage -fcyclomatic-complexity -MMD -MP -MF"Drivers/STM32F0xx_HAL_Driver/Src/stm32f0xx_hal_i2c_ex.d" -MT"Drivers/STM32F0xx_HAL_Driver/Src/stm32f0xx_hal_i2c_ex.o" --specs=nano.specs -mfloat-abi=soft -mthumb -o "Drivers/STM32F0xx_HAL_Driver/Src/stm32f0xx_hal_i2c_ex.o"
arm-none-eabi-gcc "../Drivers/STM32F0xx_HAL_Driver/Src/stm32f0xx_hal_pwr.c" -mcpu=cortex-m0 -std=gnu11 -g3 -DDEBUG -DUSE_HAL_DRIVER -DSTM32F030x8 -c -I../Core/Inc -I../Drivers/STM32F0xx_HAL_Driver/Inc -I../Drivers/STM32F0xx_HAL_Driver/Inc/Legacy -I../Drivers/CMSIS/Device/ST/STM32F0xx/Include -I../Drivers/CMSIS/Include -O0 -ffunction-sections -fdata-sections -Wall -fstack-usage -fcyclomatic-complexity -MMD -MP -MF"Drivers/STM32F0xx_HAL_Driver/Src/stm32f0xx_hal_pwr.d" -MT"Drivers/STM32F0xx_HAL_Driver/Src/stm32f0xx_hal_pwr.o" --specs=nano.specs -mfloat-abi=soft -mthumb -o "Drivers/STM32F0xx_HAL_Driver/Src/stm32f0xx_hal_pwr.o"
arm-none-eabi-gcc "../Drivers/STM32F0xx_HAL_Driver/Src/stm32f0xx_hal_pwr_ex.c" -mcpu=cortex-m0 -std=gnu11 -g3 -DDEBUG -DUSE_HAL_DRIVER -DSTM32F030x8 -c -I../Core/Inc -I../Drivers/STM32F0xx_HAL_Driver/Inc -I../Drivers/STM32F0xx_HAL_Driver/Inc/Legacy -I../Drivers/CMSIS/Device/ST/STM32F0xx/Include -I../Drivers/CMSIS/Include -O0 -ffunction-sections -fdata-sections -Wall -fstack-usage -fcyclomatic-complexity -MMD -MP -MF"Drivers/STM32F0xx_HAL_Driver/Src/stm32f0xx_hal_pwr_ex.d" -MT"Drivers/STM32F0xx_HAL_Driver/Src/stm32f0xx_hal_pwr_ex.o" --specs=nano.specs -mfloat-abi=soft -mthumb -o "Drivers/STM32F0xx_HAL_Driver/Src/stm32f0xx_hal_pwr_ex.o"
arm-none-eabi-gcc "../Drivers/STM32F0xx_HAL_Driver/Src/stm32f0xx_hal_rcc.c" -mcpu=cortex-m0 -std=gnu11 -g3 -DDEBUG -DUSE_HAL_DRIVER -DSTM32F030x8 -c -I../Core/Inc -I../Drivers/STM32F0xx_HAL_Driver/Inc -I../Drivers/STM32F0xx_HAL_Driver/Inc/Legacy -I../Drivers/CMSIS/Device/ST/STM32F0xx/Include -I../Drivers/CMSIS/Include -O0 -ffunction-sections -fdata-sections -Wall -fstack-usage -fcyclomatic-complexity -MMD -MP -MF"Drivers/STM32F0xx_HAL_Driver/Src/stm32f0xx_hal_rcc.d" -MT"Drivers/STM32F0xx_HAL_Driver/Src/stm32f0xx_hal_rcc.o" --specs=nano.specs -mfloat-abi=soft -mthumb -o "Drivers/STM32F0xx_HAL_Driver/Src/stm32f0xx_hal_rcc.o"
arm-none-eabi-gcc "../Drivers/STM32F0xx_HAL_Driver/Src/stm32f0xx_hal_rcc_ex.c" -mcpu=cortex-m0 -std=gnu11 -g3 -DDEBUG -DUSE_HAL_DRIVER -DSTM32F030x8 -c -I../Core/Inc -I../Drivers/STM32F0xx_HAL_Driver/Inc -I../Drivers/STM32F0xx_HAL_Driver/Inc/Legacy -I../Drivers/CMSIS/Device/ST/STM32F0xx/Include -I../Drivers/CMSIS/Include -O0 -ffunction-sections -fdata-sections -Wall -fstack-usage -fcyclomatic-complexity -MMD -MP -MF"Drivers/STM32F0xx_HAL_Driver/Src/stm32f0xx_hal_rcc_ex.d" -MT"Drivers/STM32F0xx_HAL_Driver/Src/stm32f0xx_hal_rcc_ex.o" --specs=nano.specs -mfloat-abi=soft -mthumb -o "Drivers/STM32F0xx_HAL_Driver/Src/stm32f0xx_hal_rcc_ex.o"
arm-none-eabi-gcc "../Drivers/STM32F0xx_HAL_Driver/Src/stm32f0xx_hal_spi.c" -mcpu=cortex-m0 -std=gnu11 -g3 -DDEBUG -DUSE_HAL_DRIVER -DSTM32F030x8 -c -I../Core/Inc -I../Drivers/STM32F0xx_HAL_Driver/Inc -I../Drivers/STM32F0xx_HAL_Driver/Inc/Legacy -I../Drivers/CMSIS/Device/ST/STM32F0xx/Include -I../Drivers/CMSIS/Include -O0 -ffunction-sections -fdata-sections -Wall -fstack-usage -fcyclomatic-complexity -MMD -MP -MF"Drivers/STM32F0xx_HAL_Driver/Src/stm32f0xx_hal_spi.d" -MT"Drivers/STM32F0xx_HAL_Driver/Src/stm32f0xx_hal_spi.o" --specs=nano.specs -mfloat-abi=soft -mthumb -o "Drivers/STM32F0xx_HAL_Driver/Src/stm32f0xx_hal_spi.o"
arm-none-eabi-gcc "../Drivers/STM32F0xx_HAL_Driver/Src/stm32f0xx_hal_spi_ex.c" -mcpu=cortex-m0 -std=gnu11 -g3 -DDEBUG -DUSE_HAL_DRIVER -DSTM32F030x8 -c -I../Core/Inc -I../Drivers/STM32F0xx_HAL_Driver/Inc -I../Drivers/STM32F0xx_HAL_Driver/Inc/Legacy -I../Drivers/CMSIS/Device/ST/STM32F0xx/Include -I../Drivers/CMSIS/Include -O0 -ffunction-sections -fdata-sections -Wall -fstack-usage -fcyclomatic-complexity -MMD -MP -MF"Drivers/STM32F0xx_HAL_Driver/Src/stm32f0xx_hal_spi_ex.d" -MT"Drivers/STM32F0xx_HAL_Driver/Src/stm32f0xx_hal_spi_ex.o" --specs=nano.specs -mfloat-abi=soft -mthumb -o "Drivers/STM32F0xx_HAL_Driver/Src/stm32f0xx_hal_spi_ex.o"
arm-none-eabi-gcc -mcpu=cortex-m0 -g3 -DDEBUG -c -x assembler-with-cpp -MMD -MP -MF"Core/Startup/startup_stm32f030c8tx.d" -MT"Core/Startup/startup_stm32f030c8tx.o" --specs=nano.specs -mfloat-abi=soft -mthumb -o "Core/Startup/startup_stm32f030c8tx.o" "../Core/Startup/startup_stm32f030c8tx.s"
arm-none-eabi-gcc "../Core/Src/main.c" -mcpu=cortex-m0 -std=gnu11 -g3 -DDEBUG -DUSE_HAL_DRIVER -DSTM32F030x8 -c -I../Core/Inc -I../Drivers/STM32F0xx_HAL_Driver/Inc -I../Drivers/STM32F0xx_HAL_Driver/Inc/Legacy -I../Drivers/CMSIS/Device/ST/STM32F0xx/Include -I../Drivers/CMSIS/Include -O0 -ffunction-sections -fdata-sections -Wall -fstack-usage -fcyclomatic-complexity -MMD -MP -MF"Core/Src/main.d" -MT"Core/Src/main.o" --specs=nano.specs -mfloat-abi=soft -mthumb -o "Core/Src/main.o"
arm-none-eabi-gcc "../Core/Src/stm32f0xx_hal_msp.c" -mcpu=cortex-m0 -std=gnu11 -g3 -DDEBUG -DUSE_HAL_DRIVER -DSTM32F030x8 -c -I../Core/Inc -I../Drivers/STM32F0xx_HAL_Driver/Inc -I../Drivers/STM32F0xx_HAL_Driver/Inc/Legacy -I../Drivers/CMSIS/Device/ST/STM32F0xx/Include -I../Drivers/CMSIS/Include -O0 -ffunction-sections -fdata-sections -Wall -fstack-usage -fcyclomatic-complexity -MMD -MP -MF"Core/Src/stm32f0xx_hal_msp.d" -MT"Core/Src/stm32f0xx_hal_msp.o" --specs=nano.specs -mfloat-abi=soft -mthumb -o "Core/Src/stm32f0xx_hal_msp.o"
arm-none-eabi-gcc "../Core/Src/stm32f0xx_it.c" -mcpu=cortex-m0 -std=gnu11 -g3 -DDEBUG -DUSE_HAL_DRIVER -DSTM32F030x8 -c -I../Core/Inc -I../Drivers/STM32F0xx_HAL_Driver/Inc -I../Drivers/STM32F0xx_HAL_Driver/Inc/Legacy -I../Drivers/CMSIS/Device/ST/STM32F0xx/Include -I../Drivers/CMSIS/Include -O0 -ffunction-sections -fdata-sections -Wall -fstack-usage -fcyclomatic-complexity -MMD -MP -MF"Core/Src/stm32f0xx_it.d" -MT"Core/Src/stm32f0xx_it.o" --specs=nano.specs -mfloat-abi=soft -mthumb -o "Core/Src/stm32f0xx_it.o"
arm-none-eabi-gcc "../Core/Src/syscalls.c" -mcpu=cortex-m0 -std=gnu11 -g3 -DDEBUG -DUSE_HAL_DRIVER -DSTM32F030x8 -c -I../Core/Inc -I../Drivers/STM32F0xx_HAL_Driver/Inc -I../Drivers/STM32F0xx_HAL_Driver/Inc/Legacy -I../Drivers/CMSIS/Device/ST/STM32F0xx/Include -I../Drivers/CMSIS/Include -O0 -ffunction-sections -fdata-sections -Wall -fstack-usage -fcyclomatic-complexity -MMD -MP -MF"Core/Src/syscalls.d" -MT"Core/Src/syscalls.o" --specs=nano.specs -mfloat-abi=soft -mthumb -o "Core/Src/syscalls.o"
arm-none-eabi-gcc "../Core/Src/sysmem.c" -mcpu=cortex-m0 -std=gnu11 -g3 -DDEBUG -DUSE_HAL_DRIVER -DSTM32F030x8 -c -I../Core/Inc -I../Drivers/STM32F0xx_HAL_Driver/Inc -I../Drivers/STM32F0xx_HAL_Driver/Inc/Legacy -I../Drivers/CMSIS/Device/ST/STM32F0xx/Include -I../Drivers/CMSIS/Include -O0 -ffunction-sections -fdata-sections -Wall -fstack-usage -fcyclomatic-complexity -MMD -MP -MF"Core/Src/sysmem.d" -MT"Core/Src/sysmem.o" --specs=nano.specs -mfloat-abi=soft -mthumb -o "Core/Src/sysmem.o"
arm-none-eabi-gcc "../Core/Src/system_stm32f0xx.c" -mcpu=cortex-m0 -std=gnu11 -g3 -DDEBUG -DUSE_HAL_DRIVER -DSTM32F030x8 -c -I../Core/Inc -I../Drivers/STM32F0xx_HAL_Driver/Inc -I../Drivers/STM32F0xx_HAL_Driver/Inc/Legacy -I../Drivers/CMSIS/Device/ST/STM32F0xx/Include -I../Drivers/CMSIS/Include -O0 -ffunction-sections -fdata-sections -Wall -fstack-usage -fcyclomatic-complexity -MMD -MP -MF"Core/Src/system_stm32f0xx.d" -MT"Core/Src/system_stm32f0xx.o" --specs=nano.specs -mfloat-abi=soft -mthumb -o "Core/Src/system_stm32f0xx.o"
arm-none-eabi-gcc "../Core/Src/wh0802d.c" -mcpu=cortex-m0 -std=gnu11 -g3 -DDEBUG -DUSE_HAL_DRIVER -DSTM32F030x8 -c -I../Core/Inc -I../Drivers/STM32F0xx_HAL_Driver/Inc -I../Drivers/STM32F0xx_HAL_Driver/Inc/Legacy -I../Drivers/CMSIS/Device/ST/STM32F0xx/Include -I../Drivers/CMSIS/Include -O0 -ffunction-sections -fdata-sections -Wall -fstack-usage -fcyclomatic-complexity -MMD -MP -MF"Core/Src/wh0802d.d" -MT"Core/Src/wh0802d.o" --specs=nano.specs -mfloat-abi=soft -mthumb -o "Core/Src/wh0802d.o"
arm-none-eabi-gcc -o "Keyboard.elf" @"objects.list"   -mcpu=cortex-m0 -T"C:\STM32\SausageMixer\Keyboard\STM32F030C8TX_FLASH.ld" --specs=nosys.specs -Wl,-Map="Keyboard.map" -Wl,--gc-sections -static --specs=nano.specs -mfloat-abi=soft -mthumb -Wl,--start-group -lc -lm -Wl,--end-group
Finished building target: Keyboard.elf
 
arm-none-eabi-size  Keyboard.elf 
arm-none-eabi-objdump -h -S Keyboard.elf  > "Keyboard.list"
   text	   data	    bss	    dec	    hex	filename
   8580	     12	   1684	  10276	   2824	Keyboard.elf
Finished building: default.size.stdout
 
Finished building: Keyboard.list
 
12:48:08 **** Incremental Build of configuration Debug for project Motherboard ****
make -j12 all 
arm-none-eabi-gcc "../Core/Src/main.c" -mcpu=cortex-m3 -std=gnu11 -g3 -DDEBUG -DUSE_HAL_DRIVER -DSTM32F103xB -c -I../Core/Inc -I../Drivers/STM32F1xx_HAL_Driver/Inc/Legacy -I../Drivers/STM32F1xx_HAL_Driver/Inc -I../Drivers/CMSIS/Device/ST/STM32F1xx/Include -I../Drivers/CMSIS/Include -I../USB_DEVICE/App -I../USB_DEVICE/Target -I../Middlewares/ST/STM32_USB_Device_Library/Core/Inc -I../Middlewares/ST/STM32_USB_Device_Library/Class/CDC/Inc -O0 -ffunction-sections -fdata-sections -Wall -fstack-usage -fcyclomatic-complexity -MMD -MP -MF"Core/Src/main.d" -MT"Core/Src/main.o" --specs=nano.specs -mfloat-abi=soft -mthumb -o "Core/Src/main.o"
../Core/Src/main.c: In function 'HAL_SPI_RxCpltCallback':
../Core/Src/main.c:158:1: error: stray '`' in program
  158 | `        spi_last_cmd = rx_cmd;
      | ^
../Core/Src/main.c: In function 'carriage_move_frw':
../Core/Src/main.c:485:35: error: 'AD5328_CHANNEL_C' undeclared (first use in this function); did you mean 'AD5328_Channel'?
  485 |         AD5328_WriteVoltage(&dac, AD5328_CHANNEL_C, 0.5f);
      |                                   ^~~~~~~~~~~~~~~~
      |                                   AD5328_Channel
../Core/Src/main.c:485:35: note: each undeclared identifier is reported only once for each function it appears in
../Core/Src/main.c:486:27: error: 'SRV_SON_CTRL_GPIO_Port' undeclared (first use in this function); did you mean 'SRV_ON_CTRL_GPIO_Port'?
  486 |         HAL_GPIO_WritePin(SRV_SON_CTRL_GPIO_Port, SRV_SON_CTRL_Pin, GPIO_PIN_SET);
      |                           ^~~~~~~~~~~~~~~~~~~~~~
      |                           SRV_ON_CTRL_GPIO_Port
../Core/Src/main.c:486:51: error: 'SRV_SON_CTRL_Pin' undeclared (first use in this function); did you mean 'SRV_ON_CTRL_Pin'?
  486 |         HAL_GPIO_WritePin(SRV_SON_CTRL_GPIO_Port, SRV_SON_CTRL_Pin, GPIO_PIN_SET);
      |                                                   ^~~~~~~~~~~~~~~~
      |                                                   SRV_ON_CTRL_Pin
../Core/Src/main.c: In function 'carriage_move_rev':
../Core/Src/main.c:491:35: error: 'AD5328_CHANNEL_C' undeclared (first use in this function); did you mean 'AD5328_Channel'?
  491 |         AD5328_WriteVoltage(&dac, AD5328_CHANNEL_C, 0.0f);
      |                                   ^~~~~~~~~~~~~~~~
      |                                   AD5328_Channel
../Core/Src/main.c:492:50: error: 'SRV_SON_CTRL_Pin' undeclared (first use in this function); did you mean 'SRV_ON_CTRL_Pin'?
  492 |         HAL_GPIO_WritePin(SRV_ON_CTRL_GPIO_Port, SRV_SON_CTRL_Pin, GPIO_PIN_SET);
      |                                                  ^~~~~~~~~~~~~~~~
      |                                                  SRV_ON_CTRL_Pin
../Core/Src/main.c: In function 'carriage_stop':
../Core/Src/main.c:497:35: error: 'AD5328_CHANNEL_C' undeclared (first use in this function); did you mean 'AD5328_Channel'?
  497 |         AD5328_WriteVoltage(&dac, AD5328_CHANNEL_C, 0.38f);
      |                                   ^~~~~~~~~~~~~~~~
      |                                   AD5328_Channel
../Core/Src/main.c:498:50: error: 'SRV_SON_CTRL_Pin' undeclared (first use in this function); did you mean 'SRV_ON_CTRL_Pin'?
  498 |         HAL_GPIO_WritePin(SRV_ON_CTRL_GPIO_Port, SRV_SON_CTRL_Pin, GPIO_PIN_RESET);
      |                                                  ^~~~~~~~~~~~~~~~
      |                                                  SRV_ON_CTRL_Pin
make: *** [Core/Src/subdir.mk:46: Core/Src/main.o] Error 1
"make -j12 all" terminated with exit code 2. Build might be incomplete.
12:48:14 **** Incremental Build of configuration Debug for project Keyboard ****
make -j12 all 
arm-none-eabi-size  Keyboard.elf 
   text	   data	    bss	    dec	    hex	filename
   8580	     12	   1684	  10276	   2824	Keyboard.elf
Finished building: default.size.stdout
 
12:48:15 **** Incremental Build of configuration Debug for project Motherboard ****
make -j12 all 
arm-none-eabi-gcc "../Core/Src/main.c" -mcpu=cortex-m3 -std=gnu11 -g3 -DDEBUG -DUSE_HAL_DRIVER -DSTM32F103xB -c -I../Core/Inc -I../Drivers/STM32F1xx_HAL_Driver/Inc/Legacy -I../Drivers/STM32F1xx_HAL_Driver/Inc -I../Drivers/CMSIS/Device/ST/STM32F1xx/Include -I../Drivers/CMSIS/Include -I../USB_DEVICE/App -I../USB_DEVICE/Target -I../Middlewares/ST/STM32_USB_Device_Library/Core/Inc -I../Middlewares/ST/STM32_USB_Device_Library/Class/CDC/Inc -O0 -ffunction-sections -fdata-sections -Wall -fstack-usage -fcyclomatic-complexity -MMD -MP -MF"Core/Src/main.d" -MT"Core/Src/main.o" --specs=nano.specs -mfloat-abi=soft -mthumb -o "Core/Src/main.o"
../Core/Src/main.c: In function 'HAL_SPI_RxCpltCallback':
../Core/Src/main.c:158:1: error: stray '`' in program
  158 | `        spi_last_cmd = rx_cmd;
      | ^
../Core/Src/main.c: In function 'carriage_move_frw':
../Core/Src/main.c:485:35: error: 'AD5328_CHANNEL_C' undeclared (first use in this function); did you mean 'AD5328_Channel'?
  485 |         AD5328_WriteVoltage(&dac, AD5328_CHANNEL_C, 0.5f);
      |                                   ^~~~~~~~~~~~~~~~
      |                                   AD5328_Channel
../Core/Src/main.c:485:35: note: each undeclared identifier is reported only once for each function it appears in
../Core/Src/main.c:486:50: error: 'SRV_SON_CTRL_Pin' undeclared (first use in this function); did you mean 'SRV_ON_CTRL_Pin'?
  486 |         HAL_GPIO_WritePin(SRV_ON_CTRL_GPIO_Port, SRV_SON_CTRL_Pin, GPIO_PIN_SET);
      |                                                  ^~~~~~~~~~~~~~~~
      |                                                  SRV_ON_CTRL_Pin
../Core/Src/main.c: In function 'carriage_move_rev':
../Core/Src/main.c:491:35: error: 'AD5328_CHANNEL_C' undeclared (first use in this function); did you mean 'AD5328_Channel'?
  491 |         AD5328_WriteVoltage(&dac, AD5328_CHANNEL_C, 0.0f);
      |                                   ^~~~~~~~~~~~~~~~
      |                                   AD5328_Channel
../Core/Src/main.c:492:50: error: 'SRV_SON_CTRL_Pin' undeclared (first use in this function); did you mean 'SRV_ON_CTRL_Pin'?
  492 |         HAL_GPIO_WritePin(SRV_ON_CTRL_GPIO_Port, SRV_SON_CTRL_Pin, GPIO_PIN_SET);
      |                                                  ^~~~~~~~~~~~~~~~
      |                                                  SRV_ON_CTRL_Pin
../Core/Src/main.c: In function 'carriage_stop':
../Core/Src/main.c:497:35: error: 'AD5328_CHANNEL_C' undeclared (first use in this function); did you mean 'AD5328_Channel'?
  497 |         AD5328_WriteVoltage(&dac, AD5328_CHANNEL_C, 0.38f);
      |                                   ^~~~~~~~~~~~~~~~
      |                                   AD5328_Channel
../Core/Src/main.c:498:50: error: 'SRV_SON_CTRL_Pin' undeclared (first use in this function); did you mean 'SRV_ON_CTRL_Pin'?
  498 |         HAL_GPIO_WritePin(SRV_ON_CTRL_GPIO_Port, SRV_SON_CTRL_Pin, GPIO_PIN_RESET);
      |                                                  ^~~~~~~~~~~~~~~~
      |                                                  SRV_ON_CTRL_Pin
make: *** [Core/Src/subdir.mk:46: Core/Src/main.o] Error 1
"make -j12 all" terminated with exit code 2. Build might be incomplete.
12:48:44 **** Incremental Build of configuration Debug for project Keyboard ****
make -j12 all 
arm-none-eabi-size  Keyboard.elf 
   text	   data	    bss	    dec	    hex	filename
   8580	     12	   1684	  10276	   2824	Keyboard.elf
Finished building: default.size.stdout
 
12:48:44 **** Incremental Build of configuration Debug for project Motherboard ****
make -j12 all 
arm-none-eabi-gcc "../Core/Src/main.c" -mcpu=cortex-m3 -std=gnu11 -g3 -DDEBUG -DUSE_HAL_DRIVER -DSTM32F103xB -c -I../Core/Inc -I../Drivers/STM32F1xx_HAL_Driver/Inc/Legacy -I../Drivers/STM32F1xx_HAL_Driver/Inc -I../Drivers/CMSIS/Device/ST/STM32F1xx/Include -I../Drivers/CMSIS/Include -I../USB_DEVICE/App -I../USB_DEVICE/Target -I../Middlewares/ST/STM32_USB_Device_Library/Core/Inc -I../Middlewares/ST/STM32_USB_Device_Library/Class/CDC/Inc -O0 -ffunction-sections -fdata-sections -Wall -fstack-usage -fcyclomatic-complexity -MMD -MP -MF"Core/Src/main.d" -MT"Core/Src/main.o" --specs=nano.specs -mfloat-abi=soft -mthumb -o "Core/Src/main.o"
../Core/Src/main.c: In function 'HAL_SPI_RxCpltCallback':
../Core/Src/main.c:158:1: error: stray '`' in program
  158 | `        spi_last_cmd = rx_cmd;
      | ^
../Core/Src/main.c: In function 'carriage_move_frw':
../Core/Src/main.c:485:35: error: 'AD5328_CHANNEL_C' undeclared (first use in this function); did you mean 'AD5328_Channel'?
  485 |         AD5328_WriteVoltage(&dac, AD5328_CHANNEL_C, 0.5f);
      |                                   ^~~~~~~~~~~~~~~~
      |                                   AD5328_Channel
../Core/Src/main.c:485:35: note: each undeclared identifier is reported only once for each function it appears in
../Core/Src/main.c: In function 'carriage_move_rev':
../Core/Src/main.c:491:35: error: 'AD5328_CHANNEL_C' undeclared (first use in this function); did you mean 'AD5328_Channel'?
  491 |         AD5328_WriteVoltage(&dac, AD5328_CHANNEL_C, 0.0f);
      |                                   ^~~~~~~~~~~~~~~~
      |                                   AD5328_Channel
../Core/Src/main.c: In function 'carriage_stop':
../Core/Src/main.c:497:35: error: 'AD5328_CHANNEL_C' undeclared (first use in this function); did you mean 'AD5328_Channel'?
  497 |         AD5328_WriteVoltage(&dac, AD5328_CHANNEL_C, 0.38f);
      |                                   ^~~~~~~~~~~~~~~~
      |                                   AD5328_Channel
make: *** [Core/Src/subdir.mk:46: Core/Src/main.o] Error 1
"make -j12 all" terminated with exit code 2. Build might be incomplete.
12:49:13 **** Incremental Build of configuration Debug for project Motherboard ****
make -j12 all 
arm-none-eabi-gcc "../Core/Src/main.c" -mcpu=cortex-m3 -std=gnu11 -g3 -DDEBUG -DUSE_HAL_DRIVER -DSTM32F103xB -c -I../Core/Inc -I../Drivers/STM32F1xx_HAL_Driver/Inc/Legacy -I../Drivers/STM32F1xx_HAL_Driver/Inc -I../Drivers/CMSIS/Device/ST/STM32F1xx/Include -I../Drivers/CMSIS/Include -I../USB_DEVICE/App -I../USB_DEVICE/Target -I../Middlewares/ST/STM32_USB_Device_Library/Core/Inc -I../Middlewares/ST/STM32_USB_Device_Library/Class/CDC/Inc -O0 -ffunction-sections -fdata-sections -Wall -fstack-usage -fcyclomatic-complexity -MMD -MP -MF"Core/Src/main.d" -MT"Core/Src/main.o" --specs=nano.specs -mfloat-abi=soft -mthumb -o "Core/Src/main.o"
../Core/Src/main.c: In function 'HAL_SPI_RxCpltCallback':
../Core/Src/main.c:158:1: error: stray '`' in program
  158 | `        spi_last_cmd = rx_cmd;
      | ^
make: *** [Core/Src/subdir.mk:46: Core/Src/main.o] Error 1
"make -j12 all" terminated with exit code 2. Build might be incomplete.
12:49:25 **** Incremental Build of configuration Debug for project Motherboard ****
make -j12 all 
arm-none-eabi-gcc "../Core/Src/main.c" -mcpu=cortex-m3 -std=gnu11 -g3 -DDEBUG -DUSE_HAL_DRIVER -DSTM32F103xB -c -I../Core/Inc -I../Drivers/STM32F1xx_HAL_Driver/Inc/Legacy -I../Drivers/STM32F1xx_HAL_Driver/Inc -I../Drivers/CMSIS/Device/ST/STM32F1xx/Include -I../Drivers/CMSIS/Include -I../USB_DEVICE/App -I../USB_DEVICE/Target -I../Middlewares/ST/STM32_USB_Device_Library/Core/Inc -I../Middlewares/ST/STM32_USB_Device_Library/Class/CDC/Inc -O0 -ffunction-sections -fdata-sections -Wall -fstack-usage -fcyclomatic-complexity -MMD -MP -MF"Core/Src/main.d" -MT"Core/Src/main.o" --specs=nano.specs -mfloat-abi=soft -mthumb -o "Core/Src/main.o"
arm-none-eabi-gcc -o "Motherboard.elf" @"objects.list"   -mcpu=cortex-m3 -T"C:\STM32\SausageMixer\Motherboard\STM32F103C8TX_FLASH.ld" --specs=nosys.specs -Wl,-Map="Motherboard.map" -Wl,--gc-sections -static --specs=nano.specs -mfloat-abi=soft -mthumb -Wl,--start-group -lc -lm -Wl,--end-group
Finished building target: Motherboard.elf
 
arm-none-eabi-size  Motherboard.elf 
arm-none-eabi-objdump -h -S Motherboard.elf  > "Motherboard.list"
   text	   data	    bss	    dec	    hex	filename
  47064	    380	   6468	  53912	   d298	Motherboard.elf
Finished building: default.size.stdout
 
Finished building: Motherboard.list
 
12:54:39 **** Incremental Build of configuration Debug for project Motherboard ****
make -j12 all 
arm-none-eabi-gcc "../Core/Src/main.c" -mcpu=cortex-m3 -std=gnu11 -g3 -DDEBUG -DUSE_HAL_DRIVER -DSTM32F103xB -c -I../Core/Inc -I../Drivers/STM32F1xx_HAL_Driver/Inc/Legacy -I../Drivers/STM32F1xx_HAL_Driver/Inc -I../Drivers/CMSIS/Device/ST/STM32F1xx/Include -I../Drivers/CMSIS/Include -I../USB_DEVICE/App -I../USB_DEVICE/Target -I../Middlewares/ST/STM32_USB_Device_Library/Core/Inc -I../Middlewares/ST/STM32_USB_Device_Library/Class/CDC/Inc -O0 -ffunction-sections -fdata-sections -Wall -fstack-usage -fcyclomatic-complexity -MMD -MP -MF"Core/Src/main.d" -MT"Core/Src/main.o" --specs=nano.specs -mfloat-abi=soft -mthumb -o "Core/Src/main.o"
arm-none-eabi-gcc -o "Motherboard.elf" @"objects.list"   -mcpu=cortex-m3 -T"C:\STM32\SausageMixer\Motherboard\STM32F103C8TX_FLASH.ld" --specs=nosys.specs -Wl,-Map="Motherboard.map" -Wl,--gc-sections -static --specs=nano.specs -mfloat-abi=soft -mthumb -Wl,--start-group -lc -lm -Wl,--end-group
Finished building target: Motherboard.elf
 
arm-none-eabi-size  Motherboard.elf 
arm-none-eabi-objdump -h -S Motherboard.elf  > "Motherboard.list"
   text	   data	    bss	    dec	    hex	filename
  47220	    380	   6468	  54068	   d334	Motherboard.elf
Finished building: default.size.stdout
 
Finished building: Motherboard.list
 
12:55:09 **** Incremental Build of configuration Debug for project Motherboard ****
make -j12 all 
arm-none-eabi-size  Motherboard.elf 
   text	   data	    bss	    dec	    hex	filename
  47220	    380	   6468	  54068	   d334	Motherboard.elf
Finished building: default.size.stdout
 
12:57:45 **** Incremental Build of configuration Debug for project Motherboard ****
make -j12 all 
arm-none-eabi-gcc "../Core/Src/main.c" -mcpu=cortex-m3 -std=gnu11 -g3 -DDEBUG -DUSE_HAL_DRIVER -DSTM32F103xB -c -I../Core/Inc -I../Drivers/STM32F1xx_HAL_Driver/Inc/Legacy -I../Drivers/STM32F1xx_HAL_Driver/Inc -I../Drivers/CMSIS/Device/ST/STM32F1xx/Include -I../Drivers/CMSIS/Include -I../USB_DEVICE/App -I../USB_DEVICE/Target -I../Middlewares/ST/STM32_USB_Device_Library/Core/Inc -I../Middlewares/ST/STM32_USB_Device_Library/Class/CDC/Inc -O0 -ffunction-sections -fdata-sections -Wall -fstack-usage -fcyclomatic-complexity -MMD -MP -MF"Core/Src/main.d" -MT"Core/Src/main.o" --specs=nano.specs -mfloat-abi=soft -mthumb -o "Core/Src/main.o"
arm-none-eabi-gcc -o "Motherboard.elf" @"objects.list"   -mcpu=cortex-m3 -T"C:\STM32\SausageMixer\Motherboard\STM32F103C8TX_FLASH.ld" --specs=nosys.specs -Wl,-Map="Motherboard.map" -Wl,--gc-sections -static --specs=nano.specs -mfloat-abi=soft -mthumb -Wl,--start-group -lc -lm -Wl,--end-group
Finished building target: Motherboard.elf
 
arm-none-eabi-size  Motherboard.elf 
arm-none-eabi-objdump -h -S Motherboard.elf  > "Motherboard.list"
   text	   data	    bss	    dec	    hex	filename
  47184	    384	   6472	  54040	   d318	Motherboard.elf
Finished building: default.size.stdout
 
Finished building: Motherboard.list
 
13:00:53 **** Incremental Build of configuration Debug for project Motherboard ****
make -j12 all 
arm-none-eabi-gcc "../Core/Src/main.c" -mcpu=cortex-m3 -std=gnu11 -g3 -DDEBUG -DUSE_HAL_DRIVER -DSTM32F103xB -c -I../Core/Inc -I../Drivers/STM32F1xx_HAL_Driver/Inc/Legacy -I../Drivers/STM32F1xx_HAL_Driver/Inc -I../Drivers/CMSIS/Device/ST/STM32F1xx/Include -I../Drivers/CMSIS/Include -I../USB_DEVICE/App -I../USB_DEVICE/Target -I../Middlewares/ST/STM32_USB_Device_Library/Core/Inc -I../Middlewares/ST/STM32_USB_Device_Library/Class/CDC/Inc -O0 -ffunction-sections -fdata-sections -Wall -fstack-usage -fcyclomatic-complexity -MMD -MP -MF"Core/Src/main.d" -MT"Core/Src/main.o" --specs=nano.specs -mfloat-abi=soft -mthumb -o "Core/Src/main.o"
arm-none-eabi-gcc -o "Motherboard.elf" @"objects.list"   -mcpu=cortex-m3 -T"C:\STM32\SausageMixer\Motherboard\STM32F103C8TX_FLASH.ld" --specs=nosys.specs -Wl,-Map="Motherboard.map" -Wl,--gc-sections -static --specs=nano.specs -mfloat-abi=soft -mthumb -Wl,--start-group -lc -lm -Wl,--end-group
Finished building target: Motherboard.elf
 
arm-none-eabi-size  Motherboard.elf 
arm-none-eabi-objdump -h -S Motherboard.elf  > "Motherboard.list"
   text	   data	    bss	    dec	    hex	filename
  47184	    384	   6472	  54040	   d318	Motherboard.elf
Finished building: default.size.stdout
 
Finished building: Motherboard.list
 
13:03:29 **** Incremental Build of configuration Debug for project Motherboard ****
make -j12 all 
arm-none-eabi-gcc "../Core/Src/main.c" -mcpu=cortex-m3 -std=gnu11 -g3 -DDEBUG -DUSE_HAL_DRIVER -DSTM32F103xB -c -I../Core/Inc -I../Drivers/STM32F1xx_HAL_Driver/Inc/Legacy -I../Drivers/STM32F1xx_HAL_Driver/Inc -I../Drivers/CMSIS/Device/ST/STM32F1xx/Include -I../Drivers/CMSIS/Include -I../USB_DEVICE/App -I../USB_DEVICE/Target -I../Middlewares/ST/STM32_USB_Device_Library/Core/Inc -I../Middlewares/ST/STM32_USB_Device_Library/Class/CDC/Inc -O0 -ffunction-sections -fdata-sections -Wall -fstack-usage -fcyclomatic-complexity -MMD -MP -MF"Core/Src/main.d" -MT"Core/Src/main.o" --specs=nano.specs -mfloat-abi=soft -mthumb -o "Core/Src/main.o"
arm-none-eabi-gcc -o "Motherboard.elf" @"objects.list"   -mcpu=cortex-m3 -T"C:\STM32\SausageMixer\Motherboard\STM32F103C8TX_FLASH.ld" --specs=nosys.specs -Wl,-Map="Motherboard.map" -Wl,--gc-sections -static --specs=nano.specs -mfloat-abi=soft -mthumb -Wl,--start-group -lc -lm -Wl,--end-group
Finished building target: Motherboard.elf
 
arm-none-eabi-size  Motherboard.elf 
arm-none-eabi-objdump -h -S Motherboard.elf  > "Motherboard.list"
   text	   data	    bss	    dec	    hex	filename
  47196	    384	   6472	  54052	   d324	Motherboard.elf
Finished building: default.size.stdout
 
Finished building: Motherboard.list
 
13:05:59 **** Incremental Build of configuration Debug for project Motherboard ****
make -j12 all 
arm-none-eabi-gcc "../Core/Src/main.c" -mcpu=cortex-m3 -std=gnu11 -g3 -DDEBUG -DUSE_HAL_DRIVER -DSTM32F103xB -c -I../Core/Inc -I../Drivers/STM32F1xx_HAL_Driver/Inc/Legacy -I../Drivers/STM32F1xx_HAL_Driver/Inc -I../Drivers/CMSIS/Device/ST/STM32F1xx/Include -I../Drivers/CMSIS/Include -I../USB_DEVICE/App -I../USB_DEVICE/Target -I../Middlewares/ST/STM32_USB_Device_Library/Core/Inc -I../Middlewares/ST/STM32_USB_Device_Library/Class/CDC/Inc -O0 -ffunction-sections -fdata-sections -Wall -fstack-usage -fcyclomatic-complexity -MMD -MP -MF"Core/Src/main.d" -MT"Core/Src/main.o" --specs=nano.specs -mfloat-abi=soft -mthumb -o "Core/Src/main.o"
arm-none-eabi-gcc -o "Motherboard.elf" @"objects.list"   -mcpu=cortex-m3 -T"C:\STM32\SausageMixer\Motherboard\STM32F103C8TX_FLASH.ld" --specs=nosys.specs -Wl,-Map="Motherboard.map" -Wl,--gc-sections -static --specs=nano.specs -mfloat-abi=soft -mthumb -Wl,--start-group -lc -lm -Wl,--end-group
Finished building target: Motherboard.elf
 
arm-none-eabi-size  Motherboard.elf 
arm-none-eabi-objdump -h -S Motherboard.elf  > "Motherboard.list"
   text	   data	    bss	    dec	    hex	filename
  47244	    384	   6472	  54100	   d354	Motherboard.elf
Finished building: default.size.stdout
 
Finished building: Motherboard.list
 
13:06:47 **** Incremental Build of configuration Debug for project Motherboard ****
make -j12 all 
arm-none-eabi-gcc "../Core/Src/main.c" -mcpu=cortex-m3 -std=gnu11 -g3 -DDEBUG -DUSE_HAL_DRIVER -DSTM32F103xB -c -I../Core/Inc -I../Drivers/STM32F1xx_HAL_Driver/Inc/Legacy -I../Drivers/STM32F1xx_HAL_Driver/Inc -I../Drivers/CMSIS/Device/ST/STM32F1xx/Include -I../Drivers/CMSIS/Include -I../USB_DEVICE/App -I../USB_DEVICE/Target -I../Middlewares/ST/STM32_USB_Device_Library/Core/Inc -I../Middlewares/ST/STM32_USB_Device_Library/Class/CDC/Inc -O0 -ffunction-sections -fdata-sections -Wall -fstack-usage -fcyclomatic-complexity -MMD -MP -MF"Core/Src/main.d" -MT"Core/Src/main.o" --specs=nano.specs -mfloat-abi=soft -mthumb -o "Core/Src/main.o"
arm-none-eabi-gcc -o "Motherboard.elf" @"objects.list"   -mcpu=cortex-m3 -T"C:\STM32\SausageMixer\Motherboard\STM32F103C8TX_FLASH.ld" --specs=nosys.specs -Wl,-Map="Motherboard.map" -Wl,--gc-sections -static --specs=nano.specs -mfloat-abi=soft -mthumb -Wl,--start-group -lc -lm -Wl,--end-group
Finished building target: Motherboard.elf
 
arm-none-eabi-size  Motherboard.elf 
arm-none-eabi-objdump -h -S Motherboard.elf  > "Motherboard.list"
   text	   data	    bss	    dec	    hex	filename
  47256	    384	   6472	  54112	   d360	Motherboard.elf
Finished building: default.size.stdout
 
Finished building: Motherboard.list
 
13:07:40 **** Incremental Build of configuration Debug for project Motherboard ****
make -j12 all 
arm-none-eabi-gcc "../Core/Src/main.c" -mcpu=cortex-m3 -std=gnu11 -g3 -DDEBUG -DUSE_HAL_DRIVER -DSTM32F103xB -c -I../Core/Inc -I../Drivers/STM32F1xx_HAL_Driver/Inc/Legacy -I../Drivers/STM32F1xx_HAL_Driver/Inc -I../Drivers/CMSIS/Device/ST/STM32F1xx/Include -I../Drivers/CMSIS/Include -I../USB_DEVICE/App -I../USB_DEVICE/Target -I../Middlewares/ST/STM32_USB_Device_Library/Core/Inc -I../Middlewares/ST/STM32_USB_Device_Library/Class/CDC/Inc -O0 -ffunction-sections -fdata-sections -Wall -fstack-usage -fcyclomatic-complexity -MMD -MP -MF"Core/Src/main.d" -MT"Core/Src/main.o" --specs=nano.specs -mfloat-abi=soft -mthumb -o "Core/Src/main.o"
arm-none-eabi-gcc -o "Motherboard.elf" @"objects.list"   -mcpu=cortex-m3 -T"C:\STM32\SausageMixer\Motherboard\STM32F103C8TX_FLASH.ld" --specs=nosys.specs -Wl,-Map="Motherboard.map" -Wl,--gc-sections -static --specs=nano.specs -mfloat-abi=soft -mthumb -Wl,--start-group -lc -lm -Wl,--end-group
Finished building target: Motherboard.elf
 
arm-none-eabi-size  Motherboard.elf 
arm-none-eabi-objdump -h -S Motherboard.elf  > "Motherboard.list"
   text	   data	    bss	    dec	    hex	filename
  47256	    384	   6472	  54112	   d360	Motherboard.elf
Finished building: default.size.stdout
 
Finished building: Motherboard.list
 
13:13:38 **** Incremental Build of configuration Debug for project Motherboard ****
make -j12 all 
arm-none-eabi-gcc "../Core/Src/main.c" -mcpu=cortex-m3 -std=gnu11 -g3 -DDEBUG -DUSE_HAL_DRIVER -DSTM32F103xB -c -I../Core/Inc -I../Drivers/STM32F1xx_HAL_Driver/Inc/Legacy -I../Drivers/STM32F1xx_HAL_Driver/Inc -I../Drivers/CMSIS/Device/ST/STM32F1xx/Include -I../Drivers/CMSIS/Include -I../USB_DEVICE/App -I../USB_DEVICE/Target -I../Middlewares/ST/STM32_USB_Device_Library/Core/Inc -I../Middlewares/ST/STM32_USB_Device_Library/Class/CDC/Inc -O0 -ffunction-sections -fdata-sections -Wall -fstack-usage -fcyclomatic-complexity -MMD -MP -MF"Core/Src/main.d" -MT"Core/Src/main.o" --specs=nano.specs -mfloat-abi=soft -mthumb -o "Core/Src/main.o"
../Core/Src/main.c: In function 'Motherboard_ProcessCommand':
../Core/Src/main.c:223:16: warning: suggest parentheses around assignment used as truth value [-Wparentheses]
  223 |             if(AIROUT = 0.0f)
      |                ^~~~~~
arm-none-eabi-gcc -o "Motherboard.elf" @"objects.list"   -mcpu=cortex-m3 -T"C:\STM32\SausageMixer\Motherboard\STM32F103C8TX_FLASH.ld" --specs=nosys.specs -Wl,-Map="Motherboard.map" -Wl,--gc-sections -static --specs=nano.specs -mfloat-abi=soft -mthumb -Wl,--start-group -lc -lm -Wl,--end-group
Finished building target: Motherboard.elf
 
arm-none-eabi-size  Motherboard.elf 
arm-none-eabi-objdump -h -S Motherboard.elf  > "Motherboard.list"
   text	   data	    bss	    dec	    hex	filename
  47296	    384	   6472	  54152	   d388	Motherboard.elf
Finished building: default.size.stdout
 
Finished building: Motherboard.list
 
13:14:21 **** Incremental Build of configuration Debug for project Motherboard ****
make -j12 all 
arm-none-eabi-gcc "../Core/Src/main.c" -mcpu=cortex-m3 -std=gnu11 -g3 -DDEBUG -DUSE_HAL_DRIVER -DSTM32F103xB -c -I../Core/Inc -I../Drivers/STM32F1xx_HAL_Driver/Inc/Legacy -I../Drivers/STM32F1xx_HAL_Driver/Inc -I../Drivers/CMSIS/Device/ST/STM32F1xx/Include -I../Drivers/CMSIS/Include -I../USB_DEVICE/App -I../USB_DEVICE/Target -I../Middlewares/ST/STM32_USB_Device_Library/Core/Inc -I../Middlewares/ST/STM32_USB_Device_Library/Class/CDC/Inc -O0 -ffunction-sections -fdata-sections -Wall -fstack-usage -fcyclomatic-complexity -MMD -MP -MF"Core/Src/main.d" -MT"Core/Src/main.o" --specs=nano.specs -mfloat-abi=soft -mthumb -o "Core/Src/main.o"
arm-none-eabi-gcc -o "Motherboard.elf" @"objects.list"   -mcpu=cortex-m3 -T"C:\STM32\SausageMixer\Motherboard\STM32F103C8TX_FLASH.ld" --specs=nosys.specs -Wl,-Map="Motherboard.map" -Wl,--gc-sections -static --specs=nano.specs -mfloat-abi=soft -mthumb -Wl,--start-group -lc -lm -Wl,--end-group
Finished building target: Motherboard.elf
 
arm-none-eabi-size  Motherboard.elf 
arm-none-eabi-objdump -h -S Motherboard.elf  > "Motherboard.list"
   text	   data	    bss	    dec	    hex	filename
  47292	    384	   6472	  54148	   d384	Motherboard.elf
Finished building: default.size.stdout
 
Finished building: Motherboard.list
 
13:16:41 **** Incremental Build of configuration Debug for project Motherboard ****
make -j12 all 
arm-none-eabi-gcc "../Core/Src/main.c" -mcpu=cortex-m3 -std=gnu11 -g3 -DDEBUG -DUSE_HAL_DRIVER -DSTM32F103xB -c -I../Core/Inc -I../Drivers/STM32F1xx_HAL_Driver/Inc/Legacy -I../Drivers/STM32F1xx_HAL_Driver/Inc -I../Drivers/CMSIS/Device/ST/STM32F1xx/Include -I../Drivers/CMSIS/Include -I../USB_DEVICE/App -I../USB_DEVICE/Target -I../Middlewares/ST/STM32_USB_Device_Library/Core/Inc -I../Middlewares/ST/STM32_USB_Device_Library/Class/CDC/Inc -O0 -ffunction-sections -fdata-sections -Wall -fstack-usage -fcyclomatic-complexity -MMD -MP -MF"Core/Src/main.d" -MT"Core/Src/main.o" --specs=nano.specs -mfloat-abi=soft -mthumb -o "Core/Src/main.o"
arm-none-eabi-gcc -o "Motherboard.elf" @"objects.list"   -mcpu=cortex-m3 -T"C:\STM32\SausageMixer\Motherboard\STM32F103C8TX_FLASH.ld" --specs=nosys.specs -Wl,-Map="Motherboard.map" -Wl,--gc-sections -static --specs=nano.specs -mfloat-abi=soft -mthumb -Wl,--start-group -lc -lm -Wl,--end-group
Finished building target: Motherboard.elf
 
arm-none-eabi-size  Motherboard.elf 
arm-none-eabi-objdump -h -S Motherboard.elf  > "Motherboard.list"
   text	   data	    bss	    dec	    hex	filename
  47312	    384	   6472	  54168	   d398	Motherboard.elf
Finished building: default.size.stdout
 
Finished building: Motherboard.list
 
13:18:59 **** Incremental Build of configuration Debug for project Motherboard ****
make -j12 all 
arm-none-eabi-gcc "../Core/Src/main.c" -mcpu=cortex-m3 -std=gnu11 -g3 -DDEBUG -DUSE_HAL_DRIVER -DSTM32F103xB -c -I../Core/Inc -I../Drivers/STM32F1xx_HAL_Driver/Inc/Legacy -I../Drivers/STM32F1xx_HAL_Driver/Inc -I../Drivers/CMSIS/Device/ST/STM32F1xx/Include -I../Drivers/CMSIS/Include -I../USB_DEVICE/App -I../USB_DEVICE/Target -I../Middlewares/ST/STM32_USB_Device_Library/Core/Inc -I../Middlewares/ST/STM32_USB_Device_Library/Class/CDC/Inc -O0 -ffunction-sections -fdata-sections -Wall -fstack-usage -fcyclomatic-complexity -MMD -MP -MF"Core/Src/main.d" -MT"Core/Src/main.o" --specs=nano.specs -mfloat-abi=soft -mthumb -o "Core/Src/main.o"
arm-none-eabi-gcc -o "Motherboard.elf" @"objects.list"   -mcpu=cortex-m3 -T"C:\STM32\SausageMixer\Motherboard\STM32F103C8TX_FLASH.ld" --specs=nosys.specs -Wl,-Map="Motherboard.map" -Wl,--gc-sections -static --specs=nano.specs -mfloat-abi=soft -mthumb -Wl,--start-group -lc -lm -Wl,--end-group
Finished building target: Motherboard.elf
 
arm-none-eabi-size  Motherboard.elf 
arm-none-eabi-objdump -h -S Motherboard.elf  > "Motherboard.list"
   text	   data	    bss	    dec	    hex	filename
  47312	    384	   6472	  54168	   d398	Motherboard.elf
Finished building: default.size.stdout
 
Finished building: Motherboard.list
 
10:04:46 **** Incremental Build of configuration Debug for project Motherboard ****
make -j12 all 
arm-none-eabi-gcc "../Core/Src/main.c" -mcpu=cortex-m3 -std=gnu11 -g3 -DDEBUG -DUSE_HAL_DRIVER -DSTM32F103xB -c -I../Core/Inc -I../Drivers/STM32F1xx_HAL_Driver/Inc/Legacy -I../Drivers/STM32F1xx_HAL_Driver/Inc -I../Drivers/CMSIS/Device/ST/STM32F1xx/Include -I../Drivers/CMSIS/Include -I../USB_DEVICE/App -I../USB_DEVICE/Target -I../Middlewares/ST/STM32_USB_Device_Library/Core/Inc -I../Middlewares/ST/STM32_USB_Device_Library/Class/CDC/Inc -O0 -ffunction-sections -fdata-sections -Wall -fstack-usage -fcyclomatic-complexity -MMD -MP -MF"Core/Src/main.d" -MT"Core/Src/main.o" --specs=nano.specs -mfloat-abi=soft -mthumb -o "Core/Src/main.o"
arm-none-eabi-gcc -o "Motherboard.elf" @"objects.list"   -mcpu=cortex-m3 -T"C:\STM32\SausageMixer\Motherboard\STM32F103C8TX_FLASH.ld" --specs=nosys.specs -Wl,-Map="Motherboard.map" -Wl,--gc-sections -static --specs=nano.specs -mfloat-abi=soft -mthumb -Wl,--start-group -lc -lm -Wl,--end-group
Finished building target: Motherboard.elf
 
arm-none-eabi-size  Motherboard.elf 
arm-none-eabi-objdump -h -S Motherboard.elf  > "Motherboard.list"
   text	   data	    bss	    dec	    hex	filename
  47352	    384	   6472	  54208	   d3c0	Motherboard.elf
Finished building: default.size.stdout
 
Finished building: Motherboard.list
 
10:18:45 **** Incremental Build of configuration Debug for project Motherboard ****
make -j12 all 
arm-none-eabi-gcc "../Core/Src/main.c" -mcpu=cortex-m3 -std=gnu11 -g3 -DDEBUG -DUSE_HAL_DRIVER -DSTM32F103xB -c -I../Core/Inc -I../Drivers/STM32F1xx_HAL_Driver/Inc/Legacy -I../Drivers/STM32F1xx_HAL_Driver/Inc -I../Drivers/CMSIS/Device/ST/STM32F1xx/Include -I../Drivers/CMSIS/Include -I../USB_DEVICE/App -I../USB_DEVICE/Target -I../Middlewares/ST/STM32_USB_Device_Library/Core/Inc -I../Middlewares/ST/STM32_USB_Device_Library/Class/CDC/Inc -O0 -ffunction-sections -fdata-sections -Wall -fstack-usage -fcyclomatic-complexity -MMD -MP -MF"Core/Src/main.d" -MT"Core/Src/main.o" --specs=nano.specs -mfloat-abi=soft -mthumb -o "Core/Src/main.o"
../Core/Src/main.c: In function 'main':
../Core/Src/main.c:147:35: error: too many arguments to function 'carriage_move_frw'
  147 |                                   carriage_move_frw(REG_CARRIAGE);
      |                                   ^~~~~~~~~~~~~~~~~
../Core/Src/main.c:25:6: note: declared here
   25 | void carriage_move_frw(void);
      |      ^~~~~~~~~~~~~~~~~
../Core/Src/main.c: At top level:
../Core/Src/main.c:523:6: error: conflicting types for 'carriage_move_frw'; have 'void(float)'
  523 | void carriage_move_frw(float speed)
      |      ^~~~~~~~~~~~~~~~~
../Core/Src/main.c:25:6: note: previous declaration of 'carriage_move_frw' with type 'void(void)'
   25 | void carriage_move_frw(void);
      |      ^~~~~~~~~~~~~~~~~
make: *** [Core/Src/subdir.mk:46: Core/Src/main.o] Error 1
"make -j12 all" terminated with exit code 2. Build might be incomplete.
10:19:19 **** Incremental Build of configuration Debug for project Keyboard ****
make -j12 all 
arm-none-eabi-size  Keyboard.elf 
   text	   data	    bss	    dec	    hex	filename
   8580	     12	   1684	  10276	   2824	Keyboard.elf
Finished building: default.size.stdout
 
10:19:20 **** Incremental Build of configuration Debug for project Motherboard ****
make -j12 all 
arm-none-eabi-gcc "../Core/Src/main.c" -mcpu=cortex-m3 -std=gnu11 -g3 -DDEBUG -DUSE_HAL_DRIVER -DSTM32F103xB -c -I../Core/Inc -I../Drivers/STM32F1xx_HAL_Driver/Inc/Legacy -I../Drivers/STM32F1xx_HAL_Driver/Inc -I../Drivers/CMSIS/Device/ST/STM32F1xx/Include -I../Drivers/CMSIS/Include -I../USB_DEVICE/App -I../USB_DEVICE/Target -I../Middlewares/ST/STM32_USB_Device_Library/Core/Inc -I../Middlewares/ST/STM32_USB_Device_Library/Class/CDC/Inc -O0 -ffunction-sections -fdata-sections -Wall -fstack-usage -fcyclomatic-complexity -MMD -MP -MF"Core/Src/main.d" -MT"Core/Src/main.o" --specs=nano.specs -mfloat-abi=soft -mthumb -o "Core/Src/main.o"
../Core/Src/main.c: In function 'main':
../Core/Src/main.c:147:35: error: too many arguments to function 'carriage_move_frw'
  147 |                                   carriage_move_frw(REG_CARRIAGE);
      |                                   ^~~~~~~~~~~~~~~~~
../Core/Src/main.c:25:6: note: declared here
   25 | void carriage_move_frw(void);
      |      ^~~~~~~~~~~~~~~~~
../Core/Src/main.c: At top level:
../Core/Src/main.c:523:6: error: conflicting types for 'carriage_move_frw'; have 'void(float)'
  523 | void carriage_move_frw(float speed)
      |      ^~~~~~~~~~~~~~~~~
../Core/Src/main.c:25:6: note: previous declaration of 'carriage_move_frw' with type 'void(void)'
   25 | void carriage_move_frw(void);
      |      ^~~~~~~~~~~~~~~~~
make: *** [Core/Src/subdir.mk:46: Core/Src/main.o] Error 1
"make -j12 all" terminated with exit code 2. Build might be incomplete.
10:19:38 **** Incremental Build of configuration Debug for project Keyboard ****
make -j12 all 
arm-none-eabi-size  Keyboard.elf 
   text	   data	    bss	    dec	    hex	filename
   8580	     12	   1684	  10276	   2824	Keyboard.elf
Finished building: default.size.stdout
 
10:19:39 **** Incremental Build of configuration Debug for project Motherboard ****
make -j12 all 
arm-none-eabi-gcc "../Core/Src/main.c" -mcpu=cortex-m3 -std=gnu11 -g3 -DDEBUG -DUSE_HAL_DRIVER -DSTM32F103xB -c -I../Core/Inc -I../Drivers/STM32F1xx_HAL_Driver/Inc/Legacy -I../Drivers/STM32F1xx_HAL_Driver/Inc -I../Drivers/CMSIS/Device/ST/STM32F1xx/Include -I../Drivers/CMSIS/Include -I../USB_DEVICE/App -I../USB_DEVICE/Target -I../Middlewares/ST/STM32_USB_Device_Library/Core/Inc -I../Middlewares/ST/STM32_USB_Device_Library/Class/CDC/Inc -O0 -ffunction-sections -fdata-sections -Wall -fstack-usage -fcyclomatic-complexity -MMD -MP -MF"Core/Src/main.d" -MT"Core/Src/main.o" --specs=nano.specs -mfloat-abi=soft -mthumb -o "Core/Src/main.o"
arm-none-eabi-gcc -o "Motherboard.elf" @"objects.list"   -mcpu=cortex-m3 -T"C:\STM32\SausageMixer\Motherboard\STM32F103C8TX_FLASH.ld" --specs=nosys.specs -Wl,-Map="Motherboard.map" -Wl,--gc-sections -static --specs=nano.specs -mfloat-abi=soft -mthumb -Wl,--start-group -lc -lm -Wl,--end-group
Finished building target: Motherboard.elf
 
arm-none-eabi-size  Motherboard.elf 
arm-none-eabi-objdump -h -S Motherboard.elf  > "Motherboard.list"
   text	   data	    bss	    dec	    hex	filename
  47400	    384	   6472	  54256	   d3f0	Motherboard.elf
Finished building: default.size.stdout
 
Finished building: Motherboard.list
 
10:19:47 **** Incremental Build of configuration Debug for project Motherboard ****
make -j12 all 
arm-none-eabi-size  Motherboard.elf 
   text	   data	    bss	    dec	    hex	filename
  47400	    384	   6472	  54256	   d3f0	Motherboard.elf
Finished building: default.size.stdout
 
10:23:54 **** Incremental Build of configuration Debug for project Motherboard ****
make -j12 all 
arm-none-eabi-gcc "../Core/Src/main.c" -mcpu=cortex-m3 -std=gnu11 -g3 -DDEBUG -DUSE_HAL_DRIVER -DSTM32F103xB -c -I../Core/Inc -I../Drivers/STM32F1xx_HAL_Driver/Inc/Legacy -I../Drivers/STM32F1xx_HAL_Driver/Inc -I../Drivers/CMSIS/Device/ST/STM32F1xx/Include -I../Drivers/CMSIS/Include -I../USB_DEVICE/App -I../USB_DEVICE/Target -I../Middlewares/ST/STM32_USB_Device_Library/Core/Inc -I../Middlewares/ST/STM32_USB_Device_Library/Class/CDC/Inc -O0 -ffunction-sections -fdata-sections -Wall -fstack-usage -fcyclomatic-complexity -MMD -MP -MF"Core/Src/main.d" -MT"Core/Src/main.o" --specs=nano.specs -mfloat-abi=soft -mthumb -o "Core/Src/main.o"
arm-none-eabi-gcc -o "Motherboard.elf" @"objects.list"   -mcpu=cortex-m3 -T"C:\STM32\SausageMixer\Motherboard\STM32F103C8TX_FLASH.ld" --specs=nosys.specs -Wl,-Map="Motherboard.map" -Wl,--gc-sections -static --specs=nano.specs -mfloat-abi=soft -mthumb -Wl,--start-group -lc -lm -Wl,--end-group
Finished building target: Motherboard.elf
 
arm-none-eabi-size  Motherboard.elf 
arm-none-eabi-objdump -h -S Motherboard.elf  > "Motherboard.list"
   text	   data	    bss	    dec	    hex	filename
  47428	    384	   6472	  54284	   d40c	Motherboard.elf
Finished building: default.size.stdout
 
Finished building: Motherboard.list
 
10:25:05 **** Incremental Build of configuration Debug for project Motherboard ****
make -j12 all 
arm-none-eabi-gcc "../Core/Src/main.c" -mcpu=cortex-m3 -std=gnu11 -g3 -DDEBUG -DUSE_HAL_DRIVER -DSTM32F103xB -c -I../Core/Inc -I../Drivers/STM32F1xx_HAL_Driver/Inc/Legacy -I../Drivers/STM32F1xx_HAL_Driver/Inc -I../Drivers/CMSIS/Device/ST/STM32F1xx/Include -I../Drivers/CMSIS/Include -I../USB_DEVICE/App -I../USB_DEVICE/Target -I../Middlewares/ST/STM32_USB_Device_Library/Core/Inc -I../Middlewares/ST/STM32_USB_Device_Library/Class/CDC/Inc -O0 -ffunction-sections -fdata-sections -Wall -fstack-usage -fcyclomatic-complexity -MMD -MP -MF"Core/Src/main.d" -MT"Core/Src/main.o" --specs=nano.specs -mfloat-abi=soft -mthumb -o "Core/Src/main.o"
arm-none-eabi-gcc -o "Motherboard.elf" @"objects.list"   -mcpu=cortex-m3 -T"C:\STM32\SausageMixer\Motherboard\STM32F103C8TX_FLASH.ld" --specs=nosys.specs -Wl,-Map="Motherboard.map" -Wl,--gc-sections -static --specs=nano.specs -mfloat-abi=soft -mthumb -Wl,--start-group -lc -lm -Wl,--end-group
Finished building target: Motherboard.elf
 
arm-none-eabi-size  Motherboard.elf 
arm-none-eabi-objdump -h -S Motherboard.elf  > "Motherboard.list"
   text	   data	    bss	    dec	    hex	filename
  47444	    384	   6472	  54300	   d41c	Motherboard.elf
Finished building: default.size.stdout
 
Finished building: Motherboard.list
 
10:26:44 **** Incremental Build of configuration Debug for project Motherboard ****
make -j12 all 
arm-none-eabi-gcc "../Core/Src/main.c" -mcpu=cortex-m3 -std=gnu11 -g3 -DDEBUG -DUSE_HAL_DRIVER -DSTM32F103xB -c -I../Core/Inc -I../Drivers/STM32F1xx_HAL_Driver/Inc/Legacy -I../Drivers/STM32F1xx_HAL_Driver/Inc -I../Drivers/CMSIS/Device/ST/STM32F1xx/Include -I../Drivers/CMSIS/Include -I../USB_DEVICE/App -I../USB_DEVICE/Target -I../Middlewares/ST/STM32_USB_Device_Library/Core/Inc -I../Middlewares/ST/STM32_USB_Device_Library/Class/CDC/Inc -O0 -ffunction-sections -fdata-sections -Wall -fstack-usage -fcyclomatic-complexity -MMD -MP -MF"Core/Src/main.d" -MT"Core/Src/main.o" --specs=nano.specs -mfloat-abi=soft -mthumb -o "Core/Src/main.o"
arm-none-eabi-gcc -o "Motherboard.elf" @"objects.list"   -mcpu=cortex-m3 -T"C:\STM32\SausageMixer\Motherboard\STM32F103C8TX_FLASH.ld" --specs=nosys.specs -Wl,-Map="Motherboard.map" -Wl,--gc-sections -static --specs=nano.specs -mfloat-abi=soft -mthumb -Wl,--start-group -lc -lm -Wl,--end-group
Finished building target: Motherboard.elf
 
arm-none-eabi-size  Motherboard.elf 
arm-none-eabi-objdump -h -S Motherboard.elf  > "Motherboard.list"
   text	   data	    bss	    dec	    hex	filename
  47484	    384	   6472	  54340	   d444	Motherboard.elf
Finished building: default.size.stdout
 
Finished building: Motherboard.list
 
10:26:57 **** Incremental Build of configuration Debug for project Motherboard ****
make -j12 all 
arm-none-eabi-size  Motherboard.elf 
   text	   data	    bss	    dec	    hex	filename
  47484	    384	   6472	  54340	   d444	Motherboard.elf
Finished building: default.size.stdout
 
10:27:11 **** Incremental Build of configuration Debug for project Motherboard ****
make -j12 all 
arm-none-eabi-size  Motherboard.elf 
   text	   data	    bss	    dec	    hex	filename
  47484	    384	   6472	  54340	   d444	Motherboard.elf
Finished building: default.size.stdout
 
10:28:18 **** Incremental Build of configuration Debug for project Motherboard ****
make -j12 all 
arm-none-eabi-gcc "../Core/Src/main.c" -mcpu=cortex-m3 -std=gnu11 -g3 -DDEBUG -DUSE_HAL_DRIVER -DSTM32F103xB -c -I../Core/Inc -I../Drivers/STM32F1xx_HAL_Driver/Inc/Legacy -I../Drivers/STM32F1xx_HAL_Driver/Inc -I../Drivers/CMSIS/Device/ST/STM32F1xx/Include -I../Drivers/CMSIS/Include -I../USB_DEVICE/App -I../USB_DEVICE/Target -I../Middlewares/ST/STM32_USB_Device_Library/Core/Inc -I../Middlewares/ST/STM32_USB_Device_Library/Class/CDC/Inc -O0 -ffunction-sections -fdata-sections -Wall -fstack-usage -fcyclomatic-complexity -MMD -MP -MF"Core/Src/main.d" -MT"Core/Src/main.o" --specs=nano.specs -mfloat-abi=soft -mthumb -o "Core/Src/main.o"
arm-none-eabi-gcc -o "Motherboard.elf" @"objects.list"   -mcpu=cortex-m3 -T"C:\STM32\SausageMixer\Motherboard\STM32F103C8TX_FLASH.ld" --specs=nosys.specs -Wl,-Map="Motherboard.map" -Wl,--gc-sections -static --specs=nano.specs -mfloat-abi=soft -mthumb -Wl,--start-group -lc -lm -Wl,--end-group
Finished building target: Motherboard.elf
 
arm-none-eabi-size  Motherboard.elf 
arm-none-eabi-objdump -h -S Motherboard.elf  > "Motherboard.list"
   text	   data	    bss	    dec	    hex	filename
  47484	    384	   6472	  54340	   d444	Motherboard.elf
Finished building: default.size.stdout
 
Finished building: Motherboard.list
 
10:31:30 **** Incremental Build of configuration Debug for project Motherboard ****
make -j12 all 
arm-none-eabi-gcc "../Core/Src/main.c" -mcpu=cortex-m3 -std=gnu11 -g3 -DDEBUG -DUSE_HAL_DRIVER -DSTM32F103xB -c -I../Core/Inc -I../Drivers/STM32F1xx_HAL_Driver/Inc/Legacy -I../Drivers/STM32F1xx_HAL_Driver/Inc -I../Drivers/CMSIS/Device/ST/STM32F1xx/Include -I../Drivers/CMSIS/Include -I../USB_DEVICE/App -I../USB_DEVICE/Target -I../Middlewares/ST/STM32_USB_Device_Library/Core/Inc -I../Middlewares/ST/STM32_USB_Device_Library/Class/CDC/Inc -O0 -ffunction-sections -fdata-sections -Wall -fstack-usage -fcyclomatic-complexity -MMD -MP -MF"Core/Src/main.d" -MT"Core/Src/main.o" --specs=nano.specs -mfloat-abi=soft -mthumb -o "Core/Src/main.o"
arm-none-eabi-gcc -o "Motherboard.elf" @"objects.list"   -mcpu=cortex-m3 -T"C:\STM32\SausageMixer\Motherboard\STM32F103C8TX_FLASH.ld" --specs=nosys.specs -Wl,-Map="Motherboard.map" -Wl,--gc-sections -static --specs=nano.specs -mfloat-abi=soft -mthumb -Wl,--start-group -lc -lm -Wl,--end-group
Finished building target: Motherboard.elf
 
arm-none-eabi-size  Motherboard.elf 
arm-none-eabi-objdump -h -S Motherboard.elf  > "Motherboard.list"
   text	   data	    bss	    dec	    hex	filename
  47536	    384	   6472	  54392	   d478	Motherboard.elf
Finished building: default.size.stdout
 
Finished building: Motherboard.list
 
10:45:08 **** Incremental Build of configuration Debug for project Motherboard ****
make -j12 all 
arm-none-eabi-gcc "../Core/Src/main.c" -mcpu=cortex-m3 -std=gnu11 -g3 -DDEBUG -DUSE_HAL_DRIVER -DSTM32F103xB -c -I../Core/Inc -I../Drivers/STM32F1xx_HAL_Driver/Inc/Legacy -I../Drivers/STM32F1xx_HAL_Driver/Inc -I../Drivers/CMSIS/Device/ST/STM32F1xx/Include -I../Drivers/CMSIS/Include -I../USB_DEVICE/App -I../USB_DEVICE/Target -I../Middlewares/ST/STM32_USB_Device_Library/Core/Inc -I../Middlewares/ST/STM32_USB_Device_Library/Class/CDC/Inc -O0 -ffunction-sections -fdata-sections -Wall -fstack-usage -fcyclomatic-complexity -MMD -MP -MF"Core/Src/main.d" -MT"Core/Src/main.o" --specs=nano.specs -mfloat-abi=soft -mthumb -o "Core/Src/main.o"
../Core/Src/main.c: In function 'Motherboard_ProcessCommand':
../Core/Src/main.c:244:27: error: 'STATE_NOINIT' undeclared (first use in this function); did you mean 'STAGE_NOINIT'?
  244 |                 g_state = STATE_NOINIT;
      |                           ^~~~~~~~~~~~
      |                           STAGE_NOINIT
../Core/Src/main.c:244:27: note: each undeclared identifier is reported only once for each function it appears in
make: *** [Core/Src/subdir.mk:46: Core/Src/main.o] Error 1
"make -j12 all" terminated with exit code 2. Build might be incomplete.
10:45:24 **** Incremental Build of configuration Debug for project Motherboard ****
make -j12 all 
arm-none-eabi-gcc "../Core/Src/main.c" -mcpu=cortex-m3 -std=gnu11 -g3 -DDEBUG -DUSE_HAL_DRIVER -DSTM32F103xB -c -I../Core/Inc -I../Drivers/STM32F1xx_HAL_Driver/Inc/Legacy -I../Drivers/STM32F1xx_HAL_Driver/Inc -I../Drivers/CMSIS/Device/ST/STM32F1xx/Include -I../Drivers/CMSIS/Include -I../USB_DEVICE/App -I../USB_DEVICE/Target -I../Middlewares/ST/STM32_USB_Device_Library/Core/Inc -I../Middlewares/ST/STM32_USB_Device_Library/Class/CDC/Inc -O0 -ffunction-sections -fdata-sections -Wall -fstack-usage -fcyclomatic-complexity -MMD -MP -MF"Core/Src/main.d" -MT"Core/Src/main.o" --specs=nano.specs -mfloat-abi=soft -mthumb -o "Core/Src/main.o"
arm-none-eabi-gcc -o "Motherboard.elf" @"objects.list"   -mcpu=cortex-m3 -T"C:\STM32\SausageMixer\Motherboard\STM32F103C8TX_FLASH.ld" --specs=nosys.specs -Wl,-Map="Motherboard.map" -Wl,--gc-sections -static --specs=nano.specs -mfloat-abi=soft -mthumb -Wl,--start-group -lc -lm -Wl,--end-group
Finished building target: Motherboard.elf
 
arm-none-eabi-size  Motherboard.elf 
arm-none-eabi-objdump -h -S Motherboard.elf  > "Motherboard.list"
   text	   data	    bss	    dec	    hex	filename
  47548	    384	   6472	  54404	   d484	Motherboard.elf
Finished building: default.size.stdout
 
Finished building: Motherboard.list
 
10:48:01 **** Incremental Build of configuration Debug for project Motherboard ****
make -j12 all 
arm-none-eabi-size  Motherboard.elf 
   text	   data	    bss	    dec	    hex	filename
  47548	    384	   6472	  54404	   d484	Motherboard.elf
Finished building: default.size.stdout
 
10:49:56 **** Incremental Build of configuration Debug for project Motherboard ****
make -j12 all 
arm-none-eabi-gcc "../Core/Src/main.c" -mcpu=cortex-m3 -std=gnu11 -g3 -DDEBUG -DUSE_HAL_DRIVER -DSTM32F103xB -c -I../Core/Inc -I../Drivers/STM32F1xx_HAL_Driver/Inc/Legacy -I../Drivers/STM32F1xx_HAL_Driver/Inc -I../Drivers/CMSIS/Device/ST/STM32F1xx/Include -I../Drivers/CMSIS/Include -I../USB_DEVICE/App -I../USB_DEVICE/Target -I../Middlewares/ST/STM32_USB_Device_Library/Core/Inc -I../Middlewares/ST/STM32_USB_Device_Library/Class/CDC/Inc -O0 -ffunction-sections -fdata-sections -Wall -fstack-usage -fcyclomatic-complexity -MMD -MP -MF"Core/Src/main.d" -MT"Core/Src/main.o" --specs=nano.specs -mfloat-abi=soft -mthumb -o "Core/Src/main.o"
arm-none-eabi-gcc -o "Motherboard.elf" @"objects.list"   -mcpu=cortex-m3 -T"C:\STM32\SausageMixer\Motherboard\STM32F103C8TX_FLASH.ld" --specs=nosys.specs -Wl,-Map="Motherboard.map" -Wl,--gc-sections -static --specs=nano.specs -mfloat-abi=soft -mthumb -Wl,--start-group -lc -lm -Wl,--end-group
Finished building target: Motherboard.elf
 
arm-none-eabi-size  Motherboard.elf 
arm-none-eabi-objdump -h -S Motherboard.elf  > "Motherboard.list"
   text	   data	    bss	    dec	    hex	filename
  47568	    384	   6472	  54424	   d498	Motherboard.elf
Finished building: default.size.stdout
 
Finished building: Motherboard.list
 
10:50:51 **** Incremental Build of configuration Debug for project Motherboard ****
make -j12 all 
arm-none-eabi-size  Motherboard.elf 
   text	   data	    bss	    dec	    hex	filename
  47568	    384	   6472	  54424	   d498	Motherboard.elf
Finished building: default.size.stdout
 
10:54:15 **** Incremental Build of configuration Debug for project Motherboard ****
make -j12 all 
arm-none-eabi-gcc "../Core/Src/main.c" -mcpu=cortex-m3 -std=gnu11 -g3 -DDEBUG -DUSE_HAL_DRIVER -DSTM32F103xB -c -I../Core/Inc -I../Drivers/STM32F1xx_HAL_Driver/Inc/Legacy -I../Drivers/STM32F1xx_HAL_Driver/Inc -I../Drivers/CMSIS/Device/ST/STM32F1xx/Include -I../Drivers/CMSIS/Include -I../USB_DEVICE/App -I../USB_DEVICE/Target -I../Middlewares/ST/STM32_USB_Device_Library/Core/Inc -I../Middlewares/ST/STM32_USB_Device_Library/Class/CDC/Inc -O0 -ffunction-sections -fdata-sections -Wall -fstack-usage -fcyclomatic-complexity -MMD -MP -MF"Core/Src/main.d" -MT"Core/Src/main.o" --specs=nano.specs -mfloat-abi=soft -mthumb -o "Core/Src/main.o"
arm-none-eabi-gcc -o "Motherboard.elf" @"objects.list"   -mcpu=cortex-m3 -T"C:\STM32\SausageMixer\Motherboard\STM32F103C8TX_FLASH.ld" --specs=nosys.specs -Wl,-Map="Motherboard.map" -Wl,--gc-sections -static --specs=nano.specs -mfloat-abi=soft -mthumb -Wl,--start-group -lc -lm -Wl,--end-group
Finished building target: Motherboard.elf
 
arm-none-eabi-size  Motherboard.elf 
arm-none-eabi-objdump -h -S Motherboard.elf  > "Motherboard.list"
   text	   data	    bss	    dec	    hex	filename
  47608	    384	   6480	  54472	   d4c8	Motherboard.elf
Finished building: default.size.stdout
 
Finished building: Motherboard.list
 
12:02:51 **** Incremental Build of configuration Debug for project Motherboard ****
make -j12 all 
arm-none-eabi-gcc "../Core/Src/main.c" -mcpu=cortex-m3 -std=gnu11 -g3 -DDEBUG -DUSE_HAL_DRIVER -DSTM32F103xB -c -I../Core/Inc -I../Drivers/STM32F1xx_HAL_Driver/Inc/Legacy -I../Drivers/STM32F1xx_HAL_Driver/Inc -I../Drivers/CMSIS/Device/ST/STM32F1xx/Include -I../Drivers/CMSIS/Include -I../USB_DEVICE/App -I../USB_DEVICE/Target -I../Middlewares/ST/STM32_USB_Device_Library/Core/Inc -I../Middlewares/ST/STM32_USB_Device_Library/Class/CDC/Inc -O0 -ffunction-sections -fdata-sections -Wall -fstack-usage -fcyclomatic-complexity -MMD -MP -MF"Core/Src/main.d" -MT"Core/Src/main.o" --specs=nano.specs -mfloat-abi=soft -mthumb -o "Core/Src/main.o"
arm-none-eabi-gcc -o "Motherboard.elf" @"objects.list"   -mcpu=cortex-m3 -T"C:\STM32\SausageMixer\Motherboard\STM32F103C8TX_FLASH.ld" --specs=nosys.specs -Wl,-Map="Motherboard.map" -Wl,--gc-sections -static --specs=nano.specs -mfloat-abi=soft -mthumb -Wl,--start-group -lc -lm -Wl,--end-group
Finished building target: Motherboard.elf
 
arm-none-eabi-size  Motherboard.elf 
arm-none-eabi-objdump -h -S Motherboard.elf  > "Motherboard.list"
   text	   data	    bss	    dec	    hex	filename
  47612	    384	   6480	  54476	   d4cc	Motherboard.elf
Finished building: default.size.stdout
 
Finished building: Motherboard.list
 
07:53:28 **** Incremental Build of configuration Debug for project Motherboard ****
make -j12 all 
arm-none-eabi-size  Motherboard.elf 
   text	   data	    bss	    dec	    hex	filename
  47612	    384	   6480	  54476	   d4cc	Motherboard.elf
Finished building: default.size.stdout
 
11:32:26 **** Incremental Build of configuration Debug for project Motherboard ****
make -j12 all 
arm-none-eabi-size  Motherboard.elf 
   text	   data	    bss	    dec	    hex	filename
  47612	    384	   6480	  54476	   d4cc	Motherboard.elf
Finished building: default.size.stdout
 
11:40:39 **** Incremental Build of configuration Debug for project Motherboard ****
make -j12 all 
arm-none-eabi-size  Motherboard.elf 
   text	   data	    bss	    dec	    hex	filename
  47612	    384	   6480	  54476	   d4cc	Motherboard.elf
Finished building: default.size.stdout
 
11:41:08 **** Incremental Build of configuration Debug for project Motherboard ****
make -j12 all 
arm-none-eabi-size  Motherboard.elf 
   text	   data	    bss	    dec	    hex	filename
  47612	    384	   6480	  54476	   d4cc	Motherboard.elf
Finished building: default.size.stdout
 
11:41:49 **** Incremental Build of configuration Debug for project Motherboard ****
make -j12 all 
arm-none-eabi-gcc "../Drivers/STM32F1xx_HAL_Driver/Src/stm32f1xx_hal.c" -mcpu=cortex-m3 -std=gnu11 -g3 -DDEBUG -DUSE_HAL_DRIVER -DSTM32F103xB -c -I../Core/Inc -I../Drivers/STM32F1xx_HAL_Driver/Inc/Legacy -I../Drivers/STM32F1xx_HAL_Driver/Inc -I../Drivers/CMSIS/Device/ST/STM32F1xx/Include -I../Drivers/CMSIS/Include -I../USB_DEVICE/App -I../USB_DEVICE/Target -I../Middlewares/ST/STM32_USB_Device_Library/Core/Inc -I../Middlewares/ST/STM32_USB_Device_Library/Class/CDC/Inc -O0 -ffunction-sections -fdata-sections -Wall -fstack-usage -fcyclomatic-complexity -MMD -MP -MF"Drivers/STM32F1xx_HAL_Driver/Src/stm32f1xx_hal.d" -MT"Drivers/STM32F1xx_HAL_Driver/Src/stm32f1xx_hal.o" --specs=nano.specs -mfloat-abi=soft -mthumb -o "Drivers/STM32F1xx_HAL_Driver/Src/stm32f1xx_hal.o"
arm-none-eabi-gcc -o "Motherboard.elf" @"objects.list"   -mcpu=cortex-m3 -T"C:\STM32\SausageMixer\Motherboard\STM32F103C8TX_FLASH.ld" --specs=nosys.specs -Wl,-Map="Motherboard.map" -Wl,--gc-sections -static --specs=nano.specs -mfloat-abi=soft -mthumb -Wl,--start-group -lc -lm -Wl,--end-group
Finished building target: Motherboard.elf
 
arm-none-eabi-size  Motherboard.elf 
arm-none-eabi-objdump -h -S Motherboard.elf  > "Motherboard.list"
   text	   data	    bss	    dec	    hex	filename
  47612	    384	   6480	  54476	   d4cc	Motherboard.elf
Finished building: default.size.stdout
 
Finished building: Motherboard.list
 
11:42:15 **** Incremental Build of configuration Debug for project Motherboard ****
make -j12 all 
arm-none-eabi-size  Motherboard.elf 
   text	   data	    bss	    dec	    hex	filename
  47612	    384	   6480	  54476	   d4cc	Motherboard.elf
Finished building: default.size.stdout
 
11:54:49 **** Incremental Build of configuration Debug for project Motherboard ****
make -j12 all 
arm-none-eabi-gcc "../Core/Src/main.c" -mcpu=cortex-m3 -std=gnu11 -g3 -DDEBUG -DUSE_HAL_DRIVER -DSTM32F103xB -c -I../Core/Inc -I../Drivers/STM32F1xx_HAL_Driver/Inc/Legacy -I../Drivers/STM32F1xx_HAL_Driver/Inc -I../Drivers/CMSIS/Device/ST/STM32F1xx/Include -I../Drivers/CMSIS/Include -I../USB_DEVICE/App -I../USB_DEVICE/Target -I../Middlewares/ST/STM32_USB_Device_Library/Core/Inc -I../Middlewares/ST/STM32_USB_Device_Library/Class/CDC/Inc -O0 -ffunction-sections -fdata-sections -Wall -fstack-usage -fcyclomatic-complexity -MMD -MP -MF"Core/Src/main.d" -MT"Core/Src/main.o" --specs=nano.specs -mfloat-abi=soft -mthumb -o "Core/Src/main.o"
../Core/Src/main.c:225:1: error: expected identifier or '(' before '}' token
  225 | }
      | ^
make: *** [Core/Src/subdir.mk:46: Core/Src/main.o] Error 1
"make -j12 all" terminated with exit code 2. Build might be incomplete.
11:55:02 **** Incremental Build of configuration Debug for project Motherboard ****
make -j12 all 
arm-none-eabi-gcc "../Core/Src/main.c" -mcpu=cortex-m3 -std=gnu11 -g3 -DDEBUG -DUSE_HAL_DRIVER -DSTM32F103xB -c -I../Core/Inc -I../Drivers/STM32F1xx_HAL_Driver/Inc/Legacy -I../Drivers/STM32F1xx_HAL_Driver/Inc -I../Drivers/CMSIS/Device/ST/STM32F1xx/Include -I../Drivers/CMSIS/Include -I../USB_DEVICE/App -I../USB_DEVICE/Target -I../Middlewares/ST/STM32_USB_Device_Library/Core/Inc -I../Middlewares/ST/STM32_USB_Device_Library/Class/CDC/Inc -O0 -ffunction-sections -fdata-sections -Wall -fstack-usage -fcyclomatic-complexity -MMD -MP -MF"Core/Src/main.d" -MT"Core/Src/main.o" --specs=nano.specs -mfloat-abi=soft -mthumb -o "Core/Src/main.o"
../Core/Src/main.c:225:1: error: expected identifier or '(' before '}' token
  225 | }
      | ^
make: *** [Core/Src/subdir.mk:46: Core/Src/main.o] Error 1
"make -j12 all" terminated with exit code 2. Build might be incomplete.
11:55:41 **** Incremental Build of configuration Debug for project Motherboard ****
make -j12 all 
arm-none-eabi-gcc "../Core/Src/main.c" -mcpu=cortex-m3 -std=gnu11 -g3 -DDEBUG -DUSE_HAL_DRIVER -DSTM32F103xB -c -I../Core/Inc -I../Drivers/STM32F1xx_HAL_Driver/Inc/Legacy -I../Drivers/STM32F1xx_HAL_Driver/Inc -I../Drivers/CMSIS/Device/ST/STM32F1xx/Include -I../Drivers/CMSIS/Include -I../USB_DEVICE/App -I../USB_DEVICE/Target -I../Middlewares/ST/STM32_USB_Device_Library/Core/Inc -I../Middlewares/ST/STM32_USB_Device_Library/Class/CDC/Inc -O0 -ffunction-sections -fdata-sections -Wall -fstack-usage -fcyclomatic-complexity -MMD -MP -MF"Core/Src/main.d" -MT"Core/Src/main.o" --specs=nano.specs -mfloat-abi=soft -mthumb -o "Core/Src/main.o"
arm-none-eabi-gcc -o "Motherboard.elf" @"objects.list"   -mcpu=cortex-m3 -T"C:\STM32\SausageMixer\Motherboard\STM32F103C8TX_FLASH.ld" --specs=nosys.specs -Wl,-Map="Motherboard.map" -Wl,--gc-sections -static --specs=nano.specs -mfloat-abi=soft -mthumb -Wl,--start-group -lc -lm -Wl,--end-group
Finished building target: Motherboard.elf
 
arm-none-eabi-size  Motherboard.elf 
arm-none-eabi-objdump -h -S Motherboard.elf  > "Motherboard.list"
   text	   data	    bss	    dec	    hex	filename
  47796	    384	   6488	  54668	   d58c	Motherboard.elf
Finished building: default.size.stdout
 
Finished building: Motherboard.list
 
11:59:12 **** Incremental Build of configuration Debug for project Motherboard ****
make -j12 all 
arm-none-eabi-gcc -mcpu=cortex-m3 -g3 -DDEBUG -c -x assembler-with-cpp -MMD -MP -MF"Core/Startup/startup_stm32f103c8tx.d" -MT"Core/Startup/startup_stm32f103c8tx.o" --specs=nano.specs -mfloat-abi=soft -mthumb -o "Core/Startup/startup_stm32f103c8tx.o" "../Core/Startup/startup_stm32f103c8tx.s"
arm-none-eabi-gcc -o "Motherboard.elf" @"objects.list"   -mcpu=cortex-m3 -T"C:\STM32\SausageMixer\Motherboard\STM32F103C8TX_FLASH.ld" --specs=nosys.specs -Wl,-Map="Motherboard.map" -Wl,--gc-sections -static --specs=nano.specs -mfloat-abi=soft -mthumb -Wl,--start-group -lc -lm -Wl,--end-group
Finished building target: Motherboard.elf
 
arm-none-eabi-size  Motherboard.elf 
arm-none-eabi-objdump -h -S Motherboard.elf  > "Motherboard.list"
   text	   data	    bss	    dec	    hex	filename
  47796	    384	   6488	  54668	   d58c	Motherboard.elf
Finished building: default.size.stdout
 
Finished building: Motherboard.list
 
11:59:30 **** Incremental Build of configuration Debug for project Motherboard ****
make -j12 all 
arm-none-eabi-size  Motherboard.elf 
   text	   data	    bss	    dec	    hex	filename
  47796	    384	   6488	  54668	   d58c	Motherboard.elf
Finished building: default.size.stdout
 
11:59:44 **** Incremental Build of configuration Debug for project Motherboard ****
make -j12 all 
arm-none-eabi-size  Motherboard.elf 
   text	   data	    bss	    dec	    hex	filename
  47796	    384	   6488	  54668	   d58c	Motherboard.elf
Finished building: default.size.stdout
 
12:00:01 **** Incremental Build of configuration Debug for project Motherboard ****
make -j12 all 
arm-none-eabi-size  Motherboard.elf 
   text	   data	    bss	    dec	    hex	filename
  47796	    384	   6488	  54668	   d58c	Motherboard.elf
Finished building: default.size.stdout
 
12:01:21 **** Incremental Build of configuration Debug for project Motherboard ****
make -j12 all 
arm-none-eabi-gcc "../Core/Src/main.c" -mcpu=cortex-m3 -std=gnu11 -g3 -DDEBUG -DUSE_HAL_DRIVER -DSTM32F103xB -c -I../Core/Inc -I../Drivers/STM32F1xx_HAL_Driver/Inc/Legacy -I../Drivers/STM32F1xx_HAL_Driver/Inc -I../Drivers/CMSIS/Device/ST/STM32F1xx/Include -I../Drivers/CMSIS/Include -I../USB_DEVICE/App -I../USB_DEVICE/Target -I../Middlewares/ST/STM32_USB_Device_Library/Core/Inc -I../Middlewares/ST/STM32_USB_Device_Library/Class/CDC/Inc -O0 -ffunction-sections -fdata-sections -Wall -fstack-usage -fcyclomatic-complexity -MMD -MP -MF"Core/Src/main.d" -MT"Core/Src/main.o" --specs=nano.specs -mfloat-abi=soft -mthumb -o "Core/Src/main.o"
arm-none-eabi-gcc -o "Motherboard.elf" @"objects.list"   -mcpu=cortex-m3 -T"C:\STM32\SausageMixer\Motherboard\STM32F103C8TX_FLASH.ld" --specs=nosys.specs -Wl,-Map="Motherboard.map" -Wl,--gc-sections -static --specs=nano.specs -mfloat-abi=soft -mthumb -Wl,--start-group -lc -lm -Wl,--end-group
Finished building target: Motherboard.elf
 
arm-none-eabi-size  Motherboard.elf 
arm-none-eabi-objdump -h -S Motherboard.elf  > "Motherboard.list"
   text	   data	    bss	    dec	    hex	filename
  47796	    384	   6488	  54668	   d58c	Motherboard.elf
Finished building: default.size.stdout
 
Finished building: Motherboard.list
 
12:04:59 **** Incremental Build of configuration Debug for project Motherboard ****
make -j12 all 
arm-none-eabi-gcc "../Core/Src/main.c" -mcpu=cortex-m3 -std=gnu11 -g3 -DDEBUG -DUSE_HAL_DRIVER -DSTM32F103xB -c -I../Core/Inc -I../Drivers/STM32F1xx_HAL_Driver/Inc/Legacy -I../Drivers/STM32F1xx_HAL_Driver/Inc -I../Drivers/CMSIS/Device/ST/STM32F1xx/Include -I../Drivers/CMSIS/Include -I../USB_DEVICE/App -I../USB_DEVICE/Target -I../Middlewares/ST/STM32_USB_Device_Library/Core/Inc -I../Middlewares/ST/STM32_USB_Device_Library/Class/CDC/Inc -O0 -ffunction-sections -fdata-sections -Wall -fstack-usage -fcyclomatic-complexity -MMD -MP -MF"Core/Src/main.d" -MT"Core/Src/main.o" --specs=nano.specs -mfloat-abi=soft -mthumb -o "Core/Src/main.o"
arm-none-eabi-gcc -o "Motherboard.elf" @"objects.list"   -mcpu=cortex-m3 -T"C:\STM32\SausageMixer\Motherboard\STM32F103C8TX_FLASH.ld" --specs=nosys.specs -Wl,-Map="Motherboard.map" -Wl,--gc-sections -static --specs=nano.specs -mfloat-abi=soft -mthumb -Wl,--start-group -lc -lm -Wl,--end-group
Finished building target: Motherboard.elf
 
arm-none-eabi-size  Motherboard.elf 
arm-none-eabi-objdump -h -S Motherboard.elf  > "Motherboard.list"
   text	   data	    bss	    dec	    hex	filename
  47796	    384	   6488	  54668	   d58c	Motherboard.elf
Finished building: default.size.stdout
 
Finished building: Motherboard.list
 
12:07:48 **** Incremental Build of configuration Debug for project Motherboard ****
make -j12 all 
arm-none-eabi-gcc "../Core/Src/main.c" -mcpu=cortex-m3 -std=gnu11 -g3 -DDEBUG -DUSE_HAL_DRIVER -DSTM32F103xB -c -I../Core/Inc -I../Drivers/STM32F1xx_HAL_Driver/Inc/Legacy -I../Drivers/STM32F1xx_HAL_Driver/Inc -I../Drivers/CMSIS/Device/ST/STM32F1xx/Include -I../Drivers/CMSIS/Include -I../USB_DEVICE/App -I../USB_DEVICE/Target -I../Middlewares/ST/STM32_USB_Device_Library/Core/Inc -I../Middlewares/ST/STM32_USB_Device_Library/Class/CDC/Inc -O0 -ffunction-sections -fdata-sections -Wall -fstack-usage -fcyclomatic-complexity -MMD -MP -MF"Core/Src/main.d" -MT"Core/Src/main.o" --specs=nano.specs -mfloat-abi=soft -mthumb -o "Core/Src/main.o"
arm-none-eabi-gcc -o "Motherboard.elf" @"objects.list"   -mcpu=cortex-m3 -T"C:\STM32\SausageMixer\Motherboard\STM32F103C8TX_FLASH.ld" --specs=nosys.specs -Wl,-Map="Motherboard.map" -Wl,--gc-sections -static --specs=nano.specs -mfloat-abi=soft -mthumb -Wl,--start-group -lc -lm -Wl,--end-group
Finished building target: Motherboard.elf
 
arm-none-eabi-size  Motherboard.elf 
arm-none-eabi-objdump -h -S Motherboard.elf  > "Motherboard.list"
   text	   data	    bss	    dec	    hex	filename
  47796	    384	   6488	  54668	   d58c	Motherboard.elf
Finished building: default.size.stdout
 
Finished building: Motherboard.list
 
12:13:33 **** Incremental Build of configuration Debug for project Motherboard ****
make -j12 all 
arm-none-eabi-gcc "../Drivers/STM32F1xx_HAL_Driver/Src/stm32f1xx_hal_i2c.c" -mcpu=cortex-m3 -std=gnu11 -g3 -DDEBUG -DUSE_HAL_DRIVER -DSTM32F103xB -c -I../Core/Inc -I../Drivers/STM32F1xx_HAL_Driver/Inc/Legacy -I../Drivers/STM32F1xx_HAL_Driver/Inc -I../Drivers/CMSIS/Device/ST/STM32F1xx/Include -I../Drivers/CMSIS/Include -I../USB_DEVICE/App -I../USB_DEVICE/Target -I../Middlewares/ST/STM32_USB_Device_Library/Core/Inc -I../Middlewares/ST/STM32_USB_Device_Library/Class/CDC/Inc -O0 -ffunction-sections -fdata-sections -Wall -fstack-usage -fcyclomatic-complexity -MMD -MP -MF"Drivers/STM32F1xx_HAL_Driver/Src/stm32f1xx_hal_i2c.d" -MT"Drivers/STM32F1xx_HAL_Driver/Src/stm32f1xx_hal_i2c.o" --specs=nano.specs -mfloat-abi=soft -mthumb -o "Drivers/STM32F1xx_HAL_Driver/Src/stm32f1xx_hal_i2c.o"
arm-none-eabi-gcc "../Core/Src/main.c" -mcpu=cortex-m3 -std=gnu11 -g3 -DDEBUG -DUSE_HAL_DRIVER -DSTM32F103xB -c -I../Core/Inc -I../Drivers/STM32F1xx_HAL_Driver/Inc/Legacy -I../Drivers/STM32F1xx_HAL_Driver/Inc -I../Drivers/CMSIS/Device/ST/STM32F1xx/Include -I../Drivers/CMSIS/Include -I../USB_DEVICE/App -I../USB_DEVICE/Target -I../Middlewares/ST/STM32_USB_Device_Library/Core/Inc -I../Middlewares/ST/STM32_USB_Device_Library/Class/CDC/Inc -O0 -ffunction-sections -fdata-sections -Wall -fstack-usage -fcyclomatic-complexity -MMD -MP -MF"Core/Src/main.d" -MT"Core/Src/main.o" --specs=nano.specs -mfloat-abi=soft -mthumb -o "Core/Src/main.o"
../Drivers/STM32F1xx_HAL_Driver/Src/stm32f1xx_hal_i2c.c: In function 'I2C_WaitOnBTFFlagUntilTimeout':
../Drivers/STM32F1xx_HAL_Driver/Src/stm32f1xx_hal_i2c.c:7457:1: warning: statement with no effect [-Wunused-value]
 7457 | 0  while (__HAL_I2C_GET_FLAG(hi2c, I2C_FLAG_BTF) == RESET)
      | ^
../Drivers/STM32F1xx_HAL_Driver/Src/stm32f1xx_hal_i2c.c:7457:2: error: expected ';' before 'while'
 7457 | 0  while (__HAL_I2C_GET_FLAG(hi2c, I2C_FLAG_BTF) == RESET)
      |  ^ ~~~~~
      |  ;
../Drivers/STM32F1xx_HAL_Driver/Src/stm32f1xx_hal_i2c.c:7486:1: warning: no return statement in function returning non-void [-Wreturn-type]
 7486 | }
      | ^
make: *** [Drivers/STM32F1xx_HAL_Driver/Src/subdir.mk:70: Drivers/STM32F1xx_HAL_Driver/Src/stm32f1xx_hal_i2c.o] Error 1
make: *** Waiting for unfinished jobs....
"make -j12 all" terminated with exit code 2. Build might be incomplete.
12:13:54 **** Incremental Build of configuration Debug for project Motherboard ****
make -j12 all 
arm-none-eabi-gcc "../Drivers/STM32F1xx_HAL_Driver/Src/stm32f1xx_hal_i2c.c" -mcpu=cortex-m3 -std=gnu11 -g3 -DDEBUG -DUSE_HAL_DRIVER -DSTM32F103xB -c -I../Core/Inc -I../Drivers/STM32F1xx_HAL_Driver/Inc/Legacy -I../Drivers/STM32F1xx_HAL_Driver/Inc -I../Drivers/CMSIS/Device/ST/STM32F1xx/Include -I../Drivers/CMSIS/Include -I../USB_DEVICE/App -I../USB_DEVICE/Target -I../Middlewares/ST/STM32_USB_Device_Library/Core/Inc -I../Middlewares/ST/STM32_USB_Device_Library/Class/CDC/Inc -O0 -ffunction-sections -fdata-sections -Wall -fstack-usage -fcyclomatic-complexity -MMD -MP -MF"Drivers/STM32F1xx_HAL_Driver/Src/stm32f1xx_hal_i2c.d" -MT"Drivers/STM32F1xx_HAL_Driver/Src/stm32f1xx_hal_i2c.o" --specs=nano.specs -mfloat-abi=soft -mthumb -o "Drivers/STM32F1xx_HAL_Driver/Src/stm32f1xx_hal_i2c.o"
arm-none-eabi-gcc -o "Motherboard.elf" @"objects.list"   -mcpu=cortex-m3 -T"C:\STM32\SausageMixer\Motherboard\STM32F103C8TX_FLASH.ld" --specs=nosys.specs -Wl,-Map="Motherboard.map" -Wl,--gc-sections -static --specs=nano.specs -mfloat-abi=soft -mthumb -Wl,--start-group -lc -lm -Wl,--end-group
Finished building target: Motherboard.elf
 
arm-none-eabi-size  Motherboard.elf 
arm-none-eabi-objdump -h -S Motherboard.elf  > "Motherboard.list"
   text	   data	    bss	    dec	    hex	filename
  47796	    384	   6488	  54668	   d58c	Motherboard.elf
Finished building: default.size.stdout
 
Finished building: Motherboard.list
 
12:20:30 **** Incremental Build of configuration Debug for project Motherboard ****
make -j12 all 
arm-none-eabi-gcc "../Core/Src/main.c" -mcpu=cortex-m3 -std=gnu11 -g3 -DDEBUG -DUSE_HAL_DRIVER -DSTM32F103xB -c -I../Core/Inc -I../Drivers/STM32F1xx_HAL_Driver/Inc/Legacy -I../Drivers/STM32F1xx_HAL_Driver/Inc -I../Drivers/CMSIS/Device/ST/STM32F1xx/Include -I../Drivers/CMSIS/Include -I../USB_DEVICE/App -I../USB_DEVICE/Target -I../Middlewares/ST/STM32_USB_Device_Library/Core/Inc -I../Middlewares/ST/STM32_USB_Device_Library/Class/CDC/Inc -O0 -ffunction-sections -fdata-sections -Wall -fstack-usage -fcyclomatic-complexity -MMD -MP -MF"Core/Src/main.d" -MT"Core/Src/main.o" --specs=nano.specs -mfloat-abi=soft -mthumb -o "Core/Src/main.o"
arm-none-eabi-gcc -o "Motherboard.elf" @"objects.list"   -mcpu=cortex-m3 -T"C:\STM32\SausageMixer\Motherboard\STM32F103C8TX_FLASH.ld" --specs=nosys.specs -Wl,-Map="Motherboard.map" -Wl,--gc-sections -static --specs=nano.specs -mfloat-abi=soft -mthumb -Wl,--start-group -lc -lm -Wl,--end-group
Finished building target: Motherboard.elf
 
arm-none-eabi-size  Motherboard.elf 
arm-none-eabi-objdump -h -S Motherboard.elf  > "Motherboard.list"
   text	   data	    bss	    dec	    hex	filename
  47852	    384	   6488	  54724	   d5c4	Motherboard.elf
Finished building: default.size.stdout
 
Finished building: Motherboard.list
 
12:20:47 **** Incremental Build of configuration Debug for project Motherboard ****
make -j12 all 
arm-none-eabi-size  Motherboard.elf 
   text	   data	    bss	    dec	    hex	filename
  47852	    384	   6488	  54724	   d5c4	Motherboard.elf
Finished building: default.size.stdout
 
12:24:54 **** Incremental Build of configuration Debug for project Motherboard ****
make -j12 all 
arm-none-eabi-gcc "../Core/Src/main.c" -mcpu=cortex-m3 -std=gnu11 -g3 -DDEBUG -DUSE_HAL_DRIVER -DSTM32F103xB -c -I../Core/Inc -I../Drivers/STM32F1xx_HAL_Driver/Inc/Legacy -I../Drivers/STM32F1xx_HAL_Driver/Inc -I../Drivers/CMSIS/Device/ST/STM32F1xx/Include -I../Drivers/CMSIS/Include -I../USB_DEVICE/App -I../USB_DEVICE/Target -I../Middlewares/ST/STM32_USB_Device_Library/Core/Inc -I../Middlewares/ST/STM32_USB_Device_Library/Class/CDC/Inc -O0 -ffunction-sections -fdata-sections -Wall -fstack-usage -fcyclomatic-complexity -MMD -MP -MF"Core/Src/main.d" -MT"Core/Src/main.o" --specs=nano.specs -mfloat-abi=soft -mthumb -o "Core/Src/main.o"
arm-none-eabi-gcc -o "Motherboard.elf" @"objects.list"   -mcpu=cortex-m3 -T"C:\STM32\SausageMixer\Motherboard\STM32F103C8TX_FLASH.ld" --specs=nosys.specs -Wl,-Map="Motherboard.map" -Wl,--gc-sections -static --specs=nano.specs -mfloat-abi=soft -mthumb -Wl,--start-group -lc -lm -Wl,--end-group
Finished building target: Motherboard.elf
 
arm-none-eabi-size  Motherboard.elf 
arm-none-eabi-objdump -h -S Motherboard.elf  > "Motherboard.list"
   text	   data	    bss	    dec	    hex	filename
  47852	    384	   6488	  54724	   d5c4	Motherboard.elf
Finished building: default.size.stdout
 
Finished building: Motherboard.list
 
12:25:28 **** Incremental Build of configuration Debug for project Motherboard ****
make -j12 all 
arm-none-eabi-size  Motherboard.elf 
   text	   data	    bss	    dec	    hex	filename
  47852	    384	   6488	  54724	   d5c4	Motherboard.elf
Finished building: default.size.stdout
 
12:52:41 **** Incremental Build of configuration Debug for project Motherboard ****
make -j12 all 
arm-none-eabi-gcc "../Core/Src/main.c" -mcpu=cortex-m3 -std=gnu11 -g3 -DDEBUG -DUSE_HAL_DRIVER -DSTM32F103xB -c -I../Core/Inc -I../Drivers/STM32F1xx_HAL_Driver/Inc/Legacy -I../Drivers/STM32F1xx_HAL_Driver/Inc -I../Drivers/CMSIS/Device/ST/STM32F1xx/Include -I../Drivers/CMSIS/Include -I../USB_DEVICE/App -I../USB_DEVICE/Target -I../Middlewares/ST/STM32_USB_Device_Library/Core/Inc -I../Middlewares/ST/STM32_USB_Device_Library/Class/CDC/Inc -O0 -ffunction-sections -fdata-sections -Wall -fstack-usage -fcyclomatic-complexity -MMD -MP -MF"Core/Src/main.d" -MT"Core/Src/main.o" --specs=nano.specs -mfloat-abi=soft -mthumb -o "Core/Src/main.o"
arm-none-eabi-gcc -o "Motherboard.elf" @"objects.list"   -mcpu=cortex-m3 -T"C:\STM32\SausageMixer\Motherboard\STM32F103C8TX_FLASH.ld" --specs=nosys.specs -Wl,-Map="Motherboard.map" -Wl,--gc-sections -static --specs=nano.specs -mfloat-abi=soft -mthumb -Wl,--start-group -lc -lm -Wl,--end-group
Finished building target: Motherboard.elf
 
arm-none-eabi-size  Motherboard.elf 
arm-none-eabi-objdump -h -S Motherboard.elf  > "Motherboard.list"
   text	   data	    bss	    dec	    hex	filename
  47852	    384	   6488	  54724	   d5c4	Motherboard.elf
Finished building: default.size.stdout
 
Finished building: Motherboard.list
 
12:53:20 **** Incremental Build of configuration Debug for project Motherboard ****
make -j12 all 
arm-none-eabi-size  Motherboard.elf 
   text	   data	    bss	    dec	    hex	filename
  47852	    384	   6488	  54724	   d5c4	Motherboard.elf
Finished building: default.size.stdout
 
13:11:40 **** Incremental Build of configuration Debug for project Motherboard ****
make -j12 all 
arm-none-eabi-size  Motherboard.elf 
   text	   data	    bss	    dec	    hex	filename
  47852	    384	   6488	  54724	   d5c4	Motherboard.elf
Finished building: default.size.stdout
 
13:12:07 **** Incremental Build of configuration Debug for project Motherboard ****
make -j12 all 
arm-none-eabi-gcc "../Core/Src/main.c" -mcpu=cortex-m3 -std=gnu11 -g3 -DDEBUG -DUSE_HAL_DRIVER -DSTM32F103xB -c -I../Core/Inc -I../Drivers/STM32F1xx_HAL_Driver/Inc/Legacy -I../Drivers/STM32F1xx_HAL_Driver/Inc -I../Drivers/CMSIS/Device/ST/STM32F1xx/Include -I../Drivers/CMSIS/Include -I../USB_DEVICE/App -I../USB_DEVICE/Target -I../Middlewares/ST/STM32_USB_Device_Library/Core/Inc -I../Middlewares/ST/STM32_USB_Device_Library/Class/CDC/Inc -O0 -ffunction-sections -fdata-sections -Wall -fstack-usage -fcyclomatic-complexity -MMD -MP -MF"Core/Src/main.d" -MT"Core/Src/main.o" --specs=nano.specs -mfloat-abi=soft -mthumb -o "Core/Src/main.o"
arm-none-eabi-gcc -o "Motherboard.elf" @"objects.list"   -mcpu=cortex-m3 -T"C:\STM32\SausageMixer\Motherboard\STM32F103C8TX_FLASH.ld" --specs=nosys.specs -Wl,-Map="Motherboard.map" -Wl,--gc-sections -static --specs=nano.specs -mfloat-abi=soft -mthumb -Wl,--start-group -lc -lm -Wl,--end-group
Finished building target: Motherboard.elf
 
arm-none-eabi-size  Motherboard.elf 
arm-none-eabi-objdump -h -S Motherboard.elf  > "Motherboard.list"
   text	   data	    bss	    dec	    hex	filename
  47852	    384	   6488	  54724	   d5c4	Motherboard.elf
Finished building: default.size.stdout
 
Finished building: Motherboard.list
 
13:12:28 **** Incremental Build of configuration Debug for project Motherboard ****
make -j12 all 
arm-none-eabi-size  Motherboard.elf 
   text	   data	    bss	    dec	    hex	filename
  47852	    384	   6488	  54724	   d5c4	Motherboard.elf
Finished building: default.size.stdout
 
13:12:43 **** Incremental Build of configuration Debug for project Motherboard ****
make -j12 all 
arm-none-eabi-size  Motherboard.elf 
   text	   data	    bss	    dec	    hex	filename
  47852	    384	   6488	  54724	   d5c4	Motherboard.elf
Finished building: default.size.stdout
 
10:28:18 **** Build of configuration Debug for project Motherboard ****
make -j12 all 
arm-none-eabi-gcc "../Core/Src/main.c" -mcpu=cortex-m3 -std=gnu11 -g3 -DDEBUG -DUSE_HAL_DRIVER -DSTM32F103xB -c -I../Core/Inc -I../Drivers/STM32F1xx_HAL_Driver/Inc/Legacy -I../Drivers/STM32F1xx_HAL_Driver/Inc -I../Drivers/CMSIS/Device/ST/STM32F1xx/Include -I../Drivers/CMSIS/Include -I../USB_DEVICE/App -I../USB_DEVICE/Target -I../Middlewares/ST/STM32_USB_Device_Library/Core/Inc -I../Middlewares/ST/STM32_USB_Device_Library/Class/CDC/Inc -O0 -ffunction-sections -fdata-sections -Wall -fstack-usage -fcyclomatic-complexity -MMD -MP -MF"Core/Src/main.d" -MT"Core/Src/main.o" --specs=nano.specs -mfloat-abi=soft -mthumb -o "Core/Src/main.o"
arm-none-eabi-gcc -o "Motherboard.elf" @"objects.list"   -mcpu=cortex-m3 -T"C:\STM32\SausageMixer\Motherboard\STM32F103C8TX_FLASH.ld" --specs=nosys.specs -Wl,-Map="Motherboard.map" -Wl,--gc-sections -static --specs=nano.specs -mfloat-abi=soft -mthumb -Wl,--start-group -lc -lm -Wl,--end-group
Finished building target: Motherboard.elf
 
arm-none-eabi-size  Motherboard.elf 
arm-none-eabi-objdump -h -S Motherboard.elf  > "Motherboard.list"
   text	   data	    bss	    dec	    hex	filename
  47824	    384	   6488	  54696	   d5a8	Motherboard.elf
Finished building: default.size.stdout
 
Finished building: Motherboard.list
 
10:53:43 **** Incremental Build of configuration Debug for project Motherboard ****
make -j12 all 
arm-none-eabi-gcc "../Core/Src/main.c" -mcpu=cortex-m3 -std=gnu11 -g3 -DDEBUG -DUSE_HAL_DRIVER -DSTM32F103xB -c -I../Core/Inc -I../Drivers/STM32F1xx_HAL_Driver/Inc/Legacy -I../Drivers/STM32F1xx_HAL_Driver/Inc -I../Drivers/CMSIS/Device/ST/STM32F1xx/Include -I../Drivers/CMSIS/Include -I../USB_DEVICE/App -I../USB_DEVICE/Target -I../Middlewares/ST/STM32_USB_Device_Library/Core/Inc -I../Middlewares/ST/STM32_USB_Device_Library/Class/CDC/Inc -O0 -ffunction-sections -fdata-sections -Wall -fstack-usage -fcyclomatic-complexity -MMD -MP -MF"Core/Src/main.d" -MT"Core/Src/main.o" --specs=nano.specs -mfloat-abi=soft -mthumb -o "Core/Src/main.o"
arm-none-eabi-gcc -o "Motherboard.elf" @"objects.list"   -mcpu=cortex-m3 -T"C:\STM32\SausageMixer\Motherboard\STM32F103C8TX_FLASH.ld" --specs=nosys.specs -Wl,-Map="Motherboard.map" -Wl,--gc-sections -static --specs=nano.specs -mfloat-abi=soft -mthumb -Wl,--start-group -lc -lm -Wl,--end-group
Finished building target: Motherboard.elf
 
arm-none-eabi-size  Motherboard.elf 
arm-none-eabi-objdump -h -S Motherboard.elf  > "Motherboard.list"
   text	   data	    bss	    dec	    hex	filename
  47880	    384	   6488	  54752	   d5e0	Motherboard.elf
Finished building: default.size.stdout
 
Finished building: Motherboard.list
 
10:54:08 **** Incremental Build of configuration Debug for project Motherboard ****
make -j12 all 
arm-none-eabi-size  Motherboard.elf 
   text	   data	    bss	    dec	    hex	filename
  47880	    384	   6488	  54752	   d5e0	Motherboard.elf
Finished building: default.size.stdout
 
11:02:43 **** Incremental Build of configuration Debug for project Motherboard ****
make -j12 all 
arm-none-eabi-gcc "../Core/Src/main.c" -mcpu=cortex-m3 -std=gnu11 -g3 -DDEBUG -DUSE_HAL_DRIVER -DSTM32F103xB -c -I../Core/Inc -I../Drivers/STM32F1xx_HAL_Driver/Inc/Legacy -I../Drivers/STM32F1xx_HAL_Driver/Inc -I../Drivers/CMSIS/Device/ST/STM32F1xx/Include -I../Drivers/CMSIS/Include -I../USB_DEVICE/App -I../USB_DEVICE/Target -I../Middlewares/ST/STM32_USB_Device_Library/Core/Inc -I../Middlewares/ST/STM32_USB_Device_Library/Class/CDC/Inc -O0 -ffunction-sections -fdata-sections -Wall -fstack-usage -fcyclomatic-complexity -MMD -MP -MF"Core/Src/main.d" -MT"Core/Src/main.o" --specs=nano.specs -mfloat-abi=soft -mthumb -o "Core/Src/main.o"
arm-none-eabi-gcc -o "Motherboard.elf" @"objects.list"   -mcpu=cortex-m3 -T"C:\STM32\SausageMixer\Motherboard\STM32F103C8TX_FLASH.ld" --specs=nosys.specs -Wl,-Map="Motherboard.map" -Wl,--gc-sections -static --specs=nano.specs -mfloat-abi=soft -mthumb -Wl,--start-group -lc -lm -Wl,--end-group
Finished building target: Motherboard.elf
 
arm-none-eabi-size  Motherboard.elf 
arm-none-eabi-objdump -h -S Motherboard.elf  > "Motherboard.list"
   text	   data	    bss	    dec	    hex	filename
  47880	    384	   6488	  54752	   d5e0	Motherboard.elf
Finished building: default.size.stdout
 
Finished building: Motherboard.list
 
11:03:00 **** Incremental Build of configuration Debug for project Motherboard ****
make -j12 all 
arm-none-eabi-size  Motherboard.elf 
   text	   data	    bss	    dec	    hex	filename
  47880	    384	   6488	  54752	   d5e0	Motherboard.elf
Finished building: default.size.stdout
 
12:33:05 **** Incremental Build of configuration Debug for project Motherboard ****
make -j12 all 
arm-none-eabi-gcc "../Core/Src/main.c" -mcpu=cortex-m3 -std=gnu11 -g3 -DDEBUG -DUSE_HAL_DRIVER -DSTM32F103xB -c -I../Core/Inc -I../Drivers/STM32F1xx_HAL_Driver/Inc/Legacy -I../Drivers/STM32F1xx_HAL_Driver/Inc -I../Drivers/CMSIS/Device/ST/STM32F1xx/Include -I../Drivers/CMSIS/Include -I../USB_DEVICE/App -I../USB_DEVICE/Target -I../Middlewares/ST/STM32_USB_Device_Library/Core/Inc -I../Middlewares/ST/STM32_USB_Device_Library/Class/CDC/Inc -O0 -ffunction-sections -fdata-sections -Wall -fstack-usage -fcyclomatic-complexity -MMD -MP -MF"Core/Src/main.d" -MT"Core/Src/main.o" --specs=nano.specs -mfloat-abi=soft -mthumb -o "Core/Src/main.o"
arm-none-eabi-gcc -o "Motherboard.elf" @"objects.list"   -mcpu=cortex-m3 -T"C:\STM32\SausageMixer\Motherboard\STM32F103C8TX_FLASH.ld" --specs=nosys.specs -Wl,-Map="Motherboard.map" -Wl,--gc-sections -static --specs=nano.specs -mfloat-abi=soft -mthumb -Wl,--start-group -lc -lm -Wl,--end-group
Finished building target: Motherboard.elf
 
arm-none-eabi-size  Motherboard.elf 
arm-none-eabi-objdump -h -S Motherboard.elf  > "Motherboard.list"
   text	   data	    bss	    dec	    hex	filename
  47920	    384	   6496	  54800	   d610	Motherboard.elf
Finished building: default.size.stdout
 
Finished building: Motherboard.list
 
10:00:22 **** Incremental Build of configuration Debug for project Motherboard ****
make -j12 all 
arm-none-eabi-size  Motherboard.elf 
   text	   data	    bss	    dec	    hex	filename
  47920	    384	   6496	  54800	   d610	Motherboard.elf
Finished building: default.size.stdout
 
10:05:13 **** Incremental Build of configuration Debug for project Motherboard ****
make -j12 all 
arm-none-eabi-size  Motherboard.elf 
   text	   data	    bss	    dec	    hex	filename
  47920	    384	   6496	  54800	   d610	Motherboard.elf
Finished building: default.size.stdout
 
10:10:42 **** Incremental Build of configuration Debug for project Motherboard ****
make -j12 all 
arm-none-eabi-size  Motherboard.elf 
   text	   data	    bss	    dec	    hex	filename
  47920	    384	   6496	  54800	   d610	Motherboard.elf
Finished building: default.size.stdout
 
10:30:31 **** Incremental Build of configuration Debug for project Motherboard ****
make -j12 all 
arm-none-eabi-gcc "../Core/Src/main.c" -mcpu=cortex-m3 -std=gnu11 -g3 -DDEBUG -DUSE_HAL_DRIVER -DSTM32F103xB -c -I../Core/Inc -I../Drivers/STM32F1xx_HAL_Driver/Inc/Legacy -I../Drivers/STM32F1xx_HAL_Driver/Inc -I../Drivers/CMSIS/Device/ST/STM32F1xx/Include -I../Drivers/CMSIS/Include -I../USB_DEVICE/App -I../USB_DEVICE/Target -I../Middlewares/ST/STM32_USB_Device_Library/Core/Inc -I../Middlewares/ST/STM32_USB_Device_Library/Class/CDC/Inc -O0 -ffunction-sections -fdata-sections -Wall -fstack-usage -fcyclomatic-complexity -MMD -MP -MF"Core/Src/main.d" -MT"Core/Src/main.o" --specs=nano.specs -mfloat-abi=soft -mthumb -o "Core/Src/main.o"
arm-none-eabi-gcc -o "Motherboard.elf" @"objects.list"   -mcpu=cortex-m3 -T"C:\STM32\SausageMixer\Motherboard\STM32F103C8TX_FLASH.ld" --specs=nosys.specs -Wl,-Map="Motherboard.map" -Wl,--gc-sections -static --specs=nano.specs -mfloat-abi=soft -mthumb -Wl,--start-group -lc -lm -Wl,--end-group
Finished building target: Motherboard.elf
 
arm-none-eabi-size  Motherboard.elf 
arm-none-eabi-objdump -h -S Motherboard.elf  > "Motherboard.list"
   text	   data	    bss	    dec	    hex	filename
  48076	    384	   6496	  54956	   d6ac	Motherboard.elf
Finished building: default.size.stdout
 
Finished building: Motherboard.list
 
10:32:20 **** Incremental Build of configuration Debug for project Motherboard ****
make -j12 all 
arm-none-eabi-gcc "../Core/Src/main.c" -mcpu=cortex-m3 -std=gnu11 -g3 -DDEBUG -DUSE_HAL_DRIVER -DSTM32F103xB -c -I../Core/Inc -I../Drivers/STM32F1xx_HAL_Driver/Inc/Legacy -I../Drivers/STM32F1xx_HAL_Driver/Inc -I../Drivers/CMSIS/Device/ST/STM32F1xx/Include -I../Drivers/CMSIS/Include -I../USB_DEVICE/App -I../USB_DEVICE/Target -I../Middlewares/ST/STM32_USB_Device_Library/Core/Inc -I../Middlewares/ST/STM32_USB_Device_Library/Class/CDC/Inc -O0 -ffunction-sections -fdata-sections -Wall -fstack-usage -fcyclomatic-complexity -MMD -MP -MF"Core/Src/main.d" -MT"Core/Src/main.o" --specs=nano.specs -mfloat-abi=soft -mthumb -o "Core/Src/main.o"
arm-none-eabi-gcc -o "Motherboard.elf" @"objects.list"   -mcpu=cortex-m3 -T"C:\STM32\SausageMixer\Motherboard\STM32F103C8TX_FLASH.ld" --specs=nosys.specs -Wl,-Map="Motherboard.map" -Wl,--gc-sections -static --specs=nano.specs -mfloat-abi=soft -mthumb -Wl,--start-group -lc -lm -Wl,--end-group
Finished building target: Motherboard.elf
 
arm-none-eabi-size  Motherboard.elf 
arm-none-eabi-objdump -h -S Motherboard.elf  > "Motherboard.list"
   text	   data	    bss	    dec	    hex	filename
  48076	    384	   6496	  54956	   d6ac	Motherboard.elf
Finished building: default.size.stdout
 
Finished building: Motherboard.list
 
10:39:07 **** Incremental Build of configuration Debug for project Motherboard ****
make -j12 all 
arm-none-eabi-gcc "../Core/Src/main.c" -mcpu=cortex-m3 -std=gnu11 -g3 -DDEBUG -DUSE_HAL_DRIVER -DSTM32F103xB -c -I../Core/Inc -I../Drivers/STM32F1xx_HAL_Driver/Inc/Legacy -I../Drivers/STM32F1xx_HAL_Driver/Inc -I../Drivers/CMSIS/Device/ST/STM32F1xx/Include -I../Drivers/CMSIS/Include -I../USB_DEVICE/App -I../USB_DEVICE/Target -I../Middlewares/ST/STM32_USB_Device_Library/Core/Inc -I../Middlewares/ST/STM32_USB_Device_Library/Class/CDC/Inc -O0 -ffunction-sections -fdata-sections -Wall -fstack-usage -fcyclomatic-complexity -MMD -MP -MF"Core/Src/main.d" -MT"Core/Src/main.o" --specs=nano.specs -mfloat-abi=soft -mthumb -o "Core/Src/main.o"
arm-none-eabi-gcc -o "Motherboard.elf" @"objects.list"   -mcpu=cortex-m3 -T"C:\STM32\SausageMixer\Motherboard\STM32F103C8TX_FLASH.ld" --specs=nosys.specs -Wl,-Map="Motherboard.map" -Wl,--gc-sections -static --specs=nano.specs -mfloat-abi=soft -mthumb -Wl,--start-group -lc -lm -Wl,--end-group
Finished building target: Motherboard.elf
 
arm-none-eabi-size  Motherboard.elf 
arm-none-eabi-objdump -h -S Motherboard.elf  > "Motherboard.list"
   text	   data	    bss	    dec	    hex	filename
  48332	    384	   6496	  55212	   d7ac	Motherboard.elf
Finished building: default.size.stdout
 
Finished building: Motherboard.list
 
